20:35:41,37 ,166 ,168 ,457 ,5 ,18.86 ,43.22 ,1003.33 ,82.93
20:35:42,39 ,172 ,174 ,457 ,5 ,18.88 ,43.18 ,1003.39 ,82.45
20:35:43,40 ,178 ,178 ,457 ,5 ,18.87 ,43.19 ,1003.35 ,82.78
20:35:44,42 ,183 ,183 ,457 ,5 ,18.87 ,43.18 ,1003.34 ,82.85
20:35:46,42 ,187 ,187 ,457 ,5 ,18.87 ,43.19 ,1003.33 ,82.92
20:35:47,43 ,193 ,193 ,457 ,5 ,18.87 ,43.15 ,1003.35 ,82.75
20:35:48,45 ,198 ,198 ,457 ,5 ,18.86 ,43.11 ,1003.34 ,82.82
20:35:49,46 ,202 ,202 ,457 ,5 ,18.87 ,43.10 ,1003.36 ,82.65
20:35:50,48 ,210 ,210 ,457 ,5 ,18.87 ,43.13 ,1003.36 ,82.67
20:35:51,49 ,213 ,213 ,457 ,5 ,18.87 ,43.10 ,1003.34 ,82.87
20:35:53,49 ,216 ,216 ,457 ,5 ,18.87 ,43.08 ,1003.34 ,82.85
20:35:54,51 ,219 ,219 ,457 ,5 ,18.87 ,43.07 ,1003.32 ,82.97
20:35:55,51 ,220 ,220 ,457 ,5 ,18.87 ,43.06 ,1003.34 ,82.86
20:35:56,52 ,223 ,223 ,457 ,5 ,18.87 ,43.04 ,1003.31 ,83.11
20:35:57,52 ,225 ,225 ,457 ,5 ,18.86 ,43.04 ,1003.33 ,82.89
20:35:58,52 ,229 ,229 ,457 ,5 ,18.87 ,43.06 ,1003.33 ,82.90
20:36:00,52 ,232 ,232 ,456 ,5 ,18.87 ,43.06 ,1003.34 ,82.81
20:36:01,54 ,234 ,234 ,456 ,5 ,18.87 ,43.06 ,1003.34 ,82.82
20:36:02,54 ,235 ,235 ,456 ,5 ,18.87 ,43.07 ,1003.35 ,82.74
20:36:03,54 ,237 ,237 ,456 ,5 ,18.87 ,43.07 ,1003.33 ,82.90
20:36:04,54 ,238 ,238 ,456 ,5 ,18.87 ,43.02 ,1003.33 ,82.69
20:36:05,54 ,240 ,240 ,456 ,5 ,18.87 ,43.04 ,1003.37 ,82.60
20:36:07,54 ,241 ,241 ,456 ,5 ,18.87 ,43.03 ,1003.34 ,82.83
20:36:08,55 ,244 ,244 ,456 ,5 ,18.87 ,43.03 ,1003.34 ,82.87
20:36:09,55 ,246 ,246 ,456 ,5 ,18.87 ,43.06 ,1003.36 ,82.70
20:36:10,55 ,246 ,247 ,456 ,5 ,18.87 ,43.06 ,1003.33 ,82.90
20:36:11,55 ,247 ,247 ,456 ,5 ,18.88 ,43.07 ,1003.37 ,82.62
20:36:12,57 ,247 ,249 ,456 ,5 ,18.87 ,43.07 ,1003.33 ,82.88
20:36:14,57 ,249 ,249 ,456 ,5 ,18.87 ,43.07 ,1003.33 ,82.93
20:36:15,57 ,250 ,250 ,456 ,5 ,18.87 ,43.04 ,1003.31 ,83.11
20:36:16,57 ,250 ,252 ,456 ,5 ,18.87 ,43.07 ,1003.33 ,82.90
20:36:17,57 ,252 ,252 ,456 ,5 ,18.88 ,43.07 ,1003.38 ,82.54
20:36:18,57 ,252 ,252 ,457 ,5 ,18.87 ,43.10 ,1003.35 ,82.75
20:36:19,57 ,253 ,253 ,457 ,5 ,18.88 ,43.11 ,1003.36 ,82.66
20:36:21,57 ,255 ,255 ,456 ,5 ,18.87 ,43.14 ,1003.34 ,82.84
20:36:22,57 ,255 ,255 ,456 ,5 ,18.88 ,43.11 ,1003.35 ,82.73
20:36:23,57 ,256 ,256 ,456 ,5 ,18.88 ,43.09 ,1003.31 ,83.12
20:36:24,55 ,256 ,256 ,457 ,5 ,18.88 ,43.09 ,1003.36 ,82.71
20:36:25,55 ,259 ,259 ,457 ,5 ,18.88 ,43.10 ,1003.33 ,82.93
20:36:26,55 ,259 ,259 ,457 ,5 ,18.88 ,43.10 ,1003.35 ,82.74
20:36:28,54 ,261 ,261 ,457 ,5 ,18.89 ,43.12 ,1003.35 ,82.78
20:36:29,54 ,261 ,261 ,457 ,5 ,18.88 ,43.14 ,1003.33 ,82.90
20:36:30,54 ,261 ,261 ,457 ,5 ,18.88 ,43.14 ,1003.35 ,82.76
20:36:31,54 ,261 ,261 ,457 ,5 ,18.88 ,43.13 ,1003.34 ,82.83
20:36:32,52 ,261 ,261 ,457 ,5 ,18.89 ,43.13 ,1003.34 ,82.82
20:36:33,52 ,262 ,262 ,457 ,5 ,18.88 ,43.13 ,1003.34 ,82.86
20:36:35,52 ,262 ,262 ,458 ,5 ,18.88 ,43.09 ,1003.35 ,82.76
20:36:36,54 ,262 ,262 ,458 ,5 ,18.88 ,43.07 ,1003.33 ,82.96
20:36:37,54 ,262 ,262 ,458 ,5 ,18.89 ,43.06 ,1003.33 ,82.93
20:36:38,54 ,262 ,262 ,458 ,5 ,18.88 ,43.06 ,1003.32 ,83.03
20:36:39,54 ,262 ,262 ,458 ,5 ,18.89 ,43.07 ,1003.34 ,82.82
20:36:40,54 ,261 ,261 ,458 ,5 ,18.88 ,43.10 ,1003.33 ,82.95
20:36:42,54 ,261 ,261 ,458 ,5 ,18.88 ,43.13 ,1003.32 ,82.98
20:36:43,54 ,261 ,261 ,458 ,5 ,18.89 ,43.14 ,1003.31 ,83.09
20:36:44,55 ,261 ,261 ,458 ,5 ,18.89 ,43.13 ,1003.33 ,82.91
20:36:45,55 ,261 ,261 ,458 ,5 ,18.88 ,43.10 ,1003.31 ,83.08
20:36:46,55 ,261 ,261 ,458 ,5 ,18.88 ,43.08 ,1003.32 ,83.04
20:36:47,55 ,261 ,261 ,459 ,5 ,18.89 ,43.07 ,1003.34 ,82.86
20:36:49,55 ,262 ,262 ,459 ,5 ,18.89 ,43.06 ,1003.34 ,82.86
20:36:50,55 ,262 ,262 ,459 ,5 ,18.88 ,43.02 ,1003.32 ,83.01
20:36:51,55 ,262 ,262 ,459 ,5 ,18.89 ,43.04 ,1003.35 ,82.76
20:36:52,55 ,262 ,262 ,459 ,5 ,18.89 ,43.05 ,1003.32 ,83.03
20:36:53,55 ,264 ,264 ,459 ,5 ,18.89 ,43.01 ,1003.33 ,82.93
20:36:55,55 ,264 ,264 ,459 ,5 ,18.88 ,42.99 ,1003.33 ,82.94
20:36:56,55 ,264 ,264 ,459 ,5 ,18.89 ,42.97 ,1003.32 ,82.98
20:36:57,55 ,264 ,264 ,459 ,5 ,18.89 ,42.96 ,1003.31 ,82.87
20:36:58,55 ,265 ,265 ,459 ,5 ,18.88 ,43.01 ,1003.31 ,83.08
20:36:59,55 ,265 ,265 ,459 ,5 ,18.88 ,43.00 ,1003.31 ,83.05
20:37:00,55 ,265 ,265 ,459 ,5 ,18.89 ,43.00 ,1003.34 ,82.86
20:37:02,55 ,265 ,265 ,460 ,5 ,18.89 ,42.99 ,1003.32 ,82.99
20:37:03,55 ,265 ,265 ,460 ,5 ,18.89 ,43.00 ,1003.32 ,83.03
20:37:04,55 ,267 ,267 ,460 ,5 ,18.88 ,43.01 ,1003.31 ,83.10
20:37:05,55 ,267 ,267 ,460 ,5 ,18.88 ,43.02 ,1003.34 ,82.84
20:37:06,54 ,267 ,267 ,460 ,5 ,18.88 ,43.04 ,1003.30 ,83.14
20:37:07,54 ,267 ,267 ,460 ,5 ,18.89 ,43.07 ,1003.34 ,82.84
20:37:09,54 ,267 ,267 ,460 ,5 ,18.89 ,43.07 ,1003.33 ,82.96
20:37:10,52 ,265 ,265 ,460 ,5 ,18.89 ,43.06 ,1003.32 ,82.98
20:37:11,52 ,265 ,265 ,460 ,5 ,18.89 ,43.04 ,1003.31 ,83.05
20:37:12,52 ,265 ,265 ,460 ,5 ,18.88 ,43.02 ,1003.34 ,82.83
20:37:13,52 ,265 ,265 ,460 ,5 ,18.89 ,43.01 ,1003.31 ,83.05
20:37:14,51 ,265 ,265 ,460 ,5 ,18.89 ,43.04 ,1003.32 ,82.97
20:37:16,51 ,265 ,265 ,460 ,5 ,18.88 ,43.05 ,1003.33 ,82.91
20:37:17,51 ,265 ,265 ,460 ,5 ,18.88 ,43.05 ,1003.30 ,83.15
20:37:18,51 ,265 ,265 ,460 ,5 ,18.89 ,43.05 ,1003.34 ,82.82
20:37:19,49 ,264 ,264 ,460 ,5 ,18.89 ,43.06 ,1003.35 ,82.79
20:37:20,49 ,264 ,264 ,460 ,5 ,18.89 ,43.06 ,1003.31 ,83.05
20:37:21,49 ,264 ,264 ,460 ,5 ,18.89 ,43.06 ,1003.34 ,82.93
20:37:23,49 ,264 ,264 ,460 ,5 ,18.89 ,43.04 ,1003.32 ,83.03
20:37:24,49 ,264 ,264 ,460 ,5 ,18.89 ,43.01 ,1003.34 ,82.85
20:37:25,51 ,264 ,264 ,460 ,5 ,18.89 ,43.00 ,1003.36 ,82.64
20:37:26,51 ,264 ,264 ,460 ,5 ,18.89 ,43.01 ,1003.32 ,83.00
20:37:27,49 ,262 ,262 ,460 ,5 ,18.89 ,43.02 ,1003.32 ,82.98
20:37:28,49 ,262 ,262 ,460 ,5 ,18.89 ,43.00 ,1003.34 ,82.84
20:37:30,49 ,262 ,262 ,460 ,5 ,18.89 ,43.00 ,1003.33 ,82.96
20:37:31,49 ,262 ,262 ,460 ,5 ,18.89 ,42.98 ,1003.33 ,82.95
20:37:32,49 ,262 ,262 ,460 ,5 ,18.88 ,43.01 ,1003.32 ,83.02
20:37:33,49 ,262 ,262 ,460 ,5 ,18.88 ,43.00 ,1003.33 ,82.92
20:37:34,49 ,262 ,262 ,460 ,5 ,18.88 ,43.00 ,1003.34 ,82.85
20:37:35,49 ,264 ,264 ,460 ,5 ,18.88 ,42.98 ,1003.33 ,82.94
20:37:37,49 ,264 ,264 ,460 ,5 ,18.88 ,42.99 ,1003.35 ,82.77
20:38:37,PMS7003  checksum  failed
20:38:38,0 ,0 ,0 ,460 ,5 ,18.87 ,43.11 ,1003.31 ,83.08
20:38:39,0 ,0 ,0 ,460 ,5 ,18.88 ,43.09 ,1003.34 ,82.87
20:38:40,0 ,0 ,0 ,461 ,5 ,18.87 ,43.14 ,1003.32 ,82.97
20:38:41,0 ,0 ,0 ,460 ,5 ,18.87 ,43.11 ,1003.33 ,82.92
20:38:42,0 ,0 ,0 ,460 ,5 ,18.87 ,43.15 ,1003.32 ,83.04
20:38:44,0 ,0 ,0 ,460 ,5 ,18.87 ,43.13 ,1003.32 ,82.97
20:38:45,0 ,0 ,0 ,461 ,5 ,18.87 ,43.13 ,1003.33 ,82.95
20:38:46,0 ,0 ,0 ,461 ,5 ,18.87 ,43.14 ,1003.29 ,83.23
20:38:47,0 ,0 ,0 ,461 ,5 ,18.88 ,43.11 ,1003.30 ,83.17
20:38:48,0 ,0 ,0 ,461 ,5 ,18.88 ,43.11 ,1003.31 ,83.12
20:38:49,0 ,0 ,0 ,461 ,5 ,18.88 ,43.10 ,1003.34 ,82.83
20:38:51,0 ,0 ,0 ,461 ,5 ,18.88 ,43.10 ,1003.32 ,82.97
20:38:52,0 ,0 ,0 ,461 ,5 ,18.87 ,43.10 ,1003.33 ,82.91
20:38:53,0 ,0 ,0 ,461 ,5 ,18.88 ,43.10 ,1003.33 ,82.95
20:38:54,0 ,0 ,0 ,461 ,5 ,18.87 ,43.10 ,1003.32 ,83.04
20:38:55,0 ,0 ,0 ,461 ,5 ,18.88 ,43.10 ,1003.32 ,82.99
20:38:56,0 ,0 ,0 ,461 ,5 ,18.88 ,43.08 ,1003.34 ,82.82
20:38:58,0 ,0 ,0 ,461 ,5 ,18.88 ,43.09 ,1003.34 ,82.80
20:38:59,0 ,0 ,0 ,461 ,5 ,18.88 ,43.07 ,1003.34 ,82.82
20:39:00,0 ,0 ,0 ,461 ,5 ,18.88 ,43.09 ,1003.33 ,82.96
20:39:01,0 ,0 ,0 ,462 ,5 ,18.88 ,43.13 ,1003.35 ,82.78
20:39:02,0 ,0 ,0 ,462 ,5 ,18.89 ,43.12 ,1003.34 ,82.86
20:39:03,0 ,0 ,0 ,462 ,5 ,18.88 ,43.13 ,1003.38 ,82.53
20:39:05,0 ,0 ,0 ,462 ,5 ,18.88 ,43.11 ,1003.35 ,82.78
20:39:06,0 ,0 ,0 ,462 ,5 ,18.89 ,43.10 ,1003.36 ,82.68
20:39:07,0 ,0 ,0 ,462 ,5 ,18.88 ,43.08 ,1003.32 ,83.00
20:39:08,0 ,0 ,0 ,463 ,5 ,18.88 ,43.12 ,1003.32 ,83.04
20:39:09,0 ,0 ,0 ,463 ,5 ,18.89 ,43.10 ,1003.33 ,82.95
20:39:10,0 ,0 ,0 ,463 ,5 ,18.88 ,43.11 ,1003.33 ,82.94
20:39:12,0 ,0 ,0 ,463 ,5 ,18.88 ,43.09 ,1003.30 ,83.19
20:39:13,0 ,0 ,0 ,463 ,5 ,18.89 ,43.07 ,1003.35 ,82.76
20:39:14,0 ,0 ,0 ,463 ,5 ,18.88 ,43.05 ,1003.32 ,82.98
20:39:15,0 ,0 ,0 ,463 ,5 ,18.89 ,43.05 ,1003.32 ,82.99
20:39:16,0 ,0 ,0 ,463 ,5 ,18.88 ,43.04 ,1003.33 ,82.95
20:39:17,0 ,0 ,0 ,464 ,5 ,18.88 ,43.04 ,1003.36 ,82.70
20:39:19,0 ,0 ,0 ,464 ,5 ,18.88 ,43.02 ,1003.35 ,82.75
20:39:20,0 ,0 ,0 ,464 ,5 ,18.88 ,42.99 ,1003.34 ,82.88
20:39:21,0 ,0 ,0 ,464 ,5 ,18.88 ,43.00 ,1003.36 ,82.69
20:39:22,0 ,0 ,0 ,465 ,5 ,18.89 ,42.98 ,1003.34 ,82.81
20:39:23,0 ,0 ,0 ,465 ,5 ,18.88 ,42.99 ,1003.34 ,82.83
20:39:24,0 ,0 ,0 ,465 ,5 ,18.89 ,42.98 ,1003.34 ,82.86
20:39:26,0 ,0 ,0 ,465 ,5 ,18.88 ,42.98 ,1003.35 ,82.78
20:39:27,0 ,0 ,0 ,465 ,5 ,18.88 ,42.98 ,1003.35 ,82.73
20:39:28,0 ,0 ,0 ,465 ,5 ,18.88 ,42.98 ,1003.33 ,82.90
20:39:29,0 ,0 ,0 ,465 ,5 ,18.88 ,42.97 ,1003.35 ,82.73
20:39:30,0 ,0 ,0 ,465 ,5 ,18.89 ,42.97 ,1003.37 ,82.57
20:39:32,0 ,0 ,0 ,465 ,5 ,18.89 ,42.98 ,1003.33 ,82.89
20:39:33,0 ,0 ,0 ,465 ,5 ,18.89 ,42.99 ,1003.32 ,83.00
20:39:34,0 ,0 ,0 ,465 ,5 ,18.89 ,43.01 ,1003.35 ,82.77
20:39:35,0 ,0 ,0 ,465 ,5 ,18.89 ,43.04 ,1003.34 ,82.82
20:39:36,0 ,0 ,0 ,466 ,5 ,18.88 ,43.02 ,1003.34 ,82.84
20:39:37,0 ,0 ,0 ,466 ,5 ,18.89 ,43.02 ,1003.33 ,82.91
20:39:39,0 ,0 ,0 ,466 ,5 ,18.88 ,43.02 ,1003.35 ,82.71
20:39:40,0 ,0 ,0 ,466 ,5 ,18.88 ,43.02 ,1003.33 ,82.90
20:39:41,0 ,0 ,0 ,466 ,5 ,18.89 ,43.05 ,1003.34 ,82.81
20:39:42,0 ,0 ,0 ,466 ,5 ,18.90 ,43.04 ,1003.31 ,83.05
20:39:43,0 ,0 ,0 ,466 ,5 ,18.89 ,43.05 ,1003.36 ,82.65
20:39:44,0 ,0 ,0 ,466 ,5 ,18.89 ,43.04 ,1003.35 ,82.76
20:39:46,0 ,0 ,0 ,466 ,5 ,18.89 ,43.04 ,1003.33 ,82.93
20:39:47,0 ,0 ,0 ,466 ,5 ,18.89 ,43.04 ,1003.35 ,82.76
20:39:48,0 ,0 ,0 ,466 ,5 ,18.89 ,43.04 ,1003.34 ,82.86
20:39:49,0 ,0 ,0 ,466 ,5 ,18.89 ,43.04 ,1003.33 ,82.93
20:39:50,0 ,0 ,0 ,466 ,5 ,18.89 ,43.04 ,1003.35 ,82.79
20:39:51,0 ,0 ,0 ,466 ,5 ,18.90 ,43.04 ,1003.34 ,82.80
20:39:53,0 ,0 ,0 ,466 ,5 ,18.89 ,43.04 ,1003.36 ,82.70
20:39:54,0 ,0 ,0 ,466 ,5 ,18.89 ,43.00 ,1003.37 ,82.76
20:39:55,0 ,0 ,0 ,466 ,5 ,18.89 ,43.05 ,1003.34 ,82.80
20:39:56,0 ,0 ,0 ,466 ,5 ,18.89 ,43.04 ,1003.37 ,82.59
20:39:57,0 ,0 ,0 ,466 ,5 ,18.90 ,43.04 ,1003.36 ,82.68
20:39:58,0 ,0 ,0 ,466 ,5 ,18.90 ,43.04 ,1003.35 ,82.74
20:40:00,0 ,0 ,0 ,466 ,5 ,18.89 ,43.00 ,1003.35 ,82.76
20:40:01,0 ,0 ,0 ,466 ,5 ,18.89 ,43.02 ,1003.34 ,82.86
20:40:02,0 ,0 ,0 ,466 ,5 ,18.90 ,43.01 ,1003.35 ,82.75
20:40:03,0 ,0 ,0 ,466 ,5 ,18.89 ,43.01 ,1003.33 ,82.96
20:40:04,0 ,0 ,0 ,466 ,5 ,18.88 ,43.00 ,1003.32 ,83.01
20:40:05,0 ,0 ,0 ,466 ,5 ,18.90 ,42.99 ,1003.35 ,82.78
20:40:07,0 ,0 ,0 ,466 ,5 ,18.90 ,43.00 ,1003.35 ,82.78
20:40:08,0 ,0 ,0 ,466 ,5 ,18.90 ,42.99 ,1003.37 ,82.59
20:40:09,0 ,0 ,0 ,466 ,5 ,18.90 ,42.99 ,1003.36 ,82.65
20:40:10,0 ,0 ,0 ,466 ,5 ,18.90 ,43.01 ,1003.34 ,82.84
20:40:11,0 ,0 ,0 ,466 ,5 ,18.90 ,42.99 ,1003.37 ,82.58
20:40:12,0 ,0 ,0 ,467 ,5 ,18.90 ,43.00 ,1003.36 ,82.70
20:40:14,0 ,0 ,0 ,467 ,5 ,18.90 ,43.01 ,1003.34 ,82.81
20:40:15,0 ,0 ,0 ,467 ,5 ,18.90 ,43.02 ,1003.33 ,82.90
20:40:16,0 ,0 ,0 ,467 ,5 ,18.90 ,43.04 ,1003.35 ,82.79
20:40:17,0 ,0 ,0 ,467 ,5 ,18.90 ,43.07 ,1003.36 ,82.68
20:40:18,0 ,0 ,0 ,467 ,5 ,18.90 ,43.04 ,1003.33 ,82.88
20:40:19,0 ,0 ,0 ,467 ,5 ,18.90 ,43.04 ,1003.36 ,82.65
20:40:21,0 ,0 ,0 ,467 ,5 ,18.90 ,43.02 ,1003.37 ,82.60
20:40:22,0 ,0 ,0 ,467 ,5 ,18.90 ,43.02 ,1003.34 ,82.80
20:40:23,0 ,0 ,0 ,467 ,5 ,18.90 ,43.00 ,1003.39 ,82.44
20:40:24,0 ,0 ,0 ,467 ,5 ,18.90 ,43.01 ,1003.37 ,82.55
20:40:25,0 ,0 ,0 ,467 ,5 ,18.90 ,43.01 ,1003.36 ,82.63
20:40:26,0 ,0 ,0 ,467 ,5 ,18.90 ,42.98 ,1003.38 ,82.51
20:40:28,0 ,0 ,0 ,467 ,5 ,18.90 ,42.99 ,1003.36 ,82.68
20:40:29,0 ,0 ,0 ,467 ,5 ,18.90 ,43.00 ,1003.36 ,82.66
20:40:30,0 ,0 ,0 ,467 ,5 ,18.90 ,42.98 ,1003.34 ,82.82
20:40:31,0 ,0 ,0 ,467 ,5 ,18.90 ,43.02 ,1003.35 ,82.74
20:40:32,0 ,0 ,0 ,467 ,5 ,18.90 ,43.01 ,1003.38 ,82.48
20:40:33,0 ,0 ,0 ,467 ,5 ,18.90 ,43.03 ,1003.37 ,82.60
20:40:35,0 ,0 ,0 ,467 ,5 ,18.89 ,43.02 ,1003.36 ,82.70
20:41:36,0 ,0 ,0 ,466 ,5 ,18.91 ,42.95 ,1003.35 ,82.79
20:41:37,0 ,0 ,0 ,466 ,5 ,18.90 ,42.92 ,1003.34 ,82.88
20:41:38,0 ,0 ,0 ,466 ,5 ,18.91 ,42.91 ,1003.36 ,82.71
20:41:39,0 ,0 ,0 ,466 ,5 ,18.91 ,42.89 ,1003.35 ,82.76
20:41:40,0 ,0 ,0 ,465 ,5 ,18.91 ,42.86 ,1003.34 ,82.83
20:41:42,0 ,0 ,0 ,465 ,5 ,18.91 ,42.84 ,1003.32 ,82.97
20:41:43,0 ,0 ,0 ,465 ,5 ,18.91 ,42.83 ,1003.32 ,82.98
20:41:44,0 ,0 ,0 ,465 ,5 ,18.91 ,42.82 ,1003.33 ,82.93
20:41:45,0 ,0 ,0 ,465 ,5 ,18.92 ,42.80 ,1003.32 ,82.97
20:41:46,0 ,0 ,0 ,465 ,5 ,18.91 ,42.77 ,1003.32 ,82.98
20:41:47,0 ,0 ,0 ,465 ,5 ,18.91 ,42.77 ,1003.33 ,82.88
20:41:49,0 ,0 ,0 ,464 ,5 ,18.91 ,42.75 ,1003.35 ,82.74
20:41:50,0 ,0 ,0 ,464 ,5 ,18.91 ,42.76 ,1003.34 ,82.81
20:41:51,0 ,0 ,0 ,464 ,5 ,18.91 ,42.76 ,1003.34 ,82.86
20:41:52,0 ,0 ,0 ,464 ,5 ,18.91 ,42.73 ,1003.37 ,82.59
20:41:53,0 ,0 ,0 ,464 ,5 ,18.91 ,42.72 ,1003.35 ,82.78
20:41:54,0 ,0 ,0 ,463 ,5 ,18.92 ,42.70 ,1003.34 ,82.84
20:41:56,0 ,0 ,0 ,463 ,5 ,18.92 ,42.69 ,1003.35 ,82.76
20:41:57,0 ,0 ,0 ,463 ,5 ,18.92 ,42.67 ,1003.37 ,82.60
20:41:58,0 ,0 ,0 ,463 ,5 ,18.92 ,42.67 ,1003.36 ,82.64
20:41:59,0 ,0 ,0 ,463 ,5 ,18.92 ,42.67 ,1003.34 ,82.86
20:42:00,0 ,0 ,0 ,463 ,5 ,18.92 ,42.66 ,1003.35 ,82.78
20:42:01,0 ,0 ,0 ,462 ,5 ,18.92 ,42.66 ,1003.34 ,82.85
20:42:03,0 ,0 ,0 ,462 ,5 ,18.92 ,42.66 ,1003.31 ,83.10
20:42:04,0 ,0 ,0 ,462 ,5 ,18.92 ,42.66 ,1003.34 ,82.80
20:42:05,0 ,0 ,0 ,462 ,5 ,18.92 ,42.66 ,1003.35 ,82.72
20:42:06,0 ,0 ,0 ,461 ,5 ,18.92 ,42.62 ,1003.33 ,82.90
20:42:07,0 ,0 ,0 ,461 ,5 ,18.92 ,42.61 ,1003.35 ,82.79
20:42:08,0 ,0 ,0 ,461 ,5 ,18.92 ,42.63 ,1003.41 ,82.23
20:42:10,0 ,0 ,0 ,460 ,5 ,18.92 ,42.62 ,1003.33 ,82.90
20:42:11,0 ,0 ,0 ,460 ,5 ,18.92 ,42.61 ,1003.35 ,82.79
20:42:12,0 ,0 ,0 ,460 ,5 ,18.92 ,42.63 ,1003.35 ,82.73
20:42:13,0 ,0 ,0 ,460 ,5 ,18.92 ,42.61 ,1003.38 ,82.53
20:42:14,0 ,0 ,0 ,460 ,5 ,18.92 ,42.62 ,1003.36 ,82.64
20:42:15,0 ,0 ,0 ,459 ,5 ,18.92 ,42.63 ,1003.36 ,82.69
20:42:17,0 ,0 ,0 ,459 ,5 ,18.92 ,42.67 ,1003.36 ,82.65
20:42:18,0 ,0 ,0 ,458 ,5 ,18.91 ,42.66 ,1003.38 ,82.53
20:42:19,0 ,0 ,0 ,458 ,5 ,18.92 ,42.67 ,1003.37 ,82.61
20:42:20,0 ,0 ,0 ,458 ,5 ,18.92 ,42.66 ,1003.37 ,82.56
20:42:21,0 ,0 ,0 ,457 ,5 ,18.92 ,42.68 ,1003.36 ,82.66
20:42:22,0 ,0 ,0 ,457 ,5 ,18.91 ,42.68 ,1003.35 ,82.79
20:42:24,0 ,0 ,0 ,457 ,5 ,18.92 ,42.66 ,1003.38 ,82.53
20:42:25,0 ,0 ,0 ,457 ,5 ,18.92 ,42.66 ,1003.37 ,82.59
20:42:26,0 ,0 ,0 ,456 ,5 ,18.92 ,42.65 ,1003.37 ,82.62
20:42:27,0 ,0 ,0 ,456 ,5 ,18.92 ,42.65 ,1003.35 ,82.71
20:42:28,0 ,0 ,0 ,456 ,5 ,18.92 ,42.65 ,1003.36 ,82.65
20:42:29,0 ,0 ,0 ,456 ,5 ,18.93 ,42.65 ,1003.37 ,82.61
20:42:31,0 ,0 ,0 ,455 ,5 ,18.93 ,42.63 ,1003.39 ,82.39
20:42:32,0 ,0 ,0 ,455 ,5 ,18.92 ,42.63 ,1003.40 ,82.37
20:42:33,0 ,0 ,0 ,455 ,5 ,18.92 ,42.63 ,1003.37 ,82.62
20:42:34,0 ,0 ,0 ,454 ,5 ,18.92 ,42.66 ,1003.36 ,82.65
20:42:35,0 ,0 ,0 ,454 ,5 ,18.92 ,42.62 ,1003.35 ,82.75
20:42:36,0 ,0 ,0 ,454 ,5 ,18.92 ,42.61 ,1003.39 ,82.43
20:42:38,0 ,0 ,0 ,454 ,5 ,18.91 ,42.59 ,1003.34 ,82.82
20:42:39,0 ,0 ,0 ,453 ,5 ,18.93 ,42.54 ,1003.38 ,82.51
20:42:40,0 ,0 ,0 ,453 ,5 ,18.92 ,42.51 ,1003.34 ,82.81
20:42:41,0 ,0 ,0 ,453 ,5 ,18.92 ,42.49 ,1003.34 ,82.80
20:42:42,0 ,0 ,0 ,453 ,5 ,18.92 ,42.45 ,1003.35 ,82.79
20:42:43,0 ,0 ,0 ,453 ,5 ,18.92 ,42.44 ,1003.34 ,82.80
20:42:45,0 ,0 ,0 ,452 ,5 ,18.92 ,42.44 ,1003.37 ,82.59
20:42:46,0 ,0 ,0 ,452 ,5 ,18.93 ,42.42 ,1003.37 ,82.58
20:42:47,0 ,0 ,0 ,452 ,5 ,18.92 ,42.42 ,1003.36 ,82.67
20:42:48,0 ,0 ,0 ,451 ,5 ,18.93 ,42.44 ,1003.38 ,82.52
20:42:49,0 ,0 ,0 ,451 ,5 ,18.92 ,42.42 ,1003.35 ,82.73
20:42:50,0 ,0 ,0 ,451 ,5 ,18.92 ,42.44 ,1003.35 ,82.74
20:42:52,0 ,0 ,0 ,451 ,5 ,18.92 ,42.40 ,1003.34 ,82.82
20:42:53,0 ,0 ,0 ,451 ,5 ,18.93 ,42.37 ,1003.34 ,82.87
20:42:54,0 ,0 ,0 ,450 ,5 ,18.93 ,42.38 ,1003.38 ,82.49
20:42:55,0 ,0 ,0 ,450 ,5 ,18.93 ,42.33 ,1003.36 ,82.65
20:42:56,0 ,0 ,0 ,450 ,5 ,18.93 ,42.32 ,1003.34 ,82.81
20:42:57,0 ,0 ,0 ,450 ,5 ,18.93 ,42.31 ,1003.34 ,82.87
20:42:59,0 ,0 ,0 ,450 ,5 ,18.93 ,42.32 ,1003.38 ,82.54
20:43:00,0 ,0 ,0 ,449 ,5 ,18.93 ,42.34 ,1003.39 ,82.40
20:43:01,0 ,0 ,0 ,449 ,5 ,18.93 ,42.35 ,1003.38 ,82.53
20:43:02,0 ,0 ,0 ,449 ,5 ,18.93 ,42.35 ,1003.35 ,82.76
20:43:03,0 ,0 ,0 ,449 ,5 ,18.93 ,42.37 ,1003.36 ,82.63
20:43:04,0 ,0 ,0 ,449 ,5 ,18.93 ,42.36 ,1003.37 ,82.54
20:43:06,0 ,0 ,0 ,449 ,5 ,18.93 ,42.36 ,1003.37 ,82.61
20:43:07,0 ,0 ,0 ,448 ,5 ,18.93 ,42.36 ,1003.33 ,82.90
20:43:08,0 ,0 ,0 ,448 ,5 ,18.93 ,42.36 ,1003.34 ,82.84
20:43:09,0 ,0 ,0 ,448 ,5 ,18.93 ,42.37 ,1003.32 ,83.01
20:43:10,0 ,0 ,0 ,448 ,5 ,18.93 ,42.39 ,1003.36 ,82.64
20:43:11,0 ,0 ,0 ,448 ,5 ,18.93 ,42.39 ,1003.35 ,82.78
20:43:13,0 ,0 ,0 ,448 ,5 ,18.93 ,42.38 ,1003.34 ,82.85
20:43:14,0 ,0 ,0 ,447 ,5 ,18.94 ,42.38 ,1003.36 ,82.68
20:43:15,0 ,0 ,0 ,447 ,5 ,18.93 ,42.44 ,1003.33 ,82.90
20:43:16,0 ,0 ,0 ,447 ,5 ,18.93 ,42.43 ,1003.35 ,82.76
20:43:17,0 ,0 ,0 ,447 ,5 ,18.93 ,42.45 ,1003.34 ,82.83
20:43:18,0 ,0 ,0 ,446 ,5 ,18.93 ,42.47 ,1003.36 ,82.64
20:43:20,0 ,0 ,0 ,446 ,5 ,18.93 ,42.52 ,1003.37 ,82.62
20:43:21,0 ,0 ,0 ,446 ,5 ,18.94 ,42.52 ,1003.35 ,82.74
20:43:22,0 ,0 ,0 ,446 ,5 ,18.93 ,42.56 ,1003.34 ,82.80
20:43:23,0 ,0 ,0 ,446 ,5 ,18.93 ,42.56 ,1003.36 ,82.66
20:43:24,0 ,0 ,0 ,446 ,5 ,18.94 ,42.58 ,1003.35 ,82.71
20:43:25,0 ,0 ,0 ,445 ,5 ,18.93 ,42.59 ,1003.35 ,82.73
20:43:27,0 ,0 ,0 ,445 ,5 ,18.94 ,42.61 ,1003.39 ,82.44
20:43:28,0 ,0 ,0 ,445 ,5 ,18.94 ,42.59 ,1003.38 ,82.53
20:43:29,0 ,0 ,0 ,444 ,5 ,18.94 ,42.58 ,1003.38 ,82.52
20:43:30,0 ,0 ,0 ,445 ,5 ,18.94 ,42.58 ,1003.39 ,82.41
20:43:31,0 ,0 ,0 ,444 ,5 ,18.94 ,42.58 ,1003.40 ,82.35
20:43:32,0 ,0 ,0 ,444 ,5 ,18.94 ,42.58 ,1003.40 ,82.37
20:44:34,0 ,0 ,0 ,442 ,5 ,18.94 ,42.54 ,1003.40 ,82.31
20:44:35,0 ,0 ,0 ,442 ,5 ,18.94 ,42.57 ,1003.40 ,82.32
20:44:36,0 ,0 ,0 ,443 ,5 ,18.94 ,42.58 ,1003.38 ,82.54
20:44:37,0 ,0 ,0 ,443 ,5 ,18.94 ,42.58 ,1003.36 ,82.70
20:44:38,0 ,0 ,0 ,443 ,5 ,18.94 ,42.59 ,1003.37 ,82.56
20:44:39,0 ,0 ,0 ,443 ,5 ,18.94 ,42.59 ,1003.39 ,82.39
20:44:41,0 ,0 ,0 ,443 ,5 ,18.94 ,42.58 ,1003.38 ,82.46
20:44:42,0 ,0 ,0 ,443 ,5 ,18.94 ,42.58 ,1003.38 ,82.49
20:44:43,0 ,0 ,0 ,443 ,5 ,18.94 ,42.60 ,1003.38 ,82.50
20:44:44,0 ,0 ,0 ,443 ,5 ,18.94 ,42.65 ,1003.38 ,82.52
20:44:45,0 ,0 ,0 ,443 ,5 ,18.94 ,42.65 ,1003.39 ,82.42
20:44:46,0 ,0 ,0 ,443 ,5 ,18.94 ,42.61 ,1003.38 ,82.52
20:44:48,0 ,0 ,0 ,443 ,5 ,18.94 ,42.59 ,1003.40 ,82.32
20:44:49,0 ,0 ,0 ,443 ,5 ,18.94 ,42.59 ,1003.38 ,82.47
20:44:50,0 ,0 ,0 ,443 ,5 ,18.94 ,42.56 ,1003.39 ,82.42
20:44:51,0 ,0 ,0 ,443 ,5 ,18.94 ,42.54 ,1003.41 ,82.26
20:44:52,0 ,0 ,0 ,443 ,5 ,18.94 ,42.54 ,1003.38 ,82.49
20:44:53,0 ,0 ,0 ,443 ,5 ,18.94 ,42.53 ,1003.38 ,82.50
20:44:55,0 ,0 ,0 ,443 ,5 ,18.94 ,42.53 ,1003.40 ,82.32
20:44:56,0 ,0 ,0 ,443 ,5 ,18.94 ,42.54 ,1003.40 ,82.33
20:44:57,0 ,0 ,0 ,443 ,5 ,18.94 ,42.56 ,1003.39 ,82.40
20:44:58,0 ,0 ,0 ,443 ,5 ,18.94 ,42.58 ,1003.43 ,82.10
20:44:59,0 ,0 ,0 ,443 ,5 ,18.95 ,42.59 ,1003.43 ,82.07
20:45:00,0 ,0 ,0 ,443 ,5 ,18.94 ,42.60 ,1003.41 ,82.22
20:45:02,0 ,0 ,0 ,443 ,5 ,18.94 ,42.62 ,1003.41 ,82.26
20:45:03,0 ,0 ,0 ,443 ,5 ,18.94 ,42.59 ,1003.39 ,82.40
20:45:04,0 ,0 ,0 ,443 ,5 ,18.94 ,42.56 ,1003.39 ,82.44
20:45:05,0 ,0 ,0 ,443 ,5 ,18.94 ,42.56 ,1003.41 ,82.25
20:45:06,0 ,0 ,0 ,443 ,5 ,18.94 ,42.52 ,1003.39 ,82.40
20:45:07,0 ,0 ,0 ,443 ,5 ,18.94 ,42.53 ,1003.41 ,82.24
20:45:09,0 ,0 ,0 ,443 ,5 ,18.93 ,42.54 ,1003.41 ,82.22
20:45:10,0 ,0 ,0 ,443 ,5 ,18.94 ,42.53 ,1003.41 ,82.25
20:45:11,0 ,0 ,0 ,443 ,5 ,18.94 ,42.51 ,1003.43 ,82.04
20:45:12,0 ,0 ,0 ,443 ,5 ,18.94 ,42.51 ,1003.42 ,82.13
20:45:13,0 ,0 ,0 ,444 ,5 ,18.94 ,42.50 ,1003.40 ,82.37
20:45:14,0 ,0 ,0 ,444 ,5 ,18.94 ,42.51 ,1003.41 ,82.25
20:45:16,0 ,0 ,0 ,444 ,5 ,18.94 ,42.52 ,1003.41 ,82.22
20:45:17,0 ,0 ,0 ,444 ,5 ,18.94 ,42.54 ,1003.40 ,82.28
20:45:18,0 ,0 ,0 ,444 ,5 ,18.94 ,42.54 ,1003.39 ,82.41
20:45:19,0 ,0 ,0 ,444 ,5 ,18.94 ,42.54 ,1003.40 ,82.35
20:45:20,0 ,0 ,0 ,444 ,5 ,18.94 ,42.57 ,1003.41 ,82.28
20:45:21,0 ,0 ,0 ,444 ,5 ,18.93 ,42.58 ,1003.36 ,82.63
20:45:23,0 ,0 ,0 ,444 ,5 ,18.94 ,42.58 ,1003.40 ,82.31
20:45:24,0 ,0 ,0 ,444 ,5 ,18.93 ,42.57 ,1003.37 ,82.57
20:45:25,0 ,0 ,0 ,444 ,5 ,18.94 ,42.56 ,1003.39 ,82.45
20:45:26,0 ,0 ,0 ,444 ,5 ,18.94 ,42.54 ,1003.38 ,82.47
20:45:27,0 ,0 ,0 ,444 ,5 ,18.94 ,42.53 ,1003.41 ,82.28
20:45:28,0 ,0 ,0 ,444 ,5 ,18.94 ,42.56 ,1003.40 ,82.34
20:45:30,0 ,0 ,0 ,443 ,5 ,18.93 ,42.57 ,1003.37 ,82.61
20:45:31,0 ,0 ,0 ,443 ,5 ,18.94 ,42.53 ,1003.41 ,82.25
20:45:32,0 ,0 ,0 ,444 ,5 ,18.93 ,42.51 ,1003.38 ,82.51
20:45:33,0 ,0 ,0 ,444 ,5 ,18.93 ,42.50 ,1003.40 ,82.32
20:45:34,0 ,0 ,0 ,444 ,5 ,18.94 ,42.53 ,1003.40 ,82.37
20:45:35,0 ,0 ,0 ,444 ,5 ,18.94 ,42.52 ,1003.38 ,82.52
20:45:37,0 ,0 ,0 ,444 ,5 ,18.94 ,42.53 ,1003.38 ,82.47
20:45:38,0 ,0 ,0 ,444 ,5 ,18.94 ,42.54 ,1003.40 ,82.33
20:45:39,0 ,0 ,0 ,444 ,5 ,18.94 ,42.56 ,1003.42 ,82.13
20:45:40,0 ,0 ,0 ,444 ,5 ,18.94 ,42.54 ,1003.42 ,82.18
20:45:41,0 ,0 ,0 ,444 ,5 ,18.94 ,42.51 ,1003.42 ,82.17
20:45:42,0 ,0 ,0 ,444 ,5 ,18.94 ,42.53 ,1003.39 ,82.38
20:45:44,0 ,0 ,0 ,444 ,5 ,18.94 ,42.45 ,1003.40 ,82.35
20:45:45,0 ,0 ,0 ,444 ,5 ,18.94 ,42.44 ,1003.39 ,82.38
20:45:46,0 ,0 ,0 ,444 ,5 ,18.94 ,42.43 ,1003.39 ,82.40
20:45:47,0 ,0 ,0 ,444 ,5 ,18.93 ,42.45 ,1003.39 ,82.44
20:45:48,0 ,0 ,0 ,444 ,5 ,18.94 ,42.45 ,1003.40 ,82.43
20:45:49,0 ,0 ,0 ,444 ,5 ,18.93 ,42.39 ,1003.42 ,82.13
20:45:51,0 ,0 ,0 ,444 ,5 ,18.93 ,42.38 ,1003.38 ,82.49
20:45:52,0 ,0 ,0 ,444 ,5 ,18.93 ,42.38 ,1003.42 ,82.20
20:45:53,0 ,0 ,0 ,444 ,5 ,18.93 ,42.35 ,1003.37 ,82.59
20:45:54,0 ,0 ,0 ,444 ,5 ,18.94 ,42.35 ,1003.42 ,82.16
20:45:55,0 ,0 ,0 ,444 ,5 ,18.94 ,42.35 ,1003.41 ,82.23
20:45:56,0 ,0 ,0 ,444 ,5 ,18.94 ,42.38 ,1003.40 ,82.33
20:45:58,0 ,0 ,0 ,444 ,5 ,18.94 ,42.39 ,1003.41 ,82.29
20:45:59,0 ,0 ,0 ,444 ,5 ,18.94 ,42.43 ,1003.39 ,82.39
20:46:00,0 ,0 ,0 ,444 ,5 ,18.94 ,42.43 ,1003.36 ,82.63
20:46:01,0 ,0 ,0 ,443 ,5 ,18.94 ,42.43 ,1003.40 ,82.30
20:46:02,0 ,0 ,0 ,444 ,5 ,18.94 ,42.44 ,1003.38 ,82.50
20:46:03,0 ,0 ,0 ,444 ,5 ,18.95 ,42.43 ,1003.41 ,82.27
20:46:05,0 ,0 ,0 ,444 ,5 ,18.95 ,42.43 ,1003.41 ,82.21
20:46:06,0 ,0 ,0 ,443 ,5 ,18.95 ,42.41 ,1003.40 ,82.33
20:46:07,0 ,0 ,0 ,443 ,5 ,18.94 ,42.38 ,1003.38 ,82.52
20:46:08,0 ,0 ,0 ,443 ,5 ,18.94 ,42.42 ,1003.39 ,82.40
20:46:09,0 ,0 ,0 ,443 ,5 ,18.94 ,42.45 ,1003.40 ,82.32
20:46:10,0 ,0 ,0 ,443 ,5 ,18.95 ,42.43 ,1003.41 ,82.26
20:46:12,0 ,0 ,0 ,443 ,5 ,18.95 ,42.41 ,1003.40 ,82.34
20:46:13,0 ,0 ,0 ,443 ,5 ,18.94 ,42.36 ,1003.40 ,82.37
20:46:14,0 ,0 ,0 ,443 ,5 ,18.94 ,42.33 ,1003.40 ,82.32
20:46:15,0 ,0 ,0 ,443 ,5 ,18.94 ,42.30 ,1003.42 ,82.18
20:46:16,0 ,0 ,0 ,442 ,5 ,18.94 ,42.29 ,1003.39 ,82.41
20:46:17,0 ,0 ,0 ,442 ,5 ,18.94 ,42.28 ,1003.37 ,82.54
20:46:19,0 ,0 ,0 ,442 ,5 ,18.94 ,42.29 ,1003.38 ,82.48
20:46:20,0 ,0 ,0 ,442 ,5 ,18.94 ,42.34 ,1003.39 ,82.49
20:46:21,0 ,0 ,0 ,442 ,5 ,18.94 ,42.28 ,1003.41 ,82.25
20:46:22,0 ,0 ,0 ,442 ,5 ,18.93 ,42.27 ,1003.41 ,82.29
20:46:23,0 ,0 ,0 ,442 ,5 ,18.94 ,42.28 ,1003.41 ,82.26
20:46:24,0 ,0 ,0 ,442 ,5 ,18.94 ,42.27 ,1003.38 ,82.52
20:46:26,0 ,0 ,0 ,441 ,5 ,18.94 ,42.27 ,1003.40 ,82.37
20:46:27,0 ,0 ,0 ,441 ,5 ,18.94 ,42.28 ,1003.37 ,82.59
20:46:28,0 ,0 ,0 ,441 ,5 ,18.95 ,42.27 ,1003.41 ,82.21
20:46:29,0 ,0 ,0 ,441 ,5 ,18.94 ,42.27 ,1003.41 ,82.27
20:46:30,0 ,0 ,0 ,441 ,5 ,18.94 ,42.24 ,1003.41 ,82.25
20:47:31,0 ,0 ,0 ,436 ,5 ,18.95 ,42.15 ,1003.42 ,82.20
20:47:33,64 ,246 ,246 ,436 ,5 ,18.95 ,42.19 ,1003.40 ,82.31
20:47:34,64 ,246 ,246 ,436 ,5 ,18.95 ,42.19 ,1003.42 ,82.20
20:47:35,64 ,247 ,247 ,436 ,5 ,18.94 ,42.19 ,1003.41 ,82.25
20:47:36,64 ,247 ,247 ,436 ,5 ,18.94 ,42.18 ,1003.41 ,82.29
20:47:37,64 ,247 ,247 ,436 ,5 ,18.94 ,42.16 ,1003.38 ,82.48
20:47:38,64 ,247 ,247 ,436 ,5 ,18.94 ,42.18 ,1003.39 ,82.42
20:47:40,64 ,247 ,247 ,436 ,5 ,18.94 ,42.18 ,1003.39 ,82.40
20:47:41,64 ,249 ,249 ,436 ,5 ,18.94 ,42.18 ,1003.35 ,82.74
20:47:42,66 ,249 ,249 ,436 ,5 ,18.94 ,42.16 ,1003.41 ,82.26
20:47:43,66 ,249 ,249 ,436 ,5 ,18.94 ,42.18 ,1003.41 ,82.28
20:47:44,66 ,250 ,250 ,436 ,5 ,18.95 ,42.18 ,1003.39 ,82.44
20:47:45,66 ,250 ,250 ,436 ,5 ,18.95 ,42.15 ,1003.41 ,82.21
20:47:47,66 ,250 ,250 ,436 ,5 ,18.95 ,42.15 ,1003.40 ,82.36
20:47:48,66 ,250 ,250 ,436 ,5 ,18.94 ,42.12 ,1003.40 ,82.35
20:47:49,67 ,250 ,250 ,436 ,5 ,18.95 ,42.13 ,1003.39 ,82.44
20:47:50,67 ,250 ,250 ,436 ,5 ,18.94 ,42.13 ,1003.40 ,82.35
20:47:51,67 ,250 ,250 ,436 ,5 ,18.95 ,42.13 ,1003.38 ,82.49
20:47:52,67 ,250 ,250 ,436 ,5 ,18.95 ,42.12 ,1003.40 ,82.35
20:47:54,67 ,250 ,250 ,436 ,5 ,18.95 ,42.12 ,1003.40 ,82.34
20:47:55,67 ,252 ,252 ,436 ,5 ,18.95 ,42.11 ,1003.40 ,82.30
20:47:56,67 ,252 ,252 ,436 ,5 ,18.95 ,42.13 ,1003.40 ,82.31
20:47:57,67 ,252 ,252 ,436 ,5 ,18.95 ,42.13 ,1003.40 ,82.32
20:47:58,69 ,252 ,252 ,436 ,5 ,18.95 ,42.12 ,1003.41 ,82.29
20:48:00,67 ,253 ,253 ,436 ,5 ,18.95 ,42.13 ,1003.42 ,82.14
20:48:01,67 ,253 ,253 ,436 ,5 ,18.95 ,42.13 ,1003.36 ,82.65
20:48:02,67 ,253 ,253 ,436 ,5 ,18.95 ,42.14 ,1003.40 ,82.36
20:48:03,67 ,253 ,253 ,436 ,5 ,18.95 ,42.12 ,1003.41 ,82.21
20:48:04,67 ,253 ,253 ,436 ,5 ,18.95 ,42.13 ,1003.38 ,82.51
20:48:05,69 ,252 ,252 ,436 ,5 ,18.95 ,42.14 ,1003.41 ,82.25
20:48:06,69 ,252 ,252 ,436 ,5 ,18.95 ,42.13 ,1003.40 ,82.34
20:48:08,69 ,252 ,252 ,436 ,5 ,18.95 ,42.14 ,1003.39 ,82.40
20:48:09,69 ,252 ,252 ,436 ,5 ,18.96 ,42.14 ,1003.42 ,82.16
20:48:10,69 ,252 ,252 ,436 ,5 ,18.96 ,42.15 ,1003.39 ,82.39
20:48:11,69 ,252 ,252 ,435 ,5 ,18.96 ,42.17 ,1003.43 ,82.09
20:48:12,69 ,253 ,253 ,435 ,5 ,18.95 ,42.18 ,1003.40 ,82.31
20:48:13,69 ,253 ,253 ,435 ,5 ,18.95 ,42.21 ,1003.39 ,82.41
20:48:15,69 ,253 ,253 ,435 ,5 ,18.96 ,42.22 ,1003.42 ,82.18
20:48:16,69 ,253 ,253 ,435 ,5 ,18.95 ,42.23 ,1003.41 ,82.22
20:48:17,69 ,255 ,255 ,435 ,5 ,18.95 ,42.25 ,1003.41 ,82.28
20:48:18,69 ,255 ,255 ,435 ,5 ,18.95 ,42.27 ,1003.40 ,82.37
20:48:19,69 ,255 ,255 ,435 ,5 ,18.96 ,42.28 ,1003.39 ,82.42
20:48:21,69 ,255 ,255 ,435 ,5 ,18.96 ,42.28 ,1003.40 ,82.30
20:48:22,69 ,255 ,255 ,435 ,5 ,18.95 ,42.27 ,1003.40 ,82.34
20:48:23,69 ,255 ,255 ,435 ,5 ,18.95 ,42.26 ,1003.41 ,82.28
20:48:24,70 ,255 ,255 ,435 ,5 ,18.95 ,42.26 ,1003.38 ,82.47
20:48:25,70 ,255 ,255 ,435 ,5 ,18.96 ,42.26 ,1003.42 ,82.16
20:48:26,70 ,255 ,255 ,435 ,5 ,18.95 ,42.19 ,1003.41 ,82.21
20:48:28,70 ,255 ,255 ,435 ,5 ,18.95 ,42.19 ,1003.40 ,82.32
20:48:29,70 ,255 ,255 ,435 ,5 ,18.96 ,42.17 ,1003.42 ,82.17
20:48:30,70 ,255 ,255 ,435 ,5 ,18.96 ,42.17 ,1003.41 ,82.25
20:48:31,70 ,255 ,255 ,435 ,5 ,18.95 ,42.19 ,1003.40 ,82.34
20:48:32,70 ,253 ,253 ,435 ,5 ,18.95 ,42.23 ,1003.39 ,82.42
20:48:33,70 ,253 ,253 ,435 ,5 ,18.95 ,42.26 ,1003.42 ,82.17
20:48:35,70 ,253 ,253 ,435 ,5 ,18.96 ,42.27 ,1003.41 ,82.25
20:48:36,70 ,253 ,253 ,435 ,5 ,18.95 ,42.27 ,1003.41 ,82.24
20:48:37,70 ,253 ,253 ,434 ,5 ,18.95 ,42.27 ,1003.41 ,82.22
20:48:38,69 ,252 ,252 ,434 ,5 ,18.95 ,42.26 ,1003.41 ,82.24
20:48:39,69 ,252 ,252 ,434 ,5 ,18.95 ,42.25 ,1003.38 ,82.51
20:48:40,69 ,252 ,252 ,434 ,5 ,18.95 ,42.25 ,1003.37 ,82.57
20:48:42,70 ,252 ,252 ,434 ,5 ,18.95 ,42.26 ,1003.37 ,82.55
20:48:43,70 ,252 ,252 ,434 ,5 ,18.95 ,42.29 ,1003.40 ,82.35
20:48:44,70 ,252 ,252 ,434 ,5 ,18.95 ,42.30 ,1003.37 ,82.58
20:48:45,70 ,252 ,252 ,434 ,5 ,18.95 ,42.28 ,1003.37 ,82.58
20:48:46,70 ,252 ,252 ,434 ,5 ,18.95 ,42.28 ,1003.39 ,82.43
20:48:47,72 ,252 ,252 ,434 ,5 ,18.95 ,42.29 ,1003.38 ,82.47
20:48:49,72 ,252 ,252 ,434 ,5 ,18.96 ,42.33 ,1003.38 ,82.47
20:48:50,72 ,252 ,252 ,434 ,5 ,18.96 ,42.29 ,1003.39 ,82.39
20:48:51,73 ,252 ,252 ,434 ,5 ,18.96 ,42.29 ,1003.39 ,82.45
20:48:52,73 ,252 ,252 ,433 ,5 ,18.96 ,42.29 ,1003.38 ,82.49
20:48:53,73 ,252 ,252 ,433 ,5 ,18.95 ,42.29 ,1003.39 ,82.39
20:48:54,72 ,253 ,253 ,433 ,5 ,18.96 ,42.28 ,1003.36 ,82.64
20:48:56,72 ,253 ,253 ,434 ,5 ,18.96 ,42.29 ,1003.38 ,82.47
20:48:57,72 ,253 ,253 ,434 ,5 ,18.96 ,42.28 ,1003.38 ,82.48
20:48:58,72 ,253 ,253 ,433 ,5 ,18.96 ,42.28 ,1003.41 ,82.25
20:48:59,72 ,253 ,253 ,433 ,5 ,18.96 ,42.28 ,1003.41 ,82.23
20:49:00,72 ,253 ,253 ,433 ,5 ,18.96 ,42.29 ,1003.41 ,82.28
20:49:01,72 ,253 ,253 ,434 ,5 ,18.96 ,42.28 ,1003.40 ,82.37
20:49:03,72 ,253 ,253 ,434 ,5 ,18.96 ,42.29 ,1003.40 ,82.32
20:49:04,70 ,255 ,255 ,433 ,5 ,18.96 ,42.27 ,1003.39 ,82.44
20:49:05,70 ,255 ,255 ,433 ,5 ,18.96 ,42.26 ,1003.39 ,82.42
20:49:06,70 ,255 ,255 ,433 ,5 ,18.97 ,42.22 ,1003.42 ,82.19
20:49:07,70 ,255 ,255 ,433 ,5 ,18.96 ,42.21 ,1003.41 ,82.25
20:49:08,70 ,256 ,256 ,433 ,5 ,18.96 ,42.22 ,1003.40 ,82.36
20:49:10,70 ,256 ,256 ,433 ,5 ,18.96 ,42.20 ,1003.40 ,82.34
20:49:11,69 ,256 ,256 ,433 ,5 ,18.97 ,42.21 ,1003.40 ,82.36
20:49:12,69 ,256 ,256 ,433 ,5 ,18.96 ,42.18 ,1003.38 ,82.53
20:49:13,69 ,256 ,256 ,433 ,5 ,18.96 ,42.10 ,1003.40 ,82.35
20:49:14,69 ,256 ,256 ,433 ,5 ,18.96 ,42.10 ,1003.39 ,82.46
20:49:15,69 ,256 ,256 ,433 ,5 ,18.95 ,42.04 ,1003.38 ,82.52
20:49:17,69 ,258 ,258 ,433 ,5 ,18.96 ,41.99 ,1003.36 ,82.63
20:49:18,69 ,258 ,258 ,433 ,5 ,18.96 ,41.92 ,1003.40 ,82.37
20:49:19,69 ,258 ,258 ,433 ,5 ,18.96 ,41.88 ,1003.39 ,82.39
20:49:20,69 ,258 ,258 ,433 ,5 ,18.97 ,41.90 ,1003.40 ,82.36
20:49:21,69 ,258 ,258 ,433 ,5 ,18.96 ,41.92 ,1003.41 ,82.23
20:49:22,69 ,258 ,258 ,433 ,5 ,18.97 ,41.91 ,1003.41 ,82.28
20:49:24,69 ,258 ,258 ,433 ,5 ,18.97 ,41.89 ,1003.37 ,82.55
20:49:25,70 ,258 ,258 ,432 ,5 ,18.96 ,41.84 ,1003.42 ,82.18
20:49:26,70 ,259 ,259 ,432 ,5 ,18.96 ,41.80 ,1003.39 ,82.38
20:49:27,70 ,259 ,259 ,432 ,5 ,18.97 ,41.75 ,1003.41 ,82.27
20:49:28,70 ,259 ,259 ,432 ,5 ,18.96 ,41.76 ,1003.38 ,82.48
20:50:29,70 ,259 ,259 ,427 ,5 ,18.97 ,41.74 ,1003.43 ,82.12
20:50:29,PMS7003  checksum  failed
20:50:31,0 ,0 ,0 ,427 ,5 ,18.97 ,41.75 ,1003.41 ,82.23
20:50:32,0 ,0 ,0 ,427 ,5 ,18.97 ,41.73 ,1003.41 ,82.29
20:50:33,0 ,0 ,0 ,427 ,5 ,18.97 ,41.76 ,1003.42 ,82.19
20:50:34,0 ,0 ,0 ,427 ,5 ,18.97 ,41.73 ,1003.41 ,82.21
20:50:35,0 ,0 ,0 ,427 ,5 ,18.97 ,41.72 ,1003.42 ,82.16
20:50:36,0 ,0 ,0 ,427 ,5 ,18.97 ,41.73 ,1003.41 ,82.28
20:50:38,0 ,0 ,0 ,427 ,5 ,18.97 ,41.71 ,1003.40 ,82.32
20:50:39,0 ,0 ,0 ,427 ,5 ,18.97 ,41.68 ,1003.42 ,82.15
20:50:40,0 ,0 ,0 ,427 ,5 ,18.97 ,41.67 ,1003.42 ,82.16
20:50:41,0 ,0 ,0 ,427 ,5 ,18.97 ,41.66 ,1003.43 ,82.06
20:50:42,0 ,0 ,0 ,426 ,5 ,18.97 ,41.65 ,1003.41 ,82.28
20:50:43,0 ,0 ,0 ,426 ,5 ,18.97 ,41.62 ,1003.43 ,82.06
20:50:45,0 ,0 ,0 ,426 ,5 ,18.97 ,41.62 ,1003.42 ,82.20
20:50:46,0 ,0 ,0 ,426 ,5 ,18.97 ,41.64 ,1003.44 ,82.00
20:50:47,0 ,0 ,0 ,426 ,5 ,18.97 ,41.62 ,1003.43 ,82.22
20:50:48,0 ,0 ,0 ,426 ,5 ,18.97 ,41.62 ,1003.39 ,82.38
20:50:49,0 ,0 ,0 ,426 ,5 ,18.97 ,41.60 ,1003.40 ,82.35
20:50:50,0 ,0 ,0 ,426 ,5 ,18.97 ,41.57 ,1003.40 ,82.31
20:50:52,0 ,0 ,0 ,426 ,5 ,18.97 ,41.56 ,1003.43 ,82.11
20:50:53,0 ,0 ,0 ,426 ,5 ,18.97 ,41.57 ,1003.40 ,82.36
20:50:54,0 ,0 ,0 ,426 ,5 ,18.97 ,41.59 ,1003.44 ,82.01
20:50:55,0 ,0 ,0 ,426 ,5 ,18.97 ,41.58 ,1003.41 ,82.23
20:50:56,0 ,0 ,0 ,426 ,5 ,18.97 ,41.57 ,1003.44 ,81.97
20:50:57,0 ,0 ,0 ,426 ,5 ,18.97 ,41.57 ,1003.45 ,81.92
20:50:59,0 ,0 ,0 ,425 ,5 ,18.97 ,41.54 ,1003.44 ,81.99
20:51:00,0 ,0 ,0 ,425 ,5 ,18.97 ,41.53 ,1003.43 ,82.08
20:51:01,0 ,0 ,0 ,425 ,5 ,18.96 ,41.56 ,1003.44 ,82.00
20:51:02,0 ,0 ,0 ,425 ,5 ,18.97 ,41.58 ,1003.45 ,81.87
20:51:03,0 ,0 ,0 ,425 ,5 ,18.97 ,41.58 ,1003.43 ,82.11
20:51:04,0 ,0 ,0 ,425 ,5 ,18.97 ,41.57 ,1003.44 ,81.99
20:51:06,0 ,0 ,0 ,425 ,5 ,18.97 ,41.58 ,1003.45 ,81.93
20:51:07,0 ,0 ,0 ,426 ,5 ,18.97 ,41.57 ,1003.42 ,82.13
20:51:08,0 ,0 ,0 ,426 ,5 ,18.97 ,41.58 ,1003.40 ,82.31
20:51:09,0 ,0 ,0 ,425 ,5 ,18.96 ,41.57 ,1003.42 ,82.15
20:51:10,0 ,0 ,0 ,425 ,5 ,18.96 ,41.53 ,1003.42 ,82.20
20:51:11,0 ,0 ,0 ,425 ,5 ,18.96 ,41.49 ,1003.42 ,82.13
20:51:13,0 ,0 ,0 ,425 ,5 ,18.97 ,41.47 ,1003.47 ,81.77
20:51:14,0 ,0 ,0 ,425 ,5 ,18.97 ,41.49 ,1003.44 ,81.99
20:51:15,0 ,0 ,0 ,425 ,5 ,18.97 ,41.45 ,1003.45 ,81.90
20:51:16,0 ,0 ,0 ,425 ,5 ,18.96 ,41.43 ,1003.43 ,82.08
20:51:17,0 ,0 ,0 ,425 ,5 ,18.96 ,41.39 ,1003.43 ,82.04
20:51:18,0 ,0 ,0 ,425 ,5 ,18.96 ,41.36 ,1003.44 ,81.97
20:51:20,0 ,0 ,0 ,425 ,5 ,18.96 ,41.33 ,1003.39 ,82.45
20:51:21,0 ,0 ,0 ,425 ,5 ,18.96 ,41.31 ,1003.40 ,82.32
20:51:22,0 ,0 ,0 ,425 ,5 ,18.96 ,41.31 ,1003.42 ,82.15
20:51:23,0 ,0 ,0 ,425 ,5 ,18.96 ,41.31 ,1003.41 ,82.23
20:51:24,0 ,0 ,0 ,425 ,5 ,18.96 ,41.32 ,1003.40 ,82.22
20:51:25,0 ,0 ,0 ,425 ,5 ,18.96 ,41.32 ,1003.42 ,82.18
20:51:27,0 ,0 ,0 ,425 ,5 ,18.96 ,41.35 ,1003.44 ,81.98
20:51:28,0 ,0 ,0 ,425 ,5 ,18.96 ,41.38 ,1003.43 ,82.12
20:51:29,0 ,0 ,0 ,425 ,5 ,18.96 ,41.39 ,1003.40 ,82.32
20:51:30,0 ,0 ,0 ,426 ,5 ,18.95 ,41.39 ,1003.42 ,82.20
20:51:31,0 ,0 ,0 ,426 ,5 ,18.97 ,41.41 ,1003.43 ,82.12
20:51:32,0 ,0 ,0 ,426 ,5 ,18.97 ,41.41 ,1003.42 ,82.14
20:51:34,0 ,0 ,0 ,425 ,5 ,18.97 ,41.42 ,1003.45 ,81.95
20:51:35,0 ,0 ,0 ,426 ,5 ,18.97 ,41.39 ,1003.41 ,82.26
20:51:36,0 ,0 ,0 ,425 ,5 ,18.96 ,41.41 ,1003.44 ,81.99
20:51:37,0 ,0 ,0 ,426 ,5 ,18.96 ,41.39 ,1003.41 ,82.25
20:51:38,0 ,0 ,0 ,426 ,5 ,18.96 ,41.40 ,1003.40 ,82.34
20:51:39,0 ,0 ,0 ,426 ,5 ,18.96 ,41.39 ,1003.41 ,82.22
20:51:41,0 ,0 ,0 ,426 ,5 ,18.96 ,41.41 ,1003.41 ,82.23
20:51:42,0 ,0 ,0 ,426 ,5 ,18.96 ,41.37 ,1003.41 ,82.26
20:51:43,0 ,0 ,0 ,426 ,5 ,18.96 ,41.37 ,1003.43 ,82.04
20:51:44,0 ,0 ,0 ,426 ,5 ,18.96 ,41.36 ,1003.40 ,82.31
20:51:45,0 ,0 ,0 ,426 ,5 ,18.96 ,41.36 ,1003.43 ,82.06
20:51:46,0 ,0 ,0 ,426 ,5 ,18.96 ,41.36 ,1003.40 ,82.33
20:51:48,0 ,0 ,0 ,426 ,5 ,18.97 ,41.36 ,1003.43 ,82.06
20:51:49,0 ,0 ,0 ,426 ,5 ,18.96 ,41.36 ,1003.41 ,82.24
20:51:50,0 ,0 ,0 ,425 ,5 ,18.97 ,41.37 ,1003.43 ,82.06
20:51:51,0 ,0 ,0 ,426 ,5 ,18.97 ,41.42 ,1003.44 ,81.98
20:51:52,0 ,0 ,0 ,425 ,5 ,18.97 ,41.36 ,1003.46 ,81.89
20:51:53,0 ,0 ,0 ,425 ,5 ,18.96 ,41.39 ,1003.41 ,82.25
20:51:55,0 ,0 ,0 ,425 ,5 ,18.97 ,41.37 ,1003.43 ,82.06
20:51:56,0 ,0 ,0 ,426 ,5 ,18.96 ,41.37 ,1003.39 ,82.41
20:51:57,0 ,0 ,0 ,426 ,5 ,18.97 ,41.38 ,1003.42 ,82.16
20:51:58,0 ,0 ,0 ,426 ,5 ,18.97 ,41.37 ,1003.40 ,82.30
20:51:59,0 ,0 ,0 ,426 ,5 ,18.97 ,41.39 ,1003.43 ,82.12
20:52:00,0 ,0 ,0 ,426 ,5 ,18.97 ,41.39 ,1003.44 ,82.00
20:52:02,0 ,0 ,0 ,426 ,5 ,18.97 ,41.39 ,1003.44 ,81.97
20:52:03,0 ,0 ,0 ,426 ,5 ,18.97 ,41.41 ,1003.46 ,81.82
20:52:04,0 ,0 ,0 ,426 ,5 ,18.97 ,41.42 ,1003.45 ,81.91
20:52:05,0 ,0 ,0 ,426 ,5 ,18.97 ,41.42 ,1003.43 ,82.11
20:52:06,0 ,0 ,0 ,426 ,5 ,18.97 ,41.44 ,1003.45 ,81.95
20:52:07,0 ,0 ,0 ,426 ,5 ,18.97 ,41.44 ,1003.44 ,81.96
20:52:09,0 ,0 ,0 ,426 ,5 ,18.97 ,41.44 ,1003.43 ,82.11
20:52:10,0 ,0 ,0 ,426 ,5 ,18.97 ,41.42 ,1003.45 ,81.95
20:52:11,0 ,0 ,0 ,426 ,5 ,18.97 ,41.42 ,1003.44 ,82.01
20:52:12,0 ,0 ,0 ,426 ,5 ,18.96 ,41.43 ,1003.39 ,82.40
20:52:13,0 ,0 ,0 ,427 ,5 ,18.97 ,41.44 ,1003.45 ,81.94
20:52:14,0 ,0 ,0 ,427 ,5 ,18.96 ,41.44 ,1003.40 ,82.34
20:52:16,0 ,0 ,0 ,427 ,5 ,18.97 ,41.44 ,1003.45 ,81.94
20:52:17,0 ,0 ,0 ,427 ,5 ,18.97 ,41.45 ,1003.43 ,82.10
20:52:18,0 ,0 ,0 ,427 ,5 ,18.97 ,41.46 ,1003.45 ,81.93
20:52:19,0 ,0 ,0 ,427 ,5 ,18.98 ,41.45 ,1003.44 ,82.03
20:52:20,0 ,0 ,0 ,427 ,5 ,18.98 ,41.50 ,1003.43 ,82.04
20:52:21,0 ,0 ,0 ,427 ,5 ,18.97 ,41.49 ,1003.42 ,82.17
20:52:23,0 ,0 ,0 ,427 ,5 ,18.98 ,41.50 ,1003.46 ,81.87
20:52:24,0 ,0 ,0 ,427 ,5 ,18.97 ,41.53 ,1003.43 ,82.06
20:52:25,0 ,0 ,0 ,427 ,5 ,18.98 ,41.53 ,1003.44 ,81.99
20:52:26,0 ,0 ,0 ,428 ,5 ,18.97 ,41.53 ,1003.44 ,81.97
21:01:51,0 ,0 ,0 ,448 ,5 ,18.98 ,41.53 ,1003.45 ,81.88
21:01:51,0 ,0 ,0 ,448 ,5 ,18.97 ,41.54 ,1003.39 ,82.42
21:01:51,0 ,0 ,0 ,449 ,5 ,18.97 ,41.54 ,1003.44 ,81.97
21:01:51,0 ,0 ,0 ,449 ,5 ,18.97 ,41.53 ,1003.42 ,82.13
21:01:51,0 ,0 ,0 ,450 ,5 ,18.97 ,41.53 ,1003.40 ,82.31
21:01:51,0 ,0 ,0 ,450 ,5 ,18.97 ,41.52 ,1003.41 ,82.26
21:01:51,0 ,0 ,0 ,451 ,5 ,18.97 ,41.54 ,1003.43 ,82.11
21:01:51,0 ,0 ,0 ,451 ,5 ,18.98 ,41.54 ,1003.42 ,82.18
21:01:51,0 ,0 ,0 ,451 ,5 ,18.97 ,41.56 ,1003.45 ,81.93
21:01:51,0 ,0 ,0 ,451 ,5 ,18.97 ,41.56 ,1003.40 ,82.34
21:01:51,0 ,0 ,0 ,452 ,5 ,18.97 ,41.57 ,1003.44 ,82.02
21:01:51,0 ,0 ,0 ,452 ,5 ,18.97 ,41.56 ,1003.42 ,82.19
21:01:51,0 ,0 ,0 ,452 ,5 ,18.97 ,41.54 ,1003.40 ,82.34
21:01:51,0 ,0 ,0 ,452 ,5 ,18.97 ,41.56 ,1003.44 ,82.01
21:01:51,0 ,0 ,0 ,453 ,5 ,18.97 ,41.57 ,1003.45 ,81.95
21:01:51,0 ,0 ,0 ,453 ,5 ,18.97 ,41.57 ,1003.42 ,82.15
21:01:51,0 ,0 ,0 ,453 ,5 ,18.98 ,41.58 ,1003.41 ,82.27
21:01:51,0 ,0 ,0 ,454 ,5 ,18.97 ,41.59 ,1003.44 ,82.02
21:01:51,0 ,0 ,0 ,454 ,5 ,18.98 ,41.59 ,1003.41 ,82.27
21:01:51,0 ,0 ,0 ,454 ,5 ,18.97 ,41.60 ,1003.43 ,82.09
21:01:51,0 ,0 ,0 ,454 ,5 ,18.98 ,41.64 ,1003.44 ,82.00
21:01:51,0 ,0 ,0 ,454 ,5 ,18.97 ,41.64 ,1003.44 ,81.99
21:01:51,0 ,0 ,0 ,455 ,5 ,18.98 ,41.65 ,1003.45 ,81.91
21:01:51,0 ,0 ,0 ,455 ,5 ,18.98 ,41.65 ,1003.45 ,81.89
21:01:51,0 ,0 ,0 ,455 ,5 ,18.98 ,41.65 ,1003.46 ,81.81
21:01:51,0 ,0 ,0 ,455 ,5 ,18.97 ,41.66 ,1003.45 ,81.91
21:01:51,0 ,0 ,0 ,455 ,5 ,18.97 ,41.66 ,1003.45 ,81.92
21:01:51,0 ,0 ,0 ,455 ,5 ,18.97 ,41.59 ,1003.46 ,81.83
21:01:51,0 ,0 ,0 ,456 ,5 ,18.97 ,41.65 ,1003.43 ,82.09
21:01:51,0 ,0 ,0 ,456 ,5 ,18.97 ,41.64 ,1003.45 ,81.94
21:01:51,0 ,0 ,0 ,456 ,5 ,18.97 ,41.64 ,1003.46 ,81.80
21:01:51,0 ,0 ,0 ,456 ,5 ,18.97 ,41.62 ,1003.45 ,81.94
21:01:51,0 ,0 ,0 ,456 ,5 ,18.97 ,41.64 ,1003.45 ,81.94
21:01:51,0 ,0 ,0 ,457 ,5 ,18.97 ,41.61 ,1003.41 ,82.26
21:01:51,0 ,0 ,0 ,457 ,5 ,18.97 ,41.62 ,1003.45 ,81.90
21:01:51,0 ,0 ,0 ,457 ,5 ,18.97 ,41.64 ,1003.44 ,81.97
21:01:51,0 ,0 ,0 ,457 ,5 ,18.97 ,41.65 ,1003.44 ,81.98
21:01:51,0 ,0 ,0 ,457 ,5 ,18.97 ,41.62 ,1003.44 ,81.97
21:01:51,0 ,0 ,0 ,457 ,5 ,18.97 ,41.62 ,1003.44 ,81.99
21:01:51,0 ,0 ,0 ,457 ,5 ,18.97 ,41.67 ,1003.41 ,82.26
21:01:51,0 ,0 ,0 ,458 ,5 ,18.97 ,41.66 ,1003.45 ,81.90
21:01:51,0 ,0 ,0 ,458 ,5 ,18.97 ,41.66 ,1003.44 ,81.96
21:01:51,0 ,0 ,0 ,458 ,5 ,18.96 ,41.68 ,1003.43 ,82.06
21:01:51,0 ,0 ,0 ,458 ,5 ,18.96 ,41.71 ,1003.44 ,81.97
21:01:51,0 ,0 ,0 ,458 ,5 ,18.96 ,41.69 ,1003.42 ,82.14
21:01:51,0 ,0 ,0 ,459 ,5 ,18.97 ,41.69 ,1003.42 ,82.17
21:01:51,0 ,0 ,0 ,458 ,5 ,18.97 ,41.71 ,1003.44 ,81.96
21:01:51,0 ,0 ,0 ,459 ,5 ,18.97 ,41.69 ,1003.45 ,81.93
21:01:51,0 ,0 ,0 ,459 ,5 ,18.97 ,41.72 ,1003.45 ,81.93
21:01:51,0 ,0 ,0 ,459 ,5 ,18.96 ,41.71 ,1003.41 ,82.28
21:01:51,0 ,0 ,0 ,459 ,5 ,18.97 ,41.72 ,1003.39 ,82.38
21:01:51,0 ,0 ,0 ,459 ,5 ,18.97 ,41.71 ,1003.42 ,82.15
21:01:51,0 ,0 ,0 ,459 ,5 ,18.97 ,41.72 ,1003.43 ,82.08
21:01:51,0 ,0 ,0 ,459 ,5 ,18.97 ,41.71 ,1003.44 ,81.99
21:01:51,0 ,0 ,0 ,459 ,5 ,18.97 ,41.69 ,1003.44 ,81.99
21:01:51,0 ,0 ,0 ,459 ,5 ,18.97 ,41.69 ,1003.42 ,82.13
21:01:51,0 ,0 ,0 ,459 ,5 ,18.97 ,41.69 ,1003.44 ,82.02
21:01:51,0 ,0 ,0 ,460 ,5 ,18.97 ,41.69 ,1003.42 ,82.16
21:01:51,0 ,0 ,0 ,460 ,5 ,18.97 ,41.68 ,1003.43 ,82.12
21:01:51,0 ,0 ,0 ,460 ,5 ,18.97 ,41.68 ,1003.41 ,82.21
21:01:51,0 ,0 ,0 ,460 ,5 ,18.97 ,41.68 ,1003.42 ,82.15
21:01:51,0 ,0 ,0 ,460 ,5 ,18.97 ,41.67 ,1003.44 ,82.02
21:01:51,0 ,0 ,0 ,460 ,5 ,18.97 ,41.67 ,1003.44 ,81.97
21:01:51,0 ,0 ,0 ,460 ,5 ,18.97 ,41.66 ,1003.44 ,82.04
21:01:51,0 ,0 ,0 ,460 ,5 ,18.97 ,41.67 ,1003.46 ,81.84
21:01:51,0 ,0 ,0 ,461 ,5 ,18.97 ,41.65 ,1003.44 ,82.00
21:01:51,0 ,0 ,0 ,461 ,5 ,18.97 ,41.67 ,1003.44 ,81.99
21:01:51,0 ,0 ,0 ,460 ,5 ,18.97 ,41.66 ,1003.41 ,82.23
21:01:51,0 ,0 ,0 ,460 ,5 ,18.97 ,41.66 ,1003.42 ,82.17
21:01:51,0 ,0 ,0 ,461 ,5 ,18.98 ,41.66 ,1003.46 ,81.86
21:01:51,0 ,0 ,0 ,461 ,5 ,18.97 ,41.66 ,1003.44 ,82.03
21:01:51,0 ,0 ,0 ,461 ,5 ,18.96 ,41.68 ,1003.46 ,81.80
21:01:51,0 ,0 ,0 ,461 ,5 ,18.97 ,41.67 ,1003.45 ,81.95
21:01:51,0 ,0 ,0 ,461 ,5 ,18.97 ,41.72 ,1003.43 ,82.08
21:01:51,0 ,0 ,0 ,461 ,5 ,18.96 ,41.72 ,1003.42 ,82.13
21:01:51,0 ,0 ,0 ,461 ,5 ,18.97 ,41.72 ,1003.44 ,81.99
21:01:51,0 ,0 ,0 ,461 ,5 ,18.97 ,41.71 ,1003.42 ,82.21
21:01:51,0 ,0 ,0 ,461 ,5 ,18.97 ,41.72 ,1003.43 ,82.10
21:01:51,0 ,0 ,0 ,461 ,5 ,18.97 ,41.72 ,1003.46 ,81.83
21:01:51,0 ,0 ,0 ,461 ,5 ,18.97 ,41.76 ,1003.43 ,82.04
21:01:51,0 ,0 ,0 ,461 ,5 ,18.97 ,41.74 ,1003.44 ,81.98
21:01:51,0 ,0 ,0 ,461 ,5 ,18.97 ,41.75 ,1003.45 ,81.90
21:01:51,0 ,0 ,0 ,461 ,5 ,18.97 ,41.76 ,1003.46 ,81.81
21:01:51,0 ,0 ,0 ,461 ,5 ,18.97 ,41.74 ,1003.43 ,82.05
21:01:51,0 ,0 ,0 ,462 ,5 ,18.97 ,41.75 ,1003.44 ,82.02
21:01:51,0 ,0 ,0 ,462 ,5 ,18.97 ,41.74 ,1003.45 ,81.92
21:01:51,0 ,0 ,0 ,462 ,5 ,18.97 ,41.73 ,1003.44 ,82.01
21:01:51,0 ,0 ,0 ,462 ,5 ,18.97 ,41.73 ,1003.44 ,81.96
21:01:51,0 ,0 ,0 ,462 ,5 ,18.97 ,41.74 ,1003.44 ,82.02
21:01:51,0 ,0 ,0 ,462 ,5 ,18.97 ,41.73 ,1003.44 ,82.03
21:01:51,0 ,0 ,0 ,462 ,5 ,18.96 ,41.74 ,1003.41 ,82.24
21:01:51,0 ,0 ,0 ,463 ,5 ,18.97 ,41.73 ,1003.43 ,82.09
21:01:51,0 ,0 ,0 ,463 ,5 ,18.97 ,41.74 ,1003.46 ,81.82
21:01:51,0 ,0 ,0 ,463 ,5 ,18.97 ,41.75 ,1003.47 ,81.76
21:01:51,0 ,0 ,0 ,463 ,5 ,18.97 ,41.75 ,1003.44 ,81.99
21:01:51,0 ,0 ,0 ,463 ,5 ,18.97 ,41.76 ,1003.44 ,81.97
21:01:51,0 ,0 ,0 ,463 ,5 ,18.97 ,41.76 ,1003.46 ,81.82
21:01:51,0 ,0 ,0 ,463 ,5 ,18.97 ,41.76 ,1003.46 ,81.83
21:01:51,0 ,0 ,0 ,463 ,5 ,18.97 ,41.75 ,1003.47 ,81.73
21:01:51,0 ,0 ,0 ,463 ,5 ,18.97 ,41.74 ,1003.44 ,82.06
21:01:51,0 ,0 ,0 ,463 ,5 ,18.97 ,41.74 ,1003.45 ,81.94
21:01:51,0 ,0 ,0 ,461 ,5 ,18.96 ,41.69 ,1003.45 ,81.94
21:01:51,0 ,0 ,0 ,461 ,5 ,18.97 ,41.69 ,1003.44 ,81.98
21:01:51,0 ,0 ,0 ,461 ,5 ,18.97 ,41.69 ,1003.47 ,81.72
21:01:51,0 ,0 ,0 ,461 ,5 ,18.96 ,41.69 ,1003.47 ,81.72
21:01:51,0 ,0 ,0 ,461 ,5 ,18.97 ,41.69 ,1003.50 ,81.51
21:01:51,0 ,0 ,0 ,461 ,5 ,18.96 ,41.71 ,1003.48 ,81.69
21:01:51,0 ,0 ,0 ,461 ,5 ,18.96 ,41.70 ,1003.45 ,81.93
21:01:51,0 ,0 ,0 ,461 ,5 ,18.96 ,41.70 ,1003.46 ,81.86
21:01:51,0 ,0 ,0 ,461 ,5 ,18.96 ,41.73 ,1003.44 ,82.01
21:01:51,0 ,0 ,0 ,460 ,5 ,18.96 ,41.71 ,1003.45 ,81.93
21:01:51,0 ,0 ,0 ,460 ,5 ,18.97 ,41.72 ,1003.46 ,81.84
21:01:51,0 ,0 ,0 ,460 ,5 ,18.97 ,41.73 ,1003.44 ,81.98
21:01:51,0 ,0 ,0 ,460 ,5 ,18.96 ,41.73 ,1003.44 ,81.99
21:01:51,0 ,0 ,0 ,460 ,5 ,18.96 ,41.73 ,1003.48 ,81.69
21:01:51,0 ,0 ,0 ,460 ,5 ,18.96 ,41.74 ,1003.45 ,81.88
21:01:51,0 ,0 ,0 ,460 ,5 ,18.96 ,41.72 ,1003.47 ,81.72
21:01:51,0 ,0 ,0 ,459 ,5 ,18.96 ,41.71 ,1003.48 ,81.69
21:01:51,0 ,0 ,0 ,459 ,5 ,18.97 ,41.69 ,1003.49 ,81.61
21:01:51,0 ,0 ,0 ,459 ,5 ,18.96 ,41.69 ,1003.46 ,81.80
21:01:51,0 ,0 ,0 ,459 ,5 ,18.96 ,41.69 ,1003.46 ,81.84
21:01:51,0 ,0 ,0 ,459 ,5 ,18.96 ,41.69 ,1003.45 ,81.82
21:01:51,0 ,0 ,0 ,458 ,5 ,18.96 ,41.72 ,1003.48 ,81.70
21:01:51,0 ,0 ,0 ,458 ,5 ,18.96 ,41.72 ,1003.46 ,81.79
21:01:51,0 ,0 ,0 ,458 ,5 ,18.96 ,41.71 ,1003.49 ,81.60
21:01:51,0 ,0 ,0 ,458 ,5 ,18.96 ,41.71 ,1003.48 ,81.65
21:01:51,0 ,0 ,0 ,458 ,5 ,18.97 ,41.72 ,1003.49 ,81.54
21:01:51,0 ,0 ,0 ,458 ,5 ,18.96 ,41.70 ,1003.48 ,81.67
21:01:51,0 ,0 ,0 ,458 ,5 ,18.96 ,41.72 ,1003.47 ,81.74
21:01:51,0 ,0 ,0 ,458 ,5 ,18.96 ,41.73 ,1003.45 ,81.91
21:01:51,0 ,0 ,0 ,457 ,5 ,18.96 ,41.72 ,1003.46 ,81.83
21:01:51,0 ,0 ,0 ,457 ,5 ,18.96 ,41.72 ,1003.48 ,81.69
21:01:51,0 ,0 ,0 ,457 ,5 ,18.96 ,41.74 ,1003.49 ,81.59
21:01:51,0 ,0 ,0 ,457 ,5 ,18.96 ,41.74 ,1003.48 ,81.69
21:01:51,0 ,0 ,0 ,457 ,5 ,18.96 ,41.73 ,1003.48 ,81.69
21:01:51,0 ,0 ,0 ,457 ,5 ,18.95 ,41.73 ,1003.41 ,82.23
21:01:51,0 ,0 ,0 ,457 ,5 ,18.95 ,41.75 ,1003.47 ,81.77
21:01:51,0 ,0 ,0 ,456 ,5 ,18.96 ,41.73 ,1003.48 ,81.68
21:01:51,0 ,0 ,0 ,456 ,5 ,18.96 ,41.73 ,1003.50 ,81.52
21:01:51,0 ,0 ,0 ,456 ,5 ,18.96 ,41.73 ,1003.50 ,81.48
21:01:51,0 ,0 ,0 ,456 ,5 ,18.96 ,41.73 ,1003.49 ,81.54
21:01:51,0 ,0 ,0 ,456 ,5 ,18.96 ,41.74 ,1003.47 ,81.72
21:01:51,0 ,0 ,0 ,456 ,5 ,18.96 ,41.74 ,1003.47 ,81.72
21:01:51,0 ,0 ,0 ,456 ,5 ,18.96 ,41.74 ,1003.47 ,81.78
21:01:51,0 ,0 ,0 ,456 ,5 ,18.96 ,41.76 ,1003.50 ,81.50
21:01:51,0 ,0 ,0 ,456 ,5 ,18.96 ,41.74 ,1003.48 ,81.70
21:01:51,0 ,0 ,0 ,455 ,5 ,18.96 ,41.75 ,1003.49 ,81.62
21:01:51,0 ,0 ,0 ,455 ,5 ,18.96 ,41.76 ,1003.49 ,81.61
21:01:51,0 ,0 ,0 ,455 ,5 ,18.96 ,41.75 ,1003.50 ,81.45
21:01:51,0 ,0 ,0 ,455 ,5 ,18.96 ,41.68 ,1003.48 ,81.63
21:01:51,0 ,0 ,0 ,455 ,5 ,18.96 ,41.75 ,1003.47 ,81.72
21:01:51,0 ,0 ,0 ,455 ,5 ,18.95 ,41.74 ,1003.45 ,81.94
21:01:51,0 ,0 ,0 ,455 ,5 ,18.96 ,41.74 ,1003.50 ,81.47
21:01:51,0 ,0 ,0 ,455 ,5 ,18.96 ,41.74 ,1003.46 ,81.84
21:01:51,0 ,0 ,0 ,456 ,5 ,18.96 ,41.74 ,1003.49 ,81.57
21:01:51,0 ,0 ,0 ,456 ,5 ,18.96 ,41.73 ,1003.48 ,81.65
21:01:51,0 ,0 ,0 ,455 ,5 ,18.96 ,41.73 ,1003.49 ,81.59
21:01:51,0 ,0 ,0 ,456 ,5 ,18.96 ,41.73 ,1003.50 ,81.45
21:01:51,0 ,0 ,0 ,455 ,5 ,18.96 ,41.73 ,1003.49 ,81.59
21:01:51,0 ,0 ,0 ,455 ,5 ,18.95 ,41.71 ,1003.52 ,81.37
21:01:51,0 ,0 ,0 ,456 ,5 ,18.95 ,41.73 ,1003.49 ,81.59
21:01:51,0 ,0 ,0 ,455 ,5 ,18.95 ,41.73 ,1003.53 ,81.21
21:01:51,0 ,0 ,0 ,455 ,5 ,18.96 ,41.74 ,1003.49 ,81.55
21:01:51,0 ,0 ,0 ,455 ,5 ,18.96 ,41.75 ,1003.50 ,81.50
21:01:51,0 ,0 ,0 ,455 ,5 ,18.96 ,41.74 ,1003.51 ,81.45
21:01:51,0 ,0 ,0 ,456 ,5 ,18.96 ,41.75 ,1003.49 ,81.54
21:01:51,0 ,0 ,0 ,456 ,5 ,18.95 ,41.74 ,1003.49 ,81.60
21:01:51,0 ,0 ,0 ,456 ,5 ,18.95 ,41.74 ,1003.51 ,81.45
21:01:51,0 ,0 ,0 ,455 ,5 ,18.95 ,41.66 ,1003.52 ,81.32
21:01:51,0 ,0 ,0 ,455 ,5 ,18.95 ,41.74 ,1003.52 ,81.33
21:01:51,0 ,0 ,0 ,455 ,5 ,18.95 ,41.74 ,1003.52 ,81.36
21:01:51,0 ,0 ,0 ,455 ,5 ,18.95 ,41.74 ,1003.48 ,81.63
21:01:51,0 ,0 ,0 ,456 ,5 ,18.96 ,41.74 ,1003.53 ,81.23
21:01:51,0 ,0 ,0 ,455 ,5 ,18.95 ,41.75 ,1003.54 ,81.20
21:01:51,0 ,0 ,0 ,455 ,5 ,18.95 ,41.73 ,1003.49 ,81.54
21:01:51,0 ,0 ,0 ,455 ,5 ,18.95 ,41.73 ,1003.48 ,81.63
21:01:51,0 ,0 ,0 ,455 ,5 ,18.95 ,41.71 ,1003.52 ,81.35
21:01:51,0 ,0 ,0 ,456 ,5 ,18.95 ,41.73 ,1003.48 ,81.66
21:01:51,0 ,0 ,0 ,455 ,5 ,18.96 ,41.72 ,1003.49 ,81.57
21:01:51,0 ,0 ,0 ,455 ,5 ,18.95 ,41.73 ,1003.48 ,81.63
21:01:51,0 ,0 ,0 ,455 ,5 ,18.95 ,41.73 ,1003.50 ,81.53
21:01:51,0 ,0 ,0 ,455 ,5 ,18.95 ,41.75 ,1003.49 ,81.59
21:01:51,0 ,0 ,0 ,455 ,5 ,18.95 ,41.75 ,1003.52 ,81.35
21:01:51,0 ,0 ,0 ,456 ,5 ,18.95 ,41.75 ,1003.50 ,81.49
21:01:51,0 ,0 ,0 ,456 ,5 ,18.95 ,41.76 ,1003.49 ,81.55
21:01:51,0 ,0 ,0 ,455 ,5 ,18.95 ,41.77 ,1003.47 ,81.73
21:01:51,0 ,0 ,0 ,455 ,5 ,18.95 ,41.76 ,1003.51 ,81.44
21:01:51,0 ,0 ,0 ,455 ,5 ,18.95 ,41.77 ,1003.47 ,81.77
21:01:51,0 ,0 ,0 ,455 ,5 ,18.95 ,41.78 ,1003.52 ,81.35
21:01:51,0 ,0 ,0 ,456 ,5 ,18.95 ,41.79 ,1003.52 ,81.35
21:01:51,0 ,0 ,0 ,456 ,5 ,18.94 ,41.78 ,1003.52 ,81.31
21:01:51,0 ,0 ,0 ,456 ,5 ,18.95 ,41.77 ,1003.53 ,81.28
21:01:51,0 ,0 ,0 ,456 ,5 ,18.94 ,41.78 ,1003.52 ,81.29
21:01:51,0 ,0 ,0 ,455 ,5 ,18.95 ,41.80 ,1003.51 ,81.44
21:01:51,0 ,0 ,0 ,456 ,5 ,18.95 ,41.79 ,1003.49 ,81.55
21:01:51,0 ,0 ,0 ,456 ,5 ,18.95 ,41.82 ,1003.53 ,81.22
21:01:51,0 ,0 ,0 ,455 ,5 ,18.95 ,41.79 ,1003.49 ,81.55
21:01:51,0 ,0 ,0 ,455 ,5 ,18.95 ,41.81 ,1003.51 ,81.38
21:01:51,0 ,0 ,0 ,455 ,5 ,18.95 ,41.81 ,1003.52 ,81.36
21:01:51,0 ,0 ,0 ,455 ,5 ,18.95 ,41.80 ,1003.53 ,81.22
21:01:51,0 ,0 ,0 ,456 ,5 ,18.95 ,41.82 ,1003.52 ,81.32
21:01:51,0 ,0 ,0 ,456 ,5 ,18.95 ,41.81 ,1003.50 ,81.47
21:01:51,0 ,0 ,0 ,458 ,5 ,18.94 ,41.85 ,1003.51 ,81.43
21:01:51,0 ,0 ,0 ,458 ,5 ,18.94 ,41.86 ,1003.52 ,81.32
21:01:51,61 ,259 ,259 ,459 ,5 ,18.94 ,41.86 ,1003.53 ,81.20
21:01:51,60 ,259 ,259 ,458 ,5 ,18.94 ,41.88 ,1003.52 ,81.36
21:01:51,60 ,259 ,259 ,459 ,5 ,18.93 ,41.88 ,1003.49 ,81.62
21:01:51,60 ,261 ,261 ,459 ,5 ,18.94 ,41.89 ,1003.52 ,81.34
21:01:51,60 ,261 ,261 ,459 ,5 ,18.94 ,41.89 ,1003.52 ,81.36
21:01:51,60 ,261 ,261 ,459 ,5 ,18.94 ,41.89 ,1003.51 ,81.37
21:01:51,60 ,261 ,261 ,459 ,5 ,18.94 ,41.92 ,1003.52 ,81.36
21:01:51,60 ,261 ,261 ,459 ,5 ,18.93 ,41.90 ,1003.53 ,81.26
21:01:51,60 ,261 ,261 ,459 ,5 ,18.94 ,41.91 ,1003.51 ,81.44
21:01:51,60 ,262 ,262 ,459 ,5 ,18.93 ,41.91 ,1003.53 ,81.21
21:01:51,60 ,262 ,262 ,459 ,5 ,18.93 ,41.93 ,1003.49 ,81.54
21:01:51,60 ,262 ,262 ,459 ,5 ,18.93 ,41.92 ,1003.52 ,81.34
21:01:51,60 ,262 ,262 ,460 ,5 ,18.93 ,41.93 ,1003.53 ,81.28
21:01:51,60 ,262 ,262 ,460 ,5 ,18.94 ,41.94 ,1003.53 ,81.22
21:01:51,60 ,262 ,262 ,460 ,5 ,18.94 ,41.91 ,1003.53 ,81.21
21:01:51,60 ,262 ,262 ,460 ,5 ,18.93 ,41.90 ,1003.52 ,81.30
21:01:51,58 ,264 ,264 ,461 ,5 ,18.93 ,41.89 ,1003.50 ,81.45
21:01:51,58 ,264 ,264 ,460 ,5 ,18.94 ,41.89 ,1003.51 ,81.45
21:01:51,58 ,264 ,264 ,461 ,5 ,18.93 ,41.88 ,1003.53 ,81.34
21:01:51,58 ,264 ,264 ,461 ,5 ,18.93 ,41.91 ,1003.51 ,81.43
21:01:51,58 ,265 ,265 ,461 ,5 ,18.94 ,41.89 ,1003.52 ,81.36
21:01:51,58 ,265 ,265 ,461 ,5 ,18.94 ,41.92 ,1003.51 ,81.41
21:01:51,58 ,265 ,265 ,461 ,5 ,18.93 ,41.90 ,1003.51 ,81.38
21:01:51,58 ,265 ,265 ,462 ,5 ,18.93 ,41.90 ,1003.50 ,81.50
21:01:51,58 ,265 ,265 ,462 ,5 ,18.93 ,41.90 ,1003.51 ,81.41
21:01:51,58 ,265 ,265 ,462 ,5 ,18.93 ,41.90 ,1003.49 ,81.62
21:01:51,58 ,265 ,265 ,462 ,5 ,18.93 ,41.89 ,1003.53 ,81.26
21:01:51,60 ,264 ,265 ,462 ,5 ,18.93 ,41.91 ,1003.51 ,81.38
21:01:51,60 ,264 ,265 ,462 ,5 ,18.93 ,41.89 ,1003.46 ,81.82
21:01:51,60 ,262 ,264 ,463 ,5 ,18.93 ,41.86 ,1003.51 ,81.43
21:01:51,60 ,262 ,264 ,463 ,5 ,18.93 ,41.85 ,1003.52 ,81.29
21:01:51,61 ,262 ,262 ,463 ,5 ,18.93 ,41.86 ,1003.51 ,81.44
21:01:51,61 ,261 ,262 ,463 ,5 ,18.93 ,41.85 ,1003.53 ,81.22
21:01:51,61 ,261 ,262 ,464 ,5 ,18.92 ,41.85 ,1003.52 ,81.37
21:01:51,61 ,261 ,262 ,464 ,5 ,18.93 ,41.87 ,1003.50 ,81.53
21:01:51,61 ,261 ,262 ,464 ,5 ,18.93 ,41.85 ,1003.54 ,81.17
21:01:51,61 ,261 ,262 ,464 ,5 ,18.93 ,41.84 ,1003.47 ,81.78
21:01:51,63 ,261 ,262 ,464 ,5 ,18.92 ,41.85 ,1003.50 ,81.53
21:01:51,63 ,261 ,262 ,464 ,5 ,18.92 ,41.85 ,1003.51 ,81.43
21:01:51,61 ,261 ,261 ,464 ,5 ,18.93 ,41.85 ,1003.51 ,81.40
21:01:51,61 ,261 ,261 ,464 ,5 ,18.92 ,41.86 ,1003.49 ,81.56
21:01:51,61 ,261 ,261 ,464 ,5 ,18.93 ,41.85 ,1003.51 ,81.41
21:01:51,61 ,262 ,262 ,464 ,5 ,18.92 ,41.86 ,1003.53 ,81.23
21:01:51,61 ,262 ,262 ,464 ,5 ,18.92 ,41.86 ,1003.49 ,81.57
21:01:51,61 ,262 ,262 ,465 ,5 ,18.92 ,41.89 ,1003.52 ,81.31
21:01:51,61 ,262 ,262 ,465 ,5 ,18.93 ,41.90 ,1003.52 ,81.30
21:01:51,61 ,262 ,262 ,465 ,5 ,18.93 ,41.89 ,1003.54 ,81.15
21:01:51,61 ,262 ,262 ,465 ,5 ,18.93 ,41.89 ,1003.52 ,81.35
21:01:51,61 ,262 ,262 ,465 ,5 ,18.92 ,41.90 ,1003.52 ,81.32
21:01:51,61 ,262 ,262 ,465 ,5 ,18.92 ,41.91 ,1003.52 ,81.36
21:01:51,61 ,262 ,262 ,465 ,5 ,18.93 ,41.91 ,1003.52 ,81.34
21:01:51,61 ,262 ,262 ,466 ,5 ,18.93 ,41.93 ,1003.55 ,81.05
21:01:51,61 ,262 ,262 ,466 ,5 ,18.92 ,41.92 ,1003.53 ,81.27
21:01:51,61 ,262 ,262 ,466 ,5 ,18.92 ,41.93 ,1003.50 ,81.49
21:01:51,61 ,262 ,262 ,466 ,5 ,18.92 ,41.92 ,1003.51 ,81.37
21:01:51,61 ,262 ,262 ,466 ,5 ,18.92 ,41.91 ,1003.50 ,81.49
21:01:51,61 ,262 ,262 ,467 ,5 ,18.92 ,41.92 ,1003.52 ,81.29
21:01:51,61 ,262 ,262 ,467 ,5 ,18.92 ,41.92 ,1003.49 ,81.57
21:01:51,61 ,262 ,262 ,466 ,5 ,18.93 ,41.91 ,1003.52 ,81.32
21:01:51,61 ,264 ,264 ,467 ,5 ,18.92 ,41.91 ,1003.52 ,81.35
21:01:51,61 ,264 ,264 ,467 ,5 ,18.92 ,41.91 ,1003.52 ,81.36
21:01:51,61 ,264 ,265 ,467 ,5 ,18.92 ,41.91 ,1003.54 ,81.14
21:01:51,61 ,265 ,265 ,467 ,5 ,18.92 ,41.92 ,1003.54 ,81.15
21:01:51,61 ,265 ,267 ,467 ,5 ,18.92 ,41.91 ,1003.53 ,81.22
21:01:51,61 ,265 ,267 ,467 ,5 ,18.92 ,41.91 ,1003.50 ,81.50
21:01:51,63 ,265 ,267 ,467 ,5 ,18.92 ,41.92 ,1003.52 ,81.36
21:01:51,63 ,265 ,267 ,467 ,5 ,18.92 ,41.91 ,1003.53 ,81.28
21:01:51,63 ,265 ,267 ,467 ,5 ,18.92 ,41.91 ,1003.53 ,81.21
21:01:51,63 ,265 ,267 ,467 ,5 ,18.91 ,41.92 ,1003.51 ,81.39
21:01:51,64 ,265 ,267 ,468 ,5 ,18.92 ,41.92 ,1003.53 ,81.27
21:01:51,64 ,265 ,267 ,468 ,5 ,18.91 ,41.90 ,1003.51 ,81.42
21:01:51,64 ,265 ,267 ,468 ,5 ,18.91 ,41.94 ,1003.53 ,81.27
21:01:51,64 ,265 ,267 ,468 ,5 ,18.92 ,41.90 ,1003.55 ,81.08
21:01:51,64 ,265 ,267 ,468 ,5 ,18.92 ,41.89 ,1003.55 ,81.08
21:01:51,66 ,265 ,267 ,468 ,5 ,18.92 ,41.90 ,1003.54 ,81.13
21:01:51,66 ,265 ,267 ,468 ,5 ,18.91 ,41.89 ,1003.53 ,81.22
21:01:51,66 ,265 ,267 ,468 ,5 ,18.92 ,41.89 ,1003.54 ,81.13
21:01:51,66 ,267 ,267 ,468 ,5 ,18.91 ,41.89 ,1003.54 ,81.12
21:01:51,66 ,267 ,267 ,468 ,5 ,18.91 ,41.88 ,1003.52 ,81.31
21:01:51,66 ,267 ,267 ,468 ,5 ,18.91 ,41.88 ,1003.53 ,81.27
21:01:51,66 ,267 ,267 ,468 ,5 ,18.91 ,41.89 ,1003.51 ,81.40
21:01:51,66 ,267 ,267 ,468 ,5 ,18.91 ,41.90 ,1003.51 ,81.39
21:01:51,66 ,267 ,267 ,468 ,5 ,18.92 ,41.89 ,1003.53 ,81.24
21:01:51,66 ,267 ,267 ,468 ,5 ,18.91 ,41.90 ,1003.52 ,81.33
21:01:51,66 ,267 ,267 ,468 ,5 ,18.90 ,41.91 ,1003.51 ,81.39
21:01:51,67 ,267 ,267 ,468 ,5 ,18.90 ,41.91 ,1003.51 ,81.40
21:01:51,67 ,267 ,267 ,468 ,5 ,18.91 ,41.92 ,1003.55 ,81.07
21:01:51,67 ,267 ,267 ,468 ,5 ,18.91 ,41.91 ,1003.54 ,81.15
21:01:51,67 ,267 ,267 ,468 ,5 ,18.91 ,41.92 ,1003.51 ,81.45
21:01:51,67 ,267 ,267 ,468 ,5 ,18.91 ,41.94 ,1003.54 ,81.17
21:01:51,67 ,267 ,267 ,468 ,5 ,18.92 ,41.92 ,1003.52 ,81.31
21:01:51,67 ,267 ,267 ,468 ,5 ,18.91 ,41.93 ,1003.52 ,81.28
21:01:51,67 ,268 ,268 ,467 ,5 ,18.91 ,41.94 ,1003.54 ,81.16
21:01:51,67 ,268 ,268 ,467 ,5 ,18.91 ,41.94 ,1003.54 ,81.15
21:01:51,67 ,268 ,268 ,467 ,5 ,18.90 ,41.98 ,1003.49 ,81.54
21:01:51,67 ,268 ,268 ,467 ,5 ,18.90 ,41.95 ,1003.49 ,81.57
21:01:51,67 ,268 ,268 ,467 ,5 ,18.91 ,41.95 ,1003.52 ,81.33
21:01:51,67 ,268 ,268 ,467 ,5 ,18.91 ,41.95 ,1003.52 ,81.33
21:01:51,67 ,268 ,268 ,467 ,5 ,18.91 ,41.97 ,1003.53 ,81.24
21:02:21,67 ,268 ,268 ,469 ,5 ,18.90 ,42.10 ,1003.51 ,81.43
21:02:22,67 ,267 ,268 ,469 ,5 ,18.91 ,42.09 ,1003.55 ,81.11
21:02:22,PMS7003  checksum  failed
21:02:23,0 ,0 ,0 ,469 ,5 ,18.91 ,42.09 ,1003.51 ,81.45
21:02:24,0 ,0 ,0 ,469 ,5 ,18.91 ,42.10 ,1003.53 ,81.27
21:02:26,0 ,0 ,0 ,469 ,5 ,18.91 ,42.11 ,1003.54 ,81.18
21:02:27,0 ,0 ,0 ,469 ,5 ,18.91 ,42.14 ,1003.51 ,81.42
21:02:28,0 ,0 ,0 ,470 ,5 ,18.90 ,42.13 ,1003.52 ,81.35
21:02:29,0 ,0 ,0 ,470 ,5 ,18.91 ,42.13 ,1003.52 ,81.31
21:02:30,0 ,0 ,0 ,470 ,5 ,18.91 ,42.13 ,1003.54 ,81.16
21:02:31,0 ,0 ,0 ,470 ,5 ,18.90 ,42.11 ,1003.51 ,81.45
21:02:33,0 ,0 ,0 ,470 ,5 ,18.90 ,42.11 ,1003.52 ,81.29
21:02:34,0 ,0 ,0 ,471 ,5 ,18.91 ,42.12 ,1003.53 ,81.23
21:02:35,0 ,0 ,0 ,471 ,5 ,18.91 ,42.12 ,1003.52 ,81.31
21:02:36,0 ,0 ,0 ,471 ,5 ,18.90 ,42.13 ,1003.53 ,81.25
21:02:37,0 ,0 ,0 ,471 ,5 ,18.91 ,42.13 ,1003.51 ,81.38
21:02:38,0 ,0 ,0 ,471 ,5 ,18.90 ,42.13 ,1003.51 ,81.40
21:02:40,0 ,0 ,0 ,472 ,5 ,18.91 ,42.13 ,1003.54 ,81.14
21:02:41,0 ,0 ,0 ,473 ,5 ,18.91 ,42.13 ,1003.52 ,81.32
21:02:42,0 ,0 ,0 ,472 ,5 ,18.91 ,42.13 ,1003.53 ,81.28
21:02:43,0 ,0 ,0 ,473 ,5 ,18.90 ,42.13 ,1003.51 ,81.37
21:02:44,0 ,0 ,0 ,473 ,5 ,18.90 ,42.14 ,1003.50 ,81.52
21:02:45,0 ,0 ,0 ,473 ,5 ,18.91 ,42.13 ,1003.53 ,81.21
21:02:47,0 ,0 ,0 ,473 ,5 ,18.91 ,42.13 ,1003.53 ,81.23
21:02:48,0 ,0 ,0 ,473 ,5 ,18.91 ,42.14 ,1003.52 ,81.36
21:02:49,0 ,0 ,0 ,473 ,5 ,18.91 ,42.14 ,1003.52 ,81.36
21:02:50,0 ,0 ,0 ,473 ,5 ,18.91 ,42.14 ,1003.49 ,81.61
21:02:51,0 ,0 ,0 ,474 ,5 ,18.91 ,42.14 ,1003.50 ,81.51
21:02:52,0 ,0 ,0 ,474 ,5 ,18.91 ,42.16 ,1003.55 ,81.11
21:02:54,0 ,0 ,0 ,474 ,5 ,18.91 ,42.16 ,1003.51 ,81.43
21:02:55,0 ,0 ,0 ,474 ,5 ,18.91 ,42.17 ,1003.51 ,81.38
21:02:56,0 ,0 ,0 ,475 ,5 ,18.91 ,42.18 ,1003.51 ,81.40
21:02:57,0 ,0 ,0 ,475 ,5 ,18.91 ,42.18 ,1003.51 ,81.40
21:02:58,0 ,0 ,0 ,475 ,5 ,18.91 ,42.19 ,1003.51 ,81.38
21:02:59,0 ,0 ,0 ,475 ,5 ,18.91 ,42.20 ,1003.52 ,81.34
21:03:01,0 ,0 ,0 ,476 ,5 ,18.91 ,42.19 ,1003.54 ,81.15
21:03:02,0 ,0 ,0 ,476 ,5 ,18.91 ,42.18 ,1003.50 ,81.53
21:03:03,0 ,0 ,0 ,477 ,5 ,18.90 ,42.18 ,1003.52 ,81.36
21:03:04,0 ,0 ,0 ,477 ,5 ,18.91 ,42.17 ,1003.50 ,81.46
21:03:05,0 ,0 ,0 ,476 ,5 ,18.91 ,42.16 ,1003.49 ,81.60
21:03:06,0 ,0 ,0 ,477 ,5 ,18.91 ,42.15 ,1003.53 ,81.27
21:03:08,0 ,0 ,0 ,477 ,5 ,18.91 ,42.16 ,1003.50 ,81.49
21:03:09,0 ,0 ,0 ,478 ,5 ,18.91 ,42.16 ,1003.50 ,81.47
21:03:10,0 ,0 ,0 ,478 ,5 ,18.91 ,42.18 ,1003.52 ,81.31
21:03:11,0 ,0 ,0 ,478 ,5 ,18.91 ,42.18 ,1003.49 ,81.55
21:03:12,0 ,0 ,0 ,478 ,5 ,18.91 ,42.12 ,1003.55 ,81.10
21:03:13,0 ,0 ,0 ,478 ,5 ,18.91 ,42.15 ,1003.51 ,81.62
21:03:15,0 ,0 ,0 ,479 ,5 ,18.91 ,42.18 ,1003.54 ,81.17
21:03:16,0 ,0 ,0 ,479 ,5 ,18.91 ,42.17 ,1003.51 ,81.41
21:03:17,0 ,0 ,0 ,480 ,5 ,18.91 ,42.17 ,1003.52 ,81.30
21:03:18,0 ,0 ,0 ,480 ,5 ,18.91 ,42.18 ,1003.54 ,81.18
21:03:19,0 ,0 ,0 ,480 ,5 ,18.91 ,42.18 ,1003.50 ,81.45
21:03:20,0 ,0 ,0 ,480 ,5 ,18.90 ,42.18 ,1003.50 ,81.52
21:03:22,0 ,0 ,0 ,480 ,5 ,18.91 ,42.18 ,1003.55 ,81.08
21:03:23,0 ,0 ,0 ,480 ,5 ,18.91 ,42.17 ,1003.52 ,81.31
21:03:24,0 ,0 ,0 ,481 ,5 ,18.91 ,42.17 ,1003.51 ,81.43
21:03:25,0 ,0 ,0 ,481 ,5 ,18.90 ,42.17 ,1003.54 ,81.19
21:03:26,0 ,0 ,0 ,481 ,5 ,18.90 ,42.17 ,1003.52 ,81.30
21:03:27,0 ,0 ,0 ,482 ,5 ,18.90 ,42.23 ,1003.52 ,81.30
21:03:29,0 ,0 ,0 ,482 ,5 ,18.91 ,42.24 ,1003.54 ,81.20
21:03:30,0 ,0 ,0 ,482 ,5 ,18.90 ,42.25 ,1003.51 ,81.39
21:03:31,0 ,0 ,0 ,483 ,5 ,18.90 ,42.26 ,1003.53 ,81.28
21:03:32,0 ,0 ,0 ,483 ,5 ,18.90 ,42.25 ,1003.56 ,81.01
21:03:33,0 ,0 ,0 ,483 ,11 ,18.90 ,42.24 ,1003.53 ,81.21
21:03:34,0 ,0 ,0 ,484 ,5 ,18.91 ,42.23 ,1003.55 ,81.09
21:03:36,0 ,0 ,0 ,484 ,5 ,18.91 ,42.22 ,1003.54 ,81.16
21:03:37,0 ,0 ,0 ,484 ,5 ,18.91 ,42.21 ,1003.57 ,80.94
21:03:38,0 ,0 ,0 ,484 ,5 ,18.91 ,42.21 ,1003.54 ,81.18
21:03:39,0 ,0 ,0 ,484 ,5 ,18.90 ,42.22 ,1003.52 ,81.37
21:03:40,0 ,0 ,0 ,484 ,5 ,18.90 ,42.24 ,1003.55 ,81.11
21:03:41,0 ,0 ,0 ,484 ,5 ,18.90 ,42.22 ,1003.54 ,81.19
21:03:43,0 ,0 ,0 ,484 ,5 ,18.91 ,42.20 ,1003.54 ,81.15
21:03:44,0 ,0 ,0 ,484 ,5 ,18.91 ,42.20 ,1003.56 ,81.02
21:03:45,0 ,0 ,0 ,484 ,5 ,18.91 ,42.20 ,1003.56 ,80.99
21:03:46,0 ,0 ,0 ,485 ,5 ,18.90 ,42.19 ,1003.53 ,81.27
21:03:47,0 ,0 ,0 ,485 ,5 ,18.90 ,42.22 ,1003.54 ,81.13
21:03:48,0 ,0 ,0 ,485 ,5 ,18.90 ,42.22 ,1003.54 ,81.18
21:03:50,0 ,0 ,0 ,485 ,5 ,18.90 ,42.22 ,1003.52 ,81.34
21:03:51,0 ,0 ,0 ,485 ,5 ,18.90 ,42.23 ,1003.53 ,81.21
21:03:52,0 ,0 ,0 ,486 ,5 ,18.90 ,42.24 ,1003.56 ,80.98
21:03:53,0 ,0 ,0 ,486 ,5 ,18.90 ,42.23 ,1003.55 ,81.11
21:03:54,0 ,0 ,0 ,486 ,5 ,18.90 ,42.25 ,1003.55 ,81.06
21:03:55,0 ,0 ,0 ,486 ,5 ,18.89 ,42.24 ,1003.54 ,81.18
21:03:57,0 ,0 ,0 ,486 ,5 ,18.90 ,42.23 ,1003.53 ,81.21
21:03:58,0 ,0 ,0 ,486 ,5 ,18.90 ,42.23 ,1003.53 ,81.20
21:03:59,0 ,0 ,0 ,486 ,5 ,18.90 ,42.21 ,1003.54 ,81.15
21:04:00,0 ,0 ,0 ,487 ,5 ,18.89 ,42.19 ,1003.51 ,81.41
21:04:01,0 ,0 ,0 ,487 ,5 ,18.89 ,42.22 ,1003.54 ,81.19
21:04:02,0 ,0 ,0 ,487 ,5 ,18.89 ,42.21 ,1003.53 ,81.24
21:04:04,0 ,0 ,0 ,487 ,5 ,18.88 ,42.22 ,1003.55 ,81.04
21:04:05,0 ,0 ,0 ,486 ,5 ,18.88 ,42.21 ,1003.56 ,81.00
21:04:06,0 ,0 ,0 ,487 ,5 ,18.88 ,42.21 ,1003.57 ,80.88
21:04:07,0 ,0 ,0 ,486 ,5 ,18.88 ,42.21 ,1003.51 ,81.38
21:04:08,0 ,0 ,0 ,486 ,5 ,18.88 ,42.21 ,1003.57 ,80.91
21:04:09,0 ,0 ,0 ,487 ,5 ,18.88 ,42.20 ,1003.54 ,81.16
21:04:11,0 ,0 ,0 ,487 ,5 ,18.88 ,42.20 ,1003.53 ,81.28
21:04:12,0 ,0 ,0 ,487 ,5 ,18.88 ,42.21 ,1003.54 ,81.19
21:04:13,0 ,0 ,0 ,487 ,5 ,18.88 ,42.22 ,1003.53 ,81.28
21:04:14,0 ,0 ,0 ,486 ,5 ,18.89 ,42.21 ,1003.54 ,81.18
21:04:15,0 ,0 ,0 ,486 ,5 ,18.88 ,42.19 ,1003.51 ,81.38
21:04:17,0 ,0 ,0 ,486 ,5 ,18.88 ,42.18 ,1003.53 ,81.21
21:04:18,0 ,0 ,0 ,486 ,5 ,18.89 ,42.17 ,1003.54 ,81.19
21:05:19,0 ,0 ,0 ,475 ,5 ,18.85 ,42.20 ,1003.58 ,80.79
21:05:20,0 ,0 ,0 ,474 ,5 ,18.86 ,42.20 ,1003.57 ,80.94
21:05:21,0 ,0 ,0 ,474 ,5 ,18.85 ,42.21 ,1003.56 ,80.96
21:05:22,0 ,0 ,0 ,474 ,5 ,18.85 ,42.21 ,1003.57 ,80.89
21:05:24,0 ,0 ,0 ,473 ,5 ,18.85 ,42.21 ,1003.57 ,80.93
21:05:25,0 ,0 ,0 ,473 ,5 ,18.85 ,42.21 ,1003.56 ,80.98
21:05:26,0 ,0 ,0 ,473 ,5 ,18.85 ,42.25 ,1003.55 ,81.06
21:05:27,0 ,0 ,0 ,473 ,5 ,18.85 ,42.27 ,1003.53 ,81.21
21:05:28,0 ,0 ,0 ,472 ,5 ,18.85 ,42.24 ,1003.55 ,81.06
21:05:29,0 ,0 ,0 ,472 ,5 ,18.85 ,42.24 ,1003.56 ,80.99
21:05:31,0 ,0 ,0 ,472 ,5 ,18.84 ,42.24 ,1003.57 ,80.93
21:05:32,0 ,0 ,0 ,471 ,5 ,18.84 ,42.25 ,1003.55 ,81.11
21:05:33,0 ,0 ,0 ,471 ,5 ,18.84 ,42.27 ,1003.57 ,80.88
21:05:34,0 ,0 ,0 ,471 ,5 ,18.85 ,42.27 ,1003.56 ,80.96
21:05:35,0 ,0 ,0 ,471 ,5 ,18.85 ,42.26 ,1003.57 ,80.90
21:05:36,0 ,0 ,0 ,470 ,5 ,18.85 ,42.28 ,1003.57 ,80.87
21:05:38,0 ,0 ,0 ,470 ,5 ,18.85 ,42.27 ,1003.55 ,81.03
21:05:39,0 ,0 ,0 ,470 ,5 ,18.85 ,42.27 ,1003.56 ,81.03
21:05:40,0 ,0 ,0 ,469 ,5 ,18.85 ,42.26 ,1003.56 ,80.96
21:05:41,0 ,0 ,0 ,469 ,5 ,18.84 ,42.27 ,1003.56 ,80.99
21:05:42,0 ,0 ,0 ,469 ,5 ,18.85 ,42.22 ,1003.59 ,80.70
21:05:43,0 ,0 ,0 ,468 ,5 ,18.84 ,42.27 ,1003.54 ,81.13
21:05:45,0 ,0 ,0 ,468 ,5 ,18.84 ,42.22 ,1003.55 ,81.05
21:05:46,0 ,0 ,0 ,468 ,5 ,18.83 ,42.23 ,1003.54 ,81.17
21:05:47,0 ,0 ,0 ,468 ,5 ,18.84 ,42.25 ,1003.56 ,81.02
21:05:48,0 ,0 ,0 ,468 ,5 ,18.84 ,42.24 ,1003.55 ,81.04
21:05:49,0 ,0 ,0 ,467 ,5 ,18.84 ,42.24 ,1003.56 ,81.01
21:05:50,0 ,0 ,0 ,467 ,5 ,18.84 ,42.25 ,1003.58 ,80.83
21:05:52,0 ,0 ,0 ,467 ,5 ,18.83 ,42.23 ,1003.55 ,81.11
21:05:53,0 ,0 ,0 ,466 ,5 ,18.83 ,42.25 ,1003.56 ,80.98
21:05:54,0 ,0 ,0 ,466 ,5 ,18.83 ,42.23 ,1003.56 ,81.02
21:05:55,0 ,0 ,0 ,466 ,5 ,18.84 ,42.26 ,1003.57 ,80.87
21:05:56,0 ,0 ,0 ,466 ,5 ,18.84 ,42.26 ,1003.57 ,80.88
21:05:57,0 ,0 ,0 ,466 ,5 ,18.83 ,42.27 ,1003.57 ,80.92
21:05:59,0 ,0 ,0 ,466 ,5 ,18.83 ,42.29 ,1003.59 ,80.73
21:06:00,0 ,0 ,0 ,465 ,5 ,18.84 ,42.27 ,1003.57 ,80.88
21:06:01,0 ,0 ,0 ,465 ,5 ,18.83 ,42.27 ,1003.56 ,80.95
21:06:02,0 ,0 ,0 ,465 ,5 ,18.84 ,42.28 ,1003.56 ,80.97
21:06:03,0 ,0 ,0 ,465 ,5 ,18.83 ,42.28 ,1003.56 ,80.97
21:06:04,0 ,0 ,0 ,465 ,5 ,18.83 ,42.33 ,1003.57 ,80.87
21:06:06,0 ,0 ,0 ,464 ,5 ,18.83 ,42.27 ,1003.55 ,81.10
21:06:07,0 ,0 ,0 ,464 ,5 ,18.83 ,42.26 ,1003.54 ,81.16
21:06:08,0 ,0 ,0 ,464 ,5 ,18.83 ,42.25 ,1003.56 ,80.96
21:06:09,0 ,0 ,0 ,464 ,5 ,18.84 ,42.25 ,1003.56 ,80.99
21:06:10,0 ,0 ,0 ,464 ,5 ,18.83 ,42.25 ,1003.60 ,80.64
21:06:11,0 ,0 ,0 ,464 ,5 ,18.83 ,42.23 ,1003.55 ,81.09
21:06:13,0 ,0 ,0 ,464 ,5 ,18.83 ,42.23 ,1003.58 ,80.85
21:06:14,0 ,0 ,0 ,464 ,5 ,18.83 ,42.23 ,1003.58 ,80.84
21:06:15,0 ,0 ,0 ,463 ,5 ,18.83 ,42.23 ,1003.59 ,80.75
21:06:16,0 ,0 ,0 ,463 ,5 ,18.82 ,42.22 ,1003.56 ,80.98
21:06:17,0 ,0 ,0 ,463 ,5 ,18.83 ,42.22 ,1003.56 ,80.98
21:06:18,0 ,0 ,0 ,463 ,5 ,18.83 ,42.22 ,1003.59 ,80.75
21:06:20,0 ,0 ,0 ,463 ,5 ,18.83 ,42.26 ,1003.61 ,80.60
21:06:21,0 ,0 ,0 ,463 ,5 ,18.83 ,42.22 ,1003.58 ,80.86
21:06:22,0 ,0 ,0 ,463 ,5 ,18.83 ,42.26 ,1003.54 ,81.20
21:06:23,0 ,0 ,0 ,462 ,5 ,18.84 ,42.24 ,1003.57 ,80.95
21:06:24,0 ,0 ,0 ,462 ,5 ,18.83 ,42.22 ,1003.55 ,81.11
21:06:25,0 ,0 ,0 ,463 ,5 ,18.83 ,42.26 ,1003.58 ,80.83
21:06:27,0 ,0 ,0 ,462 ,5 ,18.83 ,42.23 ,1003.60 ,80.63
21:06:28,0 ,0 ,0 ,462 ,5 ,18.84 ,42.25 ,1003.57 ,80.94
21:06:29,0 ,0 ,0 ,462 ,5 ,18.84 ,42.25 ,1003.56 ,80.95
21:06:30,0 ,0 ,0 ,462 ,5 ,18.84 ,42.24 ,1003.56 ,80.95
21:06:31,0 ,0 ,0 ,462 ,5 ,18.84 ,42.24 ,1003.56 ,80.95
21:06:32,0 ,0 ,0 ,462 ,5 ,18.83 ,42.25 ,1003.56 ,80.99
21:06:34,0 ,0 ,0 ,462 ,5 ,18.83 ,42.23 ,1003.57 ,80.94
21:06:35,0 ,0 ,0 ,462 ,5 ,18.83 ,42.26 ,1003.58 ,80.82
21:06:36,0 ,0 ,0 ,462 ,5 ,18.82 ,42.25 ,1003.57 ,80.92
21:06:37,0 ,0 ,0 ,462 ,5 ,18.83 ,42.26 ,1003.59 ,80.73
21:06:38,0 ,0 ,0 ,462 ,5 ,18.84 ,42.27 ,1003.58 ,80.80
21:06:39,0 ,0 ,0 ,462 ,5 ,18.83 ,42.25 ,1003.55 ,81.07
21:06:41,0 ,0 ,0 ,462 ,5 ,18.83 ,42.25 ,1003.57 ,80.91
21:06:42,0 ,0 ,0 ,461 ,5 ,18.83 ,42.26 ,1003.59 ,80.74
21:06:43,0 ,0 ,0 ,461 ,5 ,18.83 ,42.26 ,1003.57 ,80.94
21:06:44,0 ,0 ,0 ,461 ,5 ,18.83 ,42.26 ,1003.55 ,81.09
21:06:45,0 ,0 ,0 ,461 ,5 ,18.83 ,42.27 ,1003.56 ,80.99
21:06:46,0 ,0 ,0 ,461 ,5 ,18.82 ,42.25 ,1003.56 ,81.01
21:06:48,0 ,0 ,0 ,461 ,5 ,18.83 ,42.26 ,1003.55 ,81.05
21:06:49,0 ,0 ,0 ,461 ,5 ,18.83 ,42.27 ,1003.56 ,81.02
21:06:50,0 ,0 ,0 ,461 ,5 ,18.83 ,42.28 ,1003.55 ,81.10
21:06:51,0 ,0 ,0 ,461 ,5 ,18.82 ,42.27 ,1003.53 ,81.24
21:06:52,0 ,0 ,0 ,461 ,5 ,18.82 ,42.27 ,1003.54 ,81.15
21:06:53,0 ,0 ,0 ,461 ,5 ,18.82 ,42.27 ,1003.58 ,80.86
21:06:55,0 ,0 ,0 ,460 ,5 ,18.82 ,42.27 ,1003.56 ,80.95
21:06:56,0 ,0 ,0 ,461 ,5 ,18.82 ,42.26 ,1003.57 ,80.86
21:06:57,0 ,0 ,0 ,460 ,5 ,18.82 ,42.23 ,1003.56 ,81.01
21:06:58,0 ,0 ,0 ,461 ,5 ,18.81 ,42.24 ,1003.55 ,81.07
21:06:59,0 ,0 ,0 ,461 ,5 ,18.82 ,42.25 ,1003.56 ,80.98
21:07:00,0 ,0 ,0 ,460 ,5 ,18.82 ,42.24 ,1003.56 ,80.98
21:07:02,0 ,0 ,0 ,460 ,5 ,18.82 ,42.24 ,1003.57 ,80.93
21:07:03,0 ,0 ,0 ,460 ,5 ,18.81 ,42.26 ,1003.56 ,80.95
21:07:04,0 ,0 ,0 ,460 ,5 ,18.81 ,42.26 ,1003.57 ,80.94
21:07:05,0 ,0 ,0 ,460 ,5 ,18.81 ,42.24 ,1003.57 ,80.91
21:07:06,0 ,0 ,0 ,460 ,5 ,18.82 ,42.27 ,1003.58 ,80.82
21:07:07,0 ,0 ,0 ,460 ,5 ,18.81 ,42.27 ,1003.59 ,80.71
21:07:09,0 ,0 ,0 ,460 ,5 ,18.80 ,42.28 ,1003.58 ,80.85
21:07:10,0 ,0 ,0 ,460 ,5 ,18.80 ,42.32 ,1003.56 ,81.00
21:07:11,0 ,0 ,0 ,460 ,5 ,18.80 ,42.29 ,1003.57 ,80.88
21:07:12,0 ,0 ,0 ,460 ,5 ,18.80 ,42.29 ,1003.58 ,80.84
21:07:13,0 ,0 ,0 ,460 ,5 ,18.81 ,42.29 ,1003.60 ,80.61
21:07:14,0 ,0 ,0 ,460 ,5 ,18.81 ,42.29 ,1003.59 ,80.70
21:07:16,0 ,0 ,0 ,460 ,5 ,18.80 ,42.28 ,1003.56 ,81.02
21:08:17,0 ,0 ,0 ,460 ,5 ,18.81 ,42.33 ,1003.56 ,80.97
21:08:18,0 ,0 ,0 ,460 ,5 ,18.81 ,42.34 ,1003.57 ,80.91
21:08:19,0 ,0 ,0 ,460 ,5 ,18.82 ,42.33 ,1003.55 ,81.05
21:08:20,0 ,0 ,0 ,460 ,5 ,18.81 ,42.33 ,1003.56 ,80.99
21:08:21,0 ,0 ,0 ,460 ,5 ,18.81 ,42.33 ,1003.55 ,81.08
21:08:23,0 ,0 ,0 ,460 ,5 ,18.81 ,42.35 ,1003.57 ,80.91
21:08:24,0 ,0 ,0 ,460 ,5 ,18.81 ,42.33 ,1003.57 ,80.90
21:08:25,0 ,0 ,0 ,460 ,5 ,18.80 ,42.33 ,1003.55 ,81.10
21:08:26,0 ,0 ,0 ,460 ,5 ,18.80 ,42.35 ,1003.55 ,81.04
21:08:27,0 ,0 ,0 ,460 ,5 ,18.80 ,42.35 ,1003.56 ,81.02
21:08:28,0 ,0 ,0 ,460 ,5 ,18.81 ,42.37 ,1003.56 ,80.95
21:08:30,0 ,0 ,0 ,460 ,5 ,18.81 ,42.35 ,1003.58 ,80.86
21:08:31,0 ,0 ,0 ,460 ,5 ,18.81 ,42.36 ,1003.57 ,80.92
21:08:32,0 ,0 ,0 ,460 ,5 ,18.80 ,42.33 ,1003.59 ,80.72
21:08:33,0 ,0 ,0 ,460 ,5 ,18.80 ,42.32 ,1003.60 ,80.66
21:08:34,0 ,0 ,0 ,461 ,5 ,18.81 ,42.32 ,1003.56 ,81.02
21:08:35,0 ,0 ,0 ,461 ,5 ,18.81 ,42.32 ,1003.56 ,80.99
21:08:37,0 ,0 ,0 ,460 ,5 ,18.81 ,42.32 ,1003.58 ,80.85
21:08:38,0 ,0 ,0 ,461 ,5 ,18.80 ,42.32 ,1003.59 ,80.77
21:08:39,0 ,0 ,0 ,461 ,5 ,18.80 ,42.32 ,1003.56 ,81.00
21:08:40,0 ,0 ,0 ,461 ,5 ,18.80 ,42.33 ,1003.55 ,81.09
21:08:41,0 ,0 ,0 ,461 ,5 ,18.80 ,42.32 ,1003.56 ,81.02
21:08:42,0 ,0 ,0 ,461 ,5 ,18.80 ,42.31 ,1003.57 ,80.92
21:08:44,0 ,0 ,0 ,461 ,5 ,18.80 ,42.32 ,1003.57 ,80.87
21:08:45,0 ,0 ,0 ,461 ,5 ,18.80 ,42.32 ,1003.56 ,81.03
21:08:46,0 ,0 ,0 ,461 ,5 ,18.79 ,42.33 ,1003.57 ,80.94
21:08:47,0 ,0 ,0 ,461 ,5 ,18.79 ,42.34 ,1003.58 ,80.86
21:08:48,0 ,0 ,0 ,461 ,5 ,18.78 ,42.36 ,1003.53 ,81.26
21:08:49,0 ,0 ,0 ,461 ,5 ,18.78 ,42.39 ,1003.54 ,81.14
21:08:51,0 ,0 ,0 ,461 ,5 ,18.79 ,42.41 ,1003.58 ,80.86
21:08:52,0 ,0 ,0 ,461 ,5 ,18.79 ,42.41 ,1003.56 ,80.98
21:08:53,0 ,0 ,0 ,461 ,5 ,18.79 ,42.41 ,1003.56 ,80.95
21:08:54,0 ,0 ,0 ,461 ,5 ,18.79 ,42.43 ,1003.57 ,80.90
21:08:55,0 ,0 ,0 ,461 ,5 ,18.78 ,42.43 ,1003.53 ,81.24
21:08:56,0 ,0 ,0 ,461 ,5 ,18.79 ,42.43 ,1003.56 ,80.97
21:08:58,0 ,0 ,0 ,461 ,5 ,18.78 ,42.43 ,1003.57 ,80.94
21:08:59,0 ,0 ,0 ,461 ,5 ,18.78 ,42.41 ,1003.58 ,80.82
21:09:00,0 ,0 ,0 ,461 ,5 ,18.78 ,42.43 ,1003.58 ,80.83
21:09:01,0 ,0 ,0 ,461 ,5 ,18.78 ,42.41 ,1003.57 ,80.93
21:09:02,0 ,0 ,0 ,461 ,5 ,18.78 ,42.41 ,1003.58 ,80.80
21:09:03,0 ,0 ,0 ,461 ,5 ,18.78 ,42.43 ,1003.55 ,81.04
21:09:05,0 ,0 ,0 ,461 ,5 ,18.78 ,42.42 ,1003.57 ,80.89
21:09:06,0 ,0 ,0 ,461 ,5 ,18.78 ,42.41 ,1003.57 ,80.94
21:09:07,0 ,0 ,0 ,462 ,5 ,18.77 ,42.41 ,1003.56 ,81.02
21:09:08,0 ,0 ,0 ,462 ,5 ,18.78 ,42.40 ,1003.56 ,80.99
21:09:09,0 ,0 ,0 ,461 ,5 ,18.78 ,42.40 ,1003.57 ,80.91
21:09:10,0 ,0 ,0 ,461 ,5 ,18.78 ,42.40 ,1003.55 ,81.04
21:09:12,0 ,0 ,0 ,462 ,5 ,18.78 ,42.39 ,1003.59 ,80.75
21:09:13,0 ,0 ,0 ,461 ,5 ,18.77 ,42.41 ,1003.54 ,81.20
21:09:14,0 ,0 ,0 ,462 ,5 ,18.77 ,42.38 ,1003.54 ,80.85
21:09:15,0 ,0 ,0 ,462 ,5 ,18.77 ,42.40 ,1003.54 ,81.14
21:09:16,0 ,0 ,0 ,462 ,5 ,18.76 ,42.41 ,1003.57 ,80.88
21:09:17,0 ,0 ,0 ,462 ,5 ,18.77 ,42.40 ,1003.55 ,81.11
21:09:19,0 ,0 ,0 ,462 ,5 ,18.77 ,42.41 ,1003.58 ,80.84
21:09:20,0 ,0 ,0 ,463 ,5 ,18.78 ,42.42 ,1003.57 ,80.89
21:09:21,0 ,0 ,0 ,462 ,5 ,18.77 ,42.41 ,1003.58 ,80.85
21:09:22,0 ,0 ,0 ,463 ,5 ,18.76 ,42.42 ,1003.55 ,81.09
21:09:23,0 ,0 ,0 ,463 ,5 ,18.76 ,42.42 ,1003.55 ,81.10
21:09:24,0 ,0 ,0 ,463 ,5 ,18.76 ,42.45 ,1003.52 ,81.34
21:09:26,0 ,0 ,0 ,463 ,5 ,18.77 ,42.45 ,1003.56 ,80.95
21:09:27,0 ,0 ,0 ,463 ,5 ,18.76 ,42.42 ,1003.54 ,81.13
21:09:28,0 ,0 ,0 ,463 ,5 ,18.76 ,42.46 ,1003.56 ,81.00
21:09:29,0 ,0 ,0 ,463 ,5 ,18.77 ,42.46 ,1003.59 ,80.75
21:09:30,0 ,0 ,0 ,463 ,5 ,18.76 ,42.47 ,1003.57 ,80.90
21:09:31,0 ,0 ,0 ,463 ,5 ,18.77 ,42.46 ,1003.57 ,80.89
21:09:33,0 ,0 ,0 ,463 ,5 ,18.76 ,42.45 ,1003.57 ,80.87
21:09:34,0 ,0 ,0 ,463 ,5 ,18.76 ,42.43 ,1003.57 ,80.91
21:09:35,0 ,0 ,0 ,463 ,5 ,18.75 ,42.42 ,1003.55 ,81.09
21:09:36,0 ,0 ,0 ,463 ,5 ,18.76 ,42.42 ,1003.57 ,80.90
21:09:37,0 ,0 ,0 ,463 ,5 ,18.76 ,42.42 ,1003.56 ,80.97
21:09:38,0 ,0 ,0 ,463 ,5 ,18.75 ,42.42 ,1003.55 ,81.11
21:09:40,0 ,0 ,0 ,463 ,5 ,18.76 ,42.42 ,1003.59 ,80.71
21:09:41,0 ,0 ,0 ,463 ,5 ,18.76 ,42.42 ,1003.58 ,80.78
21:09:42,0 ,0 ,0 ,464 ,5 ,18.76 ,42.42 ,1003.57 ,80.87
21:09:43,0 ,0 ,0 ,463 ,5 ,18.75 ,42.42 ,1003.60 ,80.69
21:09:44,0 ,0 ,0 ,463 ,5 ,18.74 ,42.41 ,1003.60 ,80.65
21:09:45,0 ,0 ,0 ,464 ,5 ,18.74 ,42.46 ,1003.56 ,80.88
21:09:47,0 ,0 ,0 ,464 ,5 ,18.75 ,42.43 ,1003.57 ,80.93
21:09:48,0 ,0 ,0 ,464 ,5 ,18.75 ,42.43 ,1003.58 ,80.78
21:09:49,0 ,0 ,0 ,464 ,5 ,18.75 ,42.43 ,1003.58 ,80.80
21:09:50,0 ,0 ,0 ,464 ,5 ,18.75 ,42.43 ,1003.58 ,80.78
21:09:51,0 ,0 ,0 ,464 ,5 ,18.75 ,42.43 ,1003.58 ,80.86
21:09:52,0 ,0 ,0 ,464 ,5 ,18.75 ,42.45 ,1003.60 ,80.67
21:09:54,0 ,0 ,0 ,464 ,5 ,18.74 ,42.44 ,1003.55 ,81.08
21:09:55,0 ,0 ,0 ,464 ,5 ,18.75 ,42.46 ,1003.57 ,80.89
21:09:56,0 ,0 ,0 ,464 ,5 ,18.75 ,42.47 ,1003.58 ,80.78
21:09:57,0 ,0 ,0 ,464 ,5 ,18.75 ,42.46 ,1003.59 ,80.78
21:09:58,0 ,0 ,0 ,464 ,5 ,18.76 ,42.46 ,1003.59 ,80.71
21:09:59,0 ,0 ,0 ,464 ,5 ,18.76 ,42.47 ,1003.61 ,80.54
21:10:01,0 ,0 ,0 ,464 ,5 ,18.76 ,42.50 ,1003.60 ,80.67
21:10:02,0 ,0 ,0 ,464 ,5 ,18.76 ,42.52 ,1003.59 ,80.75
21:10:03,0 ,0 ,0 ,464 ,5 ,18.76 ,42.50 ,1003.57 ,80.94
21:10:04,0 ,0 ,0 ,464 ,5 ,18.76 ,42.49 ,1003.61 ,80.59
21:10:05,0 ,0 ,0 ,464 ,5 ,18.77 ,42.54 ,1003.59 ,80.74
21:10:06,0 ,0 ,0 ,464 ,5 ,18.77 ,42.59 ,1003.59 ,80.75
21:10:08,0 ,0 ,0 ,464 ,5 ,18.76 ,42.80 ,1003.58 ,80.79
21:10:09,0 ,0 ,0 ,464 ,5 ,18.77 ,42.86 ,1003.61 ,80.53
21:10:10,0 ,0 ,0 ,464 ,5 ,18.77 ,42.78 ,1003.58 ,80.84
21:10:11,0 ,0 ,0 ,464 ,5 ,18.78 ,42.78 ,1003.60 ,80.65
21:10:12,0 ,0 ,0 ,464 ,5 ,18.78 ,42.72 ,1003.60 ,80.69
21:10:13,0 ,0 ,0 ,464 ,5 ,18.78 ,42.68 ,1003.59 ,80.74
21:11:15,0 ,0 ,0 ,465 ,5 ,18.75 ,42.48 ,1003.60 ,80.63
21:11:16,0 ,0 ,0 ,465 ,5 ,18.75 ,42.49 ,1003.60 ,80.63
21:11:17,0 ,0 ,0 ,465 ,5 ,18.75 ,42.49 ,1003.59 ,80.76
21:11:18,63 ,253 ,253 ,465 ,5 ,18.75 ,42.50 ,1003.58 ,80.79
21:11:19,63 ,253 ,253 ,465 ,5 ,18.75 ,42.50 ,1003.60 ,80.66
21:11:20,63 ,252 ,252 ,465 ,5 ,18.75 ,42.49 ,1003.62 ,80.51
21:11:22,63 ,252 ,252 ,465 ,5 ,18.75 ,42.52 ,1003.57 ,80.87
21:11:23,63 ,252 ,252 ,465 ,5 ,18.75 ,42.50 ,1003.59 ,80.75
21:11:24,63 ,252 ,252 ,465 ,5 ,18.76 ,42.48 ,1003.61 ,80.58
21:11:25,63 ,250 ,250 ,465 ,5 ,18.76 ,42.47 ,1003.61 ,80.55
21:11:26,63 ,250 ,250 ,465 ,5 ,18.75 ,42.47 ,1003.56 ,80.97
21:11:27,64 ,250 ,250 ,465 ,5 ,18.75 ,42.48 ,1003.61 ,80.61
21:11:29,64 ,250 ,250 ,465 ,5 ,18.75 ,42.47 ,1003.59 ,80.78
21:11:30,64 ,250 ,250 ,465 ,5 ,18.75 ,42.46 ,1003.59 ,80.74
21:11:31,64 ,250 ,250 ,465 ,5 ,18.75 ,42.48 ,1003.60 ,80.66
21:11:32,64 ,250 ,250 ,465 ,5 ,18.75 ,42.46 ,1003.58 ,80.78
21:11:33,64 ,250 ,250 ,465 ,5 ,18.75 ,42.47 ,1003.59 ,80.72
21:11:34,66 ,252 ,252 ,465 ,5 ,18.75 ,42.48 ,1003.57 ,80.93
21:11:36,66 ,252 ,252 ,465 ,5 ,18.75 ,42.48 ,1003.59 ,80.72
21:11:37,66 ,252 ,252 ,465 ,5 ,18.75 ,42.47 ,1003.61 ,80.60
21:11:38,66 ,252 ,252 ,465 ,5 ,18.75 ,42.47 ,1003.59 ,80.77
21:11:39,66 ,252 ,252 ,465 ,5 ,18.74 ,42.47 ,1003.56 ,80.97
21:11:40,66 ,252 ,252 ,464 ,5 ,18.75 ,42.48 ,1003.58 ,80.85
21:11:41,66 ,252 ,252 ,465 ,5 ,18.75 ,42.49 ,1003.61 ,80.61
21:11:43,66 ,253 ,253 ,465 ,5 ,18.75 ,42.47 ,1003.60 ,80.68
21:11:44,66 ,253 ,253 ,465 ,5 ,18.75 ,42.47 ,1003.63 ,80.42
21:11:45,66 ,255 ,255 ,465 ,5 ,18.74 ,42.47 ,1003.61 ,80.56
21:11:46,66 ,255 ,255 ,465 ,5 ,18.74 ,42.47 ,1003.62 ,80.50
21:11:47,66 ,255 ,255 ,465 ,5 ,18.75 ,42.46 ,1003.61 ,80.55
21:11:48,66 ,255 ,255 ,465 ,5 ,18.74 ,42.48 ,1003.59 ,80.75
21:11:50,66 ,255 ,255 ,465 ,5 ,18.75 ,42.50 ,1003.60 ,80.67
21:11:51,66 ,255 ,255 ,465 ,5 ,18.75 ,42.48 ,1003.60 ,80.65
21:11:52,66 ,256 ,256 ,465 ,5 ,18.74 ,42.54 ,1003.61 ,80.56
21:11:53,66 ,256 ,256 ,465 ,5 ,18.74 ,42.47 ,1003.59 ,80.76
21:11:54,66 ,256 ,256 ,465 ,5 ,18.74 ,42.48 ,1003.60 ,80.64
21:11:55,66 ,256 ,256 ,465 ,5 ,18.74 ,42.47 ,1003.59 ,80.72
21:11:57,66 ,256 ,256 ,465 ,5 ,18.74 ,42.47 ,1003.58 ,80.84
21:11:58,66 ,256 ,256 ,466 ,5 ,18.74 ,42.47 ,1003.54 ,81.14
21:11:59,64 ,258 ,258 ,465 ,5 ,18.75 ,42.47 ,1003.60 ,80.65
21:12:00,64 ,258 ,258 ,465 ,5 ,18.74 ,42.49 ,1003.57 ,80.91
21:12:01,64 ,259 ,259 ,465 ,5 ,18.74 ,42.47 ,1003.60 ,80.69
21:12:02,64 ,259 ,259 ,465 ,5 ,18.74 ,42.47 ,1003.60 ,80.65
21:12:04,64 ,261 ,261 ,465 ,5 ,18.74 ,42.47 ,1003.59 ,80.71
21:12:05,64 ,261 ,261 ,465 ,5 ,18.73 ,42.47 ,1003.58 ,80.81
21:12:06,64 ,261 ,261 ,465 ,5 ,18.73 ,42.48 ,1003.59 ,80.74
21:12:07,64 ,261 ,261 ,465 ,5 ,18.74 ,42.48 ,1003.58 ,80.81
21:12:08,64 ,262 ,262 ,465 ,5 ,18.73 ,42.48 ,1003.59 ,80.76
21:12:09,64 ,262 ,262 ,465 ,5 ,18.74 ,42.50 ,1003.60 ,80.69
21:12:11,64 ,262 ,262 ,465 ,5 ,18.74 ,42.78 ,1003.57 ,80.91
21:12:12,64 ,262 ,262 ,465 ,5 ,18.74 ,42.69 ,1003.61 ,80.61
21:12:13,64 ,262 ,262 ,465 ,5 ,18.74 ,42.61 ,1003.60 ,80.68
21:12:14,64 ,261 ,261 ,465 ,5 ,18.74 ,42.56 ,1003.59 ,80.74
21:12:15,64 ,261 ,261 ,465 ,5 ,18.74 ,42.55 ,1003.60 ,80.67
21:12:16,64 ,262 ,262 ,465 ,5 ,18.73 ,42.52 ,1003.60 ,80.69
21:12:18,64 ,262 ,262 ,466 ,5 ,18.74 ,42.54 ,1003.63 ,80.43
21:12:19,66 ,262 ,262 ,466 ,5 ,18.74 ,42.51 ,1003.60 ,80.64
21:12:20,66 ,262 ,262 ,466 ,5 ,18.74 ,42.51 ,1003.63 ,80.44
21:12:21,66 ,262 ,262 ,465 ,5 ,18.74 ,42.46 ,1003.59 ,80.74
21:12:22,66 ,262 ,262 ,465 ,5 ,18.74 ,42.49 ,1003.55 ,81.09
21:12:23,66 ,262 ,262 ,465 ,5 ,18.74 ,42.50 ,1003.58 ,80.79
21:12:25,66 ,262 ,262 ,465 ,5 ,18.74 ,42.50 ,1003.61 ,80.54
21:12:26,66 ,262 ,262 ,466 ,5 ,18.74 ,42.49 ,1003.59 ,80.75
21:12:27,66 ,264 ,264 ,466 ,5 ,18.74 ,42.49 ,1003.60 ,80.64
21:12:28,66 ,264 ,264 ,466 ,5 ,18.74 ,42.49 ,1003.61 ,80.58
21:12:29,66 ,264 ,264 ,466 ,5 ,18.74 ,42.50 ,1003.58 ,80.83
21:12:30,66 ,265 ,265 ,466 ,5 ,18.74 ,42.50 ,1003.60 ,80.65
21:12:32,66 ,265 ,265 ,466 ,5 ,18.74 ,42.50 ,1003.61 ,80.59
21:12:33,66 ,265 ,265 ,466 ,5 ,18.74 ,42.56 ,1003.61 ,80.56
21:12:34,66 ,265 ,265 ,466 ,5 ,18.75 ,42.69 ,1003.59 ,80.77
21:12:35,66 ,264 ,264 ,466 ,5 ,18.75 ,42.64 ,1003.58 ,80.85
21:12:36,66 ,264 ,264 ,466 ,5 ,18.75 ,42.58 ,1003.60 ,80.62
21:12:37,66 ,264 ,264 ,466 ,5 ,18.75 ,42.55 ,1003.58 ,80.79
21:12:39,66 ,264 ,264 ,466 ,5 ,18.75 ,42.53 ,1003.58 ,80.80
21:12:40,66 ,264 ,264 ,465 ,5 ,18.75 ,42.50 ,1003.58 ,80.85
21:12:41,66 ,264 ,264 ,465 ,5 ,18.75 ,42.52 ,1003.59 ,80.72
21:12:42,66 ,264 ,264 ,465 ,5 ,18.75 ,42.50 ,1003.58 ,80.78
21:12:43,66 ,264 ,264 ,466 ,5 ,18.75 ,42.50 ,1003.62 ,80.52
21:12:44,66 ,264 ,264 ,466 ,5 ,18.75 ,42.49 ,1003.57 ,80.95
21:12:46,66 ,264 ,264 ,466 ,5 ,18.75 ,42.48 ,1003.62 ,80.49
21:12:47,66 ,264 ,264 ,466 ,5 ,18.74 ,42.49 ,1003.59 ,80.77
21:12:48,66 ,264 ,264 ,466 ,5 ,18.74 ,42.48 ,1003.61 ,80.55
21:12:49,66 ,264 ,264 ,465 ,5 ,18.74 ,42.51 ,1003.58 ,80.82
21:12:50,66 ,264 ,264 ,466 ,5 ,18.74 ,42.51 ,1003.61 ,80.77
21:12:51,67 ,264 ,264 ,466 ,5 ,18.75 ,42.50 ,1003.59 ,80.74
21:12:53,67 ,264 ,264 ,465 ,5 ,18.75 ,42.50 ,1003.60 ,80.62
21:12:54,67 ,264 ,264 ,466 ,5 ,18.75 ,42.52 ,1003.60 ,80.68
21:12:55,67 ,264 ,264 ,466 ,5 ,18.75 ,42.50 ,1003.57 ,80.90
21:12:56,67 ,264 ,264 ,466 ,5 ,18.75 ,42.53 ,1003.58 ,80.86
21:12:57,67 ,264 ,264 ,466 ,5 ,18.75 ,42.52 ,1003.59 ,80.78
21:12:58,69 ,264 ,264 ,466 ,5 ,18.75 ,42.53 ,1003.59 ,80.78
21:13:00,69 ,264 ,264 ,466 ,5 ,18.75 ,42.53 ,1003.58 ,80.86
21:13:01,69 ,264 ,264 ,466 ,5 ,18.76 ,42.53 ,1003.58 ,80.83
21:13:02,69 ,264 ,264 ,466 ,5 ,18.76 ,42.54 ,1003.60 ,80.68
21:13:03,70 ,264 ,264 ,466 ,5 ,18.76 ,42.53 ,1003.60 ,80.68
21:13:04,70 ,264 ,264 ,466 ,5 ,18.76 ,42.53 ,1003.57 ,80.89
21:13:05,70 ,264 ,264 ,466 ,5 ,18.76 ,42.52 ,1003.63 ,80.44
21:13:07,69 ,264 ,264 ,466 ,5 ,18.76 ,42.52 ,1003.60 ,80.63
21:13:08,69 ,264 ,264 ,466 ,5 ,18.76 ,42.52 ,1003.60 ,80.67
21:13:09,69 ,264 ,264 ,466 ,5 ,18.77 ,42.53 ,1003.60 ,80.63
21:13:10,69 ,264 ,264 ,466 ,5 ,18.77 ,42.54 ,1003.60 ,80.67
21:13:11,67 ,264 ,264 ,466 ,5 ,18.77 ,42.60 ,1003.58 ,80.83
21:14:12,67 ,262 ,262 ,472 ,5 ,18.80 ,43.11 ,1003.60 ,80.64
21:14:14,67 ,262 ,262 ,472 ,5 ,18.80 ,43.13 ,1003.58 ,80.81
21:14:15,67 ,262 ,262 ,472 ,5 ,18.81 ,43.27 ,1003.58 ,80.86
21:14:15,PMS7003  checksum  failed
21:14:16,0 ,0 ,0 ,472 ,5 ,18.81 ,43.66 ,1003.61 ,80.59
21:14:17,0 ,0 ,0 ,472 ,5 ,18.81 ,43.87 ,1003.59 ,80.75
21:14:18,0 ,0 ,0 ,472 ,5 ,18.81 ,43.76 ,1003.59 ,80.71
21:14:19,0 ,0 ,0 ,472 ,5 ,18.81 ,43.41 ,1003.58 ,80.78
21:14:21,0 ,0 ,0 ,472 ,5 ,18.80 ,43.36 ,1003.57 ,80.93
21:14:22,0 ,0 ,0 ,472 ,5 ,18.80 ,43.61 ,1003.61 ,80.60
21:14:23,0 ,0 ,0 ,473 ,5 ,18.81 ,43.81 ,1003.59 ,80.76
21:14:24,0 ,0 ,0 ,473 ,5 ,18.80 ,43.61 ,1003.55 ,81.08
21:14:25,0 ,0 ,0 ,473 ,5 ,18.81 ,43.58 ,1003.58 ,80.86
21:14:26,0 ,0 ,0 ,473 ,5 ,18.80 ,43.57 ,1003.55 ,81.10
21:14:28,0 ,0 ,0 ,473 ,5 ,18.81 ,43.44 ,1003.60 ,80.65
21:14:29,0 ,0 ,0 ,473 ,5 ,18.81 ,43.25 ,1003.59 ,80.70
21:14:30,0 ,0 ,0 ,473 ,5 ,18.81 ,43.14 ,1003.60 ,80.66
21:14:31,0 ,0 ,0 ,473 ,5 ,18.81 ,43.18 ,1003.57 ,80.91
21:14:32,0 ,0 ,0 ,474 ,5 ,18.81 ,43.48 ,1003.55 ,81.10
21:14:34,0 ,0 ,0 ,473 ,5 ,18.81 ,43.52 ,1003.56 ,80.99
21:14:35,0 ,0 ,0 ,473 ,5 ,18.81 ,43.47 ,1003.56 ,81.01
21:14:36,0 ,0 ,0 ,474 ,5 ,18.81 ,43.37 ,1003.57 ,80.94
21:14:37,0 ,0 ,0 ,474 ,5 ,18.81 ,43.34 ,1003.56 ,80.97
21:14:38,0 ,0 ,0 ,474 ,5 ,18.81 ,43.36 ,1003.57 ,80.90
21:14:39,0 ,0 ,0 ,474 ,5 ,18.80 ,43.33 ,1003.56 ,80.99
21:14:41,0 ,0 ,0 ,474 ,5 ,18.81 ,43.21 ,1003.59 ,80.97
21:14:42,0 ,0 ,0 ,474 ,5 ,18.81 ,43.51 ,1003.60 ,80.67
21:14:43,0 ,0 ,0 ,474 ,5 ,18.81 ,43.79 ,1003.59 ,80.70
21:14:44,0 ,0 ,0 ,474 ,5 ,18.81 ,44.02 ,1003.59 ,80.77
21:14:45,0 ,0 ,0 ,474 ,5 ,18.81 ,43.89 ,1003.55 ,81.05
21:14:46,0 ,0 ,0 ,474 ,5 ,18.81 ,43.98 ,1003.58 ,80.78
21:14:48,0 ,0 ,0 ,475 ,5 ,18.82 ,43.79 ,1003.61 ,80.58
21:14:49,0 ,0 ,0 ,475 ,5 ,18.82 ,43.70 ,1003.59 ,80.72
21:14:50,0 ,0 ,0 ,474 ,5 ,18.81 ,43.57 ,1003.57 ,80.90
21:14:51,0 ,0 ,0 ,474 ,5 ,18.81 ,43.29 ,1003.56 ,80.98
21:14:52,0 ,0 ,0 ,474 ,5 ,18.81 ,43.19 ,1003.59 ,80.73
21:14:53,0 ,0 ,0 ,475 ,5 ,18.81 ,43.28 ,1003.61 ,80.59
21:14:55,0 ,0 ,0 ,475 ,5 ,18.81 ,43.64 ,1003.56 ,80.96
21:14:56,0 ,0 ,0 ,475 ,5 ,18.81 ,44.06 ,1003.59 ,80.71
21:14:57,0 ,0 ,0 ,475 ,5 ,18.81 ,44.09 ,1003.59 ,80.75
21:14:58,0 ,0 ,0 ,475 ,5 ,18.81 ,44.18 ,1003.59 ,80.75
21:14:59,0 ,0 ,0 ,475 ,5 ,18.81 ,44.21 ,1003.57 ,80.92
21:15:00,0 ,0 ,0 ,475 ,5 ,18.81 ,44.66 ,1003.57 ,80.92
21:15:02,0 ,0 ,0 ,476 ,5 ,18.81 ,44.59 ,1003.58 ,80.83
21:15:03,0 ,0 ,0 ,477 ,5 ,18.81 ,44.62 ,1003.58 ,80.82
21:15:04,0 ,0 ,0 ,477 ,5 ,18.81 ,44.76 ,1003.58 ,80.85
21:15:05,0 ,0 ,0 ,478 ,5 ,18.80 ,44.50 ,1003.56 ,80.97
21:15:06,0 ,0 ,0 ,478 ,5 ,18.81 ,44.71 ,1003.61 ,80.58
21:15:07,0 ,0 ,0 ,478 ,5 ,18.81 ,44.67 ,1003.60 ,80.62
21:15:09,0 ,0 ,0 ,479 ,5 ,18.81 ,45.14 ,1003.58 ,80.85
21:15:10,0 ,0 ,0 ,487 ,5 ,18.80 ,44.92 ,1003.56 ,80.98
21:15:11,0 ,0 ,0 ,500 ,5 ,18.80 ,44.80 ,1003.59 ,80.75
21:15:12,0 ,0 ,0 ,514 ,5 ,18.80 ,44.61 ,1003.56 ,80.99
21:15:13,0 ,0 ,0 ,531 ,5 ,18.80 ,44.33 ,1003.57 ,80.78
21:15:14,0 ,0 ,0 ,559 ,5 ,18.80 ,43.84 ,1003.58 ,80.83
21:15:16,0 ,0 ,0 ,574 ,5 ,18.81 ,43.72 ,1003.60 ,80.65
21:15:17,0 ,0 ,0 ,585 ,5 ,18.80 ,43.73 ,1003.56 ,80.97
21:15:18,0 ,0 ,0 ,590 ,5 ,18.80 ,44.01 ,1003.58 ,80.78
21:15:19,0 ,0 ,0 ,594 ,5 ,18.79 ,43.77 ,1003.59 ,80.77
21:15:20,0 ,0 ,0 ,597 ,5 ,18.80 ,44.17 ,1003.59 ,80.71
21:15:21,0 ,0 ,0 ,601 ,5 ,18.79 ,44.25 ,1003.57 ,80.91
21:15:23,0 ,0 ,0 ,602 ,5 ,18.79 ,44.43 ,1003.58 ,80.86
21:15:24,0 ,0 ,0 ,604 ,5 ,18.80 ,44.32 ,1003.61 ,80.55
21:15:25,0 ,0 ,0 ,605 ,5 ,18.80 ,44.22 ,1003.58 ,80.83
21:15:26,0 ,0 ,0 ,607 ,5 ,18.80 ,44.27 ,1003.60 ,80.68
21:15:27,0 ,0 ,0 ,610 ,5 ,18.80 ,44.29 ,1003.60 ,80.67
21:15:28,0 ,0 ,0 ,614 ,5 ,18.80 ,44.16 ,1003.59 ,80.78
21:15:30,0 ,0 ,0 ,615 ,5 ,18.80 ,43.96 ,1003.63 ,80.44
21:15:31,0 ,0 ,0 ,616 ,5 ,18.80 ,43.96 ,1003.60 ,80.69
21:15:32,0 ,0 ,0 ,618 ,5 ,18.81 ,43.87 ,1003.62 ,80.47
21:15:33,0 ,0 ,0 ,619 ,5 ,18.80 ,43.58 ,1003.58 ,80.78
21:15:34,0 ,0 ,0 ,620 ,5 ,18.80 ,43.37 ,1003.61 ,80.55
21:15:35,0 ,0 ,0 ,621 ,5 ,18.79 ,43.20 ,1003.59 ,80.74
21:15:37,0 ,0 ,0 ,621 ,5 ,18.79 ,43.07 ,1003.57 ,80.89
21:15:38,0 ,0 ,0 ,621 ,5 ,18.79 ,42.98 ,1003.59 ,80.77
21:15:39,0 ,0 ,0 ,621 ,5 ,18.79 ,42.93 ,1003.61 ,80.54
21:15:40,0 ,0 ,0 ,621 ,5 ,18.80 ,42.90 ,1003.60 ,80.67
21:15:41,0 ,0 ,0 ,621 ,5 ,18.80 ,42.89 ,1003.60 ,80.63
21:15:42,0 ,0 ,0 ,621 ,5 ,18.80 ,42.93 ,1003.64 ,80.33
21:15:44,0 ,0 ,0 ,621 ,5 ,18.80 ,42.95 ,1003.60 ,80.67
21:15:45,0 ,0 ,0 ,621 ,5 ,18.80 ,43.04 ,1003.60 ,80.63
21:15:46,0 ,0 ,0 ,621 ,5 ,18.80 ,42.96 ,1003.58 ,80.80
21:15:47,0 ,0 ,0 ,621 ,5 ,18.80 ,42.98 ,1003.59 ,80.75
21:15:48,0 ,0 ,0 ,621 ,5 ,18.80 ,42.96 ,1003.56 ,80.96
21:15:49,0 ,0 ,0 ,621 ,5 ,18.80 ,42.92 ,1003.60 ,80.66
21:15:51,0 ,0 ,0 ,611 ,5 ,18.80 ,42.90 ,1003.59 ,80.70
21:15:52,0 ,0 ,0 ,602 ,5 ,18.80 ,42.95 ,1003.57 ,80.90
21:15:53,0 ,0 ,0 ,594 ,5 ,18.80 ,43.27 ,1003.60 ,80.69
21:15:54,0 ,0 ,0 ,585 ,5 ,18.80 ,43.43 ,1003.61 ,80.56
21:15:55,0 ,0 ,0 ,574 ,5 ,18.80 ,43.30 ,1003.59 ,80.74
21:15:56,0 ,0 ,0 ,565 ,5 ,18.80 ,43.26 ,1003.62 ,80.52
21:15:58,0 ,0 ,0 ,553 ,5 ,18.80 ,43.14 ,1003.61 ,80.60
21:15:59,0 ,0 ,0 ,547 ,5 ,18.80 ,43.19 ,1003.62 ,80.53
21:16:00,0 ,0 ,0 ,543 ,5 ,18.80 ,43.12 ,1003.62 ,80.50
21:16:01,0 ,0 ,0 ,539 ,5 ,18.80 ,43.01 ,1003.57 ,80.89
21:16:02,0 ,0 ,0 ,536 ,5 ,18.80 ,42.90 ,1003.59 ,80.75
21:16:03,0 ,0 ,0 ,534 ,5 ,18.80 ,42.84 ,1003.63 ,80.44
21:16:05,0 ,0 ,0 ,530 ,5 ,18.80 ,42.75 ,1003.63 ,80.42
21:16:06,0 ,0 ,0 ,529 ,5 ,18.79 ,42.71 ,1003.61 ,80.54
21:16:07,0 ,0 ,0 ,528 ,5 ,18.79 ,42.67 ,1003.59 ,80.73
21:16:08,0 ,0 ,0 ,527 ,5 ,18.80 ,42.71 ,1003.63 ,80.40
21:16:09,0 ,0 ,0 ,525 ,5 ,18.80 ,42.82 ,1003.59 ,80.75
21:17:10,0 ,0 ,0 ,481 ,5 ,18.77 ,42.55 ,1003.62 ,80.45
21:17:12,0 ,0 ,0 ,481 ,5 ,18.78 ,42.54 ,1003.60 ,80.65
21:17:13,0 ,0 ,0 ,480 ,5 ,18.78 ,42.54 ,1003.60 ,80.68
21:17:14,0 ,0 ,0 ,479 ,5 ,18.78 ,42.54 ,1003.62 ,80.48
21:17:15,0 ,0 ,0 ,479 ,5 ,18.78 ,42.56 ,1003.61 ,80.57
21:17:16,0 ,0 ,0 ,479 ,5 ,18.78 ,42.55 ,1003.64 ,80.31
21:17:17,0 ,0 ,0 ,478 ,5 ,18.77 ,42.55 ,1003.59 ,80.76
21:17:19,0 ,0 ,0 ,478 ,5 ,18.77 ,42.55 ,1003.64 ,80.32
21:17:20,0 ,0 ,0 ,477 ,5 ,18.77 ,42.55 ,1003.61 ,80.56
21:17:21,0 ,0 ,0 ,476 ,5 ,18.77 ,42.56 ,1003.60 ,80.65
21:17:22,0 ,0 ,0 ,476 ,5 ,18.78 ,42.58 ,1003.61 ,80.56
21:17:23,0 ,0 ,0 ,476 ,5 ,18.78 ,42.59 ,1003.61 ,80.53
21:17:24,0 ,0 ,0 ,476 ,5 ,18.78 ,42.60 ,1003.62 ,80.51
21:17:26,0 ,0 ,0 ,476 ,5 ,18.78 ,42.60 ,1003.61 ,80.58
21:17:27,0 ,0 ,0 ,476 ,5 ,18.78 ,42.59 ,1003.61 ,80.56
21:17:28,0 ,0 ,0 ,476 ,5 ,18.78 ,42.59 ,1003.60 ,80.65
21:17:29,0 ,0 ,0 ,476 ,5 ,18.78 ,42.58 ,1003.62 ,80.52
21:17:30,0 ,0 ,0 ,476 ,5 ,18.79 ,42.58 ,1003.63 ,80.43
21:17:31,0 ,0 ,0 ,476 ,5 ,18.79 ,42.59 ,1003.61 ,80.58
21:17:33,0 ,0 ,0 ,476 ,5 ,18.78 ,42.60 ,1003.59 ,80.77
21:17:34,0 ,0 ,0 ,476 ,5 ,18.78 ,42.59 ,1003.63 ,80.39
21:17:35,0 ,0 ,0 ,476 ,5 ,18.79 ,42.59 ,1003.63 ,80.39
21:17:36,0 ,0 ,0 ,476 ,5 ,18.79 ,42.59 ,1003.63 ,80.39
21:17:37,0 ,0 ,0 ,476 ,5 ,18.79 ,42.60 ,1003.63 ,80.36
21:17:38,0 ,0 ,0 ,476 ,5 ,18.80 ,42.58 ,1003.65 ,80.26
21:17:40,0 ,0 ,0 ,476 ,5 ,18.79 ,42.58 ,1003.61 ,80.56
21:17:41,0 ,0 ,0 ,475 ,5 ,18.79 ,42.58 ,1003.64 ,80.33
21:17:42,0 ,0 ,0 ,475 ,5 ,18.79 ,42.58 ,1003.60 ,80.64
21:17:43,0 ,0 ,0 ,475 ,5 ,18.79 ,42.56 ,1003.61 ,80.58
21:17:44,0 ,0 ,0 ,475 ,5 ,18.79 ,42.55 ,1003.63 ,80.39
21:17:45,0 ,0 ,0 ,475 ,5 ,18.79 ,42.53 ,1003.62 ,80.48
21:17:47,0 ,0 ,0 ,475 ,5 ,18.79 ,42.50 ,1003.62 ,80.49
21:17:48,0 ,0 ,0 ,475 ,5 ,18.79 ,42.46 ,1003.59 ,80.75
21:17:49,0 ,0 ,0 ,475 ,5 ,18.79 ,42.45 ,1003.63 ,80.44
21:17:50,0 ,0 ,0 ,475 ,5 ,18.78 ,42.46 ,1003.63 ,80.42
21:17:51,0 ,0 ,0 ,475 ,5 ,18.78 ,42.46 ,1003.60 ,80.66
21:17:52,0 ,0 ,0 ,475 ,5 ,18.78 ,42.45 ,1003.62 ,80.46
21:17:54,0 ,0 ,0 ,475 ,5 ,18.78 ,42.45 ,1003.64 ,80.35
21:17:55,0 ,0 ,0 ,475 ,5 ,18.78 ,42.46 ,1003.62 ,80.49
21:17:56,0 ,0 ,0 ,475 ,5 ,18.78 ,42.47 ,1003.62 ,80.53
21:17:57,0 ,0 ,0 ,475 ,5 ,18.78 ,42.47 ,1003.65 ,80.27
21:17:58,0 ,0 ,0 ,475 ,5 ,18.78 ,42.47 ,1003.62 ,80.53
21:17:59,0 ,0 ,0 ,475 ,5 ,18.78 ,42.49 ,1003.61 ,80.57
21:18:01,0 ,0 ,0 ,475 ,5 ,18.78 ,42.49 ,1003.60 ,80.63
21:18:02,0 ,0 ,0 ,475 ,5 ,18.78 ,42.49 ,1003.58 ,80.84
21:18:03,0 ,0 ,0 ,475 ,5 ,18.78 ,42.51 ,1003.57 ,80.87
21:18:04,0 ,0 ,0 ,475 ,5 ,18.79 ,42.58 ,1003.62 ,80.46
21:18:05,0 ,0 ,0 ,475 ,5 ,18.79 ,42.61 ,1003.61 ,80.56
21:18:06,0 ,0 ,0 ,475 ,5 ,18.78 ,42.63 ,1003.60 ,80.68
21:18:08,0 ,0 ,0 ,475 ,5 ,18.79 ,42.59 ,1003.62 ,80.46
21:18:09,0 ,0 ,0 ,474 ,5 ,18.79 ,42.59 ,1003.61 ,80.56
21:18:10,0 ,0 ,0 ,474 ,5 ,18.79 ,42.54 ,1003.60 ,80.67
21:18:11,0 ,0 ,0 ,474 ,5 ,18.79 ,42.77 ,1003.58 ,80.79
21:18:12,0 ,0 ,0 ,474 ,5 ,18.79 ,42.86 ,1003.59 ,80.70
21:18:13,0 ,0 ,0 ,474 ,5 ,18.79 ,42.94 ,1003.61 ,80.57
21:18:15,0 ,0 ,0 ,474 ,5 ,18.80 ,43.06 ,1003.62 ,80.48
21:18:16,0 ,0 ,0 ,474 ,5 ,18.79 ,43.13 ,1003.60 ,80.65
21:18:17,0 ,0 ,0 ,474 ,5 ,18.80 ,43.09 ,1003.64 ,80.28
21:18:18,0 ,0 ,0 ,474 ,5 ,18.80 ,43.04 ,1003.62 ,80.47
21:18:19,0 ,0 ,0 ,474 ,5 ,18.79 ,42.90 ,1003.63 ,80.44
21:18:20,0 ,0 ,0 ,474 ,5 ,18.79 ,42.83 ,1003.61 ,80.54
21:18:22,0 ,0 ,0 ,474 ,5 ,18.80 ,42.81 ,1003.62 ,80.46
21:18:23,0 ,0 ,0 ,474 ,5 ,18.79 ,42.79 ,1003.64 ,80.35
21:18:24,0 ,0 ,0 ,474 ,5 ,18.79 ,42.75 ,1003.61 ,80.55
21:18:25,0 ,0 ,0 ,474 ,5 ,18.80 ,42.68 ,1003.61 ,80.53
21:18:26,0 ,0 ,0 ,474 ,5 ,18.80 ,42.65 ,1003.58 ,80.80
21:18:27,0 ,0 ,0 ,474 ,5 ,18.80 ,42.63 ,1003.65 ,80.27
21:18:29,0 ,0 ,0 ,474 ,5 ,18.80 ,42.63 ,1003.63 ,80.41
21:18:30,0 ,0 ,0 ,474 ,5 ,18.80 ,42.60 ,1003.62 ,80.50
21:18:31,0 ,0 ,0 ,474 ,5 ,18.79 ,42.55 ,1003.63 ,80.42
21:18:32,0 ,0 ,0 ,474 ,5 ,18.79 ,42.55 ,1003.63 ,80.41
21:18:33,0 ,0 ,0 ,474 ,5 ,18.80 ,42.54 ,1003.65 ,80.26
21:18:34,0 ,0 ,0 ,474 ,5 ,18.78 ,42.53 ,1003.60 ,80.69
21:18:36,0 ,0 ,0 ,474 ,5 ,18.79 ,42.51 ,1003.62 ,80.48
21:18:37,0 ,0 ,0 ,474 ,5 ,18.78 ,42.52 ,1003.62 ,80.65
21:18:38,0 ,0 ,0 ,474 ,5 ,18.79 ,42.51 ,1003.64 ,80.30
21:18:39,0 ,0 ,0 ,474 ,5 ,18.78 ,42.51 ,1003.63 ,80.44
21:18:40,0 ,0 ,0 ,474 ,5 ,18.79 ,42.50 ,1003.63 ,80.40
21:18:41,0 ,0 ,0 ,474 ,5 ,18.79 ,42.50 ,1003.60 ,80.63
21:18:43,0 ,0 ,0 ,474 ,5 ,18.79 ,42.50 ,1003.63 ,80.44
21:18:44,0 ,0 ,0 ,474 ,5 ,18.79 ,42.51 ,1003.63 ,80.41
21:18:45,0 ,0 ,0 ,474 ,5 ,18.78 ,42.54 ,1003.60 ,80.68
21:18:46,0 ,0 ,0 ,474 ,5 ,18.79 ,42.59 ,1003.65 ,80.25
21:18:47,0 ,0 ,0 ,474 ,5 ,18.79 ,42.84 ,1003.61 ,80.55
21:18:48,0 ,0 ,0 ,474 ,5 ,18.79 ,43.03 ,1003.61 ,80.55
21:18:50,0 ,0 ,0 ,474 ,5 ,18.79 ,43.28 ,1003.62 ,80.48
21:18:51,0 ,0 ,0 ,475 ,5 ,18.80 ,43.31 ,1003.60 ,80.65
21:18:52,0 ,0 ,0 ,475 ,5 ,18.80 ,43.33 ,1003.62 ,80.53
21:18:53,0 ,0 ,0 ,475 ,5 ,18.80 ,43.15 ,1003.64 ,80.31
21:18:54,0 ,0 ,0 ,475 ,5 ,18.80 ,42.92 ,1003.60 ,80.64
21:18:55,0 ,0 ,0 ,475 ,5 ,18.80 ,42.84 ,1003.58 ,80.82
21:18:57,0 ,0 ,0 ,475 ,5 ,18.80 ,42.85 ,1003.61 ,80.59
21:18:58,0 ,0 ,0 ,475 ,5 ,18.80 ,42.87 ,1003.59 ,80.77
21:18:59,0 ,0 ,0 ,475 ,5 ,18.80 ,42.88 ,1003.61 ,80.58
21:19:00,0 ,0 ,0 ,475 ,5 ,18.80 ,42.88 ,1003.63 ,80.43
21:19:01,0 ,0 ,0 ,475 ,5 ,18.80 ,42.91 ,1003.61 ,80.60
21:19:02,0 ,0 ,0 ,475 ,5 ,18.80 ,42.95 ,1003.62 ,80.48
21:19:04,0 ,0 ,0 ,475 ,5 ,18.80 ,42.92 ,1003.63 ,80.39
21:19:05,0 ,0 ,0 ,475 ,5 ,18.80 ,42.87 ,1003.62 ,80.46
21:19:06,0 ,0 ,0 ,475 ,5 ,18.81 ,42.82 ,1003.63 ,80.36
21:19:07,0 ,0 ,0 ,474 ,5 ,18.81 ,42.73 ,1003.63 ,80.42
21:20:08,0 ,0 ,0 ,472 ,5 ,18.78 ,42.64 ,1003.62 ,80.51
21:20:09,0 ,0 ,0 ,472 ,5 ,18.78 ,42.66 ,1003.60 ,80.61
21:20:11,0 ,0 ,0 ,472 ,5 ,18.78 ,42.67 ,1003.61 ,80.54
21:20:12,0 ,0 ,0 ,473 ,5 ,18.78 ,42.76 ,1003.62 ,80.52
21:20:13,0 ,0 ,0 ,473 ,5 ,18.78 ,42.94 ,1003.62 ,80.47
21:20:14,0 ,0 ,0 ,473 ,5 ,18.78 ,42.94 ,1003.64 ,80.36
21:20:15,0 ,0 ,0 ,473 ,5 ,18.78 ,42.86 ,1003.64 ,80.34
21:20:16,0 ,0 ,0 ,473 ,5 ,18.78 ,42.77 ,1003.62 ,80.46
21:20:18,0 ,0 ,0 ,473 ,5 ,18.78 ,42.75 ,1003.63 ,80.44
21:20:19,0 ,0 ,0 ,473 ,5 ,18.78 ,42.67 ,1003.62 ,80.48
21:20:20,0 ,0 ,0 ,473 ,5 ,18.78 ,42.64 ,1003.61 ,80.55
21:20:21,0 ,0 ,0 ,473 ,5 ,18.78 ,42.61 ,1003.63 ,80.43
21:20:22,0 ,0 ,0 ,472 ,5 ,18.78 ,42.61 ,1003.62 ,80.49
21:20:23,0 ,0 ,0 ,472 ,5 ,18.78 ,42.60 ,1003.62 ,80.45
21:20:25,0 ,0 ,0 ,472 ,5 ,18.78 ,42.61 ,1003.60 ,80.67
21:20:26,0 ,0 ,0 ,473 ,5 ,18.79 ,42.61 ,1003.60 ,80.65
21:20:27,0 ,0 ,0 ,472 ,5 ,18.79 ,42.60 ,1003.65 ,80.27
21:20:28,0 ,0 ,0 ,472 ,5 ,18.79 ,42.63 ,1003.58 ,80.78
21:20:29,0 ,0 ,0 ,472 ,5 ,18.79 ,42.66 ,1003.61 ,80.56
21:20:30,0 ,0 ,0 ,472 ,5 ,18.79 ,42.81 ,1003.60 ,80.67
21:20:32,0 ,0 ,0 ,472 ,5 ,18.79 ,42.86 ,1003.58 ,80.84
21:20:33,0 ,0 ,0 ,472 ,5 ,18.78 ,42.82 ,1003.62 ,80.52
21:20:34,0 ,0 ,0 ,472 ,5 ,18.79 ,42.74 ,1003.63 ,80.43
21:20:35,0 ,0 ,0 ,472 ,5 ,18.78 ,42.62 ,1003.61 ,80.60
21:20:36,0 ,0 ,0 ,472 ,5 ,18.78 ,42.56 ,1003.62 ,80.48
21:20:37,0 ,0 ,0 ,471 ,5 ,18.78 ,42.53 ,1003.62 ,80.45
21:20:39,0 ,0 ,0 ,471 ,5 ,18.78 ,42.53 ,1003.62 ,80.52
21:20:40,0 ,0 ,0 ,471 ,5 ,18.77 ,42.53 ,1003.61 ,80.58
21:20:41,0 ,0 ,0 ,471 ,5 ,18.77 ,42.50 ,1003.59 ,80.72
21:20:42,0 ,0 ,0 ,471 ,5 ,18.77 ,42.49 ,1003.63 ,80.44
21:20:43,0 ,0 ,0 ,471 ,5 ,18.76 ,42.48 ,1003.64 ,80.33
21:20:44,0 ,0 ,0 ,471 ,5 ,18.76 ,42.49 ,1003.59 ,80.78
21:20:46,0 ,0 ,0 ,471 ,5 ,18.77 ,42.49 ,1003.63 ,80.41
21:20:47,0 ,0 ,0 ,470 ,5 ,18.76 ,42.50 ,1003.60 ,80.62
21:20:48,0 ,0 ,0 ,471 ,5 ,18.77 ,42.52 ,1003.64 ,80.35
21:20:49,0 ,0 ,0 ,470 ,5 ,18.77 ,42.50 ,1003.60 ,80.62
21:20:50,0 ,0 ,0 ,471 ,5 ,18.76 ,42.50 ,1003.62 ,80.46
21:20:51,0 ,0 ,0 ,471 ,5 ,18.76 ,42.50 ,1003.62 ,80.49
21:20:53,0 ,0 ,0 ,471 ,5 ,18.76 ,42.50 ,1003.60 ,80.65
21:20:54,0 ,0 ,0 ,471 ,5 ,18.76 ,42.50 ,1003.64 ,80.33
21:20:55,0 ,0 ,0 ,471 ,5 ,18.76 ,42.52 ,1003.62 ,80.51
21:20:56,0 ,0 ,0 ,470 ,5 ,18.76 ,42.50 ,1003.61 ,80.59
21:20:57,0 ,0 ,0 ,471 ,5 ,18.76 ,42.52 ,1003.64 ,80.32
21:20:58,0 ,0 ,0 ,470 ,5 ,18.76 ,42.49 ,1003.66 ,80.18
21:21:00,0 ,0 ,0 ,470 ,5 ,18.75 ,42.49 ,1003.61 ,80.58
21:21:01,0 ,0 ,0 ,470 ,5 ,18.76 ,42.55 ,1003.66 ,80.19
21:21:02,0 ,0 ,0 ,470 ,5 ,18.77 ,42.56 ,1003.63 ,80.42
21:21:03,0 ,0 ,0 ,470 ,5 ,18.76 ,42.55 ,1003.65 ,80.28
21:21:04,0 ,0 ,0 ,470 ,5 ,18.76 ,42.50 ,1003.59 ,80.63
21:21:05,0 ,0 ,0 ,470 ,5 ,18.76 ,42.53 ,1003.64 ,80.29
21:21:07,0 ,0 ,0 ,470 ,5 ,18.76 ,42.53 ,1003.61 ,80.55
21:21:08,0 ,0 ,0 ,470 ,5 ,18.76 ,42.54 ,1003.61 ,80.57
21:21:09,0 ,0 ,0 ,470 ,5 ,18.76 ,42.53 ,1003.60 ,80.67
21:21:10,0 ,0 ,0 ,469 ,5 ,18.76 ,42.53 ,1003.63 ,80.44
21:21:11,0 ,0 ,0 ,469 ,5 ,18.77 ,42.55 ,1003.61 ,80.56
21:21:12,0 ,0 ,0 ,469 ,5 ,18.77 ,42.55 ,1003.61 ,80.55
21:21:14,0 ,0 ,0 ,469 ,5 ,18.77 ,42.54 ,1003.61 ,80.55
21:21:15,0 ,0 ,0 ,468 ,5 ,18.78 ,42.58 ,1003.65 ,80.24
21:21:16,0 ,0 ,0 ,469 ,5 ,18.77 ,42.57 ,1003.63 ,80.42
21:21:17,0 ,0 ,0 ,468 ,5 ,18.77 ,42.54 ,1003.63 ,80.43
21:21:18,0 ,0 ,0 ,468 ,5 ,18.77 ,42.53 ,1003.64 ,80.35
21:21:19,0 ,0 ,0 ,468 ,5 ,18.77 ,42.53 ,1003.62 ,80.50
21:21:21,0 ,0 ,0 ,468 ,5 ,18.77 ,42.50 ,1003.61 ,80.56
21:21:22,0 ,0 ,0 ,469 ,5 ,18.78 ,42.52 ,1003.60 ,80.63
21:21:23,0 ,0 ,0 ,468 ,5 ,18.77 ,42.50 ,1003.61 ,80.54
21:21:24,0 ,0 ,0 ,469 ,5 ,18.77 ,42.49 ,1003.63 ,80.41
21:21:25,0 ,0 ,0 ,469 ,5 ,18.77 ,42.49 ,1003.61 ,80.55
21:21:26,0 ,0 ,0 ,469 ,5 ,18.78 ,42.51 ,1003.62 ,80.46
21:21:28,0 ,0 ,0 ,469 ,5 ,18.77 ,42.50 ,1003.60 ,80.65
21:21:29,0 ,0 ,0 ,469 ,5 ,18.78 ,42.49 ,1003.61 ,80.56
21:21:30,0 ,0 ,0 ,469 ,5 ,18.77 ,42.49 ,1003.60 ,80.66
21:21:31,0 ,0 ,0 ,469 ,5 ,18.78 ,42.89 ,1003.64 ,80.33
21:21:32,0 ,0 ,0 ,470 ,5 ,18.78 ,43.09 ,1003.62 ,80.48
21:21:33,0 ,0 ,0 ,470 ,5 ,18.77 ,42.94 ,1003.62 ,80.50
21:21:35,0 ,0 ,0 ,470 ,5 ,18.78 ,42.84 ,1003.62 ,80.53
21:21:36,0 ,0 ,0 ,469 ,5 ,18.78 ,42.74 ,1003.63 ,80.41
21:21:37,0 ,0 ,0 ,469 ,5 ,18.78 ,42.69 ,1003.61 ,80.57
21:21:38,0 ,0 ,0 ,469 ,5 ,18.78 ,42.64 ,1003.61 ,80.54
21:21:39,0 ,0 ,0 ,469 ,5 ,18.78 ,42.61 ,1003.61 ,80.55
21:21:40,0 ,0 ,0 ,469 ,5 ,18.78 ,42.59 ,1003.61 ,80.55
21:21:42,0 ,0 ,0 ,469 ,5 ,18.79 ,42.55 ,1003.63 ,80.41
21:21:43,0 ,0 ,0 ,469 ,5 ,18.78 ,42.62 ,1003.63 ,80.37
21:21:44,0 ,0 ,0 ,469 ,5 ,18.78 ,42.64 ,1003.61 ,80.54
21:21:45,0 ,0 ,0 ,469 ,5 ,18.79 ,42.64 ,1003.65 ,80.27
21:21:46,0 ,0 ,0 ,469 ,5 ,18.79 ,42.62 ,1003.63 ,80.39
21:21:47,0 ,0 ,0 ,469 ,5 ,18.79 ,42.62 ,1003.59 ,80.71
21:21:49,0 ,0 ,0 ,469 ,5 ,18.78 ,42.56 ,1003.63 ,80.36
21:21:50,0 ,0 ,0 ,469 ,5 ,18.78 ,42.53 ,1003.59 ,80.73
21:21:51,0 ,0 ,0 ,469 ,5 ,18.77 ,42.52 ,1003.59 ,80.72
21:21:52,0 ,0 ,0 ,469 ,5 ,18.77 ,42.53 ,1003.60 ,80.69
21:21:53,0 ,0 ,0 ,469 ,5 ,18.78 ,42.53 ,1003.58 ,80.82
21:21:54,0 ,0 ,0 ,469 ,5 ,18.78 ,42.53 ,1003.62 ,80.51
21:21:56,0 ,0 ,0 ,470 ,5 ,18.78 ,42.52 ,1003.62 ,80.46
21:21:57,0 ,0 ,0 ,469 ,5 ,18.79 ,42.52 ,1003.64 ,80.36
21:21:58,0 ,0 ,0 ,469 ,5 ,18.78 ,42.48 ,1003.63 ,80.41
21:21:59,0 ,0 ,0 ,470 ,5 ,18.77 ,42.49 ,1003.59 ,80.70
21:22:00,0 ,0 ,0 ,470 ,5 ,18.78 ,42.76 ,1003.63 ,80.41
21:22:01,0 ,0 ,0 ,469 ,5 ,18.78 ,42.99 ,1003.62 ,80.52
21:22:03,0 ,0 ,0 ,470 ,5 ,18.79 ,43.07 ,1003.61 ,80.54
21:22:04,0 ,0 ,0 ,470 ,5 ,18.79 ,43.03 ,1003.64 ,80.28
21:22:05,0 ,0 ,0 ,470 ,5 ,18.78 ,43.15 ,1003.61 ,80.61
21:23:06,0 ,0 ,0 ,479 ,5 ,18.78 ,42.79 ,1003.65 ,80.26
21:23:07,0 ,0 ,0 ,479 ,5 ,18.77 ,42.77 ,1003.64 ,80.31
21:23:08,0 ,0 ,0 ,479 ,5 ,18.78 ,43.04 ,1003.61 ,80.55
21:23:10,0 ,0 ,0 ,479 ,5 ,18.78 ,43.25 ,1003.62 ,80.48
21:23:11,69 ,261 ,261 ,479 ,5 ,18.77 ,43.07 ,1003.64 ,80.31
21:23:12,69 ,261 ,261 ,479 ,5 ,18.78 ,43.04 ,1003.64 ,80.29
21:23:13,69 ,261 ,261 ,479 ,5 ,18.77 ,42.99 ,1003.61 ,80.60
21:23:14,69 ,261 ,261 ,479 ,5 ,18.78 ,42.89 ,1003.63 ,80.43
21:23:15,69 ,261 ,261 ,479 ,5 ,18.78 ,42.89 ,1003.61 ,80.55
21:23:17,70 ,261 ,261 ,479 ,5 ,18.78 ,42.86 ,1003.62 ,80.49
21:23:18,70 ,261 ,261 ,479 ,5 ,18.78 ,42.82 ,1003.61 ,80.56
21:23:19,70 ,261 ,261 ,479 ,5 ,18.78 ,42.78 ,1003.64 ,80.33
21:23:20,70 ,262 ,262 ,479 ,5 ,18.77 ,42.74 ,1003.63 ,80.38
21:23:21,70 ,262 ,262 ,479 ,5 ,18.78 ,42.69 ,1003.63 ,80.43
21:23:22,70 ,262 ,262 ,479 ,5 ,18.78 ,42.68 ,1003.62 ,80.46
21:23:24,72 ,262 ,262 ,479 ,5 ,18.78 ,42.66 ,1003.63 ,80.41
21:23:25,72 ,264 ,264 ,478 ,5 ,18.78 ,42.63 ,1003.64 ,80.35
21:23:26,72 ,264 ,264 ,478 ,5 ,18.78 ,42.61 ,1003.62 ,80.51
21:23:27,70 ,265 ,265 ,478 ,5 ,18.78 ,42.60 ,1003.63 ,80.39
21:23:28,70 ,265 ,265 ,478 ,5 ,18.78 ,42.60 ,1003.63 ,80.39
21:23:29,70 ,265 ,265 ,478 ,5 ,18.78 ,42.61 ,1003.63 ,80.42
21:23:31,70 ,267 ,267 ,477 ,5 ,18.77 ,42.61 ,1003.63 ,80.41
21:23:32,69 ,267 ,267 ,477 ,5 ,18.78 ,42.59 ,1003.62 ,80.48
21:23:33,69 ,267 ,267 ,477 ,5 ,18.78 ,42.55 ,1003.63 ,80.43
21:23:34,69 ,267 ,267 ,477 ,5 ,18.78 ,42.56 ,1003.65 ,80.27
21:23:35,67 ,267 ,267 ,477 ,5 ,18.78 ,42.53 ,1003.62 ,80.47
21:23:36,67 ,267 ,267 ,477 ,5 ,18.79 ,42.53 ,1003.63 ,80.37
21:23:38,67 ,267 ,267 ,477 ,5 ,18.78 ,42.54 ,1003.65 ,80.27
21:23:39,67 ,267 ,267 ,477 ,5 ,18.78 ,42.55 ,1003.63 ,80.37
21:23:40,67 ,267 ,267 ,477 ,5 ,18.78 ,42.53 ,1003.63 ,80.18
21:23:41,67 ,267 ,267 ,477 ,5 ,18.78 ,42.51 ,1003.65 ,80.27
21:23:42,67 ,267 ,267 ,477 ,5 ,18.77 ,42.47 ,1003.63 ,80.43
21:23:43,67 ,267 ,267 ,477 ,5 ,18.77 ,42.48 ,1003.61 ,80.60
21:23:45,67 ,268 ,268 ,477 ,5 ,18.78 ,42.51 ,1003.63 ,80.43
21:23:46,67 ,268 ,268 ,477 ,5 ,18.77 ,42.53 ,1003.67 ,80.06
21:23:47,67 ,268 ,268 ,476 ,5 ,18.76 ,42.50 ,1003.66 ,80.16
21:23:48,67 ,268 ,268 ,476 ,5 ,18.76 ,42.50 ,1003.62 ,80.50
21:23:49,67 ,268 ,268 ,476 ,5 ,18.77 ,42.49 ,1003.65 ,80.23
21:23:50,66 ,268 ,268 ,476 ,5 ,18.77 ,42.48 ,1003.66 ,80.14
21:23:52,66 ,270 ,270 ,477 ,5 ,18.77 ,42.47 ,1003.66 ,80.12
21:23:53,66 ,270 ,270 ,477 ,5 ,18.76 ,42.46 ,1003.64 ,80.30
21:23:54,67 ,270 ,270 ,476 ,5 ,18.76 ,42.46 ,1003.66 ,80.15
21:23:55,67 ,270 ,270 ,476 ,5 ,18.75 ,42.48 ,1003.66 ,80.12
21:23:56,67 ,270 ,270 ,475 ,5 ,18.75 ,42.47 ,1003.66 ,80.11
21:23:57,69 ,270 ,270 ,475 ,5 ,18.75 ,42.48 ,1003.64 ,80.36
21:23:59,69 ,270 ,270 ,475 ,5 ,18.75 ,42.47 ,1003.68 ,79.96
21:24:00,69 ,270 ,270 ,475 ,5 ,18.76 ,42.47 ,1003.66 ,80.13
21:24:01,69 ,271 ,271 ,474 ,5 ,18.75 ,42.49 ,1003.68 ,80.00
21:24:02,69 ,271 ,271 ,474 ,5 ,18.76 ,42.48 ,1003.66 ,80.18
21:24:03,69 ,271 ,271 ,474 ,5 ,18.75 ,42.49 ,1003.64 ,80.32
21:24:04,69 ,271 ,271 ,474 ,5 ,18.76 ,42.52 ,1003.65 ,80.20
21:24:06,69 ,271 ,271 ,473 ,5 ,18.76 ,42.53 ,1003.64 ,80.31
21:24:07,69 ,271 ,271 ,473 ,5 ,18.76 ,42.53 ,1003.66 ,80.17
21:24:08,67 ,271 ,271 ,473 ,5 ,18.76 ,42.54 ,1003.67 ,80.08
21:24:09,67 ,270 ,270 ,473 ,5 ,18.76 ,42.56 ,1003.65 ,80.23
21:24:10,69 ,270 ,270 ,473 ,5 ,18.76 ,42.58 ,1003.66 ,80.18
21:24:11,69 ,270 ,270 ,473 ,5 ,18.76 ,42.94 ,1003.63 ,80.41
21:24:13,69 ,270 ,270 ,473 ,5 ,18.76 ,43.20 ,1003.66 ,80.13
21:24:14,69 ,270 ,270 ,473 ,5 ,18.76 ,43.61 ,1003.63 ,80.39
21:24:15,69 ,270 ,270 ,473 ,5 ,18.76 ,43.68 ,1003.64 ,80.34
21:24:16,69 ,270 ,270 ,472 ,5 ,18.77 ,43.71 ,1003.66 ,80.19
21:24:17,69 ,268 ,268 ,472 ,5 ,18.77 ,43.67 ,1003.65 ,80.26
21:24:18,69 ,268 ,268 ,473 ,5 ,18.77 ,43.58 ,1003.64 ,80.35
21:24:20,69 ,270 ,270 ,472 ,5 ,18.77 ,43.42 ,1003.64 ,80.29
21:24:21,69 ,270 ,270 ,472 ,5 ,18.76 ,43.24 ,1003.64 ,80.32
21:24:22,69 ,270 ,270 ,472 ,5 ,18.77 ,43.10 ,1003.65 ,80.22
21:24:23,69 ,270 ,270 ,472 ,5 ,18.77 ,42.98 ,1003.65 ,80.23
21:24:24,69 ,270 ,270 ,472 ,5 ,18.77 ,42.88 ,1003.66 ,80.12
21:24:25,69 ,271 ,271 ,472 ,5 ,18.76 ,42.85 ,1003.65 ,80.26
21:24:27,69 ,271 ,271 ,472 ,5 ,18.76 ,42.82 ,1003.65 ,80.21
21:24:28,69 ,271 ,271 ,472 ,5 ,18.77 ,42.80 ,1003.66 ,80.17
21:24:29,69 ,271 ,271 ,472 ,5 ,18.77 ,42.79 ,1003.67 ,80.08
21:24:30,69 ,270 ,270 ,472 ,5 ,18.76 ,42.78 ,1003.66 ,80.12
21:24:31,69 ,270 ,270 ,473 ,5 ,18.76 ,42.78 ,1003.68 ,80.01
21:24:32,69 ,270 ,270 ,472 ,5 ,18.76 ,42.78 ,1003.65 ,80.20
21:24:34,69 ,270 ,270 ,472 ,5 ,18.76 ,42.76 ,1003.68 ,80.00
21:24:35,69 ,270 ,270 ,473 ,5 ,18.76 ,42.76 ,1003.65 ,80.24
21:24:36,69 ,270 ,270 ,473 ,5 ,18.77 ,42.76 ,1003.67 ,80.08
21:24:37,69 ,270 ,270 ,473 ,5 ,18.76 ,42.75 ,1003.66 ,80.13
21:24:38,69 ,270 ,270 ,475 ,5 ,18.76 ,42.76 ,1003.65 ,80.22
21:24:39,69 ,270 ,270 ,476 ,5 ,18.77 ,42.75 ,1003.66 ,80.15
21:24:41,69 ,270 ,270 ,477 ,5 ,18.76 ,42.75 ,1003.65 ,80.26
21:24:42,69 ,270 ,270 ,478 ,5 ,18.77 ,42.76 ,1003.66 ,80.15
21:24:43,69 ,270 ,270 ,479 ,5 ,18.77 ,42.76 ,1003.67 ,80.05
21:24:44,69 ,270 ,270 ,480 ,5 ,18.77 ,42.76 ,1003.65 ,80.26
21:24:45,69 ,270 ,270 ,481 ,5 ,18.77 ,42.76 ,1003.68 ,80.02
21:24:46,69 ,270 ,270 ,483 ,5 ,18.77 ,42.77 ,1003.65 ,80.21
21:24:48,69 ,270 ,270 ,484 ,5 ,18.78 ,43.58 ,1003.67 ,80.03
21:24:49,69 ,270 ,270 ,485 ,5 ,18.78 ,43.98 ,1003.67 ,80.03
21:24:50,69 ,270 ,270 ,486 ,5 ,18.77 ,44.03 ,1003.66 ,80.14
21:24:51,69 ,268 ,268 ,487 ,5 ,18.78 ,43.96 ,1003.65 ,80.24
21:24:52,69 ,268 ,268 ,489 ,5 ,18.79 ,43.72 ,1003.68 ,80.02
21:24:53,69 ,268 ,268 ,490 ,5 ,18.79 ,43.50 ,1003.68 ,79.95
21:24:55,70 ,268 ,268 ,491 ,5 ,18.78 ,43.32 ,1003.66 ,80.14
21:24:56,70 ,268 ,268 ,492 ,5 ,18.78 ,43.21 ,1003.67 ,80.07
21:24:57,70 ,268 ,268 ,493 ,5 ,18.78 ,43.12 ,1003.69 ,79.90
21:24:58,70 ,268 ,268 ,494 ,5 ,18.78 ,43.05 ,1003.67 ,80.04
21:24:59,70 ,268 ,268 ,496 ,5 ,18.78 ,42.96 ,1003.66 ,80.18
21:25:00,70 ,268 ,268 ,497 ,5 ,18.78 ,42.96 ,1003.68 ,80.02
21:25:02,70 ,268 ,268 ,498 ,5 ,18.78 ,43.14 ,1003.66 ,80.14
21:25:03,70 ,270 ,270 ,500 ,5 ,18.78 ,43.51 ,1003.64 ,80.29
21:26:04,70 ,270 ,270 ,500 ,5 ,18.76 ,42.70 ,1003.67 ,80.10
21:26:05,70 ,268 ,268 ,499 ,5 ,18.75 ,42.68 ,1003.68 ,79.98
21:26:06,70 ,268 ,268 ,498 ,5 ,18.76 ,42.68 ,1003.67 ,80.10
21:26:07,69 ,268 ,268 ,498 ,5 ,18.76 ,42.67 ,1003.71 ,79.71
21:26:08,PMS7003  checksum  failed
21:26:09,0 ,0 ,0 ,497 ,5 ,18.75 ,42.65 ,1003.68 ,80.00
21:26:10,0 ,0 ,0 ,496 ,5 ,18.75 ,42.64 ,1003.69 ,79.93
21:26:11,0 ,0 ,0 ,495 ,5 ,18.75 ,42.63 ,1003.69 ,79.90
21:26:12,0 ,0 ,0 ,494 ,5 ,18.74 ,42.64 ,1003.65 ,80.20
21:26:13,0 ,0 ,0 ,493 ,5 ,18.75 ,42.62 ,1003.69 ,79.93
21:26:14,0 ,0 ,0 ,492 ,5 ,18.73 ,42.61 ,1003.63 ,80.41
21:26:16,0 ,0 ,0 ,491 ,5 ,18.74 ,42.61 ,1003.67 ,80.04
21:26:17,0 ,0 ,0 ,490 ,5 ,18.74 ,42.61 ,1003.68 ,80.00
21:26:18,0 ,0 ,0 ,489 ,5 ,18.74 ,42.64 ,1003.65 ,80.20
21:26:19,0 ,0 ,0 ,488 ,5 ,18.74 ,42.64 ,1003.67 ,80.07
21:26:20,0 ,0 ,0 ,488 ,5 ,18.74 ,42.66 ,1003.70 ,79.85
21:26:21,0 ,0 ,0 ,487 ,5 ,18.74 ,42.67 ,1003.69 ,79.94
21:26:23,0 ,0 ,0 ,486 ,5 ,18.74 ,42.67 ,1003.69 ,79.91
21:26:24,0 ,0 ,0 ,486 ,5 ,18.75 ,42.68 ,1003.69 ,79.92
21:26:25,0 ,0 ,0 ,485 ,5 ,18.75 ,42.68 ,1003.72 ,79.66
21:26:26,0 ,0 ,0 ,485 ,5 ,18.75 ,42.66 ,1003.70 ,79.83
21:26:27,0 ,0 ,0 ,485 ,5 ,18.75 ,42.68 ,1003.69 ,79.90
21:26:29,0 ,0 ,0 ,484 ,5 ,18.75 ,42.66 ,1003.70 ,79.83
21:26:30,0 ,0 ,0 ,484 ,5 ,18.75 ,42.66 ,1003.71 ,79.75
21:26:31,0 ,0 ,0 ,484 ,5 ,18.75 ,42.72 ,1003.70 ,79.74
21:26:32,0 ,0 ,0 ,484 ,5 ,18.75 ,42.68 ,1003.69 ,79.90
21:26:33,0 ,0 ,0 ,484 ,5 ,18.75 ,42.68 ,1003.71 ,79.77
21:26:34,0 ,0 ,0 ,484 ,5 ,18.75 ,42.69 ,1003.69 ,79.92
21:26:35,0 ,0 ,0 ,484 ,5 ,18.75 ,42.68 ,1003.71 ,79.71
21:26:37,0 ,0 ,0 ,484 ,5 ,18.75 ,42.68 ,1003.71 ,79.69
21:26:38,0 ,0 ,0 ,484 ,5 ,18.76 ,42.69 ,1003.67 ,80.05
21:26:39,0 ,0 ,0 ,484 ,5 ,18.75 ,42.71 ,1003.69 ,79.94
21:26:40,0 ,0 ,0 ,484 ,5 ,18.76 ,42.67 ,1003.70 ,79.80
21:26:41,0 ,0 ,0 ,484 ,5 ,18.75 ,42.68 ,1003.68 ,80.01
21:26:42,0 ,0 ,0 ,484 ,5 ,18.76 ,42.68 ,1003.70 ,79.84
21:26:44,0 ,0 ,0 ,484 ,5 ,18.75 ,42.66 ,1003.71 ,79.71
21:26:45,0 ,0 ,0 ,484 ,5 ,18.75 ,42.69 ,1003.68 ,79.96
21:26:46,0 ,0 ,0 ,484 ,5 ,18.75 ,42.63 ,1003.70 ,79.85
21:26:47,0 ,0 ,0 ,484 ,5 ,18.74 ,42.61 ,1003.70 ,79.81
21:26:48,0 ,0 ,0 ,485 ,5 ,18.74 ,42.59 ,1003.68 ,80.02
21:26:50,0 ,0 ,0 ,484 ,5 ,18.74 ,42.59 ,1003.70 ,79.84
21:26:51,0 ,0 ,0 ,484 ,5 ,18.74 ,42.61 ,1003.69 ,79.88
21:26:52,0 ,0 ,0 ,485 ,5 ,18.74 ,42.59 ,1003.69 ,79.91
21:26:53,0 ,0 ,0 ,485 ,5 ,18.74 ,42.59 ,1003.73 ,79.58
21:26:54,0 ,0 ,0 ,485 ,5 ,18.73 ,42.62 ,1003.74 ,79.50
21:26:55,0 ,0 ,0 ,485 ,5 ,18.73 ,42.61 ,1003.71 ,79.71
21:26:57,0 ,0 ,0 ,485 ,5 ,18.73 ,42.59 ,1003.72 ,79.69
21:26:58,0 ,0 ,0 ,485 ,5 ,18.73 ,42.59 ,1003.74 ,79.49
21:26:59,0 ,0 ,0 ,485 ,5 ,18.73 ,42.61 ,1003.69 ,79.88
21:27:00,0 ,0 ,0 ,484 ,5 ,18.73 ,42.56 ,1003.71 ,79.75
21:27:01,0 ,0 ,0 ,484 ,5 ,18.72 ,42.58 ,1003.72 ,79.61
21:27:02,0 ,0 ,0 ,484 ,5 ,18.73 ,42.58 ,1003.71 ,79.69
21:27:04,0 ,0 ,0 ,484 ,5 ,18.73 ,42.59 ,1003.73 ,79.59
21:27:05,0 ,0 ,0 ,484 ,5 ,18.72 ,42.58 ,1003.70 ,79.83
21:27:06,0 ,0 ,0 ,484 ,5 ,18.72 ,42.59 ,1003.69 ,79.90
21:27:07,0 ,0 ,0 ,484 ,5 ,18.72 ,42.56 ,1003.73 ,79.52
21:27:08,0 ,0 ,0 ,484 ,5 ,18.72 ,42.56 ,1003.71 ,79.71
21:27:09,0 ,0 ,0 ,484 ,5 ,18.71 ,42.57 ,1003.72 ,79.68
21:27:11,0 ,0 ,0 ,484 ,5 ,18.71 ,42.56 ,1003.70 ,79.82
21:27:12,0 ,0 ,0 ,484 ,5 ,18.70 ,42.58 ,1003.69 ,79.90
21:27:13,0 ,0 ,0 ,484 ,5 ,18.71 ,42.56 ,1003.71 ,79.72
21:27:14,0 ,0 ,0 ,484 ,5 ,18.71 ,42.56 ,1003.69 ,79.87
21:27:15,0 ,0 ,0 ,485 ,5 ,18.71 ,42.58 ,1003.72 ,79.63
21:27:16,0 ,0 ,0 ,485 ,5 ,18.72 ,42.60 ,1003.71 ,79.76
21:27:18,0 ,0 ,0 ,485 ,5 ,18.72 ,42.67 ,1003.72 ,79.64
21:27:19,0 ,0 ,0 ,485 ,5 ,18.72 ,42.72 ,1003.71 ,79.76
21:27:20,0 ,0 ,0 ,485 ,5 ,18.72 ,42.71 ,1003.68 ,79.98
21:27:21,0 ,0 ,0 ,485 ,5 ,18.72 ,42.74 ,1003.71 ,79.75
21:27:22,0 ,0 ,0 ,485 ,5 ,18.72 ,42.70 ,1003.72 ,79.67
21:27:23,0 ,0 ,0 ,485 ,5 ,18.72 ,42.67 ,1003.70 ,79.83
21:27:25,0 ,0 ,0 ,485 ,5 ,18.72 ,42.64 ,1003.69 ,79.92
21:27:26,0 ,0 ,0 ,486 ,5 ,18.72 ,42.64 ,1003.71 ,79.74
21:27:27,0 ,0 ,0 ,487 ,5 ,18.72 ,42.63 ,1003.71 ,79.76
21:27:28,0 ,0 ,0 ,487 ,5 ,18.71 ,42.63 ,1003.67 ,80.05
21:27:29,0 ,0 ,0 ,487 ,5 ,18.72 ,42.63 ,1003.71 ,79.69
21:27:30,0 ,0 ,0 ,488 ,5 ,18.72 ,42.65 ,1003.70 ,79.84
21:27:32,0 ,0 ,0 ,488 ,5 ,18.72 ,42.63 ,1003.70 ,79.84
21:27:33,0 ,0 ,0 ,488 ,5 ,18.72 ,42.73 ,1003.69 ,79.93
21:27:34,0 ,0 ,0 ,488 ,5 ,18.72 ,43.02 ,1003.69 ,79.91
21:27:35,0 ,0 ,0 ,489 ,5 ,18.72 ,43.40 ,1003.71 ,79.72
21:27:36,0 ,0 ,0 ,489 ,5 ,18.71 ,43.29 ,1003.72 ,79.66
21:27:37,0 ,0 ,0 ,489 ,5 ,18.72 ,43.13 ,1003.69 ,79.89
21:27:39,0 ,0 ,0 ,489 ,5 ,18.73 ,43.27 ,1003.71 ,79.70
21:27:40,0 ,0 ,0 ,489 ,5 ,18.73 ,43.60 ,1003.72 ,79.64
21:27:41,0 ,0 ,0 ,489 ,5 ,18.73 ,43.68 ,1003.72 ,79.64
21:27:42,0 ,0 ,0 ,489 ,5 ,18.73 ,43.65 ,1003.71 ,79.75
21:27:43,0 ,0 ,0 ,489 ,5 ,18.74 ,43.49 ,1003.72 ,79.63
21:27:44,0 ,0 ,0 ,489 ,5 ,18.73 ,43.42 ,1003.69 ,79.90
21:27:46,0 ,0 ,0 ,489 ,5 ,18.73 ,43.35 ,1003.70 ,79.78
21:27:47,0 ,0 ,0 ,489 ,5 ,18.74 ,43.27 ,1003.70 ,79.79
21:27:48,0 ,0 ,0 ,489 ,5 ,18.74 ,43.22 ,1003.69 ,79.92
21:27:49,0 ,0 ,0 ,489 ,5 ,18.74 ,43.14 ,1003.69 ,79.86
21:27:50,0 ,0 ,0 ,489 ,5 ,18.74 ,43.08 ,1003.72 ,79.64
21:27:51,0 ,0 ,0 ,489 ,5 ,18.74 ,43.08 ,1003.69 ,79.92
21:27:53,0 ,0 ,0 ,489 ,5 ,18.74 ,43.07 ,1003.71 ,79.73
21:27:54,0 ,0 ,0 ,489 ,5 ,18.74 ,43.09 ,1003.68 ,79.95
21:27:55,0 ,0 ,0 ,489 ,5 ,18.74 ,43.00 ,1003.70 ,79.77
21:27:56,0 ,0 ,0 ,489 ,5 ,18.73 ,42.92 ,1003.68 ,79.98
21:27:57,0 ,0 ,0 ,489 ,5 ,18.74 ,42.86 ,1003.70 ,79.84
21:27:58,0 ,0 ,0 ,489 ,5 ,18.73 ,42.81 ,1003.67 ,80.03
21:28:00,0 ,0 ,0 ,489 ,5 ,18.73 ,42.79 ,1003.69 ,79.88
21:28:01,0 ,0 ,0 ,489 ,5 ,18.73 ,42.78 ,1003.67 ,80.04
21:29:02,0 ,0 ,0 ,476 ,5 ,18.71 ,42.65 ,1003.73 ,79.58
21:29:03,0 ,0 ,0 ,476 ,5 ,18.71 ,42.67 ,1003.71 ,79.77
21:29:04,0 ,0 ,0 ,476 ,5 ,18.71 ,42.65 ,1003.74 ,79.52
21:29:05,0 ,0 ,0 ,476 ,5 ,18.71 ,42.67 ,1003.71 ,79.72
21:29:07,0 ,0 ,0 ,476 ,5 ,18.71 ,42.67 ,1003.72 ,79.65
21:29:08,0 ,0 ,0 ,476 ,5 ,18.71 ,42.67 ,1003.72 ,79.61
21:29:09,0 ,0 ,0 ,476 ,5 ,18.71 ,42.67 ,1003.71 ,79.69
21:29:10,0 ,0 ,0 ,476 ,5 ,18.71 ,42.64 ,1003.75 ,79.37
21:29:11,0 ,0 ,0 ,475 ,5 ,18.71 ,42.66 ,1003.72 ,79.68
21:29:12,0 ,0 ,0 ,475 ,5 ,18.71 ,42.65 ,1003.70 ,79.85
21:29:14,0 ,0 ,0 ,475 ,5 ,18.71 ,42.64 ,1003.72 ,79.68
21:29:15,0 ,0 ,0 ,475 ,5 ,18.70 ,42.65 ,1003.70 ,79.84
21:29:16,0 ,0 ,0 ,475 ,5 ,18.70 ,42.66 ,1003.69 ,79.87
21:29:17,0 ,0 ,0 ,475 ,5 ,18.69 ,42.65 ,1003.70 ,79.85
21:29:18,0 ,0 ,0 ,475 ,5 ,18.69 ,42.64 ,1003.69 ,79.91
21:29:19,0 ,0 ,0 ,475 ,5 ,18.69 ,42.64 ,1003.71 ,79.72
21:29:21,0 ,0 ,0 ,474 ,5 ,18.69 ,42.64 ,1003.71 ,79.70
21:29:22,0 ,0 ,0 ,474 ,5 ,18.69 ,42.66 ,1003.76 ,79.32
21:29:23,0 ,0 ,0 ,474 ,5 ,18.68 ,42.67 ,1003.69 ,79.86
21:29:24,0 ,0 ,0 ,474 ,5 ,18.68 ,42.68 ,1003.69 ,79.87
21:29:25,0 ,0 ,0 ,474 ,5 ,18.68 ,42.68 ,1003.69 ,79.86
21:29:26,0 ,0 ,0 ,474 ,5 ,18.68 ,42.68 ,1003.72 ,79.62
21:29:28,0 ,0 ,0 ,474 ,5 ,18.69 ,42.69 ,1003.70 ,79.78
21:29:29,0 ,0 ,0 ,474 ,5 ,18.69 ,42.70 ,1003.70 ,79.81
21:29:30,0 ,0 ,0 ,474 ,5 ,18.69 ,42.70 ,1003.68 ,80.00
21:29:31,0 ,0 ,0 ,474 ,5 ,18.69 ,42.73 ,1003.72 ,79.65
21:29:32,0 ,0 ,0 ,474 ,5 ,18.69 ,42.70 ,1003.72 ,79.65
21:29:33,0 ,0 ,0 ,474 ,5 ,18.69 ,42.71 ,1003.73 ,79.60
21:29:35,0 ,0 ,0 ,474 ,5 ,18.69 ,42.68 ,1003.69 ,79.87
21:29:36,0 ,0 ,0 ,474 ,5 ,18.68 ,42.67 ,1003.73 ,79.57
21:29:37,0 ,0 ,0 ,474 ,5 ,18.69 ,42.66 ,1003.73 ,79.58
21:29:38,0 ,0 ,0 ,474 ,5 ,18.69 ,42.62 ,1003.70 ,79.99
21:29:39,0 ,0 ,0 ,474 ,5 ,18.69 ,42.67 ,1003.72 ,79.68
21:29:40,0 ,0 ,0 ,474 ,5 ,18.68 ,42.68 ,1003.71 ,79.75
21:29:42,0 ,0 ,0 ,474 ,5 ,18.68 ,42.68 ,1003.69 ,79.89
21:29:43,0 ,0 ,0 ,474 ,5 ,18.68 ,42.67 ,1003.70 ,79.85
21:29:44,0 ,0 ,0 ,474 ,5 ,18.69 ,42.70 ,1003.69 ,79.86
21:29:45,0 ,0 ,0 ,474 ,5 ,18.69 ,42.72 ,1003.73 ,79.53
21:29:46,0 ,0 ,0 ,474 ,5 ,18.69 ,42.74 ,1003.71 ,79.76
21:29:47,0 ,0 ,0 ,474 ,5 ,18.68 ,42.75 ,1003.71 ,79.77
21:29:49,0 ,0 ,0 ,474 ,5 ,18.69 ,42.76 ,1003.69 ,79.89
21:29:50,0 ,0 ,0 ,474 ,5 ,18.70 ,42.74 ,1003.72 ,79.62
21:29:51,0 ,0 ,0 ,474 ,5 ,18.69 ,42.75 ,1003.71 ,79.73
21:29:52,0 ,0 ,0 ,474 ,5 ,18.69 ,42.73 ,1003.71 ,79.71
21:29:53,0 ,0 ,0 ,474 ,5 ,18.69 ,42.75 ,1003.72 ,79.66
21:29:54,0 ,0 ,0 ,474 ,5 ,18.69 ,42.76 ,1003.71 ,79.71
21:29:56,0 ,0 ,0 ,474 ,5 ,18.69 ,42.76 ,1003.73 ,79.60
21:29:57,0 ,0 ,0 ,474 ,5 ,18.70 ,42.76 ,1003.73 ,79.59
21:29:58,0 ,0 ,0 ,474 ,5 ,18.70 ,42.76 ,1003.73 ,79.54
21:29:59,0 ,0 ,0 ,475 ,5 ,18.70 ,42.78 ,1003.72 ,79.65
21:30:00,0 ,0 ,0 ,475 ,5 ,18.70 ,42.79 ,1003.73 ,79.53
21:30:01,0 ,0 ,0 ,474 ,5 ,18.71 ,42.81 ,1003.74 ,79.47
21:30:03,0 ,0 ,0 ,474 ,5 ,18.71 ,42.79 ,1003.73 ,79.59
21:30:04,0 ,0 ,0 ,474 ,5 ,18.71 ,42.74 ,1003.73 ,79.56
21:30:05,0 ,0 ,0 ,475 ,5 ,18.71 ,42.72 ,1003.72 ,79.63
21:30:06,0 ,0 ,0 ,474 ,5 ,18.71 ,42.71 ,1003.74 ,79.52
21:30:07,0 ,0 ,0 ,474 ,5 ,18.70 ,42.69 ,1003.74 ,79.45
21:30:08,0 ,0 ,0 ,474 ,5 ,18.70 ,42.67 ,1003.72 ,79.64
21:30:10,0 ,0 ,0 ,474 ,5 ,18.70 ,42.69 ,1003.72 ,79.64
21:30:11,0 ,0 ,0 ,474 ,5 ,18.69 ,42.67 ,1003.67 ,80.07
21:30:12,0 ,0 ,0 ,474 ,5 ,18.70 ,42.67 ,1003.70 ,79.81
21:30:13,0 ,0 ,0 ,474 ,5 ,18.69 ,42.67 ,1003.71 ,79.71
21:30:14,0 ,0 ,0 ,474 ,5 ,18.70 ,42.69 ,1003.74 ,79.47
21:30:15,0 ,0 ,0 ,474 ,5 ,18.69 ,42.67 ,1003.74 ,79.52
21:30:17,0 ,0 ,0 ,474 ,5 ,18.69 ,42.69 ,1003.72 ,79.65
21:30:18,0 ,0 ,0 ,474 ,5 ,18.68 ,42.69 ,1003.69 ,79.89
21:30:19,0 ,0 ,0 ,474 ,5 ,18.68 ,42.66 ,1003.73 ,79.56
21:30:20,0 ,0 ,0 ,474 ,5 ,18.68 ,42.67 ,1003.72 ,79.68
21:30:21,0 ,0 ,0 ,474 ,5 ,18.68 ,42.65 ,1003.71 ,79.70
21:30:22,0 ,0 ,0 ,474 ,5 ,18.68 ,42.67 ,1003.71 ,79.74
21:30:24,0 ,0 ,0 ,474 ,5 ,18.68 ,42.68 ,1003.74 ,79.52
21:30:25,0 ,0 ,0 ,474 ,5 ,18.67 ,42.67 ,1003.75 ,79.37
21:30:26,0 ,0 ,0 ,474 ,5 ,18.67 ,42.68 ,1003.70 ,79.80
21:30:27,0 ,0 ,0 ,474 ,5 ,18.66 ,42.68 ,1003.70 ,79.81
21:30:28,0 ,0 ,0 ,473 ,5 ,18.67 ,42.69 ,1003.71 ,79.74
21:30:29,0 ,0 ,0 ,473 ,5 ,18.67 ,42.74 ,1003.68 ,79.97
21:30:31,0 ,0 ,0 ,473 ,5 ,18.68 ,42.71 ,1003.72 ,79.62
21:30:32,0 ,0 ,0 ,473 ,5 ,18.68 ,42.71 ,1003.71 ,79.75
21:30:33,0 ,0 ,0 ,473 ,5 ,18.68 ,42.68 ,1003.69 ,79.93
21:30:34,0 ,0 ,0 ,473 ,5 ,18.68 ,42.67 ,1003.72 ,79.64
21:30:35,0 ,0 ,0 ,473 ,5 ,18.67 ,42.66 ,1003.75 ,79.41
21:30:36,0 ,0 ,0 ,473 ,5 ,18.67 ,42.66 ,1003.73 ,79.59
21:30:38,0 ,0 ,0 ,473 ,5 ,18.67 ,42.65 ,1003.71 ,79.72
21:30:39,0 ,0 ,0 ,473 ,5 ,18.68 ,42.67 ,1003.73 ,79.55
21:30:40,0 ,0 ,0 ,472 ,5 ,18.67 ,42.68 ,1003.71 ,79.71
21:30:41,0 ,0 ,0 ,472 ,5 ,18.67 ,42.67 ,1003.70 ,79.78
21:30:42,0 ,0 ,0 ,472 ,5 ,18.67 ,42.68 ,1003.71 ,79.71
21:30:43,0 ,0 ,0 ,472 ,5 ,18.67 ,42.67 ,1003.69 ,79.90
21:30:45,0 ,0 ,0 ,472 ,5 ,18.66 ,42.67 ,1003.71 ,79.72
21:30:46,0 ,0 ,0 ,472 ,5 ,18.67 ,42.68 ,1003.72 ,79.68
21:30:47,0 ,0 ,0 ,472 ,5 ,18.67 ,42.69 ,1003.70 ,79.81
21:30:48,0 ,0 ,0 ,472 ,5 ,18.66 ,42.67 ,1003.72 ,79.63
21:30:49,0 ,0 ,0 ,472 ,5 ,18.67 ,42.68 ,1003.71 ,79.71
21:30:50,0 ,0 ,0 ,472 ,5 ,18.67 ,42.68 ,1003.71 ,79.77
21:30:52,0 ,0 ,0 ,472 ,5 ,18.67 ,42.68 ,1003.72 ,79.61
21:30:53,0 ,0 ,0 ,472 ,5 ,18.67 ,42.67 ,1003.73 ,79.52
21:30:54,0 ,0 ,0 ,472 ,5 ,18.66 ,42.68 ,1003.73 ,79.52
21:30:55,0 ,0 ,0 ,472 ,5 ,18.66 ,42.67 ,1003.74 ,79.51
21:30:56,0 ,0 ,0 ,472 ,5 ,18.66 ,42.68 ,1003.73 ,79.57
21:30:57,0 ,0 ,0 ,472 ,5 ,18.66 ,42.69 ,1003.72 ,79.66
21:30:59,0 ,0 ,0 ,472 ,5 ,18.66 ,42.70 ,1003.72 ,79.63
21:32:00,0 ,0 ,0 ,472 ,5 ,18.66 ,42.70 ,1003.74 ,79.51
21:32:01,0 ,0 ,0 ,472 ,5 ,18.66 ,42.70 ,1003.73 ,79.60
21:32:02,0 ,0 ,0 ,472 ,5 ,18.66 ,42.70 ,1003.76 ,79.35
21:32:03,0 ,0 ,0 ,471 ,5 ,18.66 ,42.74 ,1003.73 ,79.54
21:32:04,0 ,0 ,0 ,472 ,5 ,18.66 ,42.74 ,1003.72 ,79.64
21:32:06,0 ,0 ,0 ,472 ,5 ,18.66 ,42.72 ,1003.73 ,79.60
21:32:07,0 ,0 ,0 ,472 ,5 ,18.66 ,42.72 ,1003.75 ,79.41
21:32:08,0 ,0 ,0 ,472 ,5 ,18.67 ,42.71 ,1003.77 ,79.25
21:32:09,0 ,0 ,0 ,472 ,5 ,18.66 ,42.75 ,1003.72 ,79.61
21:32:10,0 ,0 ,0 ,472 ,5 ,18.66 ,42.74 ,1003.72 ,79.66
21:32:11,0 ,0 ,0 ,472 ,5 ,18.66 ,42.71 ,1003.71 ,79.74
21:32:13,0 ,0 ,0 ,473 ,5 ,18.67 ,42.76 ,1003.74 ,79.44
21:32:14,0 ,0 ,0 ,472 ,5 ,18.66 ,42.70 ,1003.73 ,79.56
21:32:15,0 ,0 ,0 ,472 ,5 ,18.66 ,42.69 ,1003.71 ,79.71
21:32:16,0 ,0 ,0 ,472 ,5 ,18.66 ,42.70 ,1003.70 ,79.85
21:32:17,0 ,0 ,0 ,472 ,5 ,18.65 ,42.70 ,1003.73 ,79.55
21:32:18,0 ,0 ,0 ,472 ,5 ,18.65 ,42.70 ,1003.71 ,79.70
21:32:20,0 ,0 ,0 ,472 ,5 ,18.66 ,42.69 ,1003.69 ,79.88
21:32:21,0 ,0 ,0 ,472 ,5 ,18.66 ,42.69 ,1003.70 ,79.82
21:32:22,0 ,0 ,0 ,472 ,5 ,18.65 ,42.68 ,1003.71 ,79.73
21:32:23,0 ,0 ,0 ,472 ,5 ,18.65 ,42.68 ,1003.72 ,79.65
21:32:24,0 ,0 ,0 ,472 ,5 ,18.65 ,42.70 ,1003.69 ,79.90
21:32:25,0 ,0 ,0 ,472 ,5 ,18.66 ,42.70 ,1003.76 ,79.34
21:32:27,0 ,0 ,0 ,472 ,5 ,18.66 ,42.72 ,1003.73 ,79.54
21:32:28,0 ,0 ,0 ,473 ,5 ,18.66 ,42.71 ,1003.69 ,79.86
21:32:29,0 ,0 ,0 ,472 ,5 ,18.66 ,42.72 ,1003.73 ,79.56
21:32:30,0 ,0 ,0 ,472 ,5 ,18.66 ,42.72 ,1003.70 ,79.81
21:32:31,0 ,0 ,0 ,472 ,5 ,18.66 ,42.71 ,1003.70 ,79.78
21:32:32,0 ,0 ,0 ,473 ,5 ,18.66 ,42.71 ,1003.73 ,79.60
21:32:34,0 ,0 ,0 ,473 ,5 ,18.66 ,42.71 ,1003.73 ,79.54
21:32:35,0 ,0 ,0 ,473 ,5 ,18.66 ,42.71 ,1003.70 ,79.79
21:32:36,0 ,0 ,0 ,473 ,5 ,18.66 ,42.71 ,1003.70 ,79.83
21:32:37,0 ,0 ,0 ,473 ,5 ,18.66 ,42.71 ,1003.74 ,79.51
21:32:38,0 ,0 ,0 ,473 ,5 ,18.66 ,42.71 ,1003.70 ,79.85
21:32:39,0 ,0 ,0 ,472 ,5 ,18.66 ,42.72 ,1003.73 ,79.58
21:32:41,0 ,0 ,0 ,473 ,5 ,18.67 ,42.72 ,1003.73 ,79.60
21:32:42,0 ,0 ,0 ,472 ,5 ,18.67 ,42.79 ,1003.72 ,79.65
21:32:43,0 ,0 ,0 ,473 ,5 ,18.67 ,42.77 ,1003.71 ,79.73
21:32:44,0 ,0 ,0 ,473 ,5 ,18.66 ,42.74 ,1003.70 ,79.78
21:32:45,0 ,0 ,0 ,472 ,5 ,18.67 ,42.74 ,1003.74 ,79.46
21:32:46,0 ,0 ,0 ,472 ,5 ,18.67 ,42.74 ,1003.70 ,79.84
21:32:48,0 ,0 ,0 ,472 ,5 ,18.67 ,42.70 ,1003.69 ,79.88
21:32:49,0 ,0 ,0 ,472 ,5 ,18.66 ,42.68 ,1003.71 ,79.73
21:32:50,0 ,0 ,0 ,472 ,5 ,18.67 ,42.67 ,1003.71 ,79.72
21:32:51,0 ,0 ,0 ,472 ,5 ,18.66 ,42.68 ,1003.70 ,79.79
21:32:52,0 ,0 ,0 ,472 ,5 ,18.67 ,42.70 ,1003.71 ,79.73
21:32:53,0 ,0 ,0 ,472 ,5 ,18.67 ,42.70 ,1003.72 ,79.67
21:32:55,0 ,0 ,0 ,472 ,5 ,18.67 ,42.69 ,1003.75 ,79.41
21:32:56,0 ,0 ,0 ,472 ,5 ,18.67 ,42.69 ,1003.69 ,79.92
21:32:57,0 ,0 ,0 ,472 ,5 ,18.67 ,42.70 ,1003.68 ,79.95
21:32:58,0 ,0 ,0 ,472 ,5 ,18.67 ,42.78 ,1003.71 ,79.74
21:32:59,0 ,0 ,0 ,472 ,5 ,18.67 ,43.06 ,1003.71 ,79.75
21:33:00,0 ,0 ,0 ,472 ,5 ,18.67 ,43.16 ,1003.71 ,79.74
21:33:02,0 ,0 ,0 ,472 ,5 ,18.68 ,43.22 ,1003.72 ,79.66
21:33:03,0 ,0 ,0 ,472 ,5 ,18.69 ,43.35 ,1003.76 ,79.32
21:33:04,0 ,0 ,0 ,472 ,5 ,18.69 ,43.65 ,1003.72 ,79.63
21:33:05,0 ,0 ,0 ,472 ,5 ,18.69 ,43.94 ,1003.73 ,79.56
21:33:06,0 ,0 ,0 ,472 ,5 ,18.69 ,44.22 ,1003.75 ,79.37
21:33:07,0 ,0 ,0 ,472 ,5 ,18.69 ,44.25 ,1003.71 ,79.71
21:33:09,0 ,0 ,0 ,472 ,5 ,18.69 ,44.36 ,1003.75 ,79.37
21:33:10,0 ,0 ,0 ,472 ,5 ,18.70 ,44.51 ,1003.74 ,79.45
21:33:11,0 ,0 ,0 ,472 ,5 ,18.70 ,44.61 ,1003.75 ,79.43
21:33:12,0 ,0 ,0 ,472 ,5 ,18.70 ,44.78 ,1003.72 ,79.64
21:33:13,0 ,0 ,0 ,472 ,5 ,18.70 ,44.81 ,1003.72 ,79.64
21:33:14,0 ,0 ,0 ,472 ,5 ,18.71 ,44.87 ,1003.76 ,79.31
21:33:16,0 ,0 ,0 ,472 ,5 ,18.72 ,44.81 ,1003.76 ,79.32
21:33:17,0 ,0 ,0 ,472 ,5 ,18.71 ,44.81 ,1003.73 ,79.53
21:33:18,0 ,0 ,0 ,472 ,5 ,18.71 ,44.71 ,1003.74 ,79.52
21:33:19,0 ,0 ,0 ,472 ,5 ,18.72 ,44.53 ,1003.76 ,79.35
21:33:20,0 ,0 ,0 ,472 ,5 ,18.72 ,44.30 ,1003.72 ,79.62
21:33:21,0 ,0 ,0 ,472 ,5 ,18.72 ,44.13 ,1003.76 ,79.35
21:33:23,0 ,0 ,0 ,472 ,5 ,18.72 ,43.92 ,1003.72 ,79.67
21:33:24,0 ,0 ,0 ,472 ,5 ,18.72 ,43.71 ,1003.72 ,79.64
21:33:25,0 ,0 ,0 ,473 ,5 ,18.72 ,43.56 ,1003.74 ,79.51
21:33:26,0 ,0 ,0 ,472 ,5 ,18.72 ,43.47 ,1003.74 ,79.49
21:33:27,0 ,0 ,0 ,472 ,5 ,18.72 ,43.33 ,1003.73 ,79.54
21:33:28,0 ,0 ,0 ,473 ,5 ,18.72 ,43.20 ,1003.75 ,79.41
21:33:30,0 ,0 ,0 ,473 ,5 ,18.72 ,43.10 ,1003.74 ,79.44
21:33:31,0 ,0 ,0 ,473 ,5 ,18.71 ,43.04 ,1003.74 ,79.49
21:33:32,0 ,0 ,0 ,473 ,5 ,18.71 ,42.96 ,1003.74 ,79.44
21:33:33,0 ,0 ,0 ,473 ,5 ,18.71 ,42.94 ,1003.74 ,79.50
21:33:34,0 ,0 ,0 ,473 ,5 ,18.71 ,42.89 ,1003.74 ,79.49
21:33:35,0 ,0 ,0 ,473 ,5 ,18.71 ,42.86 ,1003.74 ,79.44
21:33:37,0 ,0 ,0 ,473 ,5 ,18.71 ,42.85 ,1003.73 ,79.53
21:33:38,0 ,0 ,0 ,473 ,5 ,18.71 ,42.85 ,1003.74 ,79.46
21:33:39,0 ,0 ,0 ,474 ,5 ,18.71 ,42.81 ,1003.71 ,79.70
21:33:40,0 ,0 ,0 ,474 ,5 ,18.70 ,42.79 ,1003.73 ,79.57
21:33:41,0 ,0 ,0 ,474 ,5 ,18.70 ,42.80 ,1003.74 ,79.47
21:33:42,0 ,0 ,0 ,474 ,5 ,18.70 ,42.80 ,1003.72 ,79.62
21:33:44,0 ,0 ,0 ,474 ,5 ,18.70 ,42.80 ,1003.73 ,79.56
21:33:45,0 ,0 ,0 ,474 ,5 ,18.70 ,42.77 ,1003.74 ,79.45
21:33:46,0 ,0 ,0 ,474 ,5 ,18.69 ,42.80 ,1003.70 ,79.80
21:33:47,0 ,0 ,0 ,474 ,5 ,18.69 ,42.77 ,1003.70 ,79.85
21:33:48,0 ,0 ,0 ,474 ,5 ,18.68 ,42.77 ,1003.73 ,79.60
21:33:49,0 ,0 ,0 ,474 ,5 ,18.69 ,42.74 ,1003.74 ,79.44
21:33:51,0 ,0 ,0 ,474 ,5 ,18.68 ,42.73 ,1003.72 ,79.68
21:33:52,0 ,0 ,0 ,474 ,5 ,18.68 ,42.73 ,1003.75 ,79.36
21:33:53,0 ,0 ,0 ,474 ,5 ,18.69 ,42.73 ,1003.76 ,79.28
21:33:54,0 ,0 ,0 ,475 ,5 ,18.69 ,42.74 ,1003.72 ,79.67
21:33:55,0 ,0 ,0 ,475 ,5 ,18.69 ,42.74 ,1003.72 ,79.63
21:33:56,0 ,0 ,0 ,475 ,5 ,18.69 ,42.74 ,1003.71 ,79.77
21:34:58,0 ,0 ,0 ,478 ,5 ,18.66 ,42.66 ,1003.74 ,79.48
21:34:59,0 ,0 ,0 ,478 ,5 ,18.67 ,42.67 ,1003.73 ,79.58
21:35:00,0 ,0 ,0 ,478 ,5 ,18.67 ,42.67 ,1003.73 ,79.57
21:35:01,0 ,0 ,0 ,477 ,5 ,18.67 ,42.69 ,1003.74 ,79.51
21:35:02,0 ,0 ,0 ,477 ,5 ,18.67 ,42.68 ,1003.76 ,79.35
21:35:03,63 ,262 ,262 ,477 ,5 ,18.67 ,42.66 ,1003.75 ,79.40
21:35:05,63 ,262 ,262 ,477 ,5 ,18.66 ,42.67 ,1003.71 ,79.70
21:35:06,63 ,262 ,262 ,477 ,5 ,18.66 ,42.71 ,1003.73 ,79.56
21:35:07,64 ,264 ,264 ,477 ,5 ,18.66 ,42.67 ,1003.73 ,79.54
21:35:08,64 ,264 ,264 ,477 ,5 ,18.66 ,42.66 ,1003.70 ,79.78
21:35:09,64 ,264 ,264 ,477 ,5 ,18.66 ,42.64 ,1003.73 ,79.59
21:35:10,64 ,264 ,264 ,477 ,5 ,18.65 ,42.64 ,1003.68 ,79.95
21:35:12,64 ,264 ,264 ,477 ,5 ,18.65 ,42.66 ,1003.68 ,80.01
21:35:13,64 ,264 ,264 ,477 ,5 ,18.66 ,42.64 ,1003.70 ,79.84
21:35:14,64 ,264 ,264 ,477 ,5 ,18.66 ,42.67 ,1003.74 ,79.46
21:35:15,64 ,264 ,264 ,477 ,5 ,18.66 ,42.67 ,1003.71 ,79.71
21:35:16,64 ,264 ,264 ,477 ,5 ,18.67 ,42.67 ,1003.75 ,79.43
21:35:17,64 ,264 ,264 ,477 ,5 ,18.67 ,42.67 ,1003.72 ,79.68
21:35:19,66 ,264 ,264 ,477 ,5 ,18.67 ,42.67 ,1003.71 ,79.76
21:35:20,66 ,264 ,264 ,477 ,5 ,18.66 ,42.68 ,1003.69 ,79.93
21:35:21,66 ,264 ,264 ,477 ,5 ,18.66 ,42.69 ,1003.69 ,79.90
21:35:22,66 ,264 ,264 ,477 ,5 ,18.66 ,42.68 ,1003.71 ,79.71
21:35:23,66 ,264 ,264 ,477 ,5 ,18.66 ,42.69 ,1003.70 ,79.81
21:35:24,66 ,264 ,264 ,477 ,5 ,18.67 ,42.69 ,1003.74 ,79.52
21:35:26,66 ,264 ,264 ,476 ,5 ,18.67 ,42.68 ,1003.74 ,79.46
21:35:27,66 ,264 ,264 ,476 ,5 ,18.67 ,42.68 ,1003.70 ,79.78
21:35:28,66 ,264 ,264 ,476 ,5 ,18.66 ,42.68 ,1003.71 ,79.69
21:35:29,66 ,264 ,264 ,476 ,5 ,18.66 ,42.70 ,1003.69 ,79.90
21:35:30,67 ,264 ,264 ,476 ,5 ,18.66 ,42.69 ,1003.67 ,80.07
21:35:31,67 ,264 ,264 ,475 ,5 ,18.66 ,42.70 ,1003.73 ,79.54
21:35:33,67 ,264 ,264 ,475 ,5 ,18.66 ,42.69 ,1003.69 ,79.92
21:35:34,67 ,264 ,264 ,475 ,5 ,18.67 ,42.70 ,1003.71 ,79.71
21:35:35,66 ,264 ,264 ,475 ,5 ,18.67 ,42.67 ,1003.73 ,79.85
21:35:36,66 ,264 ,264 ,475 ,5 ,18.67 ,42.68 ,1003.72 ,79.62
21:35:37,66 ,264 ,264 ,475 ,5 ,18.67 ,42.69 ,1003.71 ,79.70
21:35:38,66 ,264 ,264 ,475 ,5 ,18.67 ,42.68 ,1003.72 ,79.64
21:35:40,66 ,264 ,264 ,475 ,5 ,18.67 ,42.67 ,1003.70 ,79.78
21:35:41,66 ,264 ,264 ,475 ,5 ,18.67 ,42.67 ,1003.71 ,79.72
21:35:42,66 ,264 ,264 ,475 ,5 ,18.66 ,42.66 ,1003.71 ,79.75
21:35:43,66 ,264 ,264 ,475 ,5 ,18.66 ,42.66 ,1003.71 ,79.69
21:35:44,64 ,265 ,265 ,475 ,5 ,18.66 ,42.64 ,1003.71 ,79.71
21:35:45,64 ,265 ,265 ,475 ,5 ,18.66 ,42.66 ,1003.70 ,79.85
21:35:47,64 ,265 ,265 ,474 ,5 ,18.66 ,42.66 ,1003.68 ,79.98
21:35:48,64 ,265 ,265 ,474 ,5 ,18.66 ,42.67 ,1003.68 ,80.01
21:35:49,64 ,265 ,265 ,474 ,5 ,18.66 ,42.67 ,1003.69 ,79.90
21:35:50,63 ,265 ,265 ,474 ,5 ,18.67 ,42.68 ,1003.71 ,79.77
21:35:51,63 ,265 ,265 ,474 ,5 ,18.67 ,42.68 ,1003.69 ,79.90
21:35:52,63 ,265 ,265 ,474 ,5 ,18.67 ,42.68 ,1003.65 ,80.19
21:35:54,63 ,265 ,265 ,474 ,5 ,18.66 ,42.68 ,1003.69 ,79.86
21:35:55,63 ,264 ,264 ,474 ,5 ,18.66 ,42.68 ,1003.68 ,79.95
21:35:56,63 ,264 ,264 ,474 ,5 ,18.66 ,42.67 ,1003.73 ,79.59
21:35:57,63 ,264 ,264 ,474 ,5 ,18.66 ,42.66 ,1003.71 ,79.72
21:35:58,63 ,264 ,264 ,474 ,5 ,18.66 ,42.66 ,1003.71 ,79.77
21:35:59,63 ,265 ,265 ,474 ,5 ,18.67 ,42.66 ,1003.72 ,79.62
21:36:01,64 ,265 ,265 ,474 ,5 ,18.66 ,42.66 ,1003.70 ,79.78
21:36:02,64 ,265 ,265 ,474 ,5 ,18.67 ,42.67 ,1003.70 ,79.81
21:36:03,64 ,265 ,265 ,474 ,5 ,18.66 ,42.68 ,1003.71 ,79.69
21:36:04,64 ,265 ,265 ,474 ,5 ,18.66 ,42.70 ,1003.69 ,79.87
21:36:05,64 ,265 ,265 ,474 ,5 ,18.66 ,42.67 ,1003.71 ,79.69
21:36:06,64 ,265 ,265 ,474 ,5 ,18.66 ,42.69 ,1003.71 ,79.71
21:36:08,64 ,267 ,267 ,474 ,5 ,18.65 ,42.67 ,1003.71 ,79.70
21:36:09,64 ,267 ,267 ,474 ,5 ,18.65 ,42.67 ,1003.69 ,79.93
21:36:10,64 ,267 ,267 ,474 ,5 ,18.66 ,42.68 ,1003.69 ,79.94
21:36:11,64 ,265 ,265 ,474 ,5 ,18.66 ,42.69 ,1003.70 ,79.78
21:36:12,64 ,265 ,265 ,475 ,5 ,18.66 ,42.69 ,1003.68 ,80.00
21:36:13,64 ,265 ,265 ,474 ,5 ,18.66 ,42.69 ,1003.68 ,80.01
21:36:15,64 ,265 ,265 ,474 ,5 ,18.66 ,42.69 ,1003.67 ,80.08
21:36:16,64 ,265 ,265 ,474 ,5 ,18.65 ,42.68 ,1003.67 ,80.05
21:36:17,64 ,265 ,265 ,474 ,5 ,18.66 ,42.69 ,1003.73 ,79.59
21:36:18,64 ,265 ,265 ,474 ,5 ,18.66 ,42.68 ,1003.70 ,79.80
21:36:19,64 ,265 ,265 ,474 ,5 ,18.65 ,42.67 ,1003.70 ,79.80
21:36:20,64 ,265 ,265 ,475 ,5 ,18.65 ,42.68 ,1003.68 ,79.94
21:36:22,64 ,267 ,267 ,475 ,5 ,18.65 ,42.66 ,1003.70 ,79.84
21:36:23,64 ,267 ,267 ,474 ,5 ,18.65 ,42.66 ,1003.70 ,79.83
21:36:24,64 ,267 ,267 ,474 ,5 ,18.65 ,42.68 ,1003.69 ,79.91
21:36:25,64 ,267 ,267 ,474 ,5 ,18.64 ,42.68 ,1003.69 ,79.90
21:36:26,64 ,267 ,267 ,474 ,5 ,18.65 ,42.69 ,1003.71 ,79.75
21:36:27,64 ,267 ,267 ,474 ,5 ,18.65 ,42.69 ,1003.68 ,79.98
21:36:29,64 ,267 ,267 ,474 ,5 ,18.65 ,42.76 ,1003.70 ,79.75
21:36:30,64 ,267 ,267 ,474 ,5 ,18.65 ,42.72 ,1003.70 ,79.83
21:36:31,66 ,267 ,267 ,474 ,5 ,18.64 ,42.69 ,1003.66 ,80.14
21:36:32,66 ,267 ,267 ,474 ,5 ,18.64 ,42.70 ,1003.68 ,79.95
21:36:33,66 ,268 ,268 ,474 ,5 ,18.64 ,42.69 ,1003.70 ,79.81
21:36:35,66 ,268 ,268 ,475 ,5 ,18.65 ,42.69 ,1003.69 ,79.89
21:36:36,66 ,268 ,268 ,474 ,5 ,18.65 ,42.69 ,1003.67 ,80.09
21:36:37,66 ,268 ,268 ,475 ,5 ,18.64 ,42.70 ,1003.68 ,80.01
21:36:38,66 ,268 ,268 ,474 ,5 ,18.64 ,42.70 ,1003.67 ,80.05
21:36:39,66 ,268 ,268 ,474 ,5 ,18.64 ,42.72 ,1003.71 ,79.74
21:36:40,64 ,268 ,268 ,474 ,5 ,18.63 ,42.73 ,1003.68 ,80.00
21:36:42,64 ,270 ,270 ,474 ,5 ,18.64 ,42.72 ,1003.68 ,79.97
21:36:43,64 ,270 ,270 ,474 ,5 ,18.65 ,42.72 ,1003.66 ,80.17
21:36:44,64 ,270 ,270 ,474 ,5 ,18.64 ,42.76 ,1003.66 ,80.12
21:36:45,64 ,270 ,270 ,474 ,5 ,18.64 ,42.76 ,1003.68 ,80.00
21:36:46,63 ,270 ,270 ,474 ,5 ,18.64 ,42.76 ,1003.66 ,80.14
21:36:47,63 ,270 ,270 ,474 ,5 ,18.65 ,42.75 ,1003.69 ,79.91
21:36:49,63 ,270 ,270 ,474 ,5 ,18.64 ,42.76 ,1003.70 ,79.84
21:36:50,63 ,270 ,271 ,474 ,5 ,18.64 ,42.77 ,1003.70 ,79.83
21:36:51,63 ,271 ,271 ,474 ,5 ,18.65 ,42.76 ,1003.67 ,80.06
21:36:52,63 ,271 ,271 ,474 ,5 ,18.65 ,42.75 ,1003.72 ,79.66
21:36:53,63 ,271 ,271 ,474 ,5 ,18.65 ,42.74 ,1003.67 ,80.03
21:36:54,63 ,270 ,271 ,474 ,5 ,18.65 ,42.74 ,1003.68 ,79.98
21:37:56,63 ,270 ,271 ,474 ,5 ,18.66 ,42.70 ,1003.64 ,80.35
21:37:57,63 ,270 ,271 ,474 ,5 ,18.66 ,42.69 ,1003.62 ,80.51
21:37:58,63 ,270 ,270 ,474 ,5 ,18.66 ,42.69 ,1003.64 ,80.28
21:37:59,63 ,270 ,270 ,474 ,5 ,18.66 ,42.71 ,1003.63 ,80.38
21:38:00,63 ,268 ,268 ,474 ,5 ,18.66 ,42.69 ,1003.62 ,80.52
21:38:00,PMS7003  checksum  failed
21:38:01,0 ,0 ,0 ,474 ,5 ,18.66 ,42.69 ,1003.66 ,80.13
21:38:03,0 ,0 ,0 ,474 ,5 ,18.66 ,42.70 ,1003.62 ,80.45
21:38:04,0 ,0 ,0 ,474 ,5 ,18.66 ,42.70 ,1003.65 ,80.27
21:38:05,0 ,0 ,0 ,474 ,5 ,18.66 ,42.63 ,1003.64 ,80.41
21:38:06,0 ,0 ,0 ,474 ,5 ,18.66 ,42.67 ,1003.61 ,80.57
21:38:07,0 ,0 ,0 ,474 ,5 ,18.66 ,42.67 ,1003.64 ,80.34
21:38:08,0 ,0 ,0 ,474 ,5 ,18.67 ,42.70 ,1003.62 ,80.48
21:38:10,0 ,0 ,0 ,474 ,5 ,18.66 ,42.69 ,1003.64 ,80.32
21:38:11,0 ,0 ,0 ,474 ,5 ,18.65 ,42.67 ,1003.66 ,80.15
21:38:12,0 ,0 ,0 ,473 ,5 ,18.66 ,42.67 ,1003.64 ,80.34
21:38:13,0 ,0 ,0 ,474 ,5 ,18.66 ,42.69 ,1003.65 ,80.26
21:38:14,0 ,0 ,0 ,473 ,5 ,18.67 ,42.68 ,1003.64 ,80.34
21:38:15,0 ,0 ,0 ,474 ,5 ,18.66 ,42.69 ,1003.65 ,80.22
21:38:17,0 ,0 ,0 ,473 ,5 ,18.67 ,42.70 ,1003.67 ,80.05
21:38:18,0 ,0 ,0 ,473 ,5 ,18.66 ,42.70 ,1003.64 ,80.30
21:38:19,0 ,0 ,0 ,473 ,5 ,18.66 ,42.69 ,1003.65 ,80.27
21:38:20,0 ,0 ,0 ,474 ,5 ,18.66 ,42.70 ,1003.61 ,80.54
21:38:21,0 ,0 ,0 ,473 ,5 ,18.67 ,42.68 ,1003.64 ,80.42
21:38:22,0 ,0 ,0 ,473 ,5 ,18.67 ,42.71 ,1003.64 ,80.36
21:38:24,0 ,0 ,0 ,473 ,5 ,18.67 ,42.70 ,1003.64 ,80.30
21:38:25,0 ,0 ,0 ,473 ,5 ,18.67 ,42.70 ,1003.65 ,80.25
21:38:26,0 ,0 ,0 ,473 ,5 ,18.67 ,42.70 ,1003.64 ,80.32
21:38:27,0 ,0 ,0 ,473 ,5 ,18.67 ,42.71 ,1003.64 ,80.28
21:38:28,0 ,0 ,0 ,473 ,5 ,18.67 ,42.70 ,1003.64 ,80.31
21:38:29,0 ,0 ,0 ,473 ,5 ,18.67 ,42.68 ,1003.65 ,80.20
21:38:31,0 ,0 ,0 ,473 ,5 ,18.67 ,42.67 ,1003.63 ,80.43
21:38:32,0 ,0 ,0 ,473 ,5 ,18.66 ,42.66 ,1003.63 ,80.42
21:38:33,0 ,0 ,0 ,473 ,5 ,18.66 ,42.68 ,1003.64 ,80.33
21:38:34,0 ,0 ,0 ,473 ,5 ,18.66 ,42.67 ,1003.62 ,80.52
21:38:35,0 ,0 ,0 ,473 ,5 ,18.66 ,42.67 ,1003.65 ,80.22
21:38:36,0 ,0 ,0 ,473 ,5 ,18.66 ,42.67 ,1003.63 ,80.43
21:38:38,0 ,0 ,0 ,473 ,5 ,18.67 ,42.67 ,1003.67 ,80.07
21:38:39,0 ,0 ,0 ,473 ,5 ,18.66 ,42.68 ,1003.64 ,80.33
21:38:40,0 ,0 ,0 ,474 ,5 ,18.66 ,42.68 ,1003.64 ,80.29
21:38:41,0 ,0 ,0 ,474 ,5 ,18.66 ,42.68 ,1003.65 ,80.26
21:38:42,0 ,0 ,0 ,473 ,5 ,18.66 ,42.67 ,1003.63 ,80.40
21:38:43,0 ,0 ,0 ,473 ,5 ,18.66 ,42.68 ,1003.63 ,80.40
21:38:45,0 ,0 ,0 ,473 ,5 ,18.66 ,42.67 ,1003.66 ,80.14
21:38:46,0 ,0 ,0 ,473 ,5 ,18.66 ,42.70 ,1003.62 ,80.22
21:38:47,0 ,0 ,0 ,473 ,5 ,18.66 ,42.67 ,1003.66 ,80.19
21:38:48,0 ,0 ,0 ,473 ,5 ,18.66 ,42.67 ,1003.66 ,80.14
21:38:49,0 ,0 ,0 ,473 ,5 ,18.66 ,42.67 ,1003.64 ,80.31
21:38:50,0 ,0 ,0 ,473 ,5 ,18.66 ,42.67 ,1003.63 ,80.39
21:38:52,0 ,0 ,0 ,473 ,5 ,18.66 ,42.69 ,1003.63 ,80.40
21:38:53,0 ,0 ,0 ,473 ,5 ,18.66 ,42.70 ,1003.63 ,80.40
21:38:54,0 ,0 ,0 ,473 ,5 ,18.66 ,42.69 ,1003.63 ,80.36
21:38:55,0 ,0 ,0 ,473 ,5 ,18.66 ,42.72 ,1003.62 ,80.48
21:38:56,0 ,0 ,0 ,473 ,5 ,18.66 ,42.71 ,1003.63 ,80.39
21:38:57,0 ,0 ,0 ,473 ,5 ,18.66 ,42.70 ,1003.65 ,80.24
21:38:59,0 ,0 ,0 ,473 ,5 ,18.67 ,42.71 ,1003.63 ,80.36
21:39:00,0 ,0 ,0 ,473 ,5 ,18.66 ,42.74 ,1003.63 ,80.44
21:39:01,0 ,0 ,0 ,472 ,5 ,18.66 ,42.75 ,1003.65 ,80.21
21:39:02,0 ,0 ,0 ,473 ,5 ,18.66 ,42.72 ,1003.67 ,80.07
21:39:03,0 ,0 ,0 ,472 ,5 ,18.66 ,42.75 ,1003.64 ,80.29
21:39:04,0 ,0 ,0 ,472 ,5 ,18.67 ,43.13 ,1003.63 ,80.36
21:39:06,0 ,0 ,0 ,473 ,5 ,18.67 ,43.37 ,1003.62 ,80.51
21:39:07,0 ,0 ,0 ,472 ,5 ,18.67 ,43.60 ,1003.61 ,80.58
21:39:08,0 ,0 ,0 ,472 ,5 ,18.68 ,43.66 ,1003.66 ,80.14
21:39:09,0 ,0 ,0 ,472 ,5 ,18.68 ,43.59 ,1003.63 ,80.39
21:39:10,0 ,0 ,0 ,472 ,5 ,18.68 ,43.75 ,1003.64 ,80.31
21:39:11,0 ,0 ,0 ,472 ,5 ,18.68 ,43.83 ,1003.61 ,80.60
21:39:13,0 ,0 ,0 ,472 ,5 ,18.68 ,43.80 ,1003.61 ,80.59
21:39:14,0 ,0 ,0 ,473 ,5 ,18.68 ,43.52 ,1003.63 ,80.37
21:39:15,0 ,0 ,0 ,473 ,5 ,18.68 ,43.28 ,1003.62 ,80.48
21:39:16,0 ,0 ,0 ,472 ,5 ,18.68 ,43.15 ,1003.63 ,80.42
21:39:17,0 ,0 ,0 ,473 ,5 ,18.68 ,43.00 ,1003.61 ,80.61
21:39:18,0 ,0 ,0 ,473 ,5 ,18.68 ,42.99 ,1003.59 ,80.70
21:39:20,0 ,0 ,0 ,473 ,5 ,18.67 ,42.95 ,1003.57 ,80.87
21:39:21,0 ,0 ,0 ,473 ,5 ,18.68 ,42.90 ,1003.60 ,80.63
21:39:22,0 ,0 ,0 ,472 ,5 ,18.67 ,42.88 ,1003.58 ,80.82
21:39:23,0 ,0 ,0 ,472 ,5 ,18.67 ,42.85 ,1003.59 ,80.71
21:39:24,0 ,0 ,0 ,472 ,5 ,18.68 ,42.84 ,1003.60 ,80.65
21:39:25,0 ,0 ,0 ,472 ,5 ,18.68 ,42.90 ,1003.62 ,80.46
21:39:27,0 ,0 ,0 ,472 ,5 ,18.67 ,42.90 ,1003.59 ,80.75
21:39:28,0 ,0 ,0 ,472 ,5 ,18.68 ,43.10 ,1003.63 ,80.38
21:39:29,0 ,0 ,0 ,472 ,5 ,18.68 ,43.26 ,1003.62 ,80.45
21:39:30,0 ,0 ,0 ,472 ,5 ,18.68 ,43.25 ,1003.63 ,80.44
21:39:31,0 ,0 ,0 ,472 ,5 ,18.68 ,43.28 ,1003.62 ,80.52
21:39:32,0 ,0 ,0 ,472 ,5 ,18.69 ,43.36 ,1003.61 ,80.55
21:39:34,0 ,0 ,0 ,472 ,5 ,18.70 ,43.35 ,1003.65 ,80.22
21:39:35,0 ,0 ,0 ,472 ,5 ,18.70 ,43.24 ,1003.62 ,80.51
21:39:36,0 ,0 ,0 ,472 ,5 ,18.70 ,43.12 ,1003.61 ,80.55
21:39:37,0 ,0 ,0 ,473 ,5 ,18.69 ,43.02 ,1003.60 ,80.64
21:39:38,0 ,0 ,0 ,472 ,5 ,18.68 ,42.93 ,1003.60 ,80.62
21:39:40,0 ,0 ,0 ,472 ,5 ,18.69 ,42.89 ,1003.58 ,80.84
21:39:41,0 ,0 ,0 ,472 ,5 ,18.69 ,42.85 ,1003.61 ,80.61
21:39:42,0 ,0 ,0 ,472 ,5 ,18.70 ,42.86 ,1003.60 ,80.67
21:39:43,0 ,0 ,0 ,473 ,5 ,18.69 ,42.82 ,1003.64 ,80.34
21:39:44,0 ,0 ,0 ,473 ,5 ,18.69 ,42.81 ,1003.63 ,80.44
21:39:45,0 ,0 ,0 ,473 ,5 ,18.69 ,42.79 ,1003.60 ,80.67
21:39:47,0 ,0 ,0 ,473 ,5 ,18.69 ,42.77 ,1003.61 ,80.56
21:39:48,0 ,0 ,0 ,472 ,5 ,18.69 ,42.77 ,1003.63 ,80.43
21:39:49,0 ,0 ,0 ,472 ,5 ,18.69 ,42.77 ,1003.62 ,80.51
21:39:50,0 ,0 ,0 ,472 ,5 ,18.69 ,42.75 ,1003.62 ,80.46
21:39:51,0 ,0 ,0 ,472 ,5 ,18.69 ,42.74 ,1003.65 ,80.26
21:39:52,0 ,0 ,0 ,473 ,5 ,18.69 ,42.74 ,1003.62 ,80.48
21:40:54,0 ,0 ,0 ,473 ,5 ,18.67 ,42.75 ,1003.59 ,80.73
21:40:55,0 ,0 ,0 ,473 ,5 ,18.68 ,42.75 ,1003.61 ,80.55
21:40:56,0 ,0 ,0 ,473 ,5 ,18.68 ,42.74 ,1003.64 ,80.33
21:40:57,0 ,0 ,0 ,474 ,5 ,18.67 ,42.73 ,1003.58 ,80.82
21:40:58,0 ,0 ,0 ,474 ,5 ,18.67 ,42.73 ,1003.62 ,80.47
21:40:59,0 ,0 ,0 ,474 ,5 ,18.67 ,42.73 ,1003.62 ,80.47
21:41:01,0 ,0 ,0 ,474 ,5 ,18.67 ,42.71 ,1003.61 ,80.59
21:41:02,0 ,0 ,0 ,474 ,5 ,18.67 ,42.77 ,1003.61 ,80.58
21:41:03,0 ,0 ,0 ,474 ,5 ,18.67 ,42.70 ,1003.60 ,80.63
21:41:04,0 ,0 ,0 ,474 ,5 ,18.68 ,42.69 ,1003.61 ,80.58
21:41:05,0 ,0 ,0 ,474 ,5 ,18.67 ,42.69 ,1003.60 ,80.65
21:41:06,0 ,0 ,0 ,475 ,5 ,18.67 ,42.70 ,1003.62 ,80.48
21:41:08,0 ,0 ,0 ,474 ,5 ,18.67 ,42.69 ,1003.60 ,80.62
21:41:09,0 ,0 ,0 ,475 ,5 ,18.67 ,42.69 ,1003.63 ,80.42
21:41:10,0 ,0 ,0 ,475 ,5 ,18.67 ,42.69 ,1003.63 ,80.41
21:41:11,0 ,0 ,0 ,475 ,5 ,18.68 ,42.70 ,1003.61 ,80.58
21:41:12,0 ,0 ,0 ,475 ,5 ,18.68 ,42.69 ,1003.60 ,80.63
21:41:13,0 ,0 ,0 ,475 ,5 ,18.67 ,42.67 ,1003.59 ,80.77
21:41:15,0 ,0 ,0 ,476 ,5 ,18.67 ,42.66 ,1003.60 ,80.62
21:41:16,0 ,0 ,0 ,476 ,5 ,18.67 ,42.67 ,1003.62 ,80.51
21:41:17,0 ,0 ,0 ,475 ,5 ,18.67 ,42.66 ,1003.62 ,80.51
21:41:18,0 ,0 ,0 ,475 ,5 ,18.67 ,42.67 ,1003.64 ,80.36
21:41:19,0 ,0 ,0 ,476 ,5 ,18.67 ,42.66 ,1003.64 ,80.36
21:41:20,0 ,0 ,0 ,476 ,5 ,18.67 ,42.66 ,1003.61 ,80.60
21:41:22,0 ,0 ,0 ,476 ,5 ,18.68 ,42.67 ,1003.62 ,80.48
21:41:23,0 ,0 ,0 ,476 ,5 ,18.68 ,42.66 ,1003.63 ,80.36
21:41:24,0 ,0 ,0 ,476 ,5 ,18.67 ,42.66 ,1003.61 ,80.60
21:41:25,0 ,0 ,0 ,476 ,5 ,18.68 ,42.66 ,1003.63 ,80.42
21:41:26,0 ,0 ,0 ,476 ,5 ,18.68 ,42.66 ,1003.65 ,80.25
21:41:27,0 ,0 ,0 ,476 ,5 ,18.67 ,42.66 ,1003.61 ,80.58
21:41:29,0 ,0 ,0 ,476 ,5 ,18.67 ,42.68 ,1003.63 ,80.27
21:41:30,0 ,0 ,0 ,476 ,5 ,18.68 ,42.67 ,1003.62 ,80.49
21:41:31,0 ,0 ,0 ,476 ,5 ,18.68 ,42.67 ,1003.65 ,80.23
21:41:32,0 ,0 ,0 ,477 ,5 ,18.68 ,42.66 ,1003.62 ,80.47
21:41:33,0 ,0 ,0 ,476 ,5 ,18.68 ,42.66 ,1003.63 ,80.40
21:41:34,0 ,0 ,0 ,477 ,5 ,18.68 ,42.69 ,1003.63 ,80.40
21:41:36,0 ,0 ,0 ,476 ,5 ,18.68 ,42.66 ,1003.59 ,80.70
21:41:37,0 ,0 ,0 ,477 ,5 ,18.68 ,42.66 ,1003.63 ,80.41
21:41:38,0 ,0 ,0 ,477 ,5 ,18.68 ,42.68 ,1003.61 ,80.59
21:41:39,0 ,0 ,0 ,477 ,5 ,18.69 ,42.70 ,1003.63 ,80.41
21:41:40,0 ,0 ,0 ,477 ,5 ,18.69 ,42.67 ,1003.61 ,80.57
21:41:41,0 ,0 ,0 ,477 ,5 ,18.69 ,42.67 ,1003.65 ,80.26
21:41:43,0 ,0 ,0 ,477 ,5 ,18.68 ,42.67 ,1003.59 ,80.71
21:41:44,0 ,0 ,0 ,477 ,5 ,18.68 ,42.66 ,1003.57 ,80.92
21:41:45,0 ,0 ,0 ,477 ,5 ,18.68 ,42.65 ,1003.61 ,80.56
21:41:46,0 ,0 ,0 ,477 ,5 ,18.68 ,42.64 ,1003.57 ,80.94
21:41:47,0 ,0 ,0 ,477 ,5 ,18.69 ,42.64 ,1003.62 ,80.53
21:41:48,0 ,0 ,0 ,477 ,5 ,18.68 ,42.62 ,1003.61 ,80.57
21:41:50,0 ,0 ,0 ,477 ,5 ,18.68 ,42.62 ,1003.59 ,80.73
21:41:51,0 ,0 ,0 ,477 ,5 ,18.68 ,42.62 ,1003.63 ,80.43
21:41:52,0 ,0 ,0 ,477 ,5 ,18.68 ,42.61 ,1003.63 ,80.43
21:41:53,0 ,0 ,0 ,477 ,5 ,18.69 ,42.62 ,1003.62 ,80.47
21:41:54,0 ,0 ,0 ,477 ,5 ,18.68 ,42.62 ,1003.62 ,80.46
21:41:55,0 ,0 ,0 ,477 ,5 ,18.68 ,42.62 ,1003.64 ,80.35
21:41:57,0 ,0 ,0 ,477 ,5 ,18.69 ,42.66 ,1003.64 ,80.33
21:41:58,0 ,0 ,0 ,477 ,5 ,18.69 ,42.66 ,1003.62 ,80.48
21:41:59,0 ,0 ,0 ,477 ,5 ,18.69 ,42.66 ,1003.62 ,80.48
21:42:00,0 ,0 ,0 ,477 ,5 ,18.69 ,42.71 ,1003.62 ,80.45
21:42:01,0 ,0 ,0 ,477 ,5 ,18.69 ,42.65 ,1003.61 ,80.56
21:42:02,0 ,0 ,0 ,478 ,5 ,18.69 ,42.66 ,1003.62 ,80.49
21:42:04,0 ,0 ,0 ,477 ,5 ,18.69 ,42.66 ,1003.60 ,80.67
21:42:05,0 ,0 ,0 ,477 ,5 ,18.69 ,42.66 ,1003.62 ,80.45
21:42:06,0 ,0 ,0 ,477 ,5 ,18.69 ,42.67 ,1003.63 ,80.38
21:42:07,0 ,0 ,0 ,477 ,5 ,18.69 ,42.68 ,1003.62 ,80.49
21:42:08,0 ,0 ,0 ,477 ,5 ,18.69 ,42.68 ,1003.59 ,80.75
21:42:09,0 ,0 ,0 ,477 ,5 ,18.69 ,42.73 ,1003.58 ,80.84
21:42:11,0 ,0 ,0 ,477 ,5 ,18.69 ,42.75 ,1003.61 ,80.55
21:42:12,0 ,0 ,0 ,478 ,5 ,18.69 ,42.73 ,1003.59 ,80.72
21:42:13,0 ,0 ,0 ,478 ,5 ,18.69 ,42.72 ,1003.63 ,80.36
21:42:14,0 ,0 ,0 ,477 ,5 ,18.70 ,42.69 ,1003.64 ,80.33
21:42:15,0 ,0 ,0 ,478 ,5 ,18.70 ,42.67 ,1003.62 ,80.47
21:42:16,0 ,0 ,0 ,477 ,5 ,18.69 ,42.66 ,1003.65 ,80.26
21:42:18,0 ,0 ,0 ,478 ,5 ,18.69 ,42.65 ,1003.61 ,80.60
21:42:19,0 ,0 ,0 ,478 ,5 ,18.69 ,42.65 ,1003.57 ,80.90
21:42:20,0 ,0 ,0 ,478 ,5 ,18.69 ,42.65 ,1003.62 ,80.48
21:42:21,0 ,0 ,0 ,478 ,5 ,18.69 ,42.66 ,1003.61 ,80.58
21:42:22,0 ,0 ,0 ,478 ,5 ,18.69 ,42.65 ,1003.63 ,80.43
21:42:23,0 ,0 ,0 ,478 ,5 ,18.70 ,42.67 ,1003.65 ,80.24
21:42:25,0 ,0 ,0 ,478 ,5 ,18.69 ,42.66 ,1003.64 ,80.28
21:42:26,0 ,0 ,0 ,478 ,5 ,18.69 ,42.70 ,1003.62 ,80.50
21:42:27,0 ,0 ,0 ,478 ,5 ,18.69 ,42.67 ,1003.63 ,80.42
21:42:28,0 ,0 ,0 ,478 ,5 ,18.69 ,42.70 ,1003.63 ,80.42
21:42:29,0 ,0 ,0 ,478 ,5 ,18.69 ,42.69 ,1003.63 ,80.41
21:42:30,0 ,0 ,0 ,478 ,5 ,18.69 ,42.69 ,1003.63 ,80.42
21:42:32,0 ,0 ,0 ,478 ,5 ,18.70 ,42.69 ,1003.64 ,80.34
21:42:33,0 ,0 ,0 ,478 ,5 ,18.69 ,42.68 ,1003.59 ,80.71
21:42:34,0 ,0 ,0 ,478 ,5 ,18.69 ,42.68 ,1003.63 ,80.43
21:42:35,0 ,0 ,0 ,478 ,5 ,18.69 ,42.67 ,1003.64 ,80.34
21:42:36,0 ,0 ,0 ,478 ,5 ,18.68 ,42.66 ,1003.59 ,80.75
21:42:37,0 ,0 ,0 ,477 ,5 ,18.69 ,42.67 ,1003.61 ,80.61
21:42:39,0 ,0 ,0 ,478 ,5 ,18.69 ,42.67 ,1003.61 ,80.55
21:42:40,0 ,0 ,0 ,477 ,5 ,18.69 ,42.67 ,1003.61 ,80.59
21:42:41,0 ,0 ,0 ,477 ,5 ,18.69 ,42.67 ,1003.60 ,80.65
21:42:42,0 ,0 ,0 ,477 ,5 ,18.69 ,42.67 ,1003.63 ,80.38
21:42:43,0 ,0 ,0 ,477 ,5 ,18.68 ,42.66 ,1003.63 ,80.36
21:42:44,0 ,0 ,0 ,477 ,5 ,18.68 ,42.67 ,1003.63 ,80.42
21:42:46,0 ,0 ,0 ,478 ,5 ,18.68 ,42.65 ,1003.59 ,80.77
21:42:47,0 ,0 ,0 ,477 ,5 ,18.68 ,42.66 ,1003.62 ,80.50
21:42:48,0 ,0 ,0 ,477 ,5 ,18.69 ,42.67 ,1003.60 ,80.64
21:42:49,0 ,0 ,0 ,477 ,5 ,18.69 ,42.66 ,1003.59 ,80.72
21:42:50,0 ,0 ,0 ,477 ,5 ,18.69 ,42.67 ,1003.63 ,80.44
21:43:51,0 ,0 ,0 ,480 ,5 ,18.68 ,42.66 ,1003.59 ,80.76
21:43:53,0 ,0 ,0 ,481 ,5 ,18.68 ,42.65 ,1003.59 ,80.77
21:43:54,0 ,0 ,0 ,481 ,5 ,18.68 ,42.66 ,1003.61 ,80.58
21:43:55,0 ,0 ,0 ,481 ,5 ,18.68 ,42.68 ,1003.59 ,80.76
21:43:56,0 ,0 ,0 ,481 ,5 ,18.68 ,42.67 ,1003.58 ,80.86
21:43:57,0 ,0 ,0 ,481 ,5 ,18.68 ,42.67 ,1003.62 ,80.45
21:43:58,0 ,0 ,0 ,481 ,5 ,18.67 ,42.68 ,1003.62 ,80.48
21:44:00,0 ,0 ,0 ,481 ,5 ,18.68 ,42.66 ,1003.62 ,80.49
21:44:01,0 ,0 ,0 ,481 ,5 ,18.69 ,42.66 ,1003.63 ,80.38
21:44:02,0 ,0 ,0 ,480 ,5 ,18.69 ,42.66 ,1003.60 ,80.67
21:44:03,0 ,0 ,0 ,481 ,5 ,18.68 ,42.68 ,1003.62 ,80.50
21:44:04,0 ,0 ,0 ,481 ,5 ,18.69 ,42.66 ,1003.62 ,80.51
21:44:05,0 ,0 ,0 ,481 ,5 ,18.68 ,42.67 ,1003.60 ,80.67
21:44:07,0 ,0 ,0 ,481 ,5 ,18.68 ,42.68 ,1003.60 ,80.64
21:44:08,0 ,0 ,0 ,481 ,5 ,18.68 ,42.69 ,1003.60 ,80.63
21:44:09,0 ,0 ,0 ,481 ,5 ,18.69 ,42.68 ,1003.63 ,80.38
21:44:10,0 ,0 ,0 ,481 ,5 ,18.69 ,42.68 ,1003.62 ,80.50
21:44:11,0 ,0 ,0 ,481 ,5 ,18.69 ,42.67 ,1003.60 ,80.65
21:44:12,0 ,0 ,0 ,481 ,5 ,18.68 ,42.68 ,1003.60 ,80.62
21:44:14,0 ,0 ,0 ,481 ,5 ,18.68 ,42.68 ,1003.64 ,80.31
21:44:15,0 ,0 ,0 ,481 ,5 ,18.69 ,42.68 ,1003.64 ,80.28
21:44:16,0 ,0 ,0 ,481 ,5 ,18.68 ,42.68 ,1003.59 ,80.74
21:44:17,0 ,0 ,0 ,481 ,5 ,18.68 ,42.68 ,1003.61 ,80.57
21:44:18,0 ,0 ,0 ,481 ,5 ,18.68 ,42.69 ,1003.60 ,80.65
21:44:19,0 ,0 ,0 ,481 ,5 ,18.68 ,42.66 ,1003.62 ,80.46
21:44:21,0 ,0 ,0 ,481 ,5 ,18.68 ,42.65 ,1003.59 ,80.78
21:44:22,0 ,0 ,0 ,481 ,5 ,18.68 ,42.65 ,1003.62 ,80.50
21:44:23,0 ,0 ,0 ,481 ,5 ,18.68 ,42.65 ,1003.58 ,80.85
21:44:24,0 ,0 ,0 ,481 ,5 ,18.68 ,42.65 ,1003.60 ,80.68
21:44:25,0 ,0 ,0 ,480 ,5 ,18.68 ,42.66 ,1003.63 ,80.43
21:44:26,0 ,0 ,0 ,481 ,5 ,18.68 ,42.69 ,1003.63 ,80.37
21:44:28,0 ,0 ,0 ,481 ,5 ,18.68 ,42.67 ,1003.62 ,80.48
21:44:29,0 ,0 ,0 ,481 ,5 ,18.68 ,42.68 ,1003.62 ,80.46
21:44:30,0 ,0 ,0 ,481 ,5 ,18.68 ,42.68 ,1003.61 ,80.55
21:44:31,0 ,0 ,0 ,481 ,5 ,18.68 ,42.69 ,1003.61 ,80.55
21:44:32,0 ,0 ,0 ,481 ,5 ,18.68 ,42.69 ,1003.60 ,80.62
21:44:33,0 ,0 ,0 ,481 ,5 ,18.68 ,42.69 ,1003.61 ,80.56
21:44:35,0 ,0 ,0 ,481 ,5 ,18.68 ,42.69 ,1003.61 ,80.60
21:44:36,0 ,0 ,0 ,481 ,5 ,18.68 ,42.66 ,1003.64 ,80.29
21:44:37,0 ,0 ,0 ,481 ,5 ,18.68 ,42.66 ,1003.64 ,80.35
21:44:38,0 ,0 ,0 ,481 ,5 ,18.68 ,42.62 ,1003.62 ,80.20
21:44:39,0 ,0 ,0 ,480 ,5 ,18.68 ,42.66 ,1003.60 ,80.66
21:44:40,0 ,0 ,0 ,480 ,5 ,18.68 ,42.66 ,1003.63 ,80.37
21:44:42,0 ,0 ,0 ,480 ,5 ,18.68 ,42.67 ,1003.63 ,80.44
21:44:43,0 ,0 ,0 ,480 ,5 ,18.68 ,42.66 ,1003.59 ,80.73
21:44:44,0 ,0 ,0 ,480 ,5 ,18.68 ,42.66 ,1003.60 ,80.65
21:44:45,0 ,0 ,0 ,480 ,5 ,18.68 ,42.66 ,1003.58 ,80.79
21:44:46,0 ,0 ,0 ,480 ,5 ,18.69 ,42.65 ,1003.64 ,80.29
21:44:47,0 ,0 ,0 ,480 ,5 ,18.69 ,42.65 ,1003.62 ,80.47
21:44:49,0 ,0 ,0 ,480 ,5 ,18.68 ,42.64 ,1003.64 ,80.30
21:44:50,0 ,0 ,0 ,480 ,5 ,18.68 ,42.64 ,1003.61 ,80.60
21:44:51,0 ,0 ,0 ,480 ,5 ,18.68 ,42.62 ,1003.61 ,80.56
21:44:52,0 ,0 ,0 ,480 ,5 ,18.68 ,42.62 ,1003.61 ,80.61
21:44:53,0 ,0 ,0 ,480 ,5 ,18.68 ,42.62 ,1003.63 ,80.38
21:44:54,0 ,0 ,0 ,480 ,5 ,18.68 ,42.64 ,1003.62 ,80.50
21:44:56,0 ,0 ,0 ,480 ,5 ,18.68 ,42.65 ,1003.61 ,80.57
21:44:57,0 ,0 ,0 ,480 ,5 ,18.68 ,42.62 ,1003.62 ,80.46
21:44:58,0 ,0 ,0 ,480 ,5 ,18.68 ,42.62 ,1003.63 ,80.38
21:44:59,0 ,0 ,0 ,480 ,5 ,18.68 ,42.62 ,1003.63 ,80.41
21:45:00,0 ,0 ,0 ,480 ,5 ,18.68 ,42.61 ,1003.63 ,80.36
21:45:01,0 ,0 ,0 ,481 ,5 ,18.68 ,42.63 ,1003.67 ,80.03
21:45:03,0 ,0 ,0 ,481 ,5 ,18.67 ,42.63 ,1003.61 ,80.61
21:45:04,0 ,0 ,0 ,480 ,5 ,18.67 ,42.62 ,1003.61 ,80.54
21:45:05,0 ,0 ,0 ,480 ,5 ,18.67 ,42.62 ,1003.61 ,80.57
21:45:06,0 ,0 ,0 ,480 ,5 ,18.68 ,42.63 ,1003.62 ,80.51
21:45:07,0 ,0 ,0 ,480 ,5 ,18.68 ,42.62 ,1003.64 ,80.33
21:45:08,0 ,0 ,0 ,480 ,5 ,18.67 ,42.58 ,1003.62 ,80.40
21:45:10,0 ,0 ,0 ,480 ,5 ,18.67 ,42.65 ,1003.61 ,80.54
21:45:11,0 ,0 ,0 ,480 ,5 ,18.68 ,42.63 ,1003.58 ,80.85
21:45:12,0 ,0 ,0 ,480 ,5 ,18.67 ,42.63 ,1003.63 ,80.37
21:45:13,0 ,0 ,0 ,480 ,5 ,18.67 ,42.63 ,1003.59 ,80.73
21:45:14,0 ,0 ,0 ,480 ,5 ,18.67 ,42.63 ,1003.58 ,80.82
21:45:15,0 ,0 ,0 ,480 ,5 ,18.67 ,42.62 ,1003.61 ,80.58
21:45:17,0 ,0 ,0 ,479 ,5 ,18.68 ,42.62 ,1003.63 ,80.38
21:45:18,0 ,0 ,0 ,479 ,5 ,18.67 ,42.63 ,1003.60 ,80.65
21:45:19,0 ,0 ,0 ,479 ,5 ,18.67 ,42.66 ,1003.62 ,80.47
21:45:20,0 ,0 ,0 ,479 ,5 ,18.67 ,42.62 ,1003.60 ,80.65
21:45:21,0 ,0 ,0 ,479 ,5 ,18.67 ,42.63 ,1003.59 ,80.77
21:45:23,0 ,0 ,0 ,479 ,5 ,18.67 ,42.62 ,1003.64 ,80.32
21:45:24,0 ,0 ,0 ,479 ,5 ,18.67 ,42.63 ,1003.57 ,80.87
21:45:25,0 ,0 ,0 ,479 ,5 ,18.67 ,42.63 ,1003.58 ,80.79
21:45:26,0 ,0 ,0 ,479 ,5 ,18.67 ,42.63 ,1003.60 ,80.69
21:45:27,0 ,0 ,0 ,479 ,5 ,18.67 ,42.66 ,1003.59 ,80.70
21:45:28,0 ,0 ,0 ,479 ,5 ,18.67 ,42.63 ,1003.62 ,80.47
21:45:30,0 ,0 ,0 ,479 ,5 ,18.67 ,42.63 ,1003.64 ,80.31
21:45:31,0 ,0 ,0 ,478 ,5 ,18.67 ,42.65 ,1003.63 ,80.41
21:45:32,0 ,0 ,0 ,478 ,5 ,18.67 ,42.66 ,1003.60 ,80.67
21:45:33,0 ,0 ,0 ,478 ,5 ,18.67 ,42.66 ,1003.60 ,80.68
21:45:34,0 ,0 ,0 ,478 ,5 ,18.67 ,42.69 ,1003.59 ,80.70
21:45:35,0 ,0 ,0 ,478 ,5 ,18.67 ,42.67 ,1003.61 ,80.61
21:45:37,0 ,0 ,0 ,478 ,5 ,18.67 ,42.65 ,1003.61 ,80.57
21:45:38,0 ,0 ,0 ,478 ,5 ,18.67 ,42.65 ,1003.61 ,80.59
21:45:39,0 ,0 ,0 ,478 ,5 ,18.67 ,42.65 ,1003.63 ,80.38
21:45:40,0 ,0 ,0 ,478 ,5 ,18.67 ,42.66 ,1003.59 ,80.76
21:45:41,0 ,0 ,0 ,478 ,5 ,18.67 ,42.66 ,1003.61 ,80.60
21:45:42,0 ,0 ,0 ,478 ,5 ,18.67 ,42.67 ,1003.64 ,80.35
21:45:44,0 ,0 ,0 ,478 ,5 ,18.67 ,42.67 ,1003.64 ,80.30
21:45:45,0 ,0 ,0 ,478 ,5 ,18.67 ,42.68 ,1003.62 ,80.52
21:45:46,0 ,0 ,0 ,478 ,5 ,18.67 ,42.66 ,1003.62 ,80.51
21:45:47,0 ,0 ,0 ,478 ,5 ,18.67 ,42.67 ,1003.61 ,80.57
21:45:48,0 ,0 ,0 ,478 ,5 ,18.68 ,42.66 ,1003.61 ,80.56
21:46:49,0 ,0 ,0 ,477 ,5 ,18.70 ,42.64 ,1003.60 ,80.68
21:46:51,0 ,0 ,0 ,478 ,5 ,18.70 ,42.63 ,1003.62 ,80.47
21:46:52,0 ,0 ,0 ,478 ,5 ,18.70 ,42.62 ,1003.61 ,80.61
21:46:53,0 ,0 ,0 ,477 ,5 ,18.69 ,42.61 ,1003.62 ,80.52
21:46:54,0 ,0 ,0 ,477 ,5 ,18.69 ,42.62 ,1003.58 ,80.80
21:46:55,0 ,0 ,0 ,477 ,5 ,18.69 ,42.61 ,1003.58 ,80.79
21:46:56,70 ,271 ,271 ,477 ,5 ,18.69 ,42.61 ,1003.59 ,80.70
21:46:58,70 ,270 ,270 ,477 ,5 ,18.69 ,42.61 ,1003.61 ,80.60
21:46:59,69 ,270 ,270 ,477 ,5 ,18.69 ,42.61 ,1003.58 ,80.82
21:47:00,69 ,270 ,270 ,477 ,5 ,18.69 ,42.61 ,1003.58 ,80.80
21:47:01,69 ,270 ,270 ,477 ,5 ,18.69 ,42.64 ,1003.61 ,80.58
21:47:02,69 ,271 ,271 ,477 ,5 ,18.69 ,42.61 ,1003.59 ,80.70
21:47:03,69 ,271 ,271 ,477 ,5 ,18.69 ,42.61 ,1003.60 ,80.69
21:47:05,69 ,271 ,271 ,477 ,5 ,18.69 ,42.61 ,1003.62 ,80.48
21:47:06,69 ,271 ,271 ,477 ,5 ,18.69 ,42.62 ,1003.58 ,80.79
21:47:07,69 ,271 ,271 ,477 ,5 ,18.69 ,42.62 ,1003.63 ,80.43
21:47:08,69 ,271 ,271 ,477 ,5 ,18.69 ,42.62 ,1003.60 ,80.63
21:47:09,69 ,271 ,271 ,477 ,5 ,18.69 ,42.61 ,1003.62 ,80.45
21:47:10,69 ,271 ,271 ,477 ,5 ,18.69 ,42.62 ,1003.62 ,80.46
21:47:12,69 ,271 ,271 ,477 ,5 ,18.69 ,42.62 ,1003.60 ,80.67
21:47:13,69 ,271 ,271 ,477 ,5 ,18.69 ,42.64 ,1003.60 ,80.64
21:47:14,69 ,271 ,271 ,477 ,5 ,18.69 ,42.64 ,1003.59 ,80.76
21:47:15,69 ,271 ,271 ,477 ,5 ,18.68 ,42.62 ,1003.60 ,80.62
21:47:16,69 ,271 ,271 ,477 ,5 ,18.69 ,42.62 ,1003.60 ,80.64
21:47:17,69 ,271 ,271 ,477 ,5 ,18.69 ,42.62 ,1003.57 ,80.86
21:47:19,69 ,271 ,271 ,477 ,5 ,18.69 ,42.61 ,1003.63 ,80.41
21:47:20,69 ,271 ,271 ,477 ,5 ,18.68 ,42.65 ,1003.58 ,80.79
21:47:21,69 ,271 ,271 ,477 ,5 ,18.68 ,42.64 ,1003.60 ,80.62
21:47:22,69 ,271 ,271 ,477 ,5 ,18.68 ,42.64 ,1003.58 ,80.84
21:47:23,69 ,271 ,271 ,477 ,5 ,18.68 ,42.65 ,1003.61 ,80.53
21:47:24,69 ,271 ,271 ,477 ,5 ,18.68 ,42.66 ,1003.56 ,80.95
21:47:26,67 ,271 ,271 ,477 ,5 ,18.68 ,42.65 ,1003.60 ,80.67
21:47:27,67 ,271 ,271 ,477 ,5 ,18.69 ,42.65 ,1003.63 ,80.39
21:47:28,67 ,271 ,271 ,477 ,5 ,18.68 ,42.63 ,1003.59 ,80.73
21:47:29,67 ,270 ,270 ,477 ,5 ,18.68 ,42.63 ,1003.58 ,80.83
21:47:30,67 ,270 ,270 ,477 ,5 ,18.69 ,42.64 ,1003.61 ,80.58
21:47:31,67 ,270 ,270 ,478 ,5 ,18.68 ,42.62 ,1003.61 ,80.58
21:47:33,67 ,270 ,270 ,478 ,5 ,18.68 ,42.62 ,1003.57 ,80.90
21:47:34,67 ,270 ,270 ,478 ,5 ,18.68 ,42.62 ,1003.56 ,80.95
21:47:35,67 ,270 ,270 ,478 ,5 ,18.68 ,42.62 ,1003.59 ,80.71
21:47:36,67 ,270 ,270 ,478 ,5 ,18.68 ,42.63 ,1003.58 ,80.79
21:47:37,67 ,270 ,270 ,478 ,5 ,18.67 ,42.63 ,1003.57 ,80.89
21:47:38,67 ,268 ,268 ,478 ,5 ,18.67 ,42.63 ,1003.59 ,80.77
21:47:40,67 ,268 ,268 ,478 ,5 ,18.67 ,42.62 ,1003.60 ,80.62
21:47:41,67 ,268 ,268 ,478 ,5 ,18.66 ,42.61 ,1003.59 ,80.77
21:47:42,66 ,270 ,270 ,478 ,5 ,18.67 ,42.62 ,1003.64 ,80.34
21:47:43,66 ,270 ,270 ,479 ,5 ,18.67 ,42.62 ,1003.62 ,80.52
21:47:44,66 ,270 ,270 ,479 ,5 ,18.67 ,42.62 ,1003.63 ,80.42
21:47:45,66 ,270 ,270 ,478 ,5 ,18.67 ,42.62 ,1003.63 ,80.43
21:47:47,66 ,270 ,270 ,479 ,5 ,18.67 ,42.61 ,1003.61 ,80.57
21:47:48,64 ,271 ,271 ,479 ,5 ,18.67 ,42.63 ,1003.59 ,80.78
21:47:49,64 ,271 ,271 ,479 ,5 ,18.67 ,42.63 ,1003.60 ,80.62
21:47:50,64 ,271 ,271 ,479 ,5 ,18.67 ,42.64 ,1003.59 ,80.73
21:47:51,64 ,271 ,271 ,479 ,5 ,18.67 ,42.63 ,1003.57 ,80.88
21:47:52,64 ,271 ,271 ,479 ,5 ,18.67 ,42.65 ,1003.60 ,80.63
21:47:54,64 ,271 ,271 ,479 ,5 ,18.67 ,42.68 ,1003.60 ,80.67
21:47:55,64 ,271 ,271 ,479 ,5 ,18.66 ,42.66 ,1003.58 ,80.79
21:47:56,64 ,273 ,273 ,479 ,5 ,18.67 ,42.67 ,1003.61 ,80.58
21:47:57,64 ,273 ,273 ,479 ,5 ,18.67 ,42.67 ,1003.59 ,80.73
21:47:58,64 ,273 ,273 ,479 ,5 ,18.67 ,42.68 ,1003.63 ,80.43
21:47:59,66 ,273 ,273 ,480 ,5 ,18.67 ,42.68 ,1003.60 ,80.67
21:48:01,66 ,273 ,273 ,480 ,5 ,18.67 ,42.68 ,1003.62 ,80.46
21:48:02,66 ,273 ,273 ,480 ,5 ,18.67 ,42.66 ,1003.63 ,80.44
21:48:03,66 ,274 ,274 ,480 ,5 ,18.67 ,42.66 ,1003.60 ,80.65
21:48:04,66 ,274 ,274 ,480 ,5 ,18.67 ,42.65 ,1003.60 ,80.63
21:48:05,66 ,274 ,274 ,480 ,5 ,18.67 ,42.65 ,1003.61 ,80.56
21:48:06,66 ,274 ,274 ,480 ,5 ,18.67 ,42.66 ,1003.60 ,80.65
21:48:08,66 ,274 ,274 ,480 ,5 ,18.67 ,42.65 ,1003.60 ,80.61
21:48:09,66 ,274 ,274 ,480 ,5 ,18.68 ,42.65 ,1003.61 ,80.61
21:48:10,66 ,274 ,274 ,480 ,5 ,18.67 ,42.65 ,1003.56 ,80.97
21:48:11,66 ,274 ,274 ,480 ,5 ,18.68 ,42.65 ,1003.59 ,80.75
21:48:12,66 ,274 ,274 ,480 ,5 ,18.68 ,42.67 ,1003.60 ,80.71
21:48:13,66 ,274 ,274 ,480 ,5 ,18.68 ,42.65 ,1003.60 ,80.66
21:48:15,66 ,274 ,274 ,480 ,5 ,18.68 ,42.65 ,1003.59 ,80.74
21:48:16,67 ,274 ,274 ,480 ,5 ,18.67 ,42.63 ,1003.61 ,80.54
21:48:17,67 ,274 ,274 ,480 ,5 ,18.67 ,42.63 ,1003.61 ,80.60
21:48:18,67 ,274 ,274 ,480 ,5 ,18.68 ,42.62 ,1003.58 ,80.84
21:48:19,67 ,274 ,274 ,480 ,5 ,18.67 ,42.63 ,1003.59 ,80.71
21:48:20,67 ,274 ,274 ,480 ,5 ,18.68 ,42.63 ,1003.58 ,80.82
21:48:22,67 ,273 ,273 ,480 ,5 ,18.67 ,42.63 ,1003.57 ,80.92
21:48:23,67 ,273 ,273 ,480 ,5 ,18.67 ,42.65 ,1003.58 ,80.84
21:48:24,67 ,273 ,273 ,480 ,5 ,18.67 ,42.65 ,1003.58 ,80.80
21:48:25,67 ,273 ,273 ,480 ,5 ,18.67 ,42.63 ,1003.58 ,80.78
21:48:26,67 ,273 ,273 ,480 ,5 ,18.67 ,42.62 ,1003.61 ,80.58
21:48:27,67 ,273 ,273 ,480 ,5 ,18.67 ,42.65 ,1003.58 ,80.82
21:48:29,67 ,273 ,273 ,480 ,5 ,18.67 ,42.65 ,1003.58 ,80.80
21:48:30,67 ,273 ,273 ,480 ,5 ,18.67 ,42.66 ,1003.60 ,80.63
21:48:31,67 ,273 ,273 ,480 ,5 ,18.67 ,42.66 ,1003.57 ,80.90
21:48:32,67 ,273 ,273 ,480 ,5 ,18.66 ,42.66 ,1003.54 ,81.13
21:48:33,67 ,273 ,273 ,481 ,5 ,18.67 ,42.67 ,1003.55 ,81.06
21:48:34,67 ,273 ,273 ,481 ,5 ,18.67 ,42.65 ,1003.56 ,81.02
21:48:36,67 ,273 ,273 ,481 ,5 ,18.67 ,42.66 ,1003.55 ,81.10
21:48:37,67 ,273 ,273 ,481 ,5 ,18.67 ,42.69 ,1003.57 ,80.87
21:48:38,66 ,273 ,273 ,481 ,5 ,18.67 ,42.67 ,1003.58 ,80.85
21:48:39,66 ,273 ,273 ,480 ,5 ,18.68 ,42.67 ,1003.60 ,80.64
21:48:40,66 ,273 ,273 ,481 ,5 ,18.67 ,42.69 ,1003.57 ,80.90
21:48:41,66 ,273 ,273 ,480 ,5 ,18.67 ,42.68 ,1003.59 ,80.73
21:48:43,66 ,273 ,273 ,481 ,5 ,18.67 ,42.70 ,1003.61 ,80.77
21:48:44,66 ,273 ,273 ,481 ,5 ,18.67 ,42.66 ,1003.57 ,80.94
21:48:45,66 ,273 ,273 ,481 ,5 ,18.67 ,42.66 ,1003.57 ,80.89
21:48:46,66 ,273 ,273 ,481 ,5 ,18.67 ,42.66 ,1003.57 ,80.87
21:49:47,66 ,273 ,273 ,478 ,5 ,18.68 ,42.65 ,1003.58 ,80.80
21:49:48,66 ,273 ,273 ,478 ,5 ,18.68 ,42.65 ,1003.60 ,80.62
21:49:50,66 ,271 ,271 ,477 ,5 ,18.68 ,42.63 ,1003.59 ,80.73
21:49:51,66 ,271 ,271 ,477 ,5 ,18.68 ,42.65 ,1003.61 ,80.57
21:49:52,66 ,271 ,271 ,477 ,5 ,18.68 ,42.63 ,1003.62 ,80.52
21:49:53,66 ,273 ,273 ,477 ,5 ,18.67 ,42.63 ,1003.61 ,80.58
21:49:53,PMS7003  checksum  failed
21:49:54,0 ,0 ,0 ,477 ,5 ,18.67 ,42.63 ,1003.59 ,80.75
21:49:55,0 ,0 ,0 ,477 ,5 ,18.68 ,42.63 ,1003.59 ,80.76
21:49:57,0 ,0 ,0 ,477 ,5 ,18.68 ,42.64 ,1003.61 ,80.55
21:49:58,0 ,0 ,0 ,477 ,5 ,18.68 ,42.62 ,1003.62 ,80.51
21:49:59,0 ,0 ,0 ,477 ,5 ,18.67 ,42.61 ,1003.60 ,80.67
21:50:00,0 ,0 ,0 ,477 ,5 ,18.68 ,42.63 ,1003.61 ,80.59
21:50:01,0 ,0 ,0 ,477 ,5 ,18.67 ,42.61 ,1003.61 ,80.54
21:50:02,0 ,0 ,0 ,477 ,5 ,18.68 ,42.61 ,1003.57 ,80.92
21:50:04,0 ,0 ,0 ,477 ,5 ,18.67 ,42.65 ,1003.59 ,80.71
21:50:05,0 ,0 ,0 ,477 ,5 ,18.68 ,42.61 ,1003.57 ,80.91
21:50:06,0 ,0 ,0 ,477 ,5 ,18.68 ,42.62 ,1003.61 ,80.55
21:50:07,0 ,0 ,0 ,477 ,5 ,18.68 ,42.61 ,1003.57 ,80.89
21:50:08,0 ,0 ,0 ,477 ,5 ,18.68 ,42.62 ,1003.58 ,80.81
21:50:09,0 ,0 ,0 ,477 ,5 ,18.68 ,42.61 ,1003.57 ,80.91
21:50:11,0 ,0 ,0 ,477 ,5 ,18.67 ,42.62 ,1003.57 ,80.91
21:50:12,0 ,0 ,0 ,477 ,5 ,18.68 ,42.61 ,1003.57 ,80.91
21:50:13,0 ,0 ,0 ,477 ,5 ,18.68 ,42.63 ,1003.59 ,80.74
21:50:14,0 ,0 ,0 ,477 ,5 ,18.68 ,42.62 ,1003.56 ,80.97
21:50:15,0 ,0 ,0 ,477 ,5 ,18.68 ,42.61 ,1003.60 ,80.65
21:50:16,0 ,0 ,0 ,477 ,5 ,18.68 ,42.62 ,1003.60 ,80.69
21:50:18,0 ,0 ,0 ,477 ,5 ,18.68 ,42.61 ,1003.60 ,80.65
21:50:19,0 ,0 ,0 ,477 ,5 ,18.68 ,42.61 ,1003.60 ,80.65
21:50:20,0 ,0 ,0 ,477 ,5 ,18.68 ,42.73 ,1003.61 ,80.74
21:50:21,0 ,0 ,0 ,477 ,5 ,18.68 ,42.63 ,1003.59 ,80.73
21:50:22,0 ,0 ,0 ,477 ,5 ,18.68 ,42.63 ,1003.58 ,80.85
21:50:23,0 ,0 ,0 ,476 ,5 ,18.68 ,42.65 ,1003.58 ,80.81
21:50:25,0 ,0 ,0 ,476 ,5 ,18.68 ,42.65 ,1003.61 ,80.55
21:50:26,0 ,0 ,0 ,476 ,5 ,18.68 ,42.66 ,1003.58 ,80.85
21:50:27,0 ,0 ,0 ,476 ,5 ,18.68 ,42.64 ,1003.56 ,80.96
21:50:28,0 ,0 ,0 ,476 ,5 ,18.68 ,42.63 ,1003.56 ,81.01
21:50:29,0 ,0 ,0 ,476 ,5 ,18.67 ,42.65 ,1003.57 ,80.92
21:50:30,0 ,0 ,0 ,476 ,5 ,18.68 ,42.63 ,1003.59 ,80.76
21:50:32,0 ,0 ,0 ,476 ,5 ,18.68 ,42.65 ,1003.59 ,80.73
21:50:33,0 ,0 ,0 ,476 ,5 ,18.68 ,42.65 ,1003.59 ,80.73
21:50:34,0 ,0 ,0 ,476 ,5 ,18.68 ,42.63 ,1003.58 ,80.85
21:50:35,0 ,0 ,0 ,476 ,5 ,18.68 ,42.65 ,1003.61 ,80.58
21:50:36,0 ,0 ,0 ,476 ,5 ,18.67 ,42.65 ,1003.58 ,80.78
21:50:37,0 ,0 ,0 ,476 ,5 ,18.68 ,42.63 ,1003.58 ,80.86
21:50:39,0 ,0 ,0 ,476 ,5 ,18.67 ,42.63 ,1003.61 ,80.61
21:50:40,0 ,0 ,0 ,476 ,5 ,18.67 ,42.62 ,1003.58 ,80.82
21:50:41,0 ,0 ,0 ,475 ,5 ,18.67 ,42.62 ,1003.55 ,81.09
21:50:42,0 ,0 ,0 ,475 ,5 ,18.67 ,42.62 ,1003.56 ,81.03
21:50:43,0 ,0 ,0 ,476 ,5 ,18.68 ,42.63 ,1003.60 ,80.69
21:50:44,0 ,0 ,0 ,476 ,5 ,18.67 ,42.63 ,1003.55 ,81.09
21:50:46,0 ,0 ,0 ,476 ,5 ,18.67 ,42.65 ,1003.58 ,80.81
21:50:47,0 ,0 ,0 ,476 ,5 ,18.67 ,42.62 ,1003.58 ,80.79
21:50:48,0 ,0 ,0 ,476 ,5 ,18.67 ,42.65 ,1003.60 ,80.67
21:50:49,0 ,0 ,0 ,476 ,5 ,18.68 ,42.62 ,1003.59 ,80.71
21:50:50,0 ,0 ,0 ,476 ,5 ,18.68 ,42.63 ,1003.57 ,80.87
21:50:51,0 ,0 ,0 ,476 ,5 ,18.68 ,42.65 ,1003.57 ,80.90
21:50:53,0 ,0 ,0 ,476 ,5 ,18.68 ,42.65 ,1003.60 ,80.69
21:50:54,0 ,0 ,0 ,476 ,5 ,18.67 ,42.65 ,1003.62 ,80.46
21:50:55,0 ,0 ,0 ,476 ,5 ,18.67 ,42.66 ,1003.58 ,80.80
21:50:56,0 ,0 ,0 ,476 ,5 ,18.67 ,42.65 ,1003.59 ,80.70
21:50:57,0 ,0 ,0 ,476 ,5 ,18.68 ,42.66 ,1003.59 ,80.76
21:50:58,0 ,0 ,0 ,476 ,5 ,18.68 ,42.66 ,1003.60 ,80.63
21:51:00,0 ,0 ,0 ,476 ,5 ,18.67 ,42.66 ,1003.60 ,80.64
21:51:01,0 ,0 ,0 ,476 ,5 ,18.67 ,42.67 ,1003.60 ,80.67
21:51:02,0 ,0 ,0 ,475 ,5 ,18.68 ,42.68 ,1003.60 ,80.62
21:51:03,0 ,0 ,0 ,475 ,5 ,18.67 ,42.68 ,1003.58 ,80.83
21:51:04,0 ,0 ,0 ,475 ,5 ,18.67 ,42.69 ,1003.58 ,80.81
21:51:05,0 ,0 ,0 ,475 ,5 ,18.67 ,42.69 ,1003.62 ,80.51
21:51:07,0 ,0 ,0 ,475 ,5 ,18.67 ,42.69 ,1003.58 ,80.82
21:51:08,0 ,0 ,0 ,475 ,5 ,18.68 ,42.68 ,1003.59 ,80.72
21:51:09,0 ,0 ,0 ,476 ,5 ,18.67 ,42.67 ,1003.57 ,80.93
21:51:10,0 ,0 ,0 ,476 ,5 ,18.68 ,42.66 ,1003.61 ,80.55
21:51:11,0 ,0 ,0 ,475 ,5 ,18.67 ,42.65 ,1003.60 ,80.62
21:51:12,0 ,0 ,0 ,475 ,5 ,18.67 ,42.65 ,1003.61 ,80.61
21:51:14,0 ,0 ,0 ,475 ,5 ,18.67 ,42.65 ,1003.59 ,80.75
21:51:15,0 ,0 ,0 ,475 ,5 ,18.67 ,42.67 ,1003.58 ,80.85
21:51:16,0 ,0 ,0 ,475 ,5 ,18.68 ,42.68 ,1003.59 ,80.76
21:51:17,0 ,0 ,0 ,475 ,5 ,18.67 ,42.68 ,1003.59 ,80.72
21:51:18,0 ,0 ,0 ,475 ,5 ,18.68 ,42.67 ,1003.59 ,80.73
21:51:19,0 ,0 ,0 ,475 ,5 ,18.68 ,42.66 ,1003.59 ,80.70
21:51:21,0 ,0 ,0 ,475 ,5 ,18.67 ,42.66 ,1003.58 ,80.81
21:51:22,0 ,0 ,0 ,475 ,5 ,18.68 ,42.65 ,1003.58 ,80.80
21:51:23,0 ,0 ,0 ,475 ,5 ,18.67 ,42.63 ,1003.58 ,80.78
21:51:24,0 ,0 ,0 ,475 ,5 ,18.68 ,42.63 ,1003.59 ,80.76
21:51:25,0 ,0 ,0 ,475 ,5 ,18.68 ,42.66 ,1003.61 ,80.53
21:51:26,0 ,0 ,0 ,476 ,5 ,18.68 ,42.63 ,1003.60 ,80.67
21:51:28,0 ,0 ,0 ,475 ,5 ,18.67 ,42.65 ,1003.60 ,80.66
21:51:29,0 ,0 ,0 ,475 ,5 ,18.67 ,42.63 ,1003.57 ,80.89
21:51:30,0 ,0 ,0 ,475 ,5 ,18.67 ,42.63 ,1003.61 ,80.61
21:51:31,0 ,0 ,0 ,475 ,5 ,18.67 ,42.65 ,1003.61 ,80.58
21:51:32,0 ,0 ,0 ,475 ,5 ,18.67 ,42.66 ,1003.62 ,80.53
21:51:33,0 ,0 ,0 ,475 ,5 ,18.67 ,42.63 ,1003.56 ,80.97
21:51:35,0 ,0 ,0 ,475 ,5 ,18.67 ,42.63 ,1003.59 ,80.75
21:51:36,0 ,0 ,0 ,475 ,5 ,18.68 ,42.62 ,1003.60 ,80.64
21:51:37,0 ,0 ,0 ,475 ,5 ,18.68 ,42.62 ,1003.61 ,80.61
21:51:38,0 ,0 ,0 ,475 ,5 ,18.67 ,42.61 ,1003.61 ,80.57
21:51:39,0 ,0 ,0 ,475 ,5 ,18.67 ,42.61 ,1003.59 ,80.70
21:51:40,0 ,0 ,0 ,475 ,5 ,18.68 ,42.62 ,1003.59 ,80.77
21:51:42,0 ,0 ,0 ,475 ,5 ,18.67 ,42.62 ,1003.57 ,80.87
21:51:43,0 ,0 ,0 ,475 ,5 ,18.68 ,42.62 ,1003.62 ,80.52
21:51:44,0 ,0 ,0 ,475 ,5 ,18.68 ,42.62 ,1003.61 ,80.58
21:52:45,0 ,0 ,0 ,475 ,5 ,18.70 ,42.61 ,1003.57 ,80.92
21:52:46,0 ,0 ,0 ,475 ,5 ,18.70 ,42.61 ,1003.59 ,80.73
21:52:47,0 ,0 ,0 ,475 ,5 ,18.70 ,42.60 ,1003.59 ,80.75
21:52:49,0 ,0 ,0 ,475 ,5 ,18.70 ,42.61 ,1003.62 ,80.53
21:52:50,0 ,0 ,0 ,475 ,5 ,18.70 ,42.61 ,1003.59 ,80.72
21:52:51,0 ,0 ,0 ,475 ,5 ,18.70 ,42.62 ,1003.60 ,80.69
21:52:52,0 ,0 ,0 ,475 ,5 ,18.70 ,42.62 ,1003.61 ,80.54
21:52:53,0 ,0 ,0 ,475 ,5 ,18.71 ,42.64 ,1003.58 ,80.78
21:52:54,0 ,0 ,0 ,475 ,5 ,18.70 ,42.64 ,1003.60 ,80.67
21:52:56,0 ,0 ,0 ,475 ,5 ,18.70 ,42.63 ,1003.58 ,80.80
21:52:57,0 ,0 ,0 ,475 ,5 ,18.70 ,42.66 ,1003.59 ,80.74
21:52:58,0 ,0 ,0 ,475 ,5 ,18.70 ,42.68 ,1003.62 ,80.47
21:52:59,0 ,0 ,0 ,475 ,5 ,18.70 ,42.65 ,1003.62 ,80.51
21:53:00,0 ,0 ,0 ,476 ,5 ,18.70 ,42.65 ,1003.59 ,80.70
21:53:01,0 ,0 ,0 ,475 ,5 ,18.70 ,42.65 ,1003.60 ,80.65
21:53:03,0 ,0 ,0 ,475 ,5 ,18.70 ,42.65 ,1003.59 ,80.71
21:53:04,0 ,0 ,0 ,475 ,5 ,18.71 ,42.66 ,1003.60 ,80.67
21:53:05,0 ,0 ,0 ,475 ,5 ,18.71 ,42.65 ,1003.61 ,80.54
21:53:06,0 ,0 ,0 ,475 ,5 ,18.71 ,42.66 ,1003.59 ,80.73
21:53:07,0 ,0 ,0 ,475 ,5 ,18.71 ,42.65 ,1003.62 ,80.51
21:53:08,0 ,0 ,0 ,475 ,5 ,18.71 ,42.67 ,1003.60 ,80.68
21:53:10,0 ,0 ,0 ,475 ,5 ,18.71 ,42.68 ,1003.61 ,80.61
21:53:11,0 ,0 ,0 ,475 ,5 ,18.70 ,42.69 ,1003.61 ,80.54
21:53:12,0 ,0 ,0 ,475 ,5 ,18.71 ,42.67 ,1003.56 ,80.99
21:53:13,0 ,0 ,0 ,475 ,5 ,18.71 ,42.67 ,1003.58 ,80.85
21:53:14,0 ,0 ,0 ,475 ,5 ,18.71 ,42.64 ,1003.60 ,80.62
21:53:15,0 ,0 ,0 ,475 ,5 ,18.70 ,42.63 ,1003.61 ,80.61
21:53:17,0 ,0 ,0 ,475 ,5 ,18.70 ,42.61 ,1003.59 ,80.72
21:53:18,0 ,0 ,0 ,475 ,5 ,18.71 ,42.64 ,1003.62 ,80.51
21:53:19,0 ,0 ,0 ,475 ,5 ,18.71 ,42.64 ,1003.61 ,80.56
21:53:20,0 ,0 ,0 ,475 ,5 ,18.71 ,42.65 ,1003.63 ,80.40
21:53:21,0 ,0 ,0 ,475 ,5 ,18.71 ,42.65 ,1003.63 ,80.40
21:53:22,0 ,0 ,0 ,475 ,5 ,18.71 ,42.63 ,1003.62 ,80.47
21:53:24,0 ,0 ,0 ,475 ,5 ,18.71 ,42.62 ,1003.60 ,80.61
21:53:25,0 ,0 ,0 ,475 ,5 ,18.71 ,42.62 ,1003.62 ,80.50
21:53:26,0 ,0 ,0 ,475 ,5 ,18.70 ,42.61 ,1003.63 ,80.37
21:53:27,0 ,0 ,0 ,475 ,5 ,18.70 ,42.61 ,1003.56 ,80.96
21:53:28,0 ,0 ,0 ,475 ,5 ,18.70 ,42.62 ,1003.58 ,80.80
21:53:30,0 ,0 ,0 ,475 ,5 ,18.71 ,42.62 ,1003.59 ,80.73
21:53:31,0 ,0 ,0 ,475 ,5 ,18.71 ,42.60 ,1003.59 ,80.72
21:53:32,0 ,0 ,0 ,475 ,5 ,18.71 ,42.60 ,1003.60 ,80.63
21:53:33,0 ,0 ,0 ,475 ,5 ,18.71 ,42.62 ,1003.61 ,80.53
21:53:34,0 ,0 ,0 ,475 ,5 ,18.70 ,42.59 ,1003.59 ,80.76
21:53:35,0 ,0 ,0 ,475 ,5 ,18.71 ,42.59 ,1003.59 ,80.76
21:53:37,0 ,0 ,0 ,475 ,5 ,18.71 ,42.59 ,1003.62 ,80.46
21:53:38,0 ,0 ,0 ,475 ,5 ,18.71 ,42.62 ,1003.60 ,80.67
21:53:39,0 ,0 ,0 ,474 ,5 ,18.70 ,42.59 ,1003.60 ,80.67
21:53:40,0 ,0 ,0 ,475 ,5 ,18.71 ,42.59 ,1003.61 ,80.60
21:53:41,0 ,0 ,0 ,475 ,5 ,18.70 ,42.63 ,1003.62 ,80.57
21:53:42,0 ,0 ,0 ,475 ,5 ,18.70 ,42.59 ,1003.62 ,80.53
21:53:44,0 ,0 ,0 ,474 ,5 ,18.70 ,42.59 ,1003.61 ,80.54
21:53:45,0 ,0 ,0 ,475 ,5 ,18.70 ,42.61 ,1003.60 ,80.66
21:53:46,0 ,0 ,0 ,475 ,5 ,18.70 ,42.61 ,1003.62 ,80.49
21:53:47,0 ,0 ,0 ,475 ,5 ,18.70 ,42.60 ,1003.61 ,80.54
21:53:48,0 ,0 ,0 ,475 ,5 ,18.70 ,42.60 ,1003.60 ,80.68
21:53:49,0 ,0 ,0 ,475 ,5 ,18.69 ,42.59 ,1003.61 ,80.58
21:53:51,0 ,0 ,0 ,475 ,5 ,18.70 ,42.60 ,1003.59 ,80.76
21:53:52,0 ,0 ,0 ,475 ,5 ,18.70 ,42.61 ,1003.60 ,80.63
21:53:53,0 ,0 ,0 ,475 ,5 ,18.70 ,42.62 ,1003.60 ,80.64
21:53:54,0 ,0 ,0 ,475 ,5 ,18.70 ,42.64 ,1003.59 ,80.73
21:53:55,0 ,0 ,0 ,475 ,5 ,18.70 ,42.61 ,1003.58 ,80.78
21:53:56,0 ,0 ,0 ,475 ,5 ,18.70 ,42.64 ,1003.57 ,80.87
21:53:58,0 ,0 ,0 ,475 ,5 ,18.69 ,42.62 ,1003.55 ,81.05
21:53:59,0 ,0 ,0 ,475 ,5 ,18.69 ,42.61 ,1003.61 ,80.55
21:54:00,0 ,0 ,0 ,474 ,5 ,18.70 ,42.61 ,1003.57 ,80.88
21:54:01,0 ,0 ,0 ,475 ,5 ,18.69 ,42.60 ,1003.60 ,80.65
21:54:02,0 ,0 ,0 ,475 ,5 ,18.69 ,42.62 ,1003.59 ,80.77
21:54:03,0 ,0 ,0 ,475 ,5 ,18.69 ,42.60 ,1003.60 ,80.64
21:54:05,0 ,0 ,0 ,475 ,5 ,18.70 ,42.61 ,1003.61 ,80.61
21:54:06,0 ,0 ,0 ,475 ,5 ,18.69 ,42.60 ,1003.63 ,80.43
21:54:07,0 ,0 ,0 ,475 ,5 ,18.69 ,42.61 ,1003.58 ,80.84
21:54:08,0 ,0 ,0 ,475 ,5 ,18.69 ,42.62 ,1003.61 ,80.58
21:54:09,0 ,0 ,0 ,475 ,5 ,18.69 ,42.59 ,1003.58 ,80.82
21:54:10,0 ,0 ,0 ,475 ,5 ,18.69 ,42.60 ,1003.60 ,80.68
21:54:12,0 ,0 ,0 ,475 ,5 ,18.69 ,42.61 ,1003.59 ,80.72
21:54:13,0 ,0 ,0 ,475 ,5 ,18.69 ,42.62 ,1003.59 ,80.75
21:54:14,0 ,0 ,0 ,475 ,5 ,18.69 ,42.57 ,1003.58 ,80.63
21:54:15,0 ,0 ,0 ,475 ,5 ,18.69 ,42.60 ,1003.61 ,80.53
21:54:16,0 ,0 ,0 ,475 ,5 ,18.69 ,42.62 ,1003.61 ,80.53
21:54:17,0 ,0 ,0 ,475 ,5 ,18.69 ,42.62 ,1003.60 ,80.63
21:54:18,0 ,0 ,0 ,475 ,5 ,18.69 ,42.61 ,1003.62 ,80.51
21:54:20,0 ,0 ,0 ,475 ,5 ,18.68 ,42.64 ,1003.60 ,80.62
21:54:21,0 ,0 ,0 ,475 ,5 ,18.69 ,42.62 ,1003.61 ,80.56
21:54:22,0 ,0 ,0 ,475 ,5 ,18.68 ,42.61 ,1003.62 ,80.45
21:54:23,0 ,0 ,0 ,475 ,5 ,18.69 ,42.64 ,1003.63 ,80.36
21:54:24,0 ,0 ,0 ,475 ,5 ,18.70 ,42.61 ,1003.61 ,80.60
21:54:26,0 ,0 ,0 ,475 ,5 ,18.69 ,42.62 ,1003.60 ,80.66
21:54:27,0 ,0 ,0 ,475 ,5 ,18.69 ,42.64 ,1003.64 ,80.29
21:54:28,0 ,0 ,0 ,475 ,5 ,18.69 ,42.61 ,1003.61 ,80.57
21:54:29,0 ,0 ,0 ,475 ,5 ,18.68 ,42.61 ,1003.57 ,80.87
21:54:30,0 ,0 ,0 ,475 ,5 ,18.69 ,42.61 ,1003.60 ,80.64
21:54:31,0 ,0 ,0 ,475 ,5 ,18.69 ,42.61 ,1003.60 ,80.66
21:54:33,0 ,0 ,0 ,475 ,5 ,18.69 ,42.62 ,1003.58 ,80.79
21:54:34,0 ,0 ,0 ,475 ,5 ,18.68 ,42.65 ,1003.59 ,80.77
21:54:35,0 ,0 ,0 ,475 ,5 ,18.69 ,42.64 ,1003.62 ,80.45
21:54:36,0 ,0 ,0 ,475 ,5 ,18.69 ,42.62 ,1003.63 ,80.43
21:54:37,0 ,0 ,0 ,475 ,5 ,18.69 ,42.61 ,1003.63 ,80.41
21:54:38,0 ,0 ,0 ,475 ,5 ,18.69 ,42.61 ,1003.60 ,80.66
21:54:40,0 ,0 ,0 ,475 ,5 ,18.69 ,42.61 ,1003.61 ,80.57
21:54:41,0 ,0 ,0 ,475 ,5 ,18.70 ,42.61 ,1003.63 ,80.37
21:54:42,0 ,0 ,0 ,475 ,5 ,18.69 ,42.62 ,1003.62 ,80.48
21:55:43,0 ,0 ,0 ,474 ,5 ,18.71 ,42.60 ,1003.64 ,80.31
21:55:44,0 ,0 ,0 ,474 ,5 ,18.71 ,42.59 ,1003.61 ,80.53
21:55:45,0 ,0 ,0 ,474 ,5 ,18.71 ,42.59 ,1003.64 ,80.29
21:55:46,0 ,0 ,0 ,474 ,5 ,18.71 ,42.59 ,1003.65 ,80.25
21:55:48,0 ,0 ,0 ,474 ,5 ,18.71 ,42.59 ,1003.62 ,80.49
21:55:49,0 ,0 ,0 ,474 ,5 ,18.71 ,42.58 ,1003.63 ,80.38
21:55:50,0 ,0 ,0 ,474 ,5 ,18.71 ,42.59 ,1003.63 ,80.37
21:55:51,0 ,0 ,0 ,474 ,5 ,18.70 ,42.58 ,1003.63 ,80.44
21:55:52,0 ,0 ,0 ,474 ,5 ,18.71 ,42.60 ,1003.66 ,80.15
21:55:54,0 ,0 ,0 ,474 ,5 ,18.71 ,42.60 ,1003.64 ,80.36
21:55:55,0 ,0 ,0 ,474 ,5 ,18.71 ,42.60 ,1003.66 ,80.19
21:55:56,0 ,0 ,0 ,474 ,5 ,18.71 ,42.57 ,1003.63 ,80.37
21:55:57,0 ,0 ,0 ,474 ,5 ,18.70 ,42.59 ,1003.62 ,80.49
21:55:58,0 ,0 ,0 ,474 ,5 ,18.71 ,42.59 ,1003.61 ,80.57
21:55:59,0 ,0 ,0 ,474 ,5 ,18.70 ,42.58 ,1003.62 ,80.50
21:56:01,0 ,0 ,0 ,474 ,5 ,18.70 ,42.59 ,1003.64 ,80.28
21:56:02,0 ,0 ,0 ,474 ,5 ,18.71 ,42.57 ,1003.63 ,80.41
21:56:03,0 ,0 ,0 ,474 ,5 ,18.71 ,42.58 ,1003.60 ,80.68
21:56:04,0 ,0 ,0 ,474 ,5 ,18.70 ,42.58 ,1003.60 ,80.69
21:56:05,0 ,0 ,0 ,474 ,5 ,18.70 ,42.59 ,1003.61 ,80.54
21:56:06,0 ,0 ,0 ,474 ,5 ,18.71 ,42.59 ,1003.64 ,80.31
21:56:08,0 ,0 ,0 ,474 ,5 ,18.71 ,42.57 ,1003.61 ,80.57
21:56:09,0 ,0 ,0 ,474 ,5 ,18.71 ,42.57 ,1003.61 ,80.60
21:56:10,0 ,0 ,0 ,474 ,5 ,18.70 ,42.59 ,1003.64 ,80.28
21:56:11,0 ,0 ,0 ,474 ,5 ,18.71 ,42.57 ,1003.60 ,80.67
21:56:12,0 ,0 ,0 ,474 ,5 ,18.71 ,42.57 ,1003.64 ,80.32
21:56:13,0 ,0 ,0 ,474 ,5 ,18.71 ,42.58 ,1003.65 ,80.25
21:56:15,0 ,0 ,0 ,474 ,5 ,18.71 ,42.58 ,1003.65 ,80.22
21:56:16,0 ,0 ,0 ,474 ,5 ,18.71 ,42.57 ,1003.65 ,80.26
21:56:17,0 ,0 ,0 ,474 ,5 ,18.72 ,42.57 ,1003.67 ,80.03
21:56:18,0 ,0 ,0 ,474 ,5 ,18.71 ,42.57 ,1003.63 ,80.38
21:56:19,0 ,0 ,0 ,474 ,5 ,18.72 ,42.56 ,1003.62 ,80.45
21:56:20,0 ,0 ,0 ,474 ,5 ,18.72 ,42.57 ,1003.62 ,80.25
21:56:22,0 ,0 ,0 ,474 ,5 ,18.72 ,42.58 ,1003.67 ,80.10
21:56:23,0 ,0 ,0 ,474 ,5 ,18.72 ,42.57 ,1003.60 ,80.63
21:56:24,0 ,0 ,0 ,474 ,5 ,18.72 ,42.57 ,1003.63 ,80.39
21:56:25,0 ,0 ,0 ,474 ,5 ,18.72 ,42.56 ,1003.64 ,80.34
21:56:26,0 ,0 ,0 ,474 ,5 ,18.72 ,42.55 ,1003.65 ,80.22
21:56:27,0 ,0 ,0 ,474 ,5 ,18.72 ,42.55 ,1003.66 ,80.17
21:56:29,0 ,0 ,0 ,474 ,5 ,18.72 ,42.54 ,1003.63 ,80.43
21:56:30,0 ,0 ,0 ,474 ,5 ,18.72 ,42.55 ,1003.64 ,80.31
21:56:31,0 ,0 ,0 ,474 ,5 ,18.73 ,42.55 ,1003.63 ,80.38
21:56:32,0 ,0 ,0 ,474 ,5 ,18.72 ,42.56 ,1003.64 ,80.30
21:56:33,0 ,0 ,0 ,474 ,5 ,18.72 ,42.55 ,1003.62 ,80.52
21:56:34,0 ,0 ,0 ,474 ,5 ,18.72 ,42.54 ,1003.63 ,80.39
21:56:36,0 ,0 ,0 ,474 ,5 ,18.72 ,42.54 ,1003.63 ,80.38
21:56:37,0 ,0 ,0 ,474 ,5 ,18.72 ,42.54 ,1003.66 ,80.19
21:56:38,0 ,0 ,0 ,475 ,5 ,18.72 ,42.54 ,1003.65 ,80.22
21:56:39,0 ,0 ,0 ,475 ,5 ,18.72 ,42.53 ,1003.64 ,80.34
21:56:40,0 ,0 ,0 ,475 ,5 ,18.72 ,42.53 ,1003.61 ,80.58
21:56:41,0 ,0 ,0 ,475 ,5 ,18.72 ,42.52 ,1003.61 ,80.54
21:56:43,0 ,0 ,0 ,475 ,5 ,18.71 ,42.55 ,1003.60 ,80.62
21:56:44,0 ,0 ,0 ,475 ,5 ,18.72 ,42.54 ,1003.63 ,80.38
21:56:45,0 ,0 ,0 ,475 ,5 ,18.72 ,42.55 ,1003.61 ,80.56
21:56:46,0 ,0 ,0 ,474 ,5 ,18.72 ,42.55 ,1003.62 ,80.49
21:56:47,0 ,0 ,0 ,474 ,5 ,18.72 ,42.55 ,1003.62 ,80.46
21:56:48,0 ,0 ,0 ,474 ,5 ,18.72 ,42.56 ,1003.62 ,80.52
21:56:50,0 ,0 ,0 ,475 ,5 ,18.71 ,42.53 ,1003.63 ,80.40
21:56:51,0 ,0 ,0 ,474 ,5 ,18.71 ,42.53 ,1003.63 ,80.40
21:56:52,0 ,0 ,0 ,474 ,5 ,18.72 ,42.52 ,1003.63 ,80.39
21:56:53,0 ,0 ,0 ,474 ,5 ,18.72 ,42.56 ,1003.62 ,80.45
21:56:54,0 ,0 ,0 ,475 ,5 ,18.72 ,42.56 ,1003.63 ,80.38
21:56:55,0 ,0 ,0 ,474 ,5 ,18.71 ,42.62 ,1003.63 ,80.43
21:56:57,0 ,0 ,0 ,474 ,5 ,18.72 ,42.55 ,1003.65 ,80.23
21:56:58,0 ,0 ,0 ,475 ,5 ,18.72 ,42.55 ,1003.65 ,80.23
21:56:59,0 ,0 ,0 ,474 ,5 ,18.72 ,42.53 ,1003.65 ,80.20
21:57:00,0 ,0 ,0 ,474 ,5 ,18.72 ,42.55 ,1003.68 ,80.02
21:57:01,0 ,0 ,0 ,474 ,5 ,18.72 ,42.55 ,1003.63 ,80.39
21:57:02,0 ,0 ,0 ,474 ,5 ,18.73 ,42.56 ,1003.66 ,80.15
21:57:04,0 ,0 ,0 ,474 ,5 ,18.72 ,42.54 ,1003.62 ,80.46
21:57:05,0 ,0 ,0 ,474 ,5 ,18.72 ,42.56 ,1003.62 ,80.47
21:57:06,0 ,0 ,0 ,474 ,5 ,18.72 ,42.56 ,1003.62 ,80.47
21:57:07,0 ,0 ,0 ,474 ,5 ,18.72 ,42.55 ,1003.63 ,80.38
21:57:08,0 ,0 ,0 ,474 ,5 ,18.72 ,42.55 ,1003.60 ,80.63
21:57:09,0 ,0 ,0 ,474 ,5 ,18.72 ,42.55 ,1003.64 ,80.29
21:57:11,0 ,0 ,0 ,474 ,5 ,18.73 ,42.54 ,1003.65 ,80.20
21:57:12,0 ,0 ,0 ,474 ,5 ,18.72 ,42.56 ,1003.62 ,80.47
21:57:13,0 ,0 ,0 ,474 ,5 ,18.73 ,42.54 ,1003.63 ,80.41
21:57:14,0 ,0 ,0 ,474 ,5 ,18.72 ,42.55 ,1003.65 ,80.23
21:57:15,0 ,0 ,0 ,474 ,5 ,18.73 ,42.55 ,1003.62 ,80.45
21:57:16,0 ,0 ,0 ,474 ,5 ,18.72 ,42.59 ,1003.64 ,80.40
21:57:18,0 ,0 ,0 ,474 ,5 ,18.72 ,42.56 ,1003.63 ,80.41
21:57:19,0 ,0 ,0 ,474 ,5 ,18.72 ,42.55 ,1003.64 ,80.28
21:57:20,0 ,0 ,0 ,474 ,5 ,18.73 ,42.56 ,1003.62 ,80.48
21:57:21,0 ,0 ,0 ,473 ,5 ,18.73 ,42.55 ,1003.64 ,80.31
21:57:22,0 ,0 ,0 ,473 ,5 ,18.73 ,42.56 ,1003.63 ,80.44
21:57:23,0 ,0 ,0 ,473 ,5 ,18.73 ,42.57 ,1003.60 ,80.65
21:57:25,0 ,0 ,0 ,474 ,5 ,18.73 ,42.56 ,1003.61 ,80.54
21:57:26,0 ,0 ,0 ,474 ,5 ,18.73 ,42.55 ,1003.61 ,80.61
21:57:27,0 ,0 ,0 ,474 ,5 ,18.73 ,42.56 ,1003.62 ,80.46
21:57:28,0 ,0 ,0 ,474 ,5 ,18.73 ,42.54 ,1003.63 ,80.44
21:57:29,0 ,0 ,0 ,474 ,5 ,18.73 ,42.55 ,1003.64 ,80.30
21:57:30,0 ,0 ,0 ,473 ,5 ,18.73 ,42.55 ,1003.63 ,80.44
21:57:32,0 ,0 ,0 ,473 ,5 ,18.73 ,42.56 ,1003.64 ,80.34
21:57:33,0 ,0 ,0 ,473 ,5 ,18.73 ,42.55 ,1003.62 ,80.49
21:57:34,0 ,0 ,0 ,474 ,5 ,18.73 ,42.55 ,1003.61 ,80.58
21:57:35,0 ,0 ,0 ,474 ,5 ,18.73 ,42.55 ,1003.63 ,80.44
21:57:36,0 ,0 ,0 ,474 ,5 ,18.73 ,42.54 ,1003.62 ,80.45
21:57:37,0 ,0 ,0 ,474 ,5 ,18.73 ,42.54 ,1003.64 ,80.28
21:57:39,0 ,0 ,0 ,473 ,5 ,18.73 ,42.54 ,1003.63 ,80.39
21:57:40,0 ,0 ,0 ,474 ,5 ,18.73 ,42.52 ,1003.64 ,80.29
21:58:41,0 ,0 ,0 ,473 ,5 ,18.73 ,42.54 ,1003.66 ,80.12
21:58:42,0 ,0 ,0 ,473 ,5 ,18.74 ,42.53 ,1003.63 ,80.41
21:58:43,0 ,0 ,0 ,472 ,5 ,18.74 ,42.53 ,1003.65 ,80.21
21:58:44,0 ,0 ,0 ,472 ,5 ,18.73 ,42.52 ,1003.65 ,80.26
21:58:46,0 ,0 ,0 ,472 ,5 ,18.74 ,42.54 ,1003.65 ,80.24
21:58:47,0 ,0 ,0 ,472 ,5 ,18.73 ,42.54 ,1003.64 ,80.30
21:58:48,0 ,0 ,0 ,472 ,5 ,18.73 ,42.54 ,1003.68 ,80.36
21:58:49,70 ,277 ,277 ,472 ,5 ,18.74 ,42.54 ,1003.66 ,80.14
21:58:50,70 ,277 ,277 ,472 ,5 ,18.74 ,42.53 ,1003.65 ,80.23
21:58:51,70 ,277 ,277 ,472 ,5 ,18.74 ,42.53 ,1003.66 ,80.16
21:58:53,69 ,276 ,276 ,472 ,5 ,18.73 ,42.51 ,1003.65 ,80.25
21:58:54,69 ,276 ,276 ,472 ,5 ,18.74 ,42.53 ,1003.64 ,80.36
21:58:55,69 ,276 ,276 ,472 ,5 ,18.74 ,42.54 ,1003.64 ,80.36
21:58:56,67 ,276 ,276 ,472 ,5 ,18.73 ,42.52 ,1003.64 ,80.35
21:58:57,67 ,277 ,277 ,472 ,5 ,18.74 ,42.51 ,1003.65 ,80.21
21:58:58,67 ,277 ,277 ,472 ,5 ,18.73 ,42.51 ,1003.65 ,80.24
21:59:00,67 ,277 ,277 ,472 ,5 ,18.73 ,42.50 ,1003.64 ,80.34
21:59:01,69 ,279 ,279 ,472 ,5 ,18.73 ,42.50 ,1003.64 ,80.32
21:59:02,69 ,279 ,279 ,472 ,5 ,18.74 ,42.53 ,1003.65 ,80.24
21:59:03,69 ,279 ,279 ,472 ,5 ,18.74 ,42.50 ,1003.63 ,80.38
21:59:04,70 ,280 ,280 ,472 ,5 ,18.74 ,42.50 ,1003.64 ,80.34
21:59:05,72 ,280 ,280 ,472 ,5 ,18.73 ,42.50 ,1003.62 ,80.46
21:59:07,73 ,280 ,280 ,472 ,5 ,18.74 ,42.51 ,1003.65 ,80.21
21:59:08,73 ,282 ,282 ,472 ,5 ,18.74 ,42.50 ,1003.65 ,80.26
21:59:09,75 ,282 ,282 ,472 ,5 ,18.73 ,42.51 ,1003.64 ,80.35
21:59:10,75 ,282 ,282 ,472 ,5 ,18.74 ,42.53 ,1003.64 ,80.33
21:59:11,76 ,282 ,282 ,472 ,5 ,18.73 ,42.51 ,1003.61 ,80.54
21:59:12,76 ,282 ,282 ,471 ,5 ,18.74 ,42.51 ,1003.65 ,80.20
21:59:14,78 ,282 ,282 ,471 ,5 ,18.74 ,42.50 ,1003.66 ,80.11
21:59:15,78 ,282 ,282 ,471 ,5 ,18.74 ,42.53 ,1003.64 ,80.33
21:59:16,78 ,282 ,282 ,471 ,5 ,18.73 ,42.50 ,1003.60 ,80.63
21:59:17,78 ,282 ,282 ,471 ,5 ,18.74 ,42.51 ,1003.64 ,80.31
21:59:18,78 ,282 ,282 ,471 ,5 ,18.74 ,42.51 ,1003.61 ,80.57
21:59:19,78 ,283 ,283 ,471 ,5 ,18.73 ,42.53 ,1003.63 ,80.38
21:59:21,78 ,283 ,283 ,471 ,5 ,18.74 ,42.51 ,1003.66 ,80.19
21:59:22,78 ,285 ,285 ,471 ,5 ,18.73 ,42.53 ,1003.63 ,80.38
21:59:23,78 ,285 ,285 ,471 ,5 ,18.73 ,42.51 ,1003.65 ,80.26
21:59:24,78 ,286 ,286 ,471 ,5 ,18.73 ,42.50 ,1003.62 ,80.46
21:59:25,79 ,286 ,286 ,471 ,5 ,18.74 ,42.51 ,1003.66 ,80.16
21:59:26,79 ,286 ,286 ,471 ,5 ,18.74 ,42.51 ,1003.66 ,80.15
21:59:28,79 ,286 ,286 ,471 ,5 ,18.74 ,42.51 ,1003.62 ,80.50
21:59:29,81 ,288 ,288 ,471 ,5 ,18.74 ,42.51 ,1003.65 ,80.27
21:59:30,81 ,288 ,288 ,471 ,5 ,18.74 ,42.56 ,1003.62 ,80.46
21:59:31,81 ,288 ,288 ,471 ,5 ,18.74 ,42.53 ,1003.64 ,80.35
21:59:32,82 ,288 ,288 ,471 ,5 ,18.74 ,42.53 ,1003.64 ,80.32
21:59:34,82 ,288 ,288 ,471 ,5 ,18.75 ,42.53 ,1003.67 ,80.08
21:59:35,82 ,288 ,288 ,471 ,5 ,18.75 ,42.53 ,1003.63 ,80.39
21:59:36,82 ,288 ,288 ,471 ,5 ,18.75 ,42.53 ,1003.62 ,80.52
21:59:37,82 ,288 ,288 ,471 ,5 ,18.75 ,42.53 ,1003.64 ,80.36
21:59:38,82 ,288 ,288 ,470 ,5 ,18.75 ,42.54 ,1003.64 ,80.28
21:59:39,82 ,289 ,289 ,470 ,5 ,18.75 ,42.53 ,1003.64 ,80.31
21:59:41,82 ,289 ,289 ,470 ,5 ,18.75 ,42.54 ,1003.62 ,80.52
21:59:42,82 ,289 ,289 ,470 ,5 ,18.75 ,42.55 ,1003.63 ,80.40
21:59:43,82 ,289 ,289 ,470 ,5 ,18.75 ,42.55 ,1003.65 ,80.22
21:59:44,82 ,291 ,291 ,470 ,5 ,18.76 ,42.54 ,1003.62 ,80.51
21:59:45,82 ,291 ,291 ,470 ,5 ,18.75 ,42.54 ,1003.62 ,80.49
21:59:46,81 ,291 ,291 ,470 ,5 ,18.76 ,42.54 ,1003.65 ,80.24
21:59:48,81 ,292 ,292 ,470 ,5 ,18.76 ,42.55 ,1003.65 ,80.22
21:59:49,81 ,292 ,292 ,470 ,5 ,18.76 ,42.54 ,1003.63 ,80.37
21:59:50,81 ,292 ,292 ,470 ,5 ,18.76 ,42.54 ,1003.61 ,80.59
21:59:51,81 ,294 ,294 ,470 ,5 ,18.76 ,42.54 ,1003.67 ,80.09
21:59:52,81 ,294 ,294 ,470 ,5 ,18.76 ,42.54 ,1003.65 ,80.27
21:59:53,81 ,294 ,294 ,470 ,5 ,18.76 ,42.53 ,1003.64 ,80.32
21:59:55,81 ,294 ,294 ,470 ,5 ,18.75 ,42.53 ,1003.64 ,80.35
21:59:56,82 ,294 ,294 ,470 ,5 ,18.75 ,42.52 ,1003.62 ,80.52
21:59:57,82 ,294 ,294 ,470 ,5 ,18.75 ,42.52 ,1003.66 ,80.14
21:59:58,82 ,294 ,294 ,470 ,5 ,18.75 ,42.51 ,1003.62 ,80.46
21:59:59,84 ,294 ,294 ,470 ,5 ,18.76 ,42.52 ,1003.63 ,80.39
22:00:00,84 ,294 ,294 ,470 ,5 ,18.76 ,42.53 ,1003.63 ,80.39
22:00:02,84 ,294 ,294 ,470 ,5 ,18.76 ,42.53 ,1003.64 ,80.34
22:00:03,85 ,292 ,292 ,470 ,5 ,18.76 ,42.54 ,1003.62 ,80.45
22:00:04,85 ,292 ,292 ,470 ,5 ,18.75 ,42.53 ,1003.62 ,80.49
22:00:05,85 ,292 ,292 ,470 ,5 ,18.76 ,42.54 ,1003.64 ,80.32
22:00:06,85 ,292 ,292 ,470 ,5 ,18.76 ,42.53 ,1003.62 ,80.50
22:00:07,87 ,292 ,292 ,470 ,5 ,18.76 ,42.53 ,1003.65 ,80.25
22:00:09,87 ,292 ,292 ,470 ,5 ,18.76 ,42.54 ,1003.62 ,80.53
22:00:10,87 ,292 ,292 ,470 ,5 ,18.76 ,42.55 ,1003.63 ,80.43
22:00:11,88 ,292 ,292 ,470 ,5 ,18.76 ,42.56 ,1003.64 ,80.29
22:00:12,88 ,292 ,292 ,470 ,5 ,18.77 ,42.55 ,1003.63 ,80.38
22:00:13,88 ,292 ,292 ,470 ,5 ,18.76 ,42.55 ,1003.63 ,80.39
22:00:14,88 ,292 ,292 ,470 ,5 ,18.76 ,42.53 ,1003.63 ,80.43
22:00:16,88 ,292 ,292 ,470 ,5 ,18.76 ,42.53 ,1003.63 ,80.37
22:00:17,88 ,292 ,292 ,470 ,5 ,18.76 ,42.55 ,1003.62 ,80.53
22:00:18,88 ,294 ,294 ,469 ,5 ,18.76 ,42.52 ,1003.62 ,80.49
22:00:19,88 ,294 ,294 ,469 ,5 ,18.76 ,42.53 ,1003.62 ,80.45
22:00:20,88 ,294 ,294 ,469 ,5 ,18.76 ,42.50 ,1003.64 ,80.32
22:00:21,87 ,294 ,294 ,469 ,5 ,18.76 ,42.50 ,1003.64 ,80.31
22:00:23,87 ,294 ,294 ,469 ,5 ,18.76 ,42.50 ,1003.63 ,80.38
22:00:24,87 ,294 ,294 ,469 ,5 ,18.75 ,42.50 ,1003.59 ,80.74
22:00:25,87 ,294 ,294 ,469 ,5 ,18.75 ,42.52 ,1003.65 ,80.24
22:00:26,87 ,295 ,295 ,469 ,5 ,18.75 ,42.53 ,1003.64 ,80.31
22:00:27,87 ,295 ,295 ,469 ,5 ,18.76 ,42.52 ,1003.64 ,80.36
22:00:28,85 ,295 ,295 ,469 ,5 ,18.76 ,42.52 ,1003.66 ,80.19
22:00:30,85 ,295 ,295 ,469 ,5 ,18.75 ,42.53 ,1003.63 ,80.41
22:00:31,85 ,297 ,297 ,469 ,5 ,18.76 ,42.52 ,1003.62 ,80.46
22:00:32,85 ,297 ,297 ,469 ,5 ,18.75 ,42.53 ,1003.62 ,80.53
22:00:33,85 ,297 ,297 ,469 ,5 ,18.76 ,42.47 ,1003.61 ,80.46
22:00:34,85 ,297 ,297 ,469 ,5 ,18.75 ,42.52 ,1003.63 ,80.39
22:00:35,85 ,298 ,298 ,469 ,5 ,18.75 ,42.50 ,1003.62 ,80.51
22:00:37,85 ,298 ,298 ,469 ,5 ,18.75 ,42.49 ,1003.61 ,80.58
22:00:38,85 ,298 ,298 ,469 ,5 ,18.76 ,42.49 ,1003.62 ,80.49
22:01:39,85 ,298 ,298 ,469 ,5 ,18.76 ,42.47 ,1003.60 ,80.65
22:01:40,85 ,298 ,298 ,469 ,5 ,18.75 ,42.47 ,1003.59 ,80.72
22:01:41,85 ,298 ,298 ,469 ,5 ,18.76 ,42.47 ,1003.58 ,80.78
22:01:42,85 ,298 ,298 ,469 ,5 ,18.75 ,42.47 ,1003.56 ,81.03
22:01:44,85 ,297 ,297 ,469 ,5 ,18.75 ,42.46 ,1003.55 ,81.06
22:01:45,87 ,297 ,297 ,469 ,5 ,18.74 ,42.46 ,1003.56 ,81.00
22:01:46,87 ,297 ,297 ,469 ,5 ,18.75 ,42.46 ,1003.56 ,80.95
22:01:46,PMS7003  checksum  failed
22:01:47,0 ,0 ,0 ,469 ,5 ,18.75 ,42.46 ,1003.57 ,80.92
22:01:48,0 ,0 ,0 ,469 ,5 ,18.75 ,42.46 ,1003.60 ,80.63
22:01:49,0 ,0 ,0 ,469 ,5 ,18.75 ,42.46 ,1003.62 ,80.53
22:01:51,0 ,0 ,0 ,469 ,5 ,18.75 ,42.47 ,1003.59 ,80.71
22:01:52,0 ,0 ,0 ,469 ,5 ,18.75 ,42.47 ,1003.59 ,80.72
22:01:53,0 ,0 ,0 ,469 ,5 ,18.75 ,42.46 ,1003.56 ,81.02
22:01:54,0 ,0 ,0 ,469 ,5 ,18.75 ,42.47 ,1003.56 ,80.99
22:01:55,0 ,0 ,0 ,469 ,5 ,18.75 ,42.46 ,1003.59 ,80.75
22:01:56,0 ,0 ,0 ,469 ,5 ,18.75 ,42.46 ,1003.60 ,80.65
22:01:58,0 ,0 ,0 ,469 ,5 ,18.75 ,42.46 ,1003.57 ,80.87
22:01:59,0 ,0 ,0 ,469 ,5 ,18.75 ,42.46 ,1003.56 ,80.98
22:02:00,0 ,0 ,0 ,469 ,5 ,18.74 ,42.47 ,1003.59 ,80.76
22:02:01,0 ,0 ,0 ,469 ,5 ,18.75 ,42.47 ,1003.58 ,80.78
22:02:02,0 ,0 ,0 ,469 ,5 ,18.75 ,42.48 ,1003.57 ,80.89
22:02:03,0 ,0 ,0 ,469 ,5 ,18.75 ,42.47 ,1003.60 ,80.68
22:02:05,0 ,0 ,0 ,469 ,5 ,18.74 ,42.48 ,1003.55 ,81.09
22:02:06,0 ,0 ,0 ,469 ,5 ,18.75 ,42.46 ,1003.58 ,80.84
22:02:07,0 ,0 ,0 ,469 ,5 ,18.75 ,42.46 ,1003.59 ,80.72
22:02:08,0 ,0 ,0 ,469 ,5 ,18.75 ,42.47 ,1003.60 ,80.65
22:02:09,0 ,0 ,0 ,469 ,5 ,18.74 ,42.46 ,1003.59 ,80.72
22:02:10,0 ,0 ,0 ,469 ,5 ,18.74 ,42.47 ,1003.57 ,80.92
22:02:12,0 ,0 ,0 ,469 ,5 ,18.73 ,42.47 ,1003.59 ,80.72
22:02:13,0 ,0 ,0 ,469 ,5 ,18.74 ,42.42 ,1003.56 ,80.94
22:02:14,0 ,0 ,0 ,469 ,5 ,18.75 ,42.47 ,1003.59 ,80.74
22:02:15,0 ,0 ,0 ,469 ,5 ,18.74 ,42.48 ,1003.58 ,80.81
22:02:16,0 ,0 ,0 ,469 ,5 ,18.75 ,42.48 ,1003.58 ,80.84
22:02:17,0 ,0 ,0 ,469 ,5 ,18.74 ,42.49 ,1003.58 ,80.85
22:02:19,0 ,0 ,0 ,469 ,5 ,18.74 ,42.49 ,1003.57 ,80.90
22:02:20,0 ,0 ,0 ,469 ,5 ,18.74 ,42.51 ,1003.56 ,80.96
22:02:21,0 ,0 ,0 ,469 ,5 ,18.74 ,42.50 ,1003.56 ,81.03
22:02:22,0 ,0 ,0 ,469 ,5 ,18.74 ,42.49 ,1003.55 ,81.03
22:02:23,0 ,0 ,0 ,469 ,5 ,18.74 ,42.49 ,1003.57 ,80.93
22:02:24,0 ,0 ,0 ,469 ,5 ,18.75 ,42.50 ,1003.58 ,80.85
22:02:26,0 ,0 ,0 ,469 ,5 ,18.74 ,42.51 ,1003.54 ,81.18
22:02:27,0 ,0 ,0 ,469 ,5 ,18.74 ,42.55 ,1003.56 ,81.00
22:02:28,0 ,0 ,0 ,469 ,5 ,18.74 ,42.54 ,1003.57 ,80.94
22:02:29,0 ,0 ,0 ,469 ,5 ,18.74 ,42.54 ,1003.56 ,80.99
22:02:30,0 ,0 ,0 ,469 ,5 ,18.74 ,42.53 ,1003.56 ,80.96
22:02:31,0 ,0 ,0 ,469 ,5 ,18.74 ,42.55 ,1003.56 ,80.99
22:02:33,0 ,0 ,0 ,469 ,5 ,18.74 ,42.53 ,1003.54 ,81.15
22:02:34,0 ,0 ,0 ,469 ,5 ,18.74 ,42.51 ,1003.53 ,81.22
22:02:35,0 ,0 ,0 ,468 ,5 ,18.74 ,42.51 ,1003.55 ,81.08
22:02:36,0 ,0 ,0 ,469 ,5 ,18.74 ,42.50 ,1003.59 ,80.75
22:02:37,0 ,0 ,0 ,468 ,5 ,18.75 ,42.51 ,1003.58 ,80.84
22:02:38,0 ,0 ,0 ,469 ,5 ,18.74 ,42.44 ,1003.58 ,80.80
22:02:40,0 ,0 ,0 ,469 ,5 ,18.74 ,42.51 ,1003.55 ,81.09
22:02:41,0 ,0 ,0 ,469 ,5 ,18.74 ,42.50 ,1003.58 ,80.83
22:02:42,0 ,0 ,0 ,468 ,5 ,18.74 ,42.49 ,1003.54 ,81.16
22:02:43,0 ,0 ,0 ,468 ,5 ,18.74 ,42.50 ,1003.58 ,80.83
22:02:44,0 ,0 ,0 ,468 ,5 ,18.74 ,42.50 ,1003.55 ,81.09
22:02:45,0 ,0 ,0 ,468 ,5 ,18.74 ,42.51 ,1003.54 ,81.20
22:02:47,0 ,0 ,0 ,468 ,5 ,18.75 ,42.53 ,1003.55 ,81.05
22:02:48,0 ,0 ,0 ,468 ,5 ,18.74 ,42.50 ,1003.53 ,81.21
22:02:49,0 ,0 ,0 ,468 ,5 ,18.74 ,42.51 ,1003.56 ,80.97
22:02:50,0 ,0 ,0 ,468 ,5 ,18.75 ,42.50 ,1003.56 ,80.95
22:02:51,0 ,0 ,0 ,468 ,5 ,18.75 ,42.51 ,1003.56 ,80.97
22:02:52,0 ,0 ,0 ,468 ,5 ,18.74 ,42.53 ,1003.53 ,81.24
22:02:54,0 ,0 ,0 ,468 ,5 ,18.74 ,42.50 ,1003.55 ,81.11
22:02:55,0 ,0 ,0 ,467 ,5 ,18.74 ,42.51 ,1003.53 ,81.22
22:02:56,0 ,0 ,0 ,467 ,5 ,18.75 ,42.54 ,1003.51 ,81.40
22:02:57,0 ,0 ,0 ,468 ,5 ,18.75 ,42.51 ,1003.55 ,81.05
22:02:58,0 ,0 ,0 ,467 ,5 ,18.75 ,42.53 ,1003.56 ,80.97
22:02:59,0 ,0 ,0 ,467 ,5 ,18.75 ,42.50 ,1003.55 ,81.05
22:03:01,0 ,0 ,0 ,467 ,5 ,18.75 ,42.51 ,1003.59 ,80.74
22:03:02,0 ,0 ,0 ,467 ,5 ,18.75 ,42.50 ,1003.56 ,80.97
22:03:03,0 ,0 ,0 ,467 ,5 ,18.74 ,42.50 ,1003.57 ,80.93
22:03:04,0 ,0 ,0 ,468 ,5 ,18.74 ,42.50 ,1003.56 ,81.03
22:03:05,0 ,0 ,0 ,468 ,5 ,18.75 ,42.50 ,1003.58 ,80.81
22:03:06,0 ,0 ,0 ,468 ,5 ,18.74 ,42.51 ,1003.55 ,81.11
22:03:08,0 ,0 ,0 ,467 ,5 ,18.74 ,42.51 ,1003.55 ,81.11
22:03:09,0 ,0 ,0 ,467 ,5 ,18.74 ,42.50 ,1003.56 ,81.01
22:03:10,0 ,0 ,0 ,468 ,5 ,18.75 ,42.51 ,1003.56 ,80.95
22:03:11,0 ,0 ,0 ,467 ,5 ,18.75 ,42.51 ,1003.58 ,80.82
22:03:12,0 ,0 ,0 ,468 ,5 ,18.75 ,42.51 ,1003.57 ,80.94
22:03:13,0 ,0 ,0 ,468 ,5 ,18.75 ,42.50 ,1003.55 ,81.06
22:03:15,0 ,0 ,0 ,468 ,5 ,18.75 ,42.55 ,1003.58 ,80.83
22:03:16,0 ,0 ,0 ,468 ,5 ,18.75 ,42.54 ,1003.58 ,80.85
22:03:17,0 ,0 ,0 ,468 ,5 ,18.74 ,42.53 ,1003.57 ,80.92
22:03:18,0 ,0 ,0 ,468 ,5 ,18.75 ,42.53 ,1003.56 ,80.97
22:03:19,0 ,0 ,0 ,468 ,5 ,18.74 ,42.53 ,1003.56 ,81.00
22:03:20,0 ,0 ,0 ,468 ,5 ,18.74 ,42.53 ,1003.57 ,80.92
22:03:22,0 ,0 ,0 ,468 ,5 ,18.75 ,42.53 ,1003.58 ,80.80
22:03:23,0 ,0 ,0 ,469 ,5 ,18.75 ,42.55 ,1003.56 ,81.03
22:03:24,0 ,0 ,0 ,469 ,5 ,18.75 ,42.53 ,1003.55 ,81.09
22:03:25,0 ,0 ,0 ,469 ,5 ,18.74 ,42.53 ,1003.53 ,81.21
22:03:26,0 ,0 ,0 ,469 ,5 ,18.75 ,42.53 ,1003.57 ,80.90
22:03:27,0 ,0 ,0 ,469 ,5 ,18.75 ,42.51 ,1003.52 ,81.30
22:03:29,0 ,0 ,0 ,469 ,5 ,18.75 ,42.54 ,1003.57 ,80.87
22:03:30,0 ,0 ,0 ,469 ,5 ,18.75 ,42.54 ,1003.55 ,81.06
22:03:31,0 ,0 ,0 ,469 ,5 ,18.75 ,42.55 ,1003.53 ,81.25
22:03:32,0 ,0 ,0 ,469 ,5 ,18.75 ,42.54 ,1003.55 ,81.04
22:03:33,0 ,0 ,0 ,469 ,5 ,18.76 ,42.53 ,1003.59 ,80.77
22:03:34,0 ,0 ,0 ,469 ,5 ,18.76 ,42.53 ,1003.58 ,80.86
22:03:36,0 ,0 ,0 ,469 ,5 ,18.76 ,42.52 ,1003.56 ,80.97
22:04:37,0 ,0 ,0 ,470 ,5 ,18.74 ,42.51 ,1003.51 ,81.40
22:04:38,0 ,0 ,0 ,470 ,5 ,18.74 ,42.51 ,1003.53 ,81.21
22:04:39,0 ,0 ,0 ,470 ,5 ,18.74 ,42.51 ,1003.52 ,81.30
22:04:40,0 ,0 ,0 ,470 ,5 ,18.74 ,42.51 ,1003.52 ,81.37
22:04:41,0 ,0 ,0 ,470 ,5 ,18.74 ,42.53 ,1003.54 ,81.13
22:04:43,0 ,0 ,0 ,470 ,5 ,18.74 ,42.55 ,1003.53 ,81.26
22:04:44,0 ,0 ,0 ,470 ,5 ,18.74 ,42.56 ,1003.52 ,81.29
22:04:45,0 ,0 ,0 ,470 ,5 ,18.75 ,42.54 ,1003.57 ,80.94
22:04:46,0 ,0 ,0 ,470 ,5 ,18.74 ,42.54 ,1003.52 ,81.34
22:04:47,0 ,0 ,0 ,470 ,5 ,18.74 ,42.54 ,1003.57 ,80.92
22:04:48,0 ,0 ,0 ,470 ,5 ,18.75 ,42.54 ,1003.55 ,81.09
22:04:50,0 ,0 ,0 ,470 ,5 ,18.75 ,42.55 ,1003.54 ,81.19
22:04:51,0 ,0 ,0 ,470 ,5 ,18.74 ,42.54 ,1003.52 ,81.31
22:04:52,0 ,0 ,0 ,469 ,5 ,18.74 ,42.54 ,1003.53 ,81.28
22:04:53,0 ,0 ,0 ,469 ,5 ,18.74 ,42.56 ,1003.56 ,81.02
22:04:54,0 ,0 ,0 ,469 ,5 ,18.75 ,42.56 ,1003.55 ,81.04
22:04:56,0 ,0 ,0 ,469 ,5 ,18.74 ,42.55 ,1003.53 ,81.25
22:04:57,0 ,0 ,0 ,469 ,5 ,18.74 ,42.56 ,1003.51 ,81.41
22:04:58,0 ,0 ,0 ,469 ,5 ,18.74 ,42.55 ,1003.53 ,81.22
22:04:59,0 ,0 ,0 ,469 ,5 ,18.75 ,42.54 ,1003.56 ,80.99
22:05:00,0 ,0 ,0 ,469 ,5 ,18.74 ,42.55 ,1003.53 ,81.21
22:05:01,0 ,0 ,0 ,469 ,5 ,18.74 ,42.55 ,1003.53 ,81.21
22:05:03,0 ,0 ,0 ,469 ,5 ,18.75 ,42.56 ,1003.55 ,81.04
22:05:04,0 ,0 ,0 ,468 ,5 ,18.75 ,42.57 ,1003.52 ,81.34
22:05:05,0 ,0 ,0 ,468 ,5 ,18.76 ,42.60 ,1003.56 ,80.99
22:05:06,0 ,0 ,0 ,468 ,5 ,18.75 ,42.58 ,1003.53 ,81.21
22:05:07,0 ,0 ,0 ,468 ,5 ,18.75 ,42.55 ,1003.50 ,81.14
22:05:08,0 ,0 ,0 ,468 ,5 ,18.75 ,42.55 ,1003.52 ,81.32
22:05:10,0 ,0 ,0 ,468 ,5 ,18.75 ,42.54 ,1003.55 ,81.11
22:05:11,0 ,0 ,0 ,468 ,5 ,18.75 ,42.53 ,1003.54 ,81.16
22:05:12,0 ,0 ,0 ,468 ,5 ,18.75 ,42.51 ,1003.53 ,81.23
22:05:13,0 ,0 ,0 ,468 ,5 ,18.75 ,42.50 ,1003.54 ,81.18
22:05:14,0 ,0 ,0 ,468 ,5 ,18.74 ,42.50 ,1003.52 ,81.32
22:05:15,0 ,0 ,0 ,468 ,5 ,18.74 ,42.51 ,1003.52 ,81.33
22:05:17,0 ,0 ,0 ,468 ,5 ,18.74 ,42.50 ,1003.54 ,81.17
22:05:18,0 ,0 ,0 ,467 ,5 ,18.74 ,42.51 ,1003.51 ,81.38
22:05:19,0 ,0 ,0 ,468 ,5 ,18.74 ,42.53 ,1003.54 ,81.16
22:05:20,0 ,0 ,0 ,467 ,5 ,18.74 ,42.53 ,1003.54 ,81.16
22:05:21,0 ,0 ,0 ,467 ,5 ,18.74 ,42.51 ,1003.52 ,81.37
22:05:22,0 ,0 ,0 ,467 ,5 ,18.75 ,42.51 ,1003.55 ,81.09
22:05:24,0 ,0 ,0 ,467 ,5 ,18.74 ,42.53 ,1003.52 ,81.31
22:05:25,0 ,0 ,0 ,467 ,5 ,18.74 ,42.51 ,1003.56 ,80.95
22:05:26,0 ,0 ,0 ,467 ,5 ,18.74 ,42.51 ,1003.57 ,80.90
22:05:27,0 ,0 ,0 ,467 ,5 ,18.74 ,42.50 ,1003.53 ,81.25
22:05:28,0 ,0 ,0 ,467 ,5 ,18.75 ,42.50 ,1003.54 ,81.13
22:05:29,0 ,0 ,0 ,467 ,5 ,18.75 ,42.50 ,1003.53 ,81.21
22:05:31,0 ,0 ,0 ,467 ,5 ,18.75 ,42.49 ,1003.53 ,81.21
22:05:32,0 ,0 ,0 ,467 ,5 ,18.74 ,42.49 ,1003.52 ,81.33
22:05:33,0 ,0 ,0 ,467 ,5 ,18.75 ,42.50 ,1003.51 ,81.38
22:05:34,0 ,0 ,0 ,467 ,5 ,18.74 ,42.48 ,1003.52 ,81.29
22:05:35,0 ,0 ,0 ,467 ,5 ,18.75 ,42.51 ,1003.56 ,80.99
22:05:36,0 ,0 ,0 ,467 ,5 ,18.75 ,42.53 ,1003.55 ,81.08
22:05:38,0 ,0 ,0 ,467 ,5 ,18.74 ,42.51 ,1003.50 ,81.47
22:05:39,0 ,0 ,0 ,467 ,5 ,18.75 ,42.53 ,1003.53 ,81.23
22:05:40,0 ,0 ,0 ,467 ,5 ,18.75 ,42.53 ,1003.52 ,81.31
22:05:41,0 ,0 ,0 ,467 ,5 ,18.75 ,42.55 ,1003.52 ,81.32
22:05:42,0 ,0 ,0 ,467 ,5 ,18.75 ,42.55 ,1003.53 ,81.26
22:05:43,0 ,0 ,0 ,467 ,5 ,18.74 ,42.57 ,1003.51 ,81.42
22:05:45,0 ,0 ,0 ,467 ,5 ,18.75 ,42.61 ,1003.53 ,81.21
22:05:46,0 ,0 ,0 ,467 ,5 ,18.75 ,42.61 ,1003.53 ,81.23
22:05:47,0 ,0 ,0 ,467 ,5 ,18.76 ,42.60 ,1003.54 ,81.19
22:05:48,0 ,0 ,0 ,467 ,5 ,18.76 ,42.61 ,1003.52 ,81.33
22:05:49,0 ,0 ,0 ,467 ,5 ,18.75 ,42.57 ,1003.50 ,81.47
22:05:50,0 ,0 ,0 ,467 ,5 ,18.75 ,42.55 ,1003.52 ,81.34
22:05:52,0 ,0 ,0 ,467 ,5 ,18.76 ,42.53 ,1003.52 ,81.10
22:05:53,0 ,0 ,0 ,467 ,5 ,18.76 ,42.54 ,1003.51 ,81.38
22:05:54,0 ,0 ,0 ,468 ,5 ,18.75 ,42.54 ,1003.54 ,81.14
22:05:55,0 ,0 ,0 ,468 ,5 ,18.76 ,42.52 ,1003.53 ,81.24
22:05:56,0 ,0 ,0 ,468 ,5 ,18.75 ,42.51 ,1003.53 ,81.28
22:05:57,0 ,0 ,0 ,468 ,5 ,18.76 ,42.50 ,1003.53 ,81.28
22:05:59,0 ,0 ,0 ,468 ,5 ,18.75 ,42.49 ,1003.54 ,81.16
22:06:00,0 ,0 ,0 ,468 ,5 ,18.76 ,42.48 ,1003.55 ,81.09
22:06:01,0 ,0 ,0 ,468 ,5 ,18.75 ,42.48 ,1003.48 ,81.65
22:06:02,0 ,0 ,0 ,468 ,5 ,18.74 ,42.48 ,1003.53 ,81.28
22:06:03,0 ,0 ,0 ,468 ,5 ,18.75 ,42.49 ,1003.48 ,81.63
22:06:04,0 ,0 ,0 ,468 ,5 ,18.75 ,42.49 ,1003.52 ,81.35
22:06:06,0 ,0 ,0 ,468 ,5 ,18.76 ,42.48 ,1003.53 ,81.21
22:06:07,0 ,0 ,0 ,468 ,5 ,18.75 ,42.49 ,1003.52 ,81.30
22:06:08,0 ,0 ,0 ,468 ,5 ,18.75 ,42.48 ,1003.53 ,81.27
22:06:09,0 ,0 ,0 ,468 ,5 ,18.76 ,42.49 ,1003.51 ,81.42
22:06:10,0 ,0 ,0 ,468 ,5 ,18.76 ,42.52 ,1003.52 ,81.31
22:06:11,0 ,0 ,0 ,468 ,5 ,18.76 ,42.54 ,1003.52 ,81.30
22:06:13,0 ,0 ,0 ,468 ,5 ,18.76 ,42.55 ,1003.53 ,81.22
22:06:14,0 ,0 ,0 ,468 ,5 ,18.76 ,42.56 ,1003.54 ,81.15
22:06:15,0 ,0 ,0 ,468 ,5 ,18.76 ,42.57 ,1003.56 ,80.96
22:06:16,0 ,0 ,0 ,469 ,5 ,18.76 ,42.56 ,1003.51 ,81.38
22:06:17,0 ,0 ,0 ,469 ,5 ,18.76 ,42.55 ,1003.51 ,81.44
22:06:18,0 ,0 ,0 ,469 ,5 ,18.76 ,42.55 ,1003.51 ,81.40
22:06:20,0 ,0 ,0 ,469 ,5 ,18.76 ,42.54 ,1003.53 ,81.24
22:06:21,0 ,0 ,0 ,469 ,5 ,18.76 ,42.53 ,1003.52 ,81.30
22:06:22,0 ,0 ,0 ,469 ,5 ,18.75 ,42.49 ,1003.48 ,81.70
22:06:23,0 ,0 ,0 ,469 ,5 ,18.76 ,42.48 ,1003.51 ,81.43
22:06:24,0 ,0 ,0 ,469 ,5 ,18.76 ,42.50 ,1003.52 ,81.28
22:06:25,0 ,0 ,0 ,469 ,5 ,18.75 ,42.53 ,1003.52 ,81.36
22:06:27,0 ,0 ,0 ,469 ,5 ,18.76 ,42.53 ,1003.50 ,81.50
22:06:28,0 ,0 ,0 ,469 ,5 ,18.75 ,42.53 ,1003.51 ,81.38
22:06:29,0 ,0 ,0 ,469 ,5 ,18.76 ,42.54 ,1003.49 ,81.62
22:06:30,0 ,0 ,0 ,469 ,5 ,18.76 ,42.53 ,1003.51 ,81.39
22:06:31,0 ,0 ,0 ,469 ,5 ,18.75 ,42.54 ,1003.50 ,81.45
22:06:32,0 ,0 ,0 ,469 ,5 ,18.75 ,42.55 ,1003.52 ,81.33
22:06:34,0 ,0 ,0 ,469 ,5 ,18.75 ,42.55 ,1003.51 ,81.40
22:07:35,0 ,0 ,0 ,472 ,5 ,18.77 ,42.48 ,1003.52 ,81.31
22:07:36,0 ,0 ,0 ,472 ,5 ,18.76 ,42.47 ,1003.51 ,81.40
22:07:37,0 ,0 ,0 ,472 ,5 ,18.77 ,42.47 ,1003.53 ,81.28
22:07:38,0 ,0 ,0 ,472 ,5 ,18.77 ,42.49 ,1003.57 ,80.94
22:07:39,0 ,0 ,0 ,473 ,5 ,18.76 ,42.50 ,1003.55 ,81.08
22:07:41,0 ,0 ,0 ,473 ,5 ,18.76 ,42.50 ,1003.52 ,81.30
22:07:42,0 ,0 ,0 ,472 ,5 ,18.76 ,42.50 ,1003.53 ,81.25
22:07:43,0 ,0 ,0 ,472 ,5 ,18.76 ,42.49 ,1003.54 ,81.16
22:07:44,0 ,0 ,0 ,472 ,5 ,18.76 ,42.52 ,1003.50 ,81.51
22:07:45,0 ,0 ,0 ,473 ,5 ,18.76 ,42.49 ,1003.52 ,81.30
22:07:46,0 ,0 ,0 ,473 ,5 ,18.76 ,42.49 ,1003.51 ,81.44
22:07:48,0 ,0 ,0 ,473 ,5 ,18.76 ,42.49 ,1003.52 ,81.37
22:07:49,0 ,0 ,0 ,473 ,5 ,18.75 ,42.49 ,1003.48 ,81.68
22:07:50,0 ,0 ,0 ,473 ,5 ,18.76 ,42.48 ,1003.51 ,81.39
22:07:51,0 ,0 ,0 ,473 ,5 ,18.76 ,42.47 ,1003.51 ,81.42
22:07:52,0 ,0 ,0 ,473 ,5 ,18.76 ,42.47 ,1003.51 ,81.44
22:07:53,0 ,0 ,0 ,473 ,5 ,18.76 ,42.47 ,1003.51 ,81.44
22:07:55,0 ,0 ,0 ,473 ,5 ,18.76 ,42.49 ,1003.50 ,81.47
22:07:56,0 ,0 ,0 ,473 ,5 ,18.76 ,42.49 ,1003.53 ,81.28
22:07:57,0 ,0 ,0 ,473 ,5 ,18.75 ,42.52 ,1003.53 ,81.21
22:07:58,0 ,0 ,0 ,473 ,5 ,18.76 ,42.49 ,1003.51 ,81.43
22:07:59,0 ,0 ,0 ,473 ,5 ,18.75 ,42.49 ,1003.55 ,81.11
22:08:00,0 ,0 ,0 ,473 ,5 ,18.76 ,42.50 ,1003.50 ,81.50
22:08:02,0 ,0 ,0 ,473 ,5 ,18.76 ,42.49 ,1003.53 ,81.23
22:08:03,0 ,0 ,0 ,473 ,5 ,18.77 ,42.52 ,1003.54 ,81.17
22:08:04,0 ,0 ,0 ,473 ,5 ,18.76 ,42.54 ,1003.53 ,81.24
22:08:05,0 ,0 ,0 ,473 ,5 ,18.76 ,42.53 ,1003.53 ,81.21
22:08:06,0 ,0 ,0 ,474 ,5 ,18.76 ,42.53 ,1003.54 ,81.19
22:08:07,0 ,0 ,0 ,474 ,5 ,18.76 ,42.54 ,1003.53 ,81.28
22:08:09,0 ,0 ,0 ,474 ,5 ,18.75 ,42.52 ,1003.54 ,81.17
22:08:10,0 ,0 ,0 ,474 ,5 ,18.76 ,42.54 ,1003.50 ,81.53
22:08:11,0 ,0 ,0 ,474 ,5 ,18.76 ,42.52 ,1003.53 ,81.25
22:08:12,0 ,0 ,0 ,474 ,5 ,18.76 ,42.54 ,1003.50 ,81.53
22:08:13,0 ,0 ,0 ,474 ,5 ,18.76 ,42.53 ,1003.56 ,81.01
22:08:15,0 ,0 ,0 ,474 ,5 ,18.76 ,42.53 ,1003.54 ,81.13
22:08:16,0 ,0 ,0 ,474 ,5 ,18.76 ,42.53 ,1003.53 ,81.28
22:08:17,0 ,0 ,0 ,474 ,5 ,18.76 ,42.54 ,1003.53 ,81.24
22:08:18,0 ,0 ,0 ,474 ,5 ,18.76 ,42.53 ,1003.53 ,81.23
22:08:19,0 ,0 ,0 ,474 ,5 ,18.76 ,42.52 ,1003.53 ,81.24
22:08:20,0 ,0 ,0 ,474 ,5 ,18.77 ,42.52 ,1003.54 ,81.19
22:08:22,0 ,0 ,0 ,474 ,5 ,18.76 ,42.52 ,1003.54 ,81.15
22:08:23,0 ,0 ,0 ,474 ,5 ,18.76 ,42.50 ,1003.52 ,81.37
22:08:24,0 ,0 ,0 ,474 ,5 ,18.76 ,42.49 ,1003.51 ,81.37
22:08:25,0 ,0 ,0 ,474 ,5 ,18.75 ,42.50 ,1003.52 ,81.36
22:08:26,0 ,0 ,0 ,474 ,5 ,18.76 ,42.52 ,1003.54 ,81.14
22:08:27,0 ,0 ,0 ,474 ,5 ,18.76 ,42.54 ,1003.53 ,81.26
22:08:28,0 ,0 ,0 ,474 ,5 ,18.76 ,42.54 ,1003.51 ,81.42
22:08:30,0 ,0 ,0 ,474 ,5 ,18.76 ,42.53 ,1003.50 ,81.47
22:08:31,0 ,0 ,0 ,474 ,5 ,18.76 ,42.52 ,1003.52 ,81.36
22:08:32,0 ,0 ,0 ,474 ,5 ,18.75 ,42.50 ,1003.50 ,81.48
22:08:33,0 ,0 ,0 ,474 ,5 ,18.76 ,42.49 ,1003.52 ,81.31
22:08:34,0 ,0 ,0 ,474 ,5 ,18.76 ,42.52 ,1003.52 ,81.34
22:08:35,0 ,0 ,0 ,474 ,5 ,18.76 ,42.50 ,1003.53 ,81.26
22:08:37,0 ,0 ,0 ,474 ,5 ,18.75 ,42.50 ,1003.51 ,81.38
22:08:38,0 ,0 ,0 ,474 ,5 ,18.76 ,42.50 ,1003.51 ,81.39
22:08:39,0 ,0 ,0 ,474 ,5 ,18.75 ,42.49 ,1003.51 ,81.45
22:08:40,0 ,0 ,0 ,474 ,5 ,18.75 ,42.50 ,1003.52 ,81.36
22:08:41,0 ,0 ,0 ,475 ,5 ,18.76 ,42.53 ,1003.54 ,81.14
22:08:42,0 ,0 ,0 ,474 ,5 ,18.75 ,42.54 ,1003.48 ,81.65
22:08:44,0 ,0 ,0 ,475 ,5 ,18.76 ,42.61 ,1003.53 ,81.04
22:08:45,0 ,0 ,0 ,475 ,5 ,18.76 ,42.53 ,1003.55 ,81.08
22:08:46,0 ,0 ,0 ,474 ,5 ,18.76 ,42.53 ,1003.53 ,81.20
22:08:47,0 ,0 ,0 ,474 ,5 ,18.76 ,42.53 ,1003.54 ,81.20
22:08:48,0 ,0 ,0 ,475 ,5 ,18.76 ,42.55 ,1003.53 ,81.27
22:08:49,0 ,0 ,0 ,475 ,5 ,18.76 ,42.54 ,1003.51 ,81.38
22:08:51,0 ,0 ,0 ,475 ,5 ,18.76 ,42.54 ,1003.51 ,81.43
22:08:52,0 ,0 ,0 ,475 ,5 ,18.76 ,42.52 ,1003.51 ,81.39
22:08:53,0 ,0 ,0 ,475 ,5 ,18.76 ,42.52 ,1003.53 ,81.25
22:08:54,0 ,0 ,0 ,475 ,5 ,18.75 ,42.55 ,1003.53 ,81.26
22:08:55,0 ,0 ,0 ,475 ,5 ,18.76 ,42.52 ,1003.56 ,81.01
22:08:56,0 ,0 ,0 ,476 ,5 ,18.75 ,42.51 ,1003.52 ,81.32
22:08:58,0 ,0 ,0 ,475 ,5 ,18.76 ,42.53 ,1003.56 ,81.02
22:08:59,0 ,0 ,0 ,476 ,5 ,18.75 ,42.50 ,1003.51 ,81.37
22:09:00,0 ,0 ,0 ,476 ,5 ,18.75 ,42.50 ,1003.54 ,81.20
22:09:01,0 ,0 ,0 ,476 ,5 ,18.75 ,42.51 ,1003.57 ,80.94
22:09:02,0 ,0 ,0 ,476 ,5 ,18.75 ,42.50 ,1003.54 ,81.12
22:09:04,0 ,0 ,0 ,476 ,5 ,18.74 ,42.49 ,1003.52 ,81.33
22:09:05,0 ,0 ,0 ,477 ,5 ,18.74 ,42.50 ,1003.52 ,81.32
22:09:06,0 ,0 ,0 ,477 ,5 ,18.75 ,42.50 ,1003.50 ,81.53
22:09:07,0 ,0 ,0 ,477 ,5 ,18.74 ,42.50 ,1003.53 ,81.28
22:09:08,0 ,0 ,0 ,477 ,5 ,18.74 ,42.49 ,1003.51 ,81.40
22:09:09,0 ,0 ,0 ,477 ,5 ,18.74 ,42.48 ,1003.54 ,81.16
22:09:11,0 ,0 ,0 ,478 ,5 ,18.74 ,42.48 ,1003.55 ,81.10
22:09:12,0 ,0 ,0 ,478 ,5 ,18.74 ,42.50 ,1003.51 ,81.40
22:09:13,0 ,0 ,0 ,478 ,5 ,18.75 ,42.55 ,1003.53 ,81.25
22:09:14,0 ,0 ,0 ,478 ,5 ,18.74 ,42.53 ,1003.53 ,81.28
22:09:15,0 ,0 ,0 ,478 ,5 ,18.74 ,42.49 ,1003.52 ,81.33
22:09:16,0 ,0 ,0 ,478 ,5 ,18.74 ,42.50 ,1003.53 ,81.24
22:09:18,0 ,0 ,0 ,478 ,5 ,18.73 ,42.50 ,1003.52 ,81.34
22:09:19,0 ,0 ,0 ,478 ,5 ,18.74 ,42.53 ,1003.53 ,81.25
22:09:20,0 ,0 ,0 ,478 ,5 ,18.74 ,42.53 ,1003.54 ,81.13
22:09:21,0 ,0 ,0 ,478 ,5 ,18.74 ,42.54 ,1003.52 ,81.36
22:09:22,0 ,0 ,0 ,478 ,5 ,18.74 ,42.56 ,1003.52 ,81.32
22:09:23,0 ,0 ,0 ,479 ,5 ,18.74 ,42.57 ,1003.53 ,81.21
22:09:25,0 ,0 ,0 ,479 ,5 ,18.75 ,42.56 ,1003.52 ,81.35
22:09:26,0 ,0 ,0 ,479 ,5 ,18.74 ,42.59 ,1003.50 ,81.46
22:09:27,0 ,0 ,0 ,479 ,5 ,18.75 ,42.56 ,1003.53 ,81.21
22:09:28,0 ,0 ,0 ,479 ,5 ,18.74 ,42.56 ,1003.52 ,81.30
22:09:29,0 ,0 ,0 ,479 ,5 ,18.75 ,42.56 ,1003.52 ,81.31
22:09:30,0 ,0 ,0 ,479 ,5 ,18.75 ,42.55 ,1003.52 ,81.36
22:09:32,0 ,0 ,0 ,479 ,5 ,18.75 ,42.55 ,1003.54 ,81.14
22:10:33,0 ,0 ,0 ,478 ,5 ,18.74 ,42.50 ,1003.53 ,81.28
22:10:34,0 ,0 ,0 ,478 ,5 ,18.75 ,42.50 ,1003.54 ,81.17
22:10:35,0 ,0 ,0 ,478 ,5 ,18.75 ,42.50 ,1003.55 ,81.11
22:10:36,0 ,0 ,0 ,478 ,5 ,18.74 ,42.50 ,1003.51 ,81.37
22:10:37,0 ,0 ,0 ,478 ,5 ,18.74 ,42.51 ,1003.49 ,81.55
22:10:39,0 ,0 ,0 ,477 ,5 ,18.74 ,42.54 ,1003.49 ,81.55
22:10:40,0 ,0 ,0 ,477 ,5 ,18.75 ,42.53 ,1003.53 ,81.23
22:10:41,0 ,0 ,0 ,477 ,5 ,18.74 ,42.53 ,1003.54 ,81.20
22:10:42,75 ,274 ,274 ,477 ,5 ,18.74 ,42.54 ,1003.51 ,81.43
22:10:43,75 ,274 ,274 ,477 ,5 ,18.74 ,42.53 ,1003.53 ,81.25
22:10:44,75 ,274 ,274 ,477 ,5 ,18.74 ,42.51 ,1003.53 ,81.27
22:10:46,75 ,276 ,276 ,476 ,5 ,18.74 ,42.51 ,1003.55 ,81.11
22:10:47,75 ,276 ,276 ,476 ,5 ,18.74 ,42.51 ,1003.55 ,81.05
22:10:48,75 ,277 ,277 ,476 ,5 ,18.74 ,42.51 ,1003.54 ,81.19
22:10:49,75 ,277 ,277 ,476 ,5 ,18.74 ,42.51 ,1003.56 ,81.02
22:10:50,73 ,277 ,277 ,476 ,5 ,18.74 ,42.54 ,1003.51 ,81.37
22:10:51,73 ,277 ,277 ,476 ,5 ,18.74 ,42.54 ,1003.51 ,81.37
22:10:53,73 ,277 ,277 ,476 ,5 ,18.73 ,42.54 ,1003.49 ,81.55
22:10:54,73 ,279 ,279 ,476 ,5 ,18.73 ,42.52 ,1003.50 ,81.47
22:10:55,73 ,279 ,279 ,476 ,5 ,18.73 ,42.52 ,1003.55 ,81.07
22:10:56,73 ,279 ,279 ,476 ,5 ,18.73 ,42.55 ,1003.52 ,81.36
22:10:57,73 ,279 ,279 ,475 ,5 ,18.73 ,42.55 ,1003.54 ,81.18
22:10:58,73 ,279 ,279 ,475 ,5 ,18.72 ,42.56 ,1003.50 ,81.47
22:11:00,73 ,279 ,279 ,476 ,5 ,18.73 ,42.56 ,1003.54 ,81.13
22:11:01,73 ,279 ,279 ,476 ,5 ,18.73 ,42.56 ,1003.52 ,81.30
22:11:02,73 ,279 ,279 ,475 ,5 ,18.73 ,42.55 ,1003.56 ,80.97
22:11:03,73 ,279 ,279 ,475 ,5 ,18.73 ,42.55 ,1003.53 ,81.22
22:11:04,75 ,280 ,280 ,475 ,5 ,18.73 ,42.56 ,1003.52 ,81.35
22:11:05,75 ,280 ,280 ,475 ,5 ,18.73 ,42.55 ,1003.52 ,81.29
22:11:07,75 ,280 ,280 ,475 ,5 ,18.73 ,42.56 ,1003.54 ,81.18
22:11:08,75 ,280 ,280 ,475 ,5 ,18.73 ,42.56 ,1003.55 ,81.07
22:11:09,75 ,280 ,280 ,475 ,5 ,18.73 ,42.59 ,1003.54 ,81.13
22:11:10,73 ,280 ,280 ,475 ,5 ,18.73 ,42.57 ,1003.55 ,81.09
22:11:11,73 ,282 ,282 ,475 ,5 ,18.73 ,42.57 ,1003.49 ,81.56
22:11:12,73 ,282 ,282 ,475 ,5 ,18.73 ,42.57 ,1003.53 ,81.25
22:11:14,73 ,282 ,282 ,475 ,5 ,18.73 ,42.56 ,1003.54 ,81.17
22:11:15,73 ,282 ,282 ,475 ,5 ,18.73 ,42.56 ,1003.53 ,81.21
22:11:16,72 ,282 ,282 ,475 ,5 ,18.74 ,42.57 ,1003.55 ,81.09
22:11:17,72 ,282 ,282 ,475 ,5 ,18.74 ,42.59 ,1003.51 ,81.42
22:11:18,72 ,282 ,282 ,475 ,5 ,18.74 ,42.59 ,1003.54 ,81.14
22:11:19,72 ,282 ,282 ,475 ,5 ,18.74 ,42.58 ,1003.53 ,81.24
22:11:21,73 ,282 ,282 ,475 ,5 ,18.75 ,42.58 ,1003.55 ,81.11
22:11:22,73 ,282 ,282 ,475 ,5 ,18.74 ,42.58 ,1003.52 ,81.33
22:11:23,73 ,282 ,282 ,475 ,5 ,18.74 ,42.58 ,1003.52 ,81.29
22:11:24,73 ,283 ,283 ,475 ,5 ,18.74 ,42.58 ,1003.49 ,81.59
22:11:25,73 ,283 ,283 ,475 ,5 ,18.75 ,42.58 ,1003.51 ,81.43
22:11:26,75 ,283 ,283 ,475 ,5 ,18.75 ,42.58 ,1003.54 ,81.13
22:11:28,75 ,283 ,283 ,475 ,5 ,18.74 ,42.57 ,1003.52 ,81.30
22:11:29,75 ,283 ,283 ,475 ,5 ,18.74 ,42.55 ,1003.52 ,81.29
22:11:30,75 ,282 ,282 ,476 ,5 ,18.74 ,42.54 ,1003.54 ,81.13
22:11:31,75 ,282 ,282 ,476 ,5 ,18.74 ,42.54 ,1003.54 ,81.12
22:11:32,75 ,282 ,282 ,476 ,5 ,18.74 ,42.54 ,1003.56 ,81.00
22:11:33,75 ,282 ,282 ,476 ,5 ,18.74 ,42.53 ,1003.52 ,81.30
22:11:35,75 ,282 ,282 ,476 ,5 ,18.74 ,42.50 ,1003.55 ,81.04
22:11:36,75 ,282 ,282 ,476 ,5 ,18.74 ,42.51 ,1003.54 ,81.18
22:11:37,75 ,282 ,282 ,476 ,5 ,18.73 ,42.51 ,1003.53 ,81.28
22:11:38,75 ,283 ,283 ,476 ,5 ,18.73 ,42.54 ,1003.55 ,81.10
22:11:39,75 ,283 ,283 ,476 ,5 ,18.73 ,42.53 ,1003.55 ,81.10
22:11:40,75 ,283 ,283 ,476 ,5 ,18.73 ,42.55 ,1003.53 ,81.24
22:11:42,75 ,283 ,283 ,476 ,5 ,18.74 ,42.55 ,1003.55 ,81.08
22:11:43,75 ,283 ,283 ,476 ,5 ,18.73 ,42.55 ,1003.51 ,81.38
22:11:44,75 ,285 ,285 ,476 ,5 ,18.73 ,42.55 ,1003.55 ,81.07
22:11:45,76 ,285 ,285 ,476 ,5 ,18.74 ,42.53 ,1003.54 ,81.16
22:11:46,76 ,285 ,285 ,476 ,5 ,18.73 ,42.51 ,1003.51 ,81.40
22:11:47,76 ,285 ,285 ,476 ,5 ,18.73 ,42.53 ,1003.54 ,81.14
22:11:49,76 ,285 ,285 ,476 ,5 ,18.73 ,42.50 ,1003.53 ,81.22
22:11:50,76 ,286 ,286 ,476 ,5 ,18.73 ,42.52 ,1003.56 ,81.00
22:11:51,75 ,285 ,285 ,476 ,5 ,18.72 ,42.51 ,1003.51 ,81.38
22:11:52,75 ,285 ,285 ,476 ,5 ,18.73 ,42.50 ,1003.52 ,81.29
22:11:53,75 ,285 ,285 ,476 ,5 ,18.73 ,42.52 ,1003.51 ,81.40
22:11:54,75 ,285 ,285 ,477 ,5 ,18.73 ,42.53 ,1003.55 ,81.10
22:11:56,75 ,285 ,285 ,476 ,5 ,18.73 ,42.54 ,1003.54 ,81.19
22:11:57,75 ,285 ,285 ,476 ,5 ,18.73 ,42.55 ,1003.52 ,81.29
22:11:58,73 ,285 ,285 ,476 ,5 ,18.73 ,42.55 ,1003.55 ,81.09
22:11:59,73 ,285 ,285 ,476 ,5 ,18.73 ,42.54 ,1003.54 ,81.16
22:12:00,73 ,283 ,283 ,477 ,5 ,18.73 ,42.55 ,1003.53 ,81.24
22:12:01,73 ,283 ,283 ,477 ,5 ,18.73 ,42.55 ,1003.55 ,81.09
22:12:03,73 ,283 ,283 ,477 ,5 ,18.73 ,42.54 ,1003.52 ,81.35
22:12:04,72 ,282 ,282 ,477 ,5 ,18.74 ,42.57 ,1003.53 ,81.23
22:12:05,72 ,282 ,282 ,477 ,5 ,18.73 ,42.57 ,1003.52 ,81.31
22:12:06,72 ,282 ,282 ,477 ,5 ,18.73 ,42.56 ,1003.55 ,81.07
22:12:07,72 ,280 ,280 ,477 ,5 ,18.73 ,42.56 ,1003.53 ,81.23
22:12:08,72 ,280 ,280 ,477 ,5 ,18.73 ,42.56 ,1003.52 ,81.36
22:12:10,72 ,280 ,280 ,478 ,5 ,18.73 ,42.55 ,1003.55 ,81.07
22:12:11,72 ,280 ,280 ,478 ,5 ,18.73 ,42.56 ,1003.51 ,81.43
22:12:12,72 ,280 ,280 ,478 ,5 ,18.73 ,42.55 ,1003.51 ,81.40
22:12:13,72 ,280 ,280 ,478 ,5 ,18.73 ,42.56 ,1003.55 ,81.05
22:12:14,72 ,282 ,282 ,478 ,5 ,18.73 ,42.57 ,1003.55 ,81.10
22:12:15,72 ,282 ,282 ,478 ,5 ,18.73 ,42.56 ,1003.52 ,81.29
22:12:17,72 ,280 ,282 ,479 ,5 ,18.73 ,42.56 ,1003.53 ,81.24
22:12:18,72 ,280 ,282 ,479 ,5 ,18.73 ,42.57 ,1003.55 ,81.08
22:12:19,72 ,280 ,282 ,479 ,5 ,18.73 ,42.58 ,1003.57 ,80.91
22:12:20,72 ,280 ,282 ,479 ,5 ,18.73 ,42.57 ,1003.52 ,81.29
22:12:21,72 ,280 ,282 ,479 ,5 ,18.73 ,42.57 ,1003.53 ,81.21
22:12:22,70 ,280 ,282 ,479 ,5 ,18.73 ,42.58 ,1003.54 ,81.20
22:12:24,70 ,280 ,282 ,479 ,5 ,18.73 ,42.57 ,1003.53 ,81.24
22:12:25,70 ,280 ,282 ,479 ,5 ,18.73 ,42.59 ,1003.54 ,81.16
22:12:26,70 ,280 ,282 ,480 ,5 ,18.73 ,42.57 ,1003.55 ,81.06
22:12:27,69 ,280 ,282 ,480 ,5 ,18.74 ,42.59 ,1003.55 ,81.08
22:12:28,69 ,280 ,282 ,480 ,5 ,18.74 ,42.57 ,1003.55 ,81.06
22:12:29,69 ,280 ,282 ,481 ,5 ,18.74 ,42.58 ,1003.56 ,80.98
22:13:31,69 ,282 ,282 ,484 ,5 ,18.70 ,42.51 ,1003.58 ,80.86
22:13:32,69 ,282 ,282 ,484 ,5 ,18.71 ,42.53 ,1003.55 ,81.05
22:13:33,69 ,282 ,282 ,484 ,5 ,18.71 ,42.49 ,1003.58 ,80.85
22:13:34,69 ,282 ,282 ,484 ,5 ,18.71 ,42.50 ,1003.57 ,80.89
22:13:35,69 ,282 ,282 ,484 ,5 ,18.72 ,42.50 ,1003.55 ,81.08
22:13:36,67 ,282 ,282 ,484 ,5 ,18.71 ,42.51 ,1003.53 ,81.27
22:13:38,67 ,282 ,282 ,484 ,5 ,18.71 ,42.52 ,1003.54 ,81.12
22:13:39,67 ,282 ,282 ,484 ,5 ,18.71 ,42.50 ,1003.56 ,81.01
22:13:39,PMS7003  checksum  failed
22:13:40,0 ,0 ,0 ,484 ,5 ,18.71 ,42.51 ,1003.54 ,81.15
22:13:41,0 ,0 ,0 ,484 ,5 ,18.70 ,42.51 ,1003.56 ,80.96
22:13:42,0 ,0 ,0 ,484 ,5 ,18.70 ,42.51 ,1003.55 ,81.05
22:13:43,0 ,0 ,0 ,484 ,5 ,18.70 ,42.52 ,1003.54 ,81.16
22:13:45,0 ,0 ,0 ,484 ,5 ,18.70 ,42.52 ,1003.53 ,81.26
22:13:46,0 ,0 ,0 ,484 ,5 ,18.70 ,42.51 ,1003.55 ,81.09
22:13:47,0 ,0 ,0 ,484 ,5 ,18.70 ,42.52 ,1003.53 ,81.28
22:13:48,0 ,0 ,0 ,483 ,5 ,18.71 ,42.52 ,1003.56 ,80.99
22:13:49,0 ,0 ,0 ,483 ,5 ,18.71 ,42.53 ,1003.55 ,81.11
22:13:50,0 ,0 ,0 ,483 ,5 ,18.70 ,42.53 ,1003.57 ,80.87
22:13:52,0 ,0 ,0 ,483 ,5 ,18.69 ,42.52 ,1003.54 ,81.20
22:13:53,0 ,0 ,0 ,483 ,5 ,18.70 ,42.52 ,1003.56 ,81.00
22:13:54,0 ,0 ,0 ,483 ,5 ,18.69 ,42.52 ,1003.55 ,81.07
22:13:55,0 ,0 ,0 ,483 ,5 ,18.69 ,42.54 ,1003.56 ,80.99
22:13:56,0 ,0 ,0 ,482 ,5 ,18.69 ,42.53 ,1003.53 ,81.25
22:13:57,0 ,0 ,0 ,482 ,5 ,18.69 ,42.53 ,1003.55 ,81.11
22:13:59,0 ,0 ,0 ,482 ,5 ,18.69 ,42.57 ,1003.57 ,80.92
22:14:00,0 ,0 ,0 ,481 ,5 ,18.69 ,42.54 ,1003.54 ,81.18
22:14:01,0 ,0 ,0 ,481 ,5 ,18.68 ,42.59 ,1003.53 ,81.12
22:14:02,0 ,0 ,0 ,481 ,5 ,18.68 ,42.54 ,1003.52 ,81.32
22:14:03,0 ,0 ,0 ,481 ,5 ,18.68 ,42.54 ,1003.51 ,81.41
22:14:04,0 ,0 ,0 ,481 ,5 ,18.69 ,42.56 ,1003.54 ,81.20
22:14:06,0 ,0 ,0 ,480 ,5 ,18.69 ,42.57 ,1003.53 ,81.28
22:14:07,0 ,0 ,0 ,480 ,5 ,18.69 ,42.57 ,1003.56 ,81.01
22:14:08,0 ,0 ,0 ,479 ,5 ,18.69 ,42.58 ,1003.54 ,81.12
22:14:09,0 ,0 ,0 ,479 ,5 ,18.68 ,42.57 ,1003.51 ,81.37
22:14:10,0 ,0 ,0 ,479 ,5 ,18.68 ,42.54 ,1003.53 ,81.25
22:14:11,0 ,0 ,0 ,479 ,5 ,18.69 ,42.54 ,1003.52 ,81.30
22:14:13,0 ,0 ,0 ,478 ,5 ,18.68 ,42.55 ,1003.54 ,81.19
22:14:14,0 ,0 ,0 ,477 ,5 ,18.68 ,42.55 ,1003.55 ,81.08
22:14:15,0 ,0 ,0 ,478 ,5 ,18.68 ,42.55 ,1003.50 ,81.48
22:14:16,0 ,0 ,0 ,478 ,5 ,18.68 ,42.55 ,1003.55 ,81.07
22:14:17,0 ,0 ,0 ,477 ,5 ,18.68 ,42.54 ,1003.53 ,81.26
22:14:18,0 ,0 ,0 ,477 ,5 ,18.68 ,42.54 ,1003.55 ,81.06
22:14:20,0 ,0 ,0 ,476 ,5 ,18.68 ,42.54 ,1003.53 ,81.26
22:14:21,0 ,0 ,0 ,476 ,5 ,18.68 ,42.57 ,1003.50 ,81.48
22:14:22,0 ,0 ,0 ,476 ,5 ,18.68 ,42.58 ,1003.52 ,81.35
22:14:23,0 ,0 ,0 ,475 ,5 ,18.69 ,42.58 ,1003.52 ,81.31
22:14:24,0 ,0 ,0 ,475 ,5 ,18.67 ,42.58 ,1003.51 ,81.42
22:14:25,0 ,0 ,0 ,475 ,5 ,18.68 ,42.57 ,1003.52 ,81.36
22:14:27,0 ,0 ,0 ,475 ,5 ,18.68 ,42.55 ,1003.54 ,81.16
22:14:28,0 ,0 ,0 ,475 ,5 ,18.68 ,42.55 ,1003.53 ,81.22
22:14:29,0 ,0 ,0 ,475 ,5 ,18.68 ,42.54 ,1003.53 ,81.25
22:14:30,0 ,0 ,0 ,475 ,5 ,18.67 ,42.55 ,1003.52 ,81.36
22:14:31,0 ,0 ,0 ,475 ,5 ,18.67 ,42.55 ,1003.52 ,81.33
22:14:32,0 ,0 ,0 ,474 ,5 ,18.67 ,42.58 ,1003.54 ,81.23
22:14:34,0 ,0 ,0 ,474 ,5 ,18.68 ,42.59 ,1003.55 ,81.08
22:14:35,0 ,0 ,0 ,474 ,5 ,18.68 ,42.61 ,1003.55 ,81.07
22:14:36,0 ,0 ,0 ,474 ,5 ,18.67 ,42.60 ,1003.55 ,81.04
22:14:37,0 ,0 ,0 ,474 ,5 ,18.68 ,42.61 ,1003.54 ,81.12
22:14:38,0 ,0 ,0 ,474 ,5 ,18.68 ,42.60 ,1003.55 ,81.10
22:14:39,0 ,0 ,0 ,474 ,5 ,18.68 ,42.58 ,1003.55 ,81.10
22:14:41,0 ,0 ,0 ,473 ,5 ,18.67 ,42.60 ,1003.52 ,81.35
22:14:42,0 ,0 ,0 ,473 ,5 ,18.67 ,42.60 ,1003.53 ,81.20
22:14:43,0 ,0 ,0 ,473 ,5 ,18.68 ,42.61 ,1003.56 ,80.98
22:14:44,0 ,0 ,0 ,473 ,5 ,18.68 ,42.66 ,1003.55 ,81.10
22:14:45,0 ,0 ,0 ,473 ,5 ,18.68 ,42.62 ,1003.51 ,81.43
22:14:46,0 ,0 ,0 ,473 ,5 ,18.68 ,42.62 ,1003.55 ,81.08
22:14:48,0 ,0 ,0 ,472 ,5 ,18.68 ,42.62 ,1003.58 ,80.78
22:14:49,0 ,0 ,0 ,472 ,5 ,18.68 ,42.62 ,1003.56 ,80.95
22:14:50,0 ,0 ,0 ,472 ,5 ,18.68 ,42.60 ,1003.55 ,81.08
22:14:51,0 ,0 ,0 ,472 ,5 ,18.69 ,42.59 ,1003.52 ,81.29
22:14:52,0 ,0 ,0 ,472 ,5 ,18.69 ,42.57 ,1003.55 ,81.11
22:14:53,0 ,0 ,0 ,472 ,5 ,18.69 ,42.55 ,1003.55 ,81.03
22:14:55,0 ,0 ,0 ,472 ,5 ,18.69 ,42.58 ,1003.54 ,81.12
22:14:56,0 ,0 ,0 ,472 ,5 ,18.69 ,42.58 ,1003.55 ,81.05
22:14:57,0 ,0 ,0 ,471 ,5 ,18.69 ,42.57 ,1003.56 ,81.05
22:14:58,0 ,0 ,0 ,471 ,5 ,18.69 ,42.62 ,1003.56 ,81.02
22:14:59,0 ,0 ,0 ,471 ,5 ,18.69 ,42.65 ,1003.57 ,80.93
22:15:00,0 ,0 ,0 ,471 ,5 ,18.69 ,42.66 ,1003.55 ,81.09
22:15:02,0 ,0 ,0 ,471 ,5 ,18.69 ,42.67 ,1003.53 ,81.25
22:15:03,0 ,0 ,0 ,471 ,5 ,18.69 ,42.67 ,1003.55 ,81.09
22:15:04,0 ,0 ,0 ,471 ,5 ,18.70 ,42.68 ,1003.53 ,81.28
22:15:05,0 ,0 ,0 ,471 ,5 ,18.70 ,42.72 ,1003.55 ,81.11
22:15:06,0 ,0 ,0 ,471 ,5 ,18.71 ,42.73 ,1003.57 ,80.94
22:15:07,0 ,0 ,0 ,471 ,5 ,18.71 ,42.70 ,1003.55 ,81.10
22:15:09,0 ,0 ,0 ,471 ,5 ,18.70 ,42.66 ,1003.51 ,81.38
22:15:10,0 ,0 ,0 ,470 ,5 ,18.70 ,42.64 ,1003.53 ,81.21
22:15:11,0 ,0 ,0 ,470 ,5 ,18.70 ,42.65 ,1003.53 ,81.22
22:15:12,0 ,0 ,0 ,470 ,5 ,18.70 ,42.62 ,1003.52 ,81.28
22:15:13,0 ,0 ,0 ,470 ,5 ,18.71 ,42.62 ,1003.55 ,81.08
22:15:14,0 ,0 ,0 ,470 ,5 ,18.70 ,42.60 ,1003.53 ,81.24
22:15:16,0 ,0 ,0 ,470 ,5 ,18.70 ,42.60 ,1003.52 ,81.35
22:15:17,0 ,0 ,0 ,470 ,5 ,18.70 ,42.59 ,1003.53 ,81.27
22:15:18,0 ,0 ,0 ,470 ,5 ,18.70 ,42.58 ,1003.52 ,81.30
22:15:19,0 ,0 ,0 ,470 ,5 ,18.70 ,42.57 ,1003.56 ,80.96
22:15:20,0 ,0 ,0 ,470 ,5 ,18.70 ,42.57 ,1003.56 ,81.02
22:15:21,0 ,0 ,0 ,470 ,5 ,18.70 ,42.56 ,1003.56 ,80.96
22:15:23,0 ,0 ,0 ,470 ,5 ,18.70 ,42.54 ,1003.53 ,81.25
22:15:24,0 ,0 ,0 ,470 ,5 ,18.70 ,42.54 ,1003.53 ,81.24
22:15:25,0 ,0 ,0 ,470 ,5 ,18.69 ,42.54 ,1003.54 ,81.14
22:15:26,0 ,0 ,0 ,470 ,5 ,18.69 ,42.54 ,1003.54 ,81.13
22:15:27,0 ,0 ,0 ,470 ,5 ,18.70 ,42.53 ,1003.54 ,81.23
22:16:28,0 ,0 ,0 ,469 ,5 ,18.68 ,42.54 ,1003.58 ,80.85
22:16:30,0 ,0 ,0 ,469 ,5 ,18.68 ,42.54 ,1003.55 ,81.10
22:16:31,0 ,0 ,0 ,469 ,5 ,18.68 ,42.55 ,1003.53 ,81.25
22:16:32,0 ,0 ,0 ,469 ,5 ,18.67 ,42.54 ,1003.52 ,81.33
22:16:33,0 ,0 ,0 ,469 ,5 ,18.68 ,42.54 ,1003.54 ,81.17
22:16:34,0 ,0 ,0 ,469 ,5 ,18.67 ,42.55 ,1003.56 ,81.01
22:16:35,0 ,0 ,0 ,469 ,5 ,18.67 ,42.57 ,1003.56 ,81.01
22:16:37,0 ,0 ,0 ,468 ,5 ,18.67 ,42.57 ,1003.57 ,80.91
22:16:38,0 ,0 ,0 ,468 ,5 ,18.68 ,42.57 ,1003.55 ,81.08
22:16:39,0 ,0 ,0 ,468 ,5 ,18.68 ,42.55 ,1003.55 ,81.06
22:16:40,0 ,0 ,0 ,468 ,5 ,18.67 ,42.57 ,1003.54 ,81.14
22:16:41,0 ,0 ,0 ,468 ,5 ,18.67 ,42.58 ,1003.57 ,80.91
22:16:42,0 ,0 ,0 ,469 ,5 ,18.67 ,42.58 ,1003.52 ,81.36
22:16:44,0 ,0 ,0 ,468 ,5 ,18.68 ,42.57 ,1003.56 ,81.00
22:16:45,0 ,0 ,0 ,468 ,5 ,18.68 ,42.58 ,1003.54 ,81.17
22:16:46,0 ,0 ,0 ,469 ,5 ,18.67 ,42.54 ,1003.57 ,80.91
22:16:47,0 ,0 ,0 ,468 ,5 ,18.68 ,42.55 ,1003.53 ,81.21
22:16:48,0 ,0 ,0 ,469 ,5 ,18.68 ,42.53 ,1003.55 ,81.10
22:16:49,0 ,0 ,0 ,469 ,5 ,18.68 ,42.53 ,1003.55 ,81.05
22:16:51,0 ,0 ,0 ,469 ,5 ,18.68 ,42.54 ,1003.55 ,81.06
22:16:52,0 ,0 ,0 ,469 ,5 ,18.68 ,42.57 ,1003.57 ,80.94
22:16:53,0 ,0 ,0 ,469 ,5 ,18.67 ,42.55 ,1003.54 ,81.16
22:16:54,0 ,0 ,0 ,469 ,5 ,18.67 ,42.54 ,1003.56 ,80.97
22:16:55,0 ,0 ,0 ,469 ,5 ,18.67 ,42.55 ,1003.53 ,81.21
22:16:56,0 ,0 ,0 ,469 ,5 ,18.68 ,42.57 ,1003.57 ,80.91
22:16:58,0 ,0 ,0 ,469 ,5 ,18.68 ,42.57 ,1003.57 ,80.90
22:16:59,0 ,0 ,0 ,469 ,5 ,18.68 ,42.58 ,1003.59 ,80.75
22:17:00,0 ,0 ,0 ,469 ,5 ,18.68 ,42.59 ,1003.56 ,81.00
22:17:01,0 ,0 ,0 ,469 ,5 ,18.67 ,42.58 ,1003.57 ,80.93
22:17:02,0 ,0 ,0 ,469 ,5 ,18.67 ,42.58 ,1003.56 ,81.02
22:17:03,0 ,0 ,0 ,469 ,5 ,18.66 ,42.58 ,1003.54 ,81.15
22:17:05,0 ,0 ,0 ,469 ,5 ,18.67 ,42.56 ,1003.54 ,81.18
22:17:06,0 ,0 ,0 ,469 ,5 ,18.66 ,42.58 ,1003.54 ,81.16
22:17:07,0 ,0 ,0 ,469 ,5 ,18.66 ,42.59 ,1003.54 ,81.16
22:17:08,0 ,0 ,0 ,469 ,5 ,18.66 ,42.59 ,1003.58 ,80.81
22:17:09,0 ,0 ,0 ,469 ,5 ,18.66 ,42.56 ,1003.52 ,81.32
22:17:10,0 ,0 ,0 ,469 ,5 ,18.66 ,42.58 ,1003.53 ,81.22
22:17:12,0 ,0 ,0 ,469 ,5 ,18.66 ,42.59 ,1003.56 ,81.03
22:17:13,0 ,0 ,0 ,469 ,5 ,18.66 ,42.59 ,1003.55 ,81.07
22:17:14,0 ,0 ,0 ,469 ,5 ,18.66 ,42.59 ,1003.58 ,80.84
22:17:15,0 ,0 ,0 ,469 ,5 ,18.66 ,42.60 ,1003.58 ,80.85
22:17:16,0 ,0 ,0 ,468 ,5 ,18.66 ,42.58 ,1003.54 ,81.13
22:17:17,0 ,0 ,0 ,468 ,5 ,18.67 ,42.56 ,1003.57 ,80.87
22:17:19,0 ,0 ,0 ,468 ,5 ,18.66 ,42.56 ,1003.54 ,81.19
22:17:20,0 ,0 ,0 ,468 ,5 ,18.66 ,42.56 ,1003.53 ,81.23
22:17:21,0 ,0 ,0 ,469 ,5 ,18.66 ,42.55 ,1003.56 ,80.98
22:17:22,0 ,0 ,0 ,469 ,5 ,18.66 ,42.55 ,1003.57 ,80.94
22:17:23,0 ,0 ,0 ,469 ,5 ,18.66 ,42.56 ,1003.54 ,81.16
22:17:24,0 ,0 ,0 ,469 ,5 ,18.66 ,42.56 ,1003.56 ,81.01
22:17:26,0 ,0 ,0 ,469 ,5 ,18.66 ,42.56 ,1003.56 ,81.01
22:17:27,0 ,0 ,0 ,469 ,5 ,18.67 ,42.56 ,1003.58 ,80.82
22:17:28,0 ,0 ,0 ,469 ,5 ,18.66 ,42.56 ,1003.58 ,80.85
22:17:29,0 ,0 ,0 ,469 ,5 ,18.66 ,42.58 ,1003.55 ,81.05
22:17:30,0 ,0 ,0 ,468 ,5 ,18.66 ,42.56 ,1003.59 ,80.77
22:17:31,0 ,0 ,0 ,468 ,5 ,18.67 ,42.59 ,1003.58 ,80.79
22:17:33,0 ,0 ,0 ,468 ,5 ,18.67 ,43.05 ,1003.56 ,80.99
22:17:34,0 ,0 ,0 ,468 ,5 ,18.67 ,43.14 ,1003.57 ,80.94
22:17:35,0 ,0 ,0 ,468 ,5 ,18.67 ,42.99 ,1003.57 ,80.90
22:17:36,0 ,0 ,0 ,468 ,5 ,18.67 ,42.93 ,1003.57 ,80.94
22:17:37,0 ,0 ,0 ,468 ,5 ,18.68 ,42.96 ,1003.55 ,81.06
22:17:39,0 ,0 ,0 ,468 ,5 ,18.68 ,42.92 ,1003.55 ,81.03
22:17:40,0 ,0 ,0 ,468 ,5 ,18.68 ,42.87 ,1003.56 ,80.99
22:17:41,0 ,0 ,0 ,468 ,5 ,18.68 ,42.80 ,1003.53 ,81.21
22:17:42,0 ,0 ,0 ,468 ,5 ,18.68 ,42.75 ,1003.57 ,80.91
22:17:43,0 ,0 ,0 ,468 ,5 ,18.68 ,42.74 ,1003.56 ,80.99
22:17:44,0 ,0 ,0 ,467 ,5 ,18.68 ,42.68 ,1003.57 ,80.92
22:17:46,0 ,0 ,0 ,467 ,5 ,18.68 ,42.63 ,1003.55 ,81.07
22:17:47,0 ,0 ,0 ,467 ,5 ,18.68 ,42.66 ,1003.54 ,81.14
22:17:48,0 ,0 ,0 ,467 ,5 ,18.69 ,42.66 ,1003.58 ,80.79
22:17:49,0 ,0 ,0 ,467 ,5 ,18.69 ,42.67 ,1003.56 ,80.96
22:17:50,0 ,0 ,0 ,467 ,5 ,18.69 ,42.67 ,1003.55 ,81.05
22:17:51,0 ,0 ,0 ,468 ,5 ,18.69 ,42.66 ,1003.56 ,80.97
22:17:53,0 ,0 ,0 ,467 ,5 ,18.69 ,42.65 ,1003.57 ,80.94
22:17:54,0 ,0 ,0 ,468 ,5 ,18.69 ,42.62 ,1003.55 ,81.05
22:17:55,0 ,0 ,0 ,468 ,5 ,18.70 ,42.62 ,1003.56 ,80.98
22:17:56,0 ,0 ,0 ,468 ,5 ,18.70 ,42.61 ,1003.56 ,81.02
22:17:57,0 ,0 ,0 ,468 ,5 ,18.70 ,42.61 ,1003.55 ,81.05
22:17:58,0 ,0 ,0 ,468 ,5 ,18.70 ,42.63 ,1003.52 ,81.31
22:18:00,0 ,0 ,0 ,468 ,5 ,18.71 ,42.65 ,1003.57 ,80.92
22:18:01,0 ,0 ,0 ,468 ,5 ,18.71 ,42.76 ,1003.57 ,80.91
22:18:02,0 ,0 ,0 ,468 ,5 ,18.71 ,42.66 ,1003.58 ,80.80
22:18:03,0 ,0 ,0 ,469 ,5 ,18.70 ,42.66 ,1003.55 ,81.05
22:18:04,0 ,0 ,0 ,469 ,5 ,18.71 ,42.64 ,1003.59 ,80.78
22:18:05,0 ,0 ,0 ,469 ,5 ,18.70 ,42.65 ,1003.58 ,80.79
22:18:07,0 ,0 ,0 ,468 ,5 ,18.71 ,42.67 ,1003.56 ,80.98
22:18:08,0 ,0 ,0 ,468 ,5 ,18.70 ,42.68 ,1003.58 ,80.85
22:18:09,0 ,0 ,0 ,468 ,5 ,18.70 ,42.71 ,1003.56 ,80.96
22:18:10,0 ,0 ,0 ,469 ,5 ,18.70 ,42.68 ,1003.60 ,80.69
22:18:11,0 ,0 ,0 ,469 ,5 ,18.70 ,42.67 ,1003.58 ,80.82
22:18:12,0 ,0 ,0 ,469 ,5 ,18.71 ,42.67 ,1003.56 ,80.98
22:18:14,0 ,0 ,0 ,469 ,5 ,18.70 ,42.65 ,1003.57 ,80.89
22:18:15,0 ,0 ,0 ,469 ,5 ,18.69 ,42.64 ,1003.54 ,81.13
22:18:16,0 ,0 ,0 ,469 ,5 ,18.70 ,42.62 ,1003.57 ,80.87
22:18:17,0 ,0 ,0 ,469 ,5 ,18.70 ,42.64 ,1003.54 ,81.19
22:18:18,0 ,0 ,0 ,469 ,5 ,18.69 ,42.60 ,1003.55 ,81.09
22:18:19,0 ,0 ,0 ,469 ,5 ,18.70 ,42.60 ,1003.56 ,80.95
22:18:21,0 ,0 ,0 ,469 ,5 ,18.70 ,42.60 ,1003.55 ,81.05
22:18:22,0 ,0 ,0 ,469 ,5 ,18.69 ,42.61 ,1003.57 ,80.94
22:18:23,0 ,0 ,0 ,469 ,5 ,18.70 ,42.60 ,1003.58 ,80.79
22:18:24,0 ,0 ,0 ,469 ,5 ,18.70 ,42.61 ,1003.57 ,80.93
22:18:25,0 ,0 ,0 ,470 ,5 ,18.70 ,42.61 ,1003.56 ,80.99
22:19:26,0 ,0 ,0 ,475 ,5 ,18.69 ,42.60 ,1003.58 ,80.84
22:19:28,0 ,0 ,0 ,475 ,5 ,18.69 ,42.58 ,1003.56 ,80.99
22:19:29,0 ,0 ,0 ,476 ,5 ,18.69 ,42.60 ,1003.56 ,80.98
22:19:30,0 ,0 ,0 ,475 ,5 ,18.69 ,42.59 ,1003.56 ,81.03
22:19:31,0 ,0 ,0 ,475 ,5 ,18.69 ,42.58 ,1003.59 ,80.72
22:19:32,0 ,0 ,0 ,475 ,5 ,18.69 ,42.59 ,1003.56 ,80.99
22:19:33,0 ,0 ,0 ,476 ,5 ,18.69 ,42.65 ,1003.57 ,80.94
22:19:35,0 ,0 ,0 ,476 ,5 ,18.69 ,42.58 ,1003.57 ,80.92
22:19:36,0 ,0 ,0 ,476 ,5 ,18.69 ,42.59 ,1003.53 ,81.25
22:19:37,0 ,0 ,0 ,476 ,5 ,18.69 ,42.59 ,1003.57 ,80.94
22:19:38,0 ,0 ,0 ,476 ,5 ,18.70 ,42.59 ,1003.57 ,80.94
22:19:39,0 ,0 ,0 ,476 ,5 ,18.68 ,42.57 ,1003.54 ,81.17
22:19:40,0 ,0 ,0 ,475 ,5 ,18.68 ,42.57 ,1003.55 ,81.09
22:19:42,0 ,0 ,0 ,475 ,5 ,18.69 ,42.55 ,1003.55 ,81.11
22:19:43,0 ,0 ,0 ,475 ,5 ,18.69 ,42.57 ,1003.54 ,81.18
22:19:44,0 ,0 ,0 ,475 ,5 ,18.69 ,42.55 ,1003.55 ,81.04
22:19:45,0 ,0 ,0 ,475 ,5 ,18.69 ,42.57 ,1003.57 ,80.88
22:19:46,0 ,0 ,0 ,475 ,5 ,18.69 ,42.57 ,1003.55 ,81.05
22:19:47,0 ,0 ,0 ,475 ,5 ,18.69 ,42.57 ,1003.55 ,81.04
22:19:49,0 ,0 ,0 ,475 ,5 ,18.68 ,42.57 ,1003.56 ,80.97
22:19:50,0 ,0 ,0 ,475 ,5 ,18.70 ,42.57 ,1003.59 ,80.71
22:19:51,0 ,0 ,0 ,475 ,5 ,18.70 ,42.58 ,1003.56 ,80.97
22:19:52,0 ,0 ,0 ,475 ,5 ,18.70 ,42.57 ,1003.57 ,80.94
22:19:53,0 ,0 ,0 ,475 ,5 ,18.70 ,42.59 ,1003.55 ,81.04
22:19:54,0 ,0 ,0 ,475 ,5 ,18.71 ,42.58 ,1003.56 ,81.01
22:19:56,0 ,0 ,0 ,475 ,5 ,18.71 ,42.57 ,1003.56 ,80.96
22:19:57,0 ,0 ,0 ,474 ,5 ,18.71 ,42.59 ,1003.58 ,80.84
22:19:58,0 ,0 ,0 ,475 ,5 ,18.71 ,42.58 ,1003.57 ,80.87
22:19:59,0 ,0 ,0 ,475 ,5 ,18.71 ,42.57 ,1003.56 ,80.99
22:20:00,0 ,0 ,0 ,475 ,5 ,18.71 ,42.59 ,1003.58 ,80.84
22:20:01,0 ,0 ,0 ,475 ,5 ,18.71 ,42.57 ,1003.56 ,81.01
22:20:03,0 ,0 ,0 ,475 ,5 ,18.72 ,42.56 ,1003.57 ,80.88
22:20:04,0 ,0 ,0 ,475 ,5 ,18.72 ,42.56 ,1003.60 ,80.68
22:20:05,0 ,0 ,0 ,474 ,5 ,18.72 ,42.56 ,1003.54 ,81.14
22:20:06,0 ,0 ,0 ,475 ,5 ,18.72 ,42.58 ,1003.57 ,80.92
22:20:07,0 ,0 ,0 ,474 ,5 ,18.72 ,42.58 ,1003.58 ,80.79
22:20:08,0 ,0 ,0 ,474 ,5 ,18.72 ,42.59 ,1003.59 ,80.73
22:20:10,0 ,0 ,0 ,474 ,5 ,18.72 ,42.57 ,1003.56 ,80.95
22:20:11,0 ,0 ,0 ,474 ,5 ,18.73 ,42.56 ,1003.57 ,80.93
22:20:12,0 ,0 ,0 ,474 ,5 ,18.73 ,42.57 ,1003.59 ,80.75
22:20:13,0 ,0 ,0 ,474 ,5 ,18.73 ,42.56 ,1003.56 ,81.03
22:20:14,0 ,0 ,0 ,474 ,5 ,18.72 ,42.55 ,1003.56 ,80.96
22:20:15,0 ,0 ,0 ,474 ,5 ,18.72 ,42.55 ,1003.54 ,81.13
22:20:17,0 ,0 ,0 ,474 ,5 ,18.72 ,42.52 ,1003.59 ,80.76
22:20:18,0 ,0 ,0 ,474 ,5 ,18.72 ,42.52 ,1003.56 ,80.98
22:20:19,0 ,0 ,0 ,474 ,5 ,18.71 ,42.53 ,1003.57 ,80.89
22:20:20,0 ,0 ,0 ,474 ,5 ,18.72 ,42.53 ,1003.57 ,80.94
22:20:21,0 ,0 ,0 ,474 ,5 ,18.72 ,42.55 ,1003.55 ,81.08
22:20:23,0 ,0 ,0 ,474 ,5 ,18.72 ,42.55 ,1003.58 ,80.86
22:20:24,0 ,0 ,0 ,473 ,5 ,18.72 ,42.53 ,1003.56 ,80.97
22:20:25,0 ,0 ,0 ,473 ,5 ,18.71 ,42.53 ,1003.56 ,81.02
22:20:26,0 ,0 ,0 ,473 ,5 ,18.71 ,42.57 ,1003.55 ,81.07
22:20:27,0 ,0 ,0 ,473 ,5 ,18.72 ,42.52 ,1003.58 ,80.82
22:20:28,0 ,0 ,0 ,473 ,5 ,18.72 ,42.52 ,1003.55 ,81.04
22:20:30,0 ,0 ,0 ,473 ,5 ,18.71 ,42.52 ,1003.58 ,80.82
22:20:31,0 ,0 ,0 ,473 ,5 ,18.72 ,42.51 ,1003.57 ,80.94
22:20:32,0 ,0 ,0 ,473 ,5 ,18.72 ,42.53 ,1003.57 ,80.92
22:20:33,0 ,0 ,0 ,473 ,5 ,18.72 ,42.53 ,1003.57 ,80.90
22:20:34,0 ,0 ,0 ,473 ,5 ,18.71 ,42.53 ,1003.54 ,81.15
22:20:35,0 ,0 ,0 ,473 ,5 ,18.72 ,42.53 ,1003.57 ,80.93
22:20:37,0 ,0 ,0 ,472 ,5 ,18.72 ,42.53 ,1003.55 ,81.08
22:20:38,0 ,0 ,0 ,472 ,5 ,18.72 ,42.55 ,1003.55 ,81.07
22:20:39,0 ,0 ,0 ,472 ,5 ,18.72 ,42.62 ,1003.57 ,80.89
22:20:40,0 ,0 ,0 ,472 ,5 ,18.72 ,43.16 ,1003.60 ,80.69
22:20:41,0 ,0 ,0 ,472 ,5 ,18.72 ,43.32 ,1003.59 ,80.72
22:20:42,0 ,0 ,0 ,472 ,5 ,18.72 ,43.28 ,1003.59 ,80.75
22:20:44,0 ,0 ,0 ,472 ,5 ,18.72 ,43.10 ,1003.57 ,80.88
22:20:45,0 ,0 ,0 ,472 ,5 ,18.72 ,42.96 ,1003.57 ,80.89
22:20:46,0 ,0 ,0 ,472 ,5 ,18.72 ,42.87 ,1003.56 ,80.95
22:20:47,0 ,0 ,0 ,472 ,5 ,18.73 ,42.79 ,1003.62 ,80.46
22:20:48,0 ,0 ,0 ,472 ,5 ,18.72 ,42.74 ,1003.57 ,80.89
22:20:49,0 ,0 ,0 ,472 ,5 ,18.73 ,42.72 ,1003.58 ,80.82
22:20:51,0 ,0 ,0 ,472 ,5 ,18.72 ,42.71 ,1003.58 ,80.78
22:20:52,0 ,0 ,0 ,472 ,5 ,18.72 ,42.66 ,1003.59 ,80.75
22:20:53,0 ,0 ,0 ,472 ,5 ,18.72 ,42.66 ,1003.58 ,80.79
22:20:54,0 ,0 ,0 ,472 ,5 ,18.73 ,43.00 ,1003.58 ,80.82
22:20:55,0 ,0 ,0 ,472 ,5 ,18.73 ,43.17 ,1003.58 ,80.83
22:20:56,0 ,0 ,0 ,472 ,5 ,18.73 ,43.15 ,1003.61 ,80.54
22:20:58,0 ,0 ,0 ,472 ,5 ,18.73 ,43.09 ,1003.55 ,81.04
22:20:59,0 ,0 ,0 ,472 ,5 ,18.73 ,43.00 ,1003.58 ,80.85
22:21:00,0 ,0 ,0 ,472 ,5 ,18.73 ,42.92 ,1003.60 ,80.68
22:21:01,0 ,0 ,0 ,472 ,5 ,18.73 ,42.88 ,1003.60 ,80.63
22:21:02,0 ,0 ,0 ,473 ,5 ,18.74 ,42.87 ,1003.58 ,80.79
22:21:03,0 ,0 ,0 ,473 ,5 ,18.73 ,42.84 ,1003.57 ,80.94
22:21:05,0 ,0 ,0 ,472 ,5 ,18.73 ,42.83 ,1003.57 ,80.87
22:21:06,0 ,0 ,0 ,472 ,5 ,18.74 ,42.84 ,1003.56 ,80.95
22:21:07,0 ,0 ,0 ,472 ,5 ,18.73 ,42.84 ,1003.58 ,80.86
22:21:08,0 ,0 ,0 ,473 ,5 ,18.73 ,42.81 ,1003.54 ,81.15
22:21:09,0 ,0 ,0 ,473 ,5 ,18.73 ,42.79 ,1003.57 ,80.93
22:21:11,0 ,0 ,0 ,473 ,5 ,18.74 ,42.78 ,1003.55 ,81.09
22:21:12,0 ,0 ,0 ,473 ,5 ,18.74 ,42.74 ,1003.56 ,81.03
22:21:13,0 ,0 ,0 ,473 ,5 ,18.74 ,42.71 ,1003.61 ,80.60
22:21:14,0 ,0 ,0 ,473 ,5 ,18.73 ,42.67 ,1003.58 ,80.86
22:21:15,0 ,0 ,0 ,473 ,5 ,18.74 ,42.66 ,1003.58 ,80.83
22:21:16,0 ,0 ,0 ,473 ,5 ,18.73 ,42.65 ,1003.58 ,80.85
22:21:18,0 ,0 ,0 ,473 ,5 ,18.73 ,42.65 ,1003.58 ,80.78
22:21:19,0 ,0 ,0 ,473 ,5 ,18.72 ,42.62 ,1003.56 ,80.97
22:21:20,0 ,0 ,0 ,473 ,5 ,18.73 ,42.61 ,1003.59 ,80.76
22:21:21,0 ,0 ,0 ,473 ,5 ,18.73 ,42.58 ,1003.57 ,80.88
22:21:22,0 ,0 ,0 ,474 ,5 ,18.73 ,42.57 ,1003.56 ,80.95
22:21:23,0 ,0 ,0 ,474 ,5 ,18.72 ,42.56 ,1003.57 ,80.87
22:22:25,0 ,0 ,0 ,473 ,5 ,18.70 ,42.54 ,1003.54 ,81.18
22:22:26,0 ,0 ,0 ,473 ,5 ,18.70 ,42.54 ,1003.57 ,80.92
22:22:27,0 ,0 ,0 ,472 ,5 ,18.70 ,42.56 ,1003.60 ,80.69
22:22:28,0 ,0 ,0 ,472 ,5 ,18.70 ,42.57 ,1003.58 ,80.82
22:22:29,0 ,0 ,0 ,472 ,5 ,18.70 ,42.54 ,1003.58 ,80.82
22:22:30,0 ,0 ,0 ,472 ,5 ,18.70 ,42.56 ,1003.57 ,80.88
22:22:32,0 ,0 ,0 ,472 ,5 ,18.70 ,42.56 ,1003.58 ,80.81
22:22:33,0 ,0 ,0 ,472 ,5 ,18.70 ,42.54 ,1003.60 ,80.68
22:22:34,0 ,0 ,0 ,472 ,5 ,18.70 ,42.56 ,1003.58 ,80.84
22:22:35,72 ,276 ,276 ,472 ,5 ,18.70 ,42.54 ,1003.57 ,80.90
22:22:36,72 ,276 ,276 ,472 ,5 ,18.70 ,42.50 ,1003.57 ,80.87
22:22:37,72 ,277 ,277 ,472 ,5 ,18.70 ,42.45 ,1003.56 ,80.82
22:22:39,72 ,277 ,277 ,472 ,5 ,18.70 ,42.45 ,1003.59 ,80.75
22:22:40,72 ,277 ,277 ,472 ,5 ,18.70 ,42.45 ,1003.55 ,81.08
22:22:41,72 ,279 ,279 ,472 ,5 ,18.71 ,42.42 ,1003.60 ,80.68
22:22:42,72 ,279 ,279 ,472 ,5 ,18.70 ,42.45 ,1003.56 ,80.99
22:22:43,72 ,279 ,279 ,472 ,5 ,18.71 ,42.43 ,1003.58 ,80.85
22:22:44,72 ,279 ,279 ,472 ,5 ,18.70 ,42.43 ,1003.61 ,80.58
22:22:46,70 ,279 ,279 ,472 ,5 ,18.70 ,42.40 ,1003.59 ,80.71
22:22:47,70 ,279 ,279 ,472 ,5 ,18.70 ,42.36 ,1003.57 ,80.92
22:22:48,70 ,279 ,279 ,472 ,5 ,18.70 ,42.36 ,1003.57 ,80.89
22:22:49,70 ,277 ,277 ,472 ,5 ,18.70 ,42.34 ,1003.60 ,80.62
22:22:50,70 ,277 ,277 ,472 ,5 ,18.71 ,42.32 ,1003.61 ,80.61
22:22:51,69 ,277 ,277 ,472 ,5 ,18.70 ,42.30 ,1003.57 ,80.88
22:22:53,69 ,277 ,277 ,472 ,5 ,18.71 ,42.30 ,1003.61 ,80.57
22:22:54,69 ,277 ,277 ,472 ,5 ,18.71 ,42.29 ,1003.59 ,80.75
22:22:55,69 ,277 ,277 ,472 ,5 ,18.70 ,42.31 ,1003.59 ,80.70
22:22:56,69 ,277 ,277 ,471 ,5 ,18.71 ,42.33 ,1003.60 ,80.65
22:22:57,69 ,277 ,277 ,471 ,5 ,18.71 ,42.35 ,1003.58 ,80.85
22:22:58,69 ,277 ,277 ,471 ,5 ,18.71 ,42.37 ,1003.57 ,80.91
22:23:00,69 ,277 ,277 ,471 ,5 ,18.71 ,42.40 ,1003.60 ,80.67
22:23:01,70 ,279 ,279 ,471 ,5 ,18.70 ,42.42 ,1003.55 ,81.06
22:23:02,70 ,279 ,279 ,471 ,5 ,18.71 ,42.43 ,1003.59 ,80.70
22:23:03,72 ,280 ,280 ,471 ,5 ,18.70 ,42.44 ,1003.55 ,81.06
22:23:04,72 ,280 ,280 ,471 ,5 ,18.70 ,42.45 ,1003.58 ,80.85
22:23:05,72 ,280 ,280 ,471 ,5 ,18.70 ,42.46 ,1003.57 ,80.91
22:23:07,72 ,280 ,280 ,471 ,5 ,18.71 ,42.45 ,1003.57 ,80.91
22:23:08,72 ,280 ,280 ,471 ,5 ,18.70 ,42.45 ,1003.59 ,80.76
22:23:09,72 ,280 ,280 ,471 ,5 ,18.71 ,42.45 ,1003.58 ,80.80
22:23:10,72 ,279 ,279 ,471 ,5 ,18.71 ,42.46 ,1003.57 ,80.92
22:23:11,72 ,279 ,279 ,471 ,5 ,18.71 ,42.44 ,1003.57 ,80.94
22:23:12,72 ,279 ,279 ,471 ,5 ,18.71 ,42.44 ,1003.56 ,80.96
22:23:14,70 ,277 ,277 ,471 ,5 ,18.71 ,42.46 ,1003.57 ,80.94
22:23:15,70 ,277 ,277 ,471 ,5 ,18.71 ,42.45 ,1003.57 ,80.90
22:23:16,70 ,277 ,277 ,471 ,5 ,18.71 ,42.45 ,1003.56 ,80.98
22:23:17,70 ,277 ,277 ,471 ,5 ,18.72 ,42.45 ,1003.60 ,80.64
22:23:18,69 ,276 ,276 ,471 ,5 ,18.72 ,42.46 ,1003.57 ,80.89
22:23:19,69 ,276 ,276 ,471 ,5 ,18.72 ,42.46 ,1003.57 ,80.92
22:23:21,69 ,276 ,276 ,471 ,5 ,18.71 ,42.48 ,1003.56 ,80.96
22:23:22,70 ,276 ,276 ,471 ,5 ,18.71 ,42.44 ,1003.57 ,80.88
22:23:23,70 ,276 ,276 ,471 ,5 ,18.71 ,42.43 ,1003.55 ,81.03
22:23:24,70 ,277 ,277 ,471 ,5 ,18.71 ,42.45 ,1003.56 ,80.97
22:23:25,70 ,277 ,277 ,471 ,5 ,18.71 ,42.46 ,1003.55 ,81.04
22:23:26,70 ,277 ,277 ,471 ,5 ,18.71 ,42.45 ,1003.56 ,81.02
22:23:28,70 ,279 ,279 ,471 ,5 ,18.72 ,42.45 ,1003.57 ,80.91
22:23:29,70 ,279 ,279 ,471 ,5 ,18.72 ,42.45 ,1003.56 ,80.97
22:23:30,70 ,280 ,280 ,471 ,5 ,18.71 ,42.48 ,1003.57 ,80.88
22:23:31,70 ,280 ,280 ,471 ,5 ,18.72 ,42.48 ,1003.56 ,80.98
22:23:32,70 ,280 ,280 ,471 ,5 ,18.71 ,42.46 ,1003.59 ,80.77
22:23:33,70 ,280 ,280 ,471 ,5 ,18.71 ,42.48 ,1003.55 ,81.06
22:23:35,70 ,282 ,282 ,471 ,5 ,18.72 ,42.47 ,1003.56 ,80.97
22:23:36,72 ,282 ,282 ,471 ,5 ,18.72 ,42.47 ,1003.59 ,80.75
22:23:37,72 ,282 ,282 ,471 ,5 ,18.71 ,42.48 ,1003.57 ,80.93
22:23:38,72 ,282 ,282 ,471 ,5 ,18.72 ,42.46 ,1003.58 ,80.83
22:23:39,72 ,283 ,283 ,471 ,5 ,18.72 ,42.42 ,1003.58 ,80.84
22:23:40,72 ,283 ,283 ,471 ,5 ,18.71 ,42.41 ,1003.54 ,81.20
22:23:42,72 ,283 ,283 ,470 ,5 ,18.71 ,42.41 ,1003.57 ,80.88
22:23:43,72 ,283 ,283 ,470 ,5 ,18.71 ,42.42 ,1003.54 ,81.13
22:23:44,72 ,285 ,285 ,470 ,5 ,18.72 ,42.42 ,1003.56 ,80.99
22:23:45,73 ,283 ,283 ,470 ,5 ,18.71 ,42.36 ,1003.57 ,80.92
22:23:46,73 ,283 ,283 ,470 ,5 ,18.72 ,42.37 ,1003.57 ,80.94
22:23:47,73 ,283 ,283 ,470 ,5 ,18.71 ,42.40 ,1003.57 ,80.87
22:23:49,73 ,283 ,283 ,470 ,5 ,18.72 ,42.38 ,1003.55 ,81.06
22:23:50,75 ,283 ,283 ,470 ,5 ,18.71 ,42.38 ,1003.52 ,81.35
22:23:51,75 ,283 ,283 ,470 ,5 ,18.72 ,42.40 ,1003.55 ,81.04
22:23:52,75 ,283 ,283 ,470 ,5 ,18.72 ,42.41 ,1003.54 ,81.13
22:23:53,75 ,283 ,283 ,470 ,5 ,18.72 ,42.41 ,1003.57 ,80.89
22:23:54,75 ,283 ,283 ,470 ,5 ,18.72 ,42.40 ,1003.59 ,80.74
22:23:56,75 ,285 ,285 ,470 ,5 ,18.72 ,42.36 ,1003.57 ,80.89
22:23:57,75 ,285 ,285 ,470 ,5 ,18.72 ,42.39 ,1003.56 ,80.97
22:23:58,75 ,285 ,285 ,470 ,5 ,18.72 ,42.35 ,1003.55 ,81.06
22:23:59,75 ,285 ,285 ,470 ,5 ,18.72 ,42.32 ,1003.58 ,80.82
22:24:00,75 ,285 ,285 ,470 ,5 ,18.72 ,42.32 ,1003.60 ,80.65
22:24:01,75 ,285 ,285 ,470 ,5 ,18.72 ,42.33 ,1003.58 ,80.81
22:24:03,75 ,285 ,285 ,470 ,5 ,18.72 ,42.30 ,1003.57 ,80.91
22:24:04,75 ,286 ,286 ,470 ,5 ,18.72 ,42.25 ,1003.58 ,80.84
22:24:05,75 ,286 ,286 ,470 ,5 ,18.72 ,42.20 ,1003.59 ,80.77
22:24:06,75 ,286 ,286 ,470 ,5 ,18.71 ,42.19 ,1003.57 ,80.92
22:24:07,75 ,286 ,286 ,470 ,5 ,18.72 ,42.17 ,1003.57 ,80.87
22:24:08,73 ,286 ,286 ,470 ,5 ,18.72 ,42.17 ,1003.57 ,80.94
22:24:10,73 ,286 ,286 ,470 ,5 ,18.72 ,42.18 ,1003.56 ,81.00
22:24:11,73 ,286 ,286 ,470 ,5 ,18.72 ,42.16 ,1003.53 ,81.24
22:24:12,73 ,286 ,286 ,470 ,5 ,18.73 ,42.14 ,1003.58 ,80.79
22:24:13,73 ,286 ,286 ,470 ,5 ,18.72 ,42.12 ,1003.56 ,80.97
22:24:14,73 ,286 ,286 ,470 ,5 ,18.73 ,42.12 ,1003.55 ,81.10
22:24:15,73 ,286 ,286 ,470 ,5 ,18.72 ,42.10 ,1003.56 ,80.98
22:24:17,72 ,286 ,286 ,470 ,5 ,18.72 ,42.10 ,1003.55 ,81.04
22:24:18,72 ,286 ,286 ,469 ,5 ,18.73 ,42.08 ,1003.58 ,80.80
22:24:19,72 ,286 ,286 ,469 ,5 ,18.72 ,42.05 ,1003.54 ,81.12
22:24:20,72 ,286 ,286 ,470 ,5 ,18.72 ,42.05 ,1003.58 ,80.80
22:24:21,72 ,286 ,286 ,470 ,5 ,18.72 ,42.06 ,1003.58 ,80.84
22:25:22,72 ,286 ,286 ,466 ,5 ,18.72 ,41.67 ,1003.57 ,80.92
22:25:24,72 ,286 ,286 ,466 ,5 ,18.72 ,41.66 ,1003.58 ,80.79
22:25:25,72 ,285 ,285 ,466 ,5 ,18.72 ,41.68 ,1003.59 ,80.77
22:25:26,70 ,285 ,285 ,466 ,5 ,18.72 ,41.67 ,1003.59 ,80.77
22:25:27,70 ,285 ,285 ,466 ,5 ,18.71 ,41.68 ,1003.59 ,80.73
22:25:28,70 ,283 ,283 ,466 ,5 ,18.72 ,41.66 ,1003.59 ,80.70
22:25:29,70 ,283 ,283 ,466 ,5 ,18.71 ,41.67 ,1003.61 ,80.60
22:25:31,70 ,283 ,283 ,466 ,5 ,18.72 ,41.67 ,1003.60 ,80.66
22:25:32,70 ,283 ,283 ,466 ,5 ,18.71 ,41.67 ,1003.59 ,80.71
22:25:32,PMS7003  checksum  failed
22:25:33,0 ,0 ,0 ,466 ,5 ,18.72 ,41.65 ,1003.60 ,80.64
22:25:34,0 ,0 ,0 ,466 ,5 ,18.72 ,41.66 ,1003.59 ,80.76
22:25:35,0 ,0 ,0 ,466 ,5 ,18.71 ,41.65 ,1003.57 ,80.88
22:25:36,0 ,0 ,0 ,466 ,5 ,18.71 ,41.62 ,1003.61 ,80.57
22:25:38,0 ,0 ,0 ,466 ,5 ,18.71 ,41.62 ,1003.59 ,80.75
22:25:39,0 ,0 ,0 ,466 ,5 ,18.72 ,41.61 ,1003.59 ,80.72
22:25:40,0 ,0 ,0 ,466 ,5 ,18.72 ,41.60 ,1003.59 ,80.70
22:25:41,0 ,0 ,0 ,466 ,5 ,18.71 ,41.60 ,1003.58 ,80.81
22:25:42,0 ,0 ,0 ,466 ,5 ,18.71 ,41.59 ,1003.57 ,80.91
22:25:43,0 ,0 ,0 ,466 ,5 ,18.71 ,41.57 ,1003.59 ,80.72
22:25:45,0 ,0 ,0 ,466 ,5 ,18.71 ,41.57 ,1003.60 ,80.68
22:25:46,0 ,0 ,0 ,466 ,5 ,18.71 ,41.57 ,1003.58 ,80.86
22:25:47,0 ,0 ,0 ,466 ,5 ,18.72 ,41.57 ,1003.61 ,80.53
22:25:48,0 ,0 ,0 ,466 ,5 ,18.71 ,41.55 ,1003.61 ,80.55
22:25:49,0 ,0 ,0 ,466 ,5 ,18.72 ,41.57 ,1003.59 ,80.70
22:25:50,0 ,0 ,0 ,466 ,5 ,18.72 ,41.54 ,1003.61 ,80.55
22:25:52,0 ,0 ,0 ,466 ,5 ,18.72 ,41.55 ,1003.59 ,80.75
22:25:53,0 ,0 ,0 ,466 ,5 ,18.71 ,41.54 ,1003.60 ,80.64
22:25:54,0 ,0 ,0 ,466 ,5 ,18.72 ,41.53 ,1003.58 ,80.79
22:25:55,0 ,0 ,0 ,466 ,5 ,18.71 ,41.53 ,1003.62 ,80.52
22:25:56,0 ,0 ,0 ,466 ,5 ,18.71 ,41.53 ,1003.60 ,80.64
22:25:57,0 ,0 ,0 ,466 ,5 ,18.71 ,41.51 ,1003.61 ,80.53
22:25:59,0 ,0 ,0 ,466 ,5 ,18.71 ,41.52 ,1003.58 ,80.85
22:26:00,0 ,0 ,0 ,466 ,5 ,18.71 ,41.53 ,1003.60 ,80.64
22:26:01,0 ,0 ,0 ,466 ,5 ,18.71 ,41.52 ,1003.60 ,80.68
22:26:02,0 ,0 ,0 ,466 ,5 ,18.71 ,41.52 ,1003.57 ,80.91
22:26:03,0 ,0 ,0 ,465 ,5 ,18.70 ,41.52 ,1003.60 ,80.66
22:26:04,0 ,0 ,0 ,466 ,5 ,18.71 ,41.50 ,1003.61 ,80.54
22:26:06,0 ,0 ,0 ,465 ,5 ,18.70 ,41.52 ,1003.56 ,80.95
22:26:07,0 ,0 ,0 ,465 ,5 ,18.71 ,41.52 ,1003.60 ,80.66
22:26:08,0 ,0 ,0 ,465 ,5 ,18.70 ,41.52 ,1003.60 ,80.66
22:26:09,0 ,0 ,0 ,465 ,5 ,18.71 ,41.52 ,1003.59 ,80.73
22:26:10,0 ,0 ,0 ,465 ,5 ,18.70 ,41.51 ,1003.61 ,80.58
22:26:11,0 ,0 ,0 ,465 ,5 ,18.70 ,41.51 ,1003.61 ,80.61
22:26:13,0 ,0 ,0 ,465 ,5 ,18.70 ,41.53 ,1003.58 ,80.84
22:26:14,0 ,0 ,0 ,465 ,5 ,18.70 ,41.53 ,1003.60 ,80.63
22:26:15,0 ,0 ,0 ,465 ,5 ,18.70 ,41.52 ,1003.60 ,80.68
22:26:16,0 ,0 ,0 ,465 ,5 ,18.70 ,41.53 ,1003.58 ,80.80
22:26:17,0 ,0 ,0 ,465 ,5 ,18.71 ,41.47 ,1003.60 ,80.63
22:26:18,0 ,0 ,0 ,465 ,5 ,18.69 ,41.53 ,1003.57 ,80.87
22:26:20,0 ,0 ,0 ,465 ,5 ,18.70 ,41.55 ,1003.61 ,80.61
22:26:21,0 ,0 ,0 ,465 ,5 ,18.69 ,41.54 ,1003.58 ,80.79
22:26:22,0 ,0 ,0 ,465 ,5 ,18.70 ,41.56 ,1003.57 ,80.89
22:26:23,0 ,0 ,0 ,465 ,5 ,18.69 ,41.55 ,1003.55 ,81.09
22:26:24,0 ,0 ,0 ,465 ,5 ,18.70 ,41.55 ,1003.59 ,80.77
22:26:26,0 ,0 ,0 ,465 ,5 ,18.69 ,41.55 ,1003.58 ,80.79
22:26:27,0 ,0 ,0 ,465 ,5 ,18.69 ,41.55 ,1003.56 ,80.97
22:26:28,0 ,0 ,0 ,465 ,5 ,18.69 ,41.55 ,1003.63 ,80.38
22:26:29,0 ,0 ,0 ,465 ,5 ,18.69 ,41.56 ,1003.60 ,80.67
22:26:30,0 ,0 ,0 ,465 ,5 ,18.69 ,41.55 ,1003.55 ,81.06
22:26:31,0 ,0 ,0 ,465 ,5 ,18.69 ,41.55 ,1003.60 ,80.67
22:26:33,0 ,0 ,0 ,465 ,5 ,18.69 ,41.55 ,1003.57 ,80.87
22:26:34,0 ,0 ,0 ,465 ,5 ,18.69 ,41.53 ,1003.59 ,80.74
22:26:35,0 ,0 ,0 ,465 ,5 ,18.69 ,41.54 ,1003.57 ,80.91
22:26:36,0 ,0 ,0 ,465 ,5 ,18.68 ,41.53 ,1003.58 ,80.86
22:26:37,0 ,0 ,0 ,465 ,5 ,18.69 ,41.54 ,1003.60 ,80.68
22:26:38,0 ,0 ,0 ,465 ,5 ,18.68 ,41.55 ,1003.55 ,81.08
22:26:40,0 ,0 ,0 ,465 ,5 ,18.69 ,41.54 ,1003.57 ,80.94
22:26:41,0 ,0 ,0 ,465 ,5 ,18.68 ,41.54 ,1003.57 ,80.91
22:26:42,0 ,0 ,0 ,465 ,5 ,18.69 ,41.55 ,1003.58 ,80.83
22:26:43,0 ,0 ,0 ,465 ,5 ,18.69 ,41.54 ,1003.59 ,80.75
22:26:44,0 ,0 ,0 ,465 ,5 ,18.69 ,41.54 ,1003.57 ,80.93
22:26:45,0 ,0 ,0 ,466 ,5 ,18.68 ,41.56 ,1003.58 ,80.82
22:26:47,0 ,0 ,0 ,466 ,5 ,18.69 ,41.54 ,1003.58 ,80.82
22:26:48,0 ,0 ,0 ,465 ,5 ,18.69 ,41.55 ,1003.59 ,80.74
22:26:49,0 ,0 ,0 ,465 ,5 ,18.68 ,41.58 ,1003.59 ,80.77
22:26:50,0 ,0 ,0 ,465 ,5 ,18.69 ,41.56 ,1003.61 ,80.57
22:26:51,0 ,0 ,0 ,465 ,5 ,18.69 ,41.56 ,1003.59 ,80.72
22:26:52,0 ,0 ,0 ,465 ,5 ,18.69 ,41.55 ,1003.57 ,80.94
22:26:54,0 ,0 ,0 ,465 ,5 ,18.68 ,41.55 ,1003.55 ,81.09
22:26:55,0 ,0 ,0 ,465 ,5 ,18.69 ,41.55 ,1003.57 ,80.86
22:26:56,0 ,0 ,0 ,465 ,5 ,18.69 ,41.55 ,1003.58 ,80.82
22:26:57,0 ,0 ,0 ,465 ,5 ,18.69 ,41.58 ,1003.56 ,80.96
22:26:58,0 ,0 ,0 ,465 ,5 ,18.68 ,41.55 ,1003.58 ,80.83
22:26:59,0 ,0 ,0 ,465 ,5 ,18.69 ,41.54 ,1003.62 ,80.45
22:27:01,0 ,0 ,0 ,465 ,5 ,18.69 ,41.55 ,1003.57 ,80.92
22:27:02,0 ,0 ,0 ,465 ,5 ,18.68 ,41.54 ,1003.60 ,80.67
22:27:03,0 ,0 ,0 ,465 ,5 ,18.68 ,41.55 ,1003.59 ,80.71
22:27:04,0 ,0 ,0 ,465 ,5 ,18.68 ,41.57 ,1003.59 ,80.74
22:27:05,0 ,0 ,0 ,465 ,5 ,18.68 ,41.56 ,1003.57 ,80.88
22:27:06,0 ,0 ,0 ,465 ,5 ,18.68 ,41.58 ,1003.61 ,80.55
22:27:08,0 ,0 ,0 ,465 ,5 ,18.67 ,41.56 ,1003.59 ,80.74
22:27:09,0 ,0 ,0 ,465 ,5 ,18.68 ,41.56 ,1003.59 ,80.74
22:27:10,0 ,0 ,0 ,465 ,5 ,18.68 ,41.56 ,1003.60 ,80.65
22:27:11,0 ,0 ,0 ,465 ,5 ,18.68 ,41.56 ,1003.60 ,80.64
22:27:12,0 ,0 ,0 ,464 ,5 ,18.68 ,41.55 ,1003.59 ,80.70
22:27:13,0 ,0 ,0 ,465 ,5 ,18.68 ,41.59 ,1003.59 ,80.77
22:27:15,0 ,0 ,0 ,465 ,5 ,18.68 ,41.57 ,1003.61 ,80.56
22:27:16,0 ,0 ,0 ,465 ,5 ,18.68 ,41.56 ,1003.58 ,80.83
22:27:17,0 ,0 ,0 ,465 ,5 ,18.69 ,41.58 ,1003.60 ,80.69
22:27:18,0 ,0 ,0 ,465 ,5 ,18.68 ,41.56 ,1003.58 ,80.84
22:27:19,0 ,0 ,0 ,464 ,5 ,18.68 ,41.57 ,1003.58 ,80.85
22:28:21,0 ,0 ,0 ,461 ,5 ,18.67 ,41.57 ,1003.61 ,80.53
22:28:22,0 ,0 ,0 ,461 ,5 ,18.66 ,41.54 ,1003.58 ,80.74
22:28:23,0 ,0 ,0 ,461 ,5 ,18.66 ,41.58 ,1003.61 ,80.55
22:28:24,0 ,0 ,0 ,461 ,5 ,18.67 ,41.58 ,1003.57 ,80.94
22:28:25,0 ,0 ,0 ,461 ,5 ,18.67 ,41.58 ,1003.61 ,80.53
22:28:26,0 ,0 ,0 ,461 ,5 ,18.66 ,41.58 ,1003.60 ,80.63
22:28:28,0 ,0 ,0 ,461 ,5 ,18.66 ,41.58 ,1003.63 ,80.43
22:28:29,0 ,0 ,0 ,461 ,5 ,18.66 ,41.60 ,1003.62 ,80.45
22:28:30,0 ,0 ,0 ,461 ,5 ,18.66 ,41.58 ,1003.61 ,80.60
22:28:31,0 ,0 ,0 ,461 ,5 ,18.66 ,41.58 ,1003.58 ,80.86
22:28:32,0 ,0 ,0 ,461 ,5 ,18.66 ,41.58 ,1003.61 ,80.57
22:28:33,0 ,0 ,0 ,461 ,5 ,18.66 ,41.61 ,1003.60 ,80.66
22:28:35,0 ,0 ,0 ,461 ,5 ,18.66 ,41.60 ,1003.58 ,80.81
22:28:36,0 ,0 ,0 ,461 ,5 ,18.66 ,41.60 ,1003.59 ,80.71
22:28:37,0 ,0 ,0 ,461 ,5 ,18.66 ,41.60 ,1003.59 ,80.74
22:28:38,0 ,0 ,0 ,461 ,5 ,18.66 ,41.61 ,1003.61 ,80.58
22:28:39,0 ,0 ,0 ,461 ,5 ,18.66 ,41.60 ,1003.63 ,80.39
22:28:40,0 ,0 ,0 ,460 ,5 ,18.66 ,41.58 ,1003.61 ,80.53
22:28:42,0 ,0 ,0 ,461 ,5 ,18.66 ,41.57 ,1003.59 ,80.70
22:28:43,0 ,0 ,0 ,460 ,5 ,18.66 ,41.58 ,1003.60 ,80.62
22:28:44,0 ,0 ,0 ,461 ,5 ,18.66 ,41.58 ,1003.60 ,80.62
22:28:45,0 ,0 ,0 ,460 ,5 ,18.66 ,41.58 ,1003.61 ,80.58
22:28:46,0 ,0 ,0 ,460 ,5 ,18.66 ,41.60 ,1003.59 ,80.70
22:28:47,0 ,0 ,0 ,460 ,5 ,18.66 ,41.58 ,1003.58 ,80.80
22:28:49,0 ,0 ,0 ,460 ,5 ,18.66 ,41.56 ,1003.64 ,80.31
22:28:50,0 ,0 ,0 ,460 ,5 ,18.66 ,41.56 ,1003.62 ,80.53
22:28:51,0 ,0 ,0 ,460 ,5 ,18.66 ,41.56 ,1003.59 ,80.74
22:28:52,0 ,0 ,0 ,460 ,5 ,18.65 ,41.56 ,1003.61 ,80.56
22:28:53,0 ,0 ,0 ,460 ,5 ,18.66 ,41.55 ,1003.57 ,80.89
22:28:54,0 ,0 ,0 ,460 ,5 ,18.66 ,41.57 ,1003.62 ,80.49
22:28:56,0 ,0 ,0 ,460 ,5 ,18.66 ,41.55 ,1003.65 ,80.25
22:28:57,0 ,0 ,0 ,460 ,5 ,18.66 ,41.55 ,1003.64 ,80.33
22:28:58,0 ,0 ,0 ,459 ,5 ,18.66 ,41.56 ,1003.62 ,80.47
22:28:59,0 ,0 ,0 ,459 ,5 ,18.65 ,41.55 ,1003.63 ,80.42
22:29:00,0 ,0 ,0 ,459 ,5 ,18.65 ,41.56 ,1003.62 ,80.49
22:29:01,0 ,0 ,0 ,459 ,5 ,18.65 ,41.56 ,1003.62 ,80.46
22:29:03,0 ,0 ,0 ,459 ,5 ,18.66 ,41.57 ,1003.65 ,80.28
22:29:04,0 ,0 ,0 ,459 ,5 ,18.66 ,41.56 ,1003.63 ,80.38
22:29:05,0 ,0 ,0 ,459 ,5 ,18.66 ,41.58 ,1003.61 ,80.57
22:29:06,0 ,0 ,0 ,459 ,5 ,18.66 ,41.56 ,1003.64 ,80.29
22:29:07,0 ,0 ,0 ,459 ,5 ,18.66 ,41.57 ,1003.61 ,80.60
22:29:08,0 ,0 ,0 ,459 ,5 ,18.66 ,41.56 ,1003.64 ,80.29
22:29:10,0 ,0 ,0 ,459 ,5 ,18.66 ,41.56 ,1003.62 ,80.49
22:29:11,0 ,0 ,0 ,459 ,5 ,18.65 ,41.57 ,1003.61 ,80.54
22:29:12,0 ,0 ,0 ,459 ,5 ,18.65 ,41.56 ,1003.58 ,80.82
22:29:13,0 ,0 ,0 ,459 ,5 ,18.65 ,41.56 ,1003.61 ,80.56
22:29:14,0 ,0 ,0 ,459 ,5 ,18.66 ,41.56 ,1003.58 ,80.82
22:29:15,0 ,0 ,0 ,458 ,5 ,18.66 ,41.57 ,1003.62 ,80.52
22:29:17,0 ,0 ,0 ,458 ,5 ,18.66 ,41.57 ,1003.65 ,80.28
22:29:18,0 ,0 ,0 ,458 ,5 ,18.66 ,41.55 ,1003.62 ,80.45
22:29:19,0 ,0 ,0 ,458 ,5 ,18.65 ,41.55 ,1003.63 ,80.44
22:29:20,0 ,0 ,0 ,459 ,5 ,18.65 ,41.55 ,1003.64 ,80.32
22:29:21,0 ,0 ,0 ,459 ,5 ,18.65 ,41.55 ,1003.63 ,80.41
22:29:22,0 ,0 ,0 ,459 ,5 ,18.65 ,41.54 ,1003.62 ,80.45
22:29:24,0 ,0 ,0 ,458 ,5 ,18.65 ,41.55 ,1003.60 ,80.68
22:29:25,0 ,0 ,0 ,458 ,5 ,18.65 ,41.55 ,1003.61 ,80.60
22:29:26,0 ,0 ,0 ,458 ,5 ,18.65 ,41.55 ,1003.61 ,80.58
22:29:27,0 ,0 ,0 ,458 ,5 ,18.65 ,41.57 ,1003.61 ,80.55
22:29:28,0 ,0 ,0 ,458 ,5 ,18.65 ,41.57 ,1003.61 ,80.54
22:29:29,0 ,0 ,0 ,458 ,5 ,18.65 ,41.56 ,1003.62 ,80.52
22:29:31,0 ,0 ,0 ,458 ,5 ,18.65 ,41.57 ,1003.63 ,80.44
22:29:32,0 ,0 ,0 ,458 ,5 ,18.65 ,41.57 ,1003.63 ,80.39
22:29:33,0 ,0 ,0 ,458 ,5 ,18.65 ,41.56 ,1003.63 ,80.44
22:29:34,0 ,0 ,0 ,458 ,5 ,18.64 ,41.57 ,1003.61 ,80.60
22:29:35,0 ,0 ,0 ,458 ,5 ,18.65 ,41.57 ,1003.63 ,80.44
22:29:36,0 ,0 ,0 ,457 ,5 ,18.65 ,41.57 ,1003.61 ,80.54
22:29:38,0 ,0 ,0 ,458 ,5 ,18.65 ,41.57 ,1003.61 ,80.58
22:29:39,0 ,0 ,0 ,457 ,5 ,18.64 ,41.57 ,1003.63 ,80.39
22:29:40,0 ,0 ,0 ,457 ,5 ,18.65 ,41.56 ,1003.60 ,80.65
22:29:41,0 ,0 ,0 ,457 ,5 ,18.65 ,41.58 ,1003.61 ,80.54
22:29:42,0 ,0 ,0 ,457 ,5 ,18.64 ,41.57 ,1003.59 ,80.78
22:29:43,0 ,0 ,0 ,457 ,5 ,18.64 ,41.57 ,1003.61 ,80.53
22:29:45,0 ,0 ,0 ,457 ,5 ,18.64 ,41.58 ,1003.62 ,80.51
22:29:46,0 ,0 ,0 ,457 ,5 ,18.64 ,41.57 ,1003.61 ,80.56
22:29:47,0 ,0 ,0 ,457 ,5 ,18.64 ,41.54 ,1003.63 ,80.42
22:29:48,0 ,0 ,0 ,457 ,5 ,18.64 ,41.55 ,1003.61 ,80.64
22:29:49,0 ,0 ,0 ,457 ,5 ,18.65 ,41.54 ,1003.61 ,80.54
22:29:50,0 ,0 ,0 ,457 ,5 ,18.65 ,41.51 ,1003.64 ,80.35
22:29:52,0 ,0 ,0 ,457 ,5 ,18.65 ,41.50 ,1003.64 ,80.36
22:29:53,0 ,0 ,0 ,456 ,5 ,18.64 ,41.50 ,1003.64 ,80.35
22:29:54,0 ,0 ,0 ,456 ,5 ,18.64 ,41.49 ,1003.63 ,80.40
22:29:55,0 ,0 ,0 ,456 ,5 ,18.64 ,41.48 ,1003.67 ,80.06
22:29:56,0 ,0 ,0 ,456 ,5 ,18.64 ,41.48 ,1003.63 ,80.43
22:29:57,0 ,0 ,0 ,456 ,5 ,18.64 ,41.49 ,1003.64 ,80.29
22:29:59,0 ,0 ,0 ,456 ,5 ,18.64 ,41.49 ,1003.63 ,80.39
22:30:00,0 ,0 ,0 ,456 ,5 ,18.63 ,41.49 ,1003.63 ,80.43
22:30:01,0 ,0 ,0 ,456 ,5 ,18.64 ,41.49 ,1003.62 ,80.51
22:30:02,0 ,0 ,0 ,456 ,5 ,18.64 ,41.49 ,1003.62 ,80.47
22:30:03,0 ,0 ,0 ,456 ,5 ,18.64 ,41.48 ,1003.64 ,80.35
22:30:04,0 ,0 ,0 ,456 ,5 ,18.65 ,41.48 ,1003.65 ,80.24
22:30:06,0 ,0 ,0 ,456 ,5 ,18.64 ,41.48 ,1003.64 ,80.32
22:30:07,0 ,0 ,0 ,456 ,5 ,18.64 ,41.48 ,1003.62 ,80.50
22:30:08,0 ,0 ,0 ,456 ,5 ,18.64 ,41.48 ,1003.62 ,80.46
22:30:09,0 ,0 ,0 ,456 ,5 ,18.64 ,41.48 ,1003.63 ,80.42
22:30:10,0 ,0 ,0 ,456 ,5 ,18.64 ,41.49 ,1003.63 ,80.37
22:30:11,0 ,0 ,0 ,456 ,5 ,18.64 ,41.50 ,1003.60 ,80.64
22:30:13,0 ,0 ,0 ,455 ,5 ,18.64 ,41.50 ,1003.62 ,80.52
22:30:14,0 ,0 ,0 ,455 ,5 ,18.64 ,41.50 ,1003.65 ,80.27
22:30:15,0 ,0 ,0 ,455 ,5 ,18.64 ,41.51 ,1003.62 ,80.45
22:30:16,0 ,0 ,0 ,455 ,5 ,18.64 ,41.46 ,1003.64 ,80.33
22:30:17,0 ,0 ,0 ,455 ,5 ,18.64 ,41.41 ,1003.63 ,80.44
22:31:18,0 ,0 ,0 ,451 ,5 ,18.63 ,41.43 ,1003.62 ,80.51
22:31:20,0 ,0 ,0 ,451 ,5 ,18.64 ,41.41 ,1003.61 ,80.55
22:31:21,0 ,0 ,0 ,451 ,5 ,18.64 ,41.41 ,1003.63 ,80.43
22:31:22,0 ,0 ,0 ,451 ,5 ,18.64 ,41.40 ,1003.64 ,80.34
22:31:23,0 ,0 ,0 ,450 ,5 ,18.63 ,41.40 ,1003.68 ,80.02
22:31:24,0 ,0 ,0 ,450 ,5 ,18.63 ,41.41 ,1003.64 ,80.33
22:31:25,0 ,0 ,0 ,450 ,5 ,18.64 ,41.39 ,1003.66 ,80.13
22:31:27,0 ,0 ,0 ,450 ,5 ,18.63 ,41.39 ,1003.62 ,80.46
22:31:28,0 ,0 ,0 ,450 ,5 ,18.63 ,41.37 ,1003.63 ,80.38
22:31:29,0 ,0 ,0 ,450 ,5 ,18.64 ,41.39 ,1003.61 ,80.54
22:31:30,0 ,0 ,0 ,450 ,5 ,18.63 ,41.40 ,1003.66 ,80.18
22:31:31,0 ,0 ,0 ,450 ,5 ,18.62 ,41.40 ,1003.63 ,80.44
22:31:32,0 ,0 ,0 ,450 ,5 ,18.63 ,41.41 ,1003.63 ,80.42
22:31:34,0 ,0 ,0 ,450 ,5 ,18.63 ,41.41 ,1003.65 ,80.26
22:31:35,0 ,0 ,0 ,450 ,5 ,18.63 ,41.42 ,1003.63 ,80.37
22:31:36,0 ,0 ,0 ,450 ,5 ,18.63 ,41.42 ,1003.65 ,80.26
22:31:37,0 ,0 ,0 ,450 ,5 ,18.63 ,41.40 ,1003.64 ,80.32
22:31:38,0 ,0 ,0 ,450 ,5 ,18.62 ,41.40 ,1003.62 ,80.47
22:31:39,0 ,0 ,0 ,450 ,5 ,18.63 ,41.41 ,1003.65 ,80.27
22:31:41,0 ,0 ,0 ,450 ,5 ,18.62 ,41.41 ,1003.62 ,80.46
22:31:42,0 ,0 ,0 ,449 ,5 ,18.62 ,41.38 ,1003.64 ,80.30
22:31:43,0 ,0 ,0 ,449 ,5 ,18.62 ,41.40 ,1003.62 ,80.51
22:31:44,0 ,0 ,0 ,449 ,5 ,18.62 ,41.42 ,1003.64 ,80.30
22:31:45,0 ,0 ,0 ,449 ,5 ,18.62 ,41.40 ,1003.65 ,80.25
22:31:46,0 ,0 ,0 ,449 ,5 ,18.62 ,41.37 ,1003.61 ,80.56
22:31:48,0 ,0 ,0 ,449 ,5 ,18.62 ,41.37 ,1003.66 ,80.15
22:31:49,0 ,0 ,0 ,449 ,5 ,18.61 ,41.38 ,1003.61 ,80.53
22:31:50,0 ,0 ,0 ,449 ,5 ,18.61 ,41.38 ,1003.63 ,80.41
22:31:51,0 ,0 ,0 ,449 ,5 ,18.62 ,41.40 ,1003.64 ,80.32
22:31:52,0 ,0 ,0 ,448 ,5 ,18.62 ,41.40 ,1003.64 ,80.32
22:31:53,0 ,0 ,0 ,448 ,5 ,18.62 ,41.38 ,1003.66 ,80.12
22:31:55,0 ,0 ,0 ,448 ,5 ,18.61 ,41.40 ,1003.64 ,80.36
22:31:56,0 ,0 ,0 ,448 ,5 ,18.62 ,41.40 ,1003.64 ,80.31
22:31:57,0 ,0 ,0 ,448 ,5 ,18.62 ,41.38 ,1003.67 ,80.10
22:31:58,0 ,0 ,0 ,448 ,5 ,18.62 ,41.40 ,1003.66 ,80.12
22:31:59,0 ,0 ,0 ,448 ,5 ,18.62 ,41.38 ,1003.63 ,80.36
22:32:00,0 ,0 ,0 ,448 ,5 ,18.61 ,41.40 ,1003.63 ,80.41
22:32:02,0 ,0 ,0 ,448 ,5 ,18.62 ,41.38 ,1003.66 ,80.18
22:32:03,0 ,0 ,0 ,448 ,5 ,18.62 ,41.38 ,1003.61 ,80.53
22:32:04,0 ,0 ,0 ,448 ,5 ,18.62 ,41.37 ,1003.62 ,80.45
22:32:05,0 ,0 ,0 ,448 ,5 ,18.62 ,41.37 ,1003.64 ,80.32
22:32:06,0 ,0 ,0 ,448 ,5 ,18.62 ,41.38 ,1003.64 ,80.36
22:32:07,0 ,0 ,0 ,448 ,5 ,18.62 ,41.34 ,1003.66 ,80.15
22:32:09,0 ,0 ,0 ,448 ,5 ,18.62 ,41.34 ,1003.65 ,80.24
22:32:10,0 ,0 ,0 ,448 ,5 ,18.62 ,41.34 ,1003.65 ,80.23
22:32:11,0 ,0 ,0 ,448 ,5 ,18.61 ,41.34 ,1003.65 ,80.22
22:32:12,0 ,0 ,0 ,448 ,5 ,18.61 ,41.34 ,1003.63 ,80.37
22:32:13,0 ,0 ,0 ,448 ,5 ,18.61 ,41.33 ,1003.64 ,80.33
22:32:14,0 ,0 ,0 ,448 ,5 ,18.61 ,41.33 ,1003.62 ,80.45
22:32:16,0 ,0 ,0 ,447 ,5 ,18.61 ,41.34 ,1003.64 ,80.35
22:32:17,0 ,0 ,0 ,447 ,5 ,18.61 ,41.35 ,1003.66 ,80.14
22:32:18,0 ,0 ,0 ,447 ,5 ,18.61 ,41.34 ,1003.65 ,80.20
22:32:19,0 ,0 ,0 ,447 ,5 ,18.61 ,41.36 ,1003.64 ,80.28
22:32:20,0 ,0 ,0 ,447 ,5 ,18.61 ,41.33 ,1003.66 ,80.18
22:32:21,0 ,0 ,0 ,447 ,5 ,18.62 ,41.37 ,1003.68 ,80.00
22:32:23,0 ,0 ,0 ,447 ,5 ,18.61 ,41.35 ,1003.64 ,80.30
22:32:24,0 ,0 ,0 ,447 ,5 ,18.61 ,41.35 ,1003.61 ,80.59
22:32:25,0 ,0 ,0 ,447 ,5 ,18.61 ,41.31 ,1003.65 ,80.24
22:32:26,0 ,0 ,0 ,447 ,5 ,18.61 ,41.30 ,1003.62 ,80.50
22:32:27,0 ,0 ,0 ,447 ,5 ,18.61 ,41.33 ,1003.69 ,79.91
22:32:29,0 ,0 ,0 ,446 ,5 ,18.62 ,41.34 ,1003.66 ,80.17
22:32:30,0 ,0 ,0 ,446 ,5 ,18.62 ,41.33 ,1003.59 ,80.70
22:32:31,0 ,0 ,0 ,446 ,5 ,18.62 ,41.34 ,1003.65 ,80.27
22:32:32,0 ,0 ,0 ,446 ,5 ,18.62 ,41.35 ,1003.67 ,80.08
22:32:33,0 ,0 ,0 ,446 ,5 ,18.62 ,41.33 ,1003.66 ,80.12
22:32:34,0 ,0 ,0 ,446 ,5 ,18.61 ,41.28 ,1003.62 ,80.47
22:32:36,0 ,0 ,0 ,446 ,5 ,18.62 ,41.23 ,1003.64 ,80.34
22:32:37,0 ,0 ,0 ,446 ,5 ,18.62 ,41.17 ,1003.67 ,80.10
22:32:38,0 ,0 ,0 ,446 ,5 ,18.61 ,41.13 ,1003.66 ,80.16
22:32:39,0 ,0 ,0 ,446 ,5 ,18.62 ,41.11 ,1003.69 ,79.91
22:32:40,0 ,0 ,0 ,446 ,5 ,18.62 ,41.11 ,1003.67 ,80.09
22:32:41,0 ,0 ,0 ,446 ,5 ,18.62 ,41.07 ,1003.65 ,80.24
22:32:43,0 ,0 ,0 ,446 ,5 ,18.61 ,41.07 ,1003.65 ,80.20
22:32:44,0 ,0 ,0 ,446 ,5 ,18.62 ,41.00 ,1003.67 ,80.10
22:32:45,0 ,0 ,0 ,446 ,5 ,18.62 ,40.99 ,1003.68 ,80.01
22:32:46,0 ,0 ,0 ,445 ,5 ,18.62 ,41.00 ,1003.64 ,80.28
22:32:47,0 ,0 ,0 ,445 ,5 ,18.62 ,41.05 ,1003.65 ,80.21
22:32:48,0 ,0 ,0 ,445 ,5 ,18.62 ,40.99 ,1003.64 ,80.31
22:32:50,0 ,0 ,0 ,445 ,5 ,18.61 ,40.97 ,1003.65 ,80.21
22:32:51,0 ,0 ,0 ,445 ,5 ,18.60 ,41.00 ,1003.62 ,80.53
22:32:52,0 ,0 ,0 ,445 ,5 ,18.61 ,41.04 ,1003.62 ,80.51
22:32:53,0 ,0 ,0 ,445 ,5 ,18.61 ,41.08 ,1003.63 ,80.43
22:32:54,0 ,0 ,0 ,445 ,5 ,18.61 ,41.11 ,1003.64 ,80.29
22:32:55,0 ,0 ,0 ,445 ,5 ,18.61 ,41.13 ,1003.64 ,80.32
22:32:57,0 ,0 ,0 ,445 ,5 ,18.61 ,41.15 ,1003.65 ,80.22
22:32:58,0 ,0 ,0 ,445 ,5 ,18.61 ,41.12 ,1003.66 ,80.18
22:32:59,0 ,0 ,0 ,445 ,5 ,18.61 ,41.07 ,1003.66 ,80.18
22:33:00,0 ,0 ,0 ,444 ,5 ,18.61 ,40.99 ,1003.63 ,80.42
22:33:01,0 ,0 ,0 ,444 ,5 ,18.59 ,40.94 ,1003.65 ,80.24
22:33:02,0 ,0 ,0 ,444 ,5 ,18.60 ,40.88 ,1003.65 ,80.25
22:33:04,0 ,0 ,0 ,444 ,5 ,18.60 ,40.83 ,1003.63 ,80.43
22:33:05,0 ,0 ,0 ,444 ,5 ,18.60 ,40.80 ,1003.67 ,80.09
22:33:06,0 ,0 ,0 ,444 ,5 ,18.61 ,40.74 ,1003.63 ,80.36
22:33:07,0 ,0 ,0 ,444 ,5 ,18.60 ,40.68 ,1003.65 ,80.21
22:33:08,0 ,0 ,0 ,444 ,5 ,18.60 ,40.65 ,1003.66 ,80.17
22:33:09,0 ,0 ,0 ,444 ,5 ,18.60 ,40.63 ,1003.64 ,80.29
22:33:11,0 ,0 ,0 ,444 ,5 ,18.60 ,40.69 ,1003.65 ,80.27
22:33:12,0 ,0 ,0 ,444 ,5 ,18.60 ,40.75 ,1003.63 ,80.39
22:33:13,0 ,0 ,0 ,444 ,5 ,18.61 ,40.81 ,1003.69 ,79.92
22:33:14,0 ,0 ,0 ,444 ,5 ,18.61 ,40.83 ,1003.65 ,80.25
22:33:15,0 ,0 ,0 ,444 ,5 ,18.60 ,40.81 ,1003.68 ,80.02
22:34:16,0 ,0 ,0 ,440 ,5 ,18.58 ,40.98 ,1003.68 ,80.00
22:34:18,0 ,0 ,0 ,440 ,5 ,18.58 ,41.01 ,1003.69 ,79.88
22:34:19,0 ,0 ,0 ,440 ,5 ,18.58 ,40.98 ,1003.66 ,80.16
22:34:20,0 ,0 ,0 ,440 ,5 ,18.58 ,41.02 ,1003.65 ,80.02
22:34:21,0 ,0 ,0 ,439 ,5 ,18.58 ,40.94 ,1003.67 ,80.06
22:34:22,0 ,0 ,0 ,439 ,5 ,18.58 ,40.94 ,1003.67 ,80.10
22:34:23,0 ,0 ,0 ,439 ,5 ,18.58 ,40.94 ,1003.66 ,80.17
22:34:25,0 ,0 ,0 ,439 ,5 ,18.58 ,40.95 ,1003.64 ,80.29
22:34:26,0 ,0 ,0 ,439 ,5 ,18.58 ,40.99 ,1003.66 ,80.17
22:34:27,0 ,0 ,0 ,439 ,5 ,18.58 ,41.01 ,1003.68 ,79.98
22:34:28,70 ,274 ,274 ,439 ,5 ,18.58 ,41.05 ,1003.65 ,80.26
22:34:29,70 ,276 ,276 ,439 ,5 ,18.58 ,41.08 ,1003.64 ,80.30
22:34:30,70 ,276 ,276 ,439 ,5 ,18.58 ,41.07 ,1003.64 ,80.30
22:34:32,72 ,276 ,276 ,439 ,5 ,18.58 ,41.08 ,1003.65 ,80.24
22:34:33,72 ,276 ,276 ,439 ,5 ,18.58 ,41.11 ,1003.68 ,80.02
22:34:34,72 ,277 ,277 ,439 ,5 ,18.58 ,41.12 ,1003.63 ,80.36
22:34:35,72 ,277 ,277 ,439 ,5 ,18.58 ,41.12 ,1003.68 ,80.00
22:34:36,72 ,277 ,277 ,439 ,5 ,18.58 ,41.13 ,1003.63 ,80.39
22:34:37,72 ,277 ,277 ,439 ,5 ,18.58 ,41.12 ,1003.68 ,79.95
22:34:39,73 ,277 ,277 ,439 ,5 ,18.58 ,41.08 ,1003.69 ,79.93
22:34:40,73 ,277 ,277 ,439 ,5 ,18.57 ,41.02 ,1003.62 ,80.47
22:34:41,73 ,277 ,277 ,439 ,5 ,18.58 ,41.01 ,1003.68 ,79.96
22:34:42,73 ,277 ,277 ,439 ,5 ,18.57 ,40.99 ,1003.67 ,80.08
22:34:43,73 ,277 ,277 ,438 ,5 ,18.58 ,40.95 ,1003.63 ,80.43
22:34:44,73 ,279 ,279 ,438 ,5 ,18.57 ,40.92 ,1003.63 ,80.41
22:34:46,75 ,279 ,279 ,438 ,5 ,18.57 ,40.90 ,1003.62 ,80.46
22:34:47,73 ,279 ,279 ,438 ,5 ,18.57 ,40.88 ,1003.61 ,80.54
22:34:48,73 ,279 ,279 ,438 ,5 ,18.56 ,40.84 ,1003.65 ,80.27
22:34:49,73 ,279 ,279 ,438 ,5 ,18.56 ,40.84 ,1003.65 ,80.20
22:34:50,73 ,279 ,279 ,438 ,5 ,18.57 ,40.85 ,1003.64 ,80.29
22:34:51,73 ,279 ,279 ,438 ,5 ,18.56 ,40.87 ,1003.63 ,80.37
22:34:53,73 ,280 ,280 ,438 ,5 ,18.56 ,40.88 ,1003.62 ,80.50
22:34:54,72 ,280 ,280 ,438 ,5 ,18.57 ,40.90 ,1003.63 ,80.34
22:34:55,72 ,280 ,280 ,438 ,5 ,18.57 ,40.92 ,1003.66 ,80.15
22:34:56,72 ,280 ,280 ,438 ,5 ,18.56 ,40.90 ,1003.64 ,80.34
22:34:57,72 ,282 ,282 ,438 ,5 ,18.57 ,40.93 ,1003.64 ,80.34
22:34:58,72 ,282 ,282 ,438 ,5 ,18.57 ,40.91 ,1003.64 ,80.28
22:35:00,73 ,282 ,282 ,438 ,5 ,18.56 ,40.93 ,1003.64 ,80.33
22:35:01,73 ,283 ,283 ,438 ,5 ,18.57 ,40.95 ,1003.64 ,80.31
22:35:02,73 ,283 ,283 ,438 ,5 ,18.57 ,40.96 ,1003.63 ,80.41
22:35:03,73 ,285 ,285 ,438 ,5 ,18.57 ,40.98 ,1003.65 ,80.26
22:35:04,75 ,285 ,285 ,438 ,5 ,18.57 ,41.02 ,1003.66 ,80.19
22:35:05,75 ,285 ,285 ,438 ,5 ,18.57 ,41.07 ,1003.63 ,80.42
22:35:07,75 ,285 ,285 ,438 ,5 ,18.57 ,41.10 ,1003.64 ,80.30
22:35:08,75 ,285 ,285 ,438 ,5 ,18.56 ,41.13 ,1003.66 ,80.13
22:35:09,73 ,285 ,285 ,438 ,5 ,18.57 ,41.14 ,1003.66 ,80.15
22:35:10,73 ,285 ,285 ,438 ,5 ,18.57 ,41.15 ,1003.64 ,80.29
22:35:11,73 ,285 ,285 ,438 ,5 ,18.57 ,41.16 ,1003.65 ,80.20
22:35:12,73 ,283 ,283 ,438 ,5 ,18.57 ,41.17 ,1003.62 ,80.50
22:35:14,73 ,283 ,283 ,438 ,5 ,18.56 ,41.16 ,1003.64 ,80.36
22:35:15,73 ,283 ,283 ,438 ,5 ,18.56 ,41.16 ,1003.66 ,80.19
22:35:16,73 ,283 ,285 ,437 ,5 ,18.57 ,41.15 ,1003.65 ,80.22
22:35:17,73 ,285 ,285 ,437 ,5 ,18.57 ,41.14 ,1003.64 ,80.31
22:35:18,73 ,285 ,285 ,438 ,5 ,18.57 ,41.17 ,1003.65 ,80.27
22:35:19,73 ,285 ,286 ,438 ,5 ,18.58 ,41.15 ,1003.66 ,80.14
22:35:21,73 ,285 ,286 ,437 ,5 ,18.57 ,41.06 ,1003.62 ,80.49
22:35:22,73 ,285 ,286 ,437 ,5 ,18.57 ,41.17 ,1003.65 ,80.20
22:35:23,73 ,285 ,286 ,438 ,5 ,18.57 ,41.13 ,1003.66 ,80.12
22:35:24,73 ,286 ,288 ,438 ,5 ,18.57 ,41.13 ,1003.72 ,79.67
22:35:25,73 ,286 ,288 ,438 ,5 ,18.57 ,41.12 ,1003.67 ,80.11
22:35:26,73 ,286 ,288 ,437 ,5 ,18.57 ,41.05 ,1003.67 ,80.06
22:35:28,73 ,286 ,288 ,437 ,5 ,18.58 ,40.98 ,1003.67 ,80.08
22:35:29,73 ,286 ,288 ,438 ,5 ,18.58 ,40.93 ,1003.66 ,80.17
22:35:30,73 ,286 ,288 ,437 ,5 ,18.57 ,40.91 ,1003.70 ,79.79
22:35:31,73 ,286 ,288 ,438 ,5 ,18.58 ,40.91 ,1003.67 ,80.07
22:35:32,73 ,286 ,288 ,437 ,5 ,18.57 ,40.92 ,1003.65 ,80.23
22:35:33,73 ,286 ,288 ,437 ,5 ,18.57 ,40.90 ,1003.67 ,80.04
22:35:35,73 ,286 ,288 ,437 ,5 ,18.58 ,40.90 ,1003.69 ,79.92
22:35:36,73 ,286 ,288 ,438 ,5 ,18.57 ,40.88 ,1003.68 ,80.01
22:35:37,73 ,286 ,289 ,438 ,5 ,18.58 ,40.86 ,1003.66 ,80.12
22:35:38,73 ,286 ,288 ,438 ,5 ,18.57 ,40.84 ,1003.66 ,80.16
22:35:39,73 ,285 ,288 ,438 ,5 ,18.57 ,40.83 ,1003.66 ,80.16
22:35:40,72 ,285 ,288 ,438 ,5 ,18.57 ,40.82 ,1003.64 ,80.33
22:35:42,72 ,285 ,288 ,438 ,5 ,18.57 ,40.80 ,1003.68 ,79.96
22:35:43,73 ,285 ,288 ,438 ,5 ,18.57 ,40.80 ,1003.65 ,80.27
22:35:44,73 ,283 ,286 ,438 ,5 ,18.57 ,40.79 ,1003.66 ,80.19
22:35:45,73 ,283 ,286 ,438 ,5 ,18.57 ,40.78 ,1003.64 ,80.33
22:35:46,73 ,283 ,286 ,438 ,5 ,18.57 ,40.78 ,1003.67 ,80.08
22:35:47,73 ,283 ,286 ,438 ,5 ,18.57 ,40.75 ,1003.66 ,80.18
22:35:49,73 ,283 ,285 ,438 ,5 ,18.57 ,40.71 ,1003.62 ,80.45
22:35:50,73 ,283 ,286 ,438 ,5 ,18.57 ,40.71 ,1003.70 ,79.79
22:35:51,75 ,283 ,286 ,438 ,5 ,18.57 ,40.70 ,1003.68 ,79.98
22:35:52,75 ,283 ,286 ,438 ,5 ,18.57 ,40.69 ,1003.68 ,79.95
22:35:53,75 ,283 ,286 ,438 ,5 ,18.57 ,40.69 ,1003.69 ,79.87
22:35:54,75 ,285 ,285 ,438 ,5 ,18.57 ,40.69 ,1003.67 ,80.03
22:35:56,75 ,285 ,285 ,438 ,5 ,18.56 ,40.71 ,1003.66 ,80.13
22:35:57,75 ,285 ,285 ,438 ,5 ,18.56 ,40.70 ,1003.65 ,80.27
22:35:58,75 ,285 ,285 ,438 ,5 ,18.56 ,40.73 ,1003.67 ,80.03
22:35:59,75 ,285 ,285 ,438 ,5 ,18.56 ,40.76 ,1003.65 ,80.20
22:36:00,75 ,285 ,285 ,438 ,5 ,18.56 ,40.78 ,1003.67 ,80.10
22:36:01,75 ,285 ,285 ,438 ,5 ,18.56 ,40.80 ,1003.72 ,79.68
22:36:03,75 ,285 ,285 ,438 ,5 ,18.56 ,40.80 ,1003.69 ,79.93
22:36:04,75 ,283 ,283 ,438 ,5 ,18.56 ,40.81 ,1003.67 ,80.03
22:36:05,75 ,283 ,283 ,438 ,5 ,18.56 ,40.81 ,1003.69 ,79.91
23:00:42,75 ,283 ,283 ,438 ,5 ,18.56 ,40.81 ,1003.73 ,79.56
23:00:42,75 ,283 ,283 ,438 ,5 ,18.56 ,40.81 ,1003.65 ,80.25
23:00:42,76 ,283 ,283 ,438 ,5 ,18.55 ,40.79 ,1003.65 ,80.22
23:00:42,76 ,283 ,283 ,438 ,5 ,18.56 ,40.81 ,1003.69 ,79.90
23:00:42,76 ,283 ,283 ,438 ,5 ,18.56 ,40.81 ,1003.71 ,79.71
23:00:42,76 ,283 ,283 ,437 ,5 ,18.56 ,40.83 ,1003.71 ,79.74
23:00:42,76 ,283 ,283 ,438 ,5 ,18.56 ,40.83 ,1003.67 ,80.03
23:00:42,76 ,283 ,283 ,436 ,5 ,18.55 ,40.68 ,1003.71 ,79.73
23:00:42,76 ,283 ,283 ,436 ,5 ,18.56 ,40.68 ,1003.71 ,79.71
23:00:42,76 ,283 ,283 ,436 ,5 ,18.56 ,40.64 ,1003.72 ,79.63
23:00:42,76 ,285 ,285 ,436 ,5 ,18.55 ,40.66 ,1003.71 ,79.75
23:00:42,76 ,285 ,285 ,436 ,5 ,18.55 ,40.69 ,1003.71 ,79.75
23:00:42,76 ,286 ,286 ,436 ,5 ,18.55 ,40.67 ,1003.69 ,79.91
23:00:42,76 ,286 ,286 ,435 ,5 ,18.55 ,40.64 ,1003.70 ,79.81
23:00:42,76 ,288 ,288 ,435 ,5 ,18.55 ,40.61 ,1003.71 ,79.72
23:00:42,76 ,288 ,288 ,435 ,5 ,18.55 ,40.59 ,1003.71 ,79.72
23:00:42,75 ,288 ,288 ,435 ,5 ,18.56 ,40.56 ,1003.71 ,79.74
23:00:42,PMS7003  checksum  failed
23:00:42,0 ,0 ,0 ,435 ,5 ,18.55 ,40.57 ,1003.69 ,79.92
23:00:42,0 ,0 ,0 ,435 ,5 ,18.55 ,40.55 ,1003.69 ,79.87
23:00:42,0 ,0 ,0 ,435 ,5 ,18.55 ,40.54 ,1003.68 ,79.95
23:00:42,0 ,0 ,0 ,435 ,5 ,18.55 ,40.55 ,1003.68 ,79.99
23:00:42,0 ,0 ,0 ,435 ,5 ,18.55 ,40.58 ,1003.68 ,80.01
23:00:42,0 ,0 ,0 ,435 ,5 ,18.55 ,40.61 ,1003.73 ,79.60
23:00:42,0 ,0 ,0 ,435 ,5 ,18.54 ,40.61 ,1003.70 ,79.72
23:00:42,0 ,0 ,0 ,435 ,5 ,18.54 ,40.65 ,1003.69 ,79.91
23:00:42,0 ,0 ,0 ,435 ,5 ,18.55 ,40.66 ,1003.74 ,79.48
23:00:42,0 ,0 ,0 ,435 ,5 ,18.55 ,40.65 ,1003.70 ,79.81
23:00:42,0 ,0 ,0 ,435 ,5 ,18.54 ,40.64 ,1003.74 ,79.48
23:00:42,0 ,0 ,0 ,435 ,5 ,18.54 ,40.65 ,1003.71 ,79.72
23:00:42,0 ,0 ,0 ,435 ,5 ,18.55 ,40.68 ,1003.73 ,79.56
23:00:42,0 ,0 ,0 ,435 ,5 ,18.55 ,40.70 ,1003.70 ,79.84
23:00:42,0 ,0 ,0 ,435 ,5 ,18.54 ,40.69 ,1003.72 ,79.67
23:00:42,0 ,0 ,0 ,435 ,5 ,18.55 ,40.70 ,1003.73 ,79.60
23:00:42,0 ,0 ,0 ,435 ,5 ,18.54 ,40.67 ,1003.69 ,79.88
23:00:42,0 ,0 ,0 ,435 ,5 ,18.54 ,40.65 ,1003.71 ,79.76
23:00:42,0 ,0 ,0 ,435 ,5 ,18.54 ,40.65 ,1003.72 ,79.62
23:00:42,0 ,0 ,0 ,435 ,5 ,18.54 ,40.65 ,1003.73 ,79.57
23:00:42,0 ,0 ,0 ,435 ,5 ,18.54 ,40.62 ,1003.72 ,79.64
23:00:42,0 ,0 ,0 ,435 ,5 ,18.55 ,40.61 ,1003.72 ,79.65
23:00:42,0 ,0 ,0 ,435 ,5 ,18.54 ,40.59 ,1003.72 ,79.69
23:00:42,0 ,0 ,0 ,435 ,5 ,18.54 ,40.63 ,1003.72 ,79.62
23:00:42,0 ,0 ,0 ,434 ,5 ,18.54 ,40.65 ,1003.73 ,79.59
23:00:42,0 ,0 ,0 ,435 ,5 ,18.54 ,40.63 ,1003.70 ,79.84
23:00:42,0 ,0 ,0 ,434 ,5 ,18.53 ,40.60 ,1003.71 ,79.69
23:00:42,0 ,0 ,0 ,434 ,5 ,18.53 ,40.62 ,1003.73 ,79.56
23:00:42,0 ,0 ,0 ,434 ,5 ,18.53 ,40.55 ,1003.73 ,79.59
23:00:42,0 ,0 ,0 ,434 ,5 ,18.53 ,40.51 ,1003.75 ,79.42
23:00:42,0 ,0 ,0 ,434 ,5 ,18.53 ,40.44 ,1003.72 ,79.62
23:00:42,0 ,0 ,0 ,434 ,5 ,18.53 ,40.42 ,1003.74 ,79.50
23:00:42,0 ,0 ,0 ,434 ,5 ,18.53 ,40.40 ,1003.69 ,79.83
23:00:42,0 ,0 ,0 ,434 ,5 ,18.53 ,40.42 ,1003.73 ,79.57
23:00:42,0 ,0 ,0 ,434 ,5 ,18.53 ,40.44 ,1003.74 ,79.49
23:00:42,0 ,0 ,0 ,434 ,5 ,18.53 ,40.44 ,1003.73 ,79.59
23:00:42,0 ,0 ,0 ,435 ,5 ,18.53 ,40.44 ,1003.77 ,79.23
23:00:42,0 ,0 ,0 ,435 ,5 ,18.53 ,40.47 ,1003.74 ,79.44
23:00:42,0 ,0 ,0 ,435 ,5 ,18.53 ,40.51 ,1003.75 ,79.36
23:00:42,0 ,0 ,0 ,435 ,5 ,18.53 ,40.56 ,1003.75 ,79.38
23:00:42,0 ,0 ,0 ,435 ,5 ,18.53 ,40.58 ,1003.72 ,79.65
23:00:42,0 ,0 ,0 ,435 ,5 ,18.53 ,40.59 ,1003.70 ,79.78
23:00:42,0 ,0 ,0 ,435 ,5 ,18.53 ,40.60 ,1003.71 ,79.71
23:00:42,0 ,0 ,0 ,435 ,5 ,18.53 ,40.60 ,1003.71 ,79.75
23:00:42,0 ,0 ,0 ,435 ,5 ,18.52 ,40.63 ,1003.69 ,79.92
23:00:42,0 ,0 ,0 ,435 ,5 ,18.53 ,40.60 ,1003.72 ,79.69
23:00:42,0 ,0 ,0 ,435 ,5 ,18.53 ,40.63 ,1003.73 ,79.56
23:00:42,0 ,0 ,0 ,435 ,5 ,18.52 ,40.64 ,1003.73 ,79.60
23:00:42,0 ,0 ,0 ,435 ,5 ,18.53 ,40.68 ,1003.71 ,79.71
23:00:42,0 ,0 ,0 ,435 ,5 ,18.53 ,40.67 ,1003.71 ,79.76
23:00:42,0 ,0 ,0 ,435 ,5 ,18.53 ,40.69 ,1003.72 ,79.65
23:00:42,0 ,0 ,0 ,435 ,5 ,18.53 ,40.67 ,1003.72 ,79.62
23:00:42,0 ,0 ,0 ,435 ,5 ,18.53 ,40.66 ,1003.71 ,79.76
23:00:42,0 ,0 ,0 ,435 ,5 ,18.53 ,40.66 ,1003.71 ,79.74
23:00:42,0 ,0 ,0 ,435 ,5 ,18.53 ,40.67 ,1003.71 ,79.76
23:00:42,0 ,0 ,0 ,435 ,5 ,18.53 ,40.67 ,1003.73 ,79.55
23:00:42,0 ,0 ,0 ,435 ,5 ,18.53 ,40.67 ,1003.75 ,79.42
23:00:42,0 ,0 ,0 ,435 ,5 ,18.53 ,40.67 ,1003.74 ,79.47
23:00:42,0 ,0 ,0 ,435 ,5 ,18.53 ,40.69 ,1003.72 ,79.39
23:00:42,0 ,0 ,0 ,435 ,5 ,18.53 ,40.70 ,1003.72 ,79.69
23:00:42,0 ,0 ,0 ,435 ,5 ,18.53 ,40.69 ,1003.74 ,79.47
23:00:42,0 ,0 ,0 ,435 ,5 ,18.53 ,40.70 ,1003.74 ,79.48
23:00:42,0 ,0 ,0 ,435 ,5 ,18.53 ,40.71 ,1003.73 ,79.54
23:00:42,0 ,0 ,0 ,435 ,5 ,18.53 ,40.73 ,1003.73 ,79.56
23:00:42,0 ,0 ,0 ,435 ,5 ,18.54 ,40.74 ,1003.73 ,79.55
23:00:42,0 ,0 ,0 ,435 ,5 ,18.53 ,40.75 ,1003.73 ,79.56
23:00:42,0 ,0 ,0 ,435 ,5 ,18.54 ,40.77 ,1003.71 ,79.72
23:00:42,0 ,0 ,0 ,436 ,5 ,18.54 ,40.74 ,1003.71 ,79.72
23:00:42,0 ,0 ,0 ,436 ,5 ,18.54 ,40.71 ,1003.73 ,79.59
23:00:42,0 ,0 ,0 ,435 ,5 ,18.54 ,40.71 ,1003.73 ,79.53
23:00:42,0 ,0 ,0 ,436 ,5 ,18.54 ,40.66 ,1003.71 ,79.76
23:00:42,0 ,0 ,0 ,436 ,5 ,18.54 ,40.64 ,1003.74 ,79.45
23:00:42,0 ,0 ,0 ,436 ,5 ,18.53 ,40.66 ,1003.72 ,79.66
23:00:42,0 ,0 ,0 ,436 ,5 ,18.54 ,40.64 ,1003.74 ,79.47
23:00:42,0 ,0 ,0 ,436 ,5 ,18.53 ,40.58 ,1003.70 ,79.84
23:00:42,0 ,0 ,0 ,435 ,5 ,18.53 ,40.54 ,1003.73 ,79.60
23:00:42,0 ,0 ,0 ,435 ,5 ,18.53 ,40.51 ,1003.74 ,79.47
23:00:42,0 ,0 ,0 ,435 ,5 ,18.53 ,40.54 ,1003.71 ,79.71
23:00:42,0 ,0 ,0 ,436 ,5 ,18.53 ,40.52 ,1003.72 ,79.66
23:00:42,0 ,0 ,0 ,436 ,5 ,18.53 ,40.52 ,1003.75 ,79.41
23:00:42,0 ,0 ,0 ,436 ,5 ,18.53 ,40.62 ,1003.74 ,79.52
23:00:42,0 ,0 ,0 ,436 ,5 ,18.53 ,40.58 ,1003.77 ,79.21
23:00:42,0 ,0 ,0 ,436 ,5 ,18.53 ,40.57 ,1003.73 ,79.58
23:00:42,0 ,0 ,0 ,436 ,5 ,18.54 ,40.57 ,1003.75 ,79.38
23:00:42,0 ,0 ,0 ,436 ,5 ,18.54 ,40.54 ,1003.72 ,79.66
23:00:42,0 ,0 ,0 ,436 ,5 ,18.53 ,40.52 ,1003.73 ,79.59
23:00:42,0 ,0 ,0 ,436 ,5 ,18.53 ,40.50 ,1003.71 ,79.73
23:00:42,0 ,0 ,0 ,436 ,5 ,18.53 ,40.51 ,1003.73 ,79.54
23:00:42,0 ,0 ,0 ,436 ,5 ,18.53 ,40.50 ,1003.72 ,79.69
23:00:42,0 ,0 ,0 ,436 ,5 ,18.52 ,40.44 ,1003.73 ,79.56
23:00:42,0 ,0 ,0 ,436 ,5 ,18.53 ,40.40 ,1003.73 ,79.58
23:00:42,0 ,0 ,0 ,435 ,5 ,18.52 ,40.42 ,1003.78 ,79.16
23:00:42,0 ,0 ,0 ,435 ,5 ,18.52 ,40.40 ,1003.74 ,79.46
23:00:42,0 ,0 ,0 ,435 ,5 ,18.53 ,40.38 ,1003.73 ,79.52
23:00:42,0 ,0 ,0 ,435 ,5 ,18.52 ,40.38 ,1003.71 ,79.74
23:00:42,0 ,0 ,0 ,434 ,5 ,18.52 ,40.38 ,1003.74 ,79.46
23:00:42,0 ,0 ,0 ,434 ,5 ,18.52 ,40.38 ,1003.70 ,79.81
23:00:42,0 ,0 ,0 ,434 ,5 ,18.53 ,40.37 ,1003.74 ,79.47
23:00:42,0 ,0 ,0 ,435 ,5 ,18.53 ,40.39 ,1003.74 ,79.46
23:00:42,0 ,0 ,0 ,435 ,5 ,18.52 ,40.37 ,1003.72 ,79.62
23:00:42,0 ,0 ,0 ,435 ,5 ,18.53 ,40.32 ,1003.72 ,79.68
23:00:42,0 ,0 ,0 ,435 ,5 ,18.52 ,40.29 ,1003.74 ,79.52
23:00:42,0 ,0 ,0 ,435 ,5 ,18.52 ,40.28 ,1003.72 ,79.63
23:00:42,0 ,0 ,0 ,435 ,5 ,18.52 ,40.28 ,1003.75 ,79.37
23:00:42,0 ,0 ,0 ,435 ,5 ,18.52 ,40.28 ,1003.73 ,79.55
23:00:42,0 ,0 ,0 ,435 ,5 ,18.52 ,40.25 ,1003.73 ,79.38
23:00:42,0 ,0 ,0 ,435 ,5 ,18.52 ,40.26 ,1003.76 ,79.30
23:00:42,0 ,0 ,0 ,434 ,5 ,18.52 ,40.28 ,1003.73 ,79.54
23:00:42,0 ,0 ,0 ,434 ,5 ,18.52 ,40.27 ,1003.74 ,79.48
23:00:42,0 ,0 ,0 ,434 ,5 ,18.51 ,40.26 ,1003.72 ,79.69
23:00:42,0 ,0 ,0 ,434 ,5 ,18.51 ,40.27 ,1003.72 ,79.62
23:00:42,0 ,0 ,0 ,434 ,5 ,18.52 ,40.26 ,1003.71 ,79.76
23:00:42,0 ,0 ,0 ,434 ,5 ,18.51 ,40.26 ,1003.69 ,79.93
23:00:42,0 ,0 ,0 ,434 ,5 ,18.52 ,40.29 ,1003.73 ,79.60
23:00:42,0 ,0 ,0 ,434 ,5 ,18.52 ,40.28 ,1003.76 ,79.34
23:00:42,0 ,0 ,0 ,434 ,5 ,18.52 ,40.30 ,1003.72 ,79.62
23:00:42,0 ,0 ,0 ,434 ,5 ,18.52 ,40.33 ,1003.71 ,79.70
23:00:42,0 ,0 ,0 ,434 ,5 ,18.51 ,40.33 ,1003.68 ,79.96
23:00:42,0 ,0 ,0 ,434 ,5 ,18.51 ,40.29 ,1003.70 ,79.81
23:00:42,0 ,0 ,0 ,433 ,5 ,18.51 ,40.28 ,1003.73 ,79.54
23:00:42,0 ,0 ,0 ,433 ,5 ,18.52 ,40.29 ,1003.75 ,79.43
23:00:42,0 ,0 ,0 ,433 ,5 ,18.51 ,40.30 ,1003.76 ,79.35
23:00:42,0 ,0 ,0 ,433 ,5 ,18.52 ,40.30 ,1003.75 ,79.41
23:00:42,0 ,0 ,0 ,433 ,5 ,18.51 ,40.30 ,1003.72 ,79.55
23:00:42,0 ,0 ,0 ,433 ,5 ,18.51 ,40.33 ,1003.76 ,79.28
23:00:42,0 ,0 ,0 ,433 ,5 ,18.51 ,40.33 ,1003.74 ,79.44
23:00:42,0 ,0 ,0 ,433 ,5 ,18.51 ,40.33 ,1003.74 ,79.44
23:00:42,0 ,0 ,0 ,433 ,5 ,18.51 ,40.36 ,1003.74 ,79.45
23:00:42,0 ,0 ,0 ,433 ,5 ,18.51 ,40.38 ,1003.73 ,79.54
23:00:42,0 ,0 ,0 ,433 ,5 ,18.51 ,40.37 ,1003.75 ,79.38
23:00:42,0 ,0 ,0 ,433 ,5 ,18.51 ,40.35 ,1003.72 ,79.69
23:00:42,0 ,0 ,0 ,433 ,5 ,18.51 ,40.37 ,1003.77 ,79.21
23:00:42,0 ,0 ,0 ,433 ,5 ,18.51 ,40.38 ,1003.74 ,79.49
23:00:42,0 ,0 ,0 ,433 ,5 ,18.51 ,40.37 ,1003.72 ,79.67
23:00:42,0 ,0 ,0 ,433 ,5 ,18.51 ,40.35 ,1003.79 ,79.04
23:00:42,0 ,0 ,0 ,432 ,5 ,18.51 ,40.36 ,1003.76 ,79.34
23:00:42,0 ,0 ,0 ,432 ,5 ,18.51 ,40.39 ,1003.76 ,79.35
23:00:42,0 ,0 ,0 ,432 ,5 ,18.51 ,40.38 ,1003.73 ,79.54
23:00:42,0 ,0 ,0 ,433 ,5 ,18.51 ,40.41 ,1003.76 ,79.34
23:00:42,0 ,0 ,0 ,433 ,5 ,18.52 ,40.42 ,1003.74 ,79.50
23:00:42,0 ,0 ,0 ,432 ,5 ,18.51 ,40.39 ,1003.71 ,79.71
23:00:42,0 ,0 ,0 ,433 ,5 ,18.51 ,40.36 ,1003.76 ,79.30
23:00:42,0 ,0 ,0 ,433 ,5 ,18.51 ,40.31 ,1003.73 ,79.55
23:00:42,0 ,0 ,0 ,433 ,5 ,18.51 ,40.30 ,1003.73 ,79.59
23:00:42,0 ,0 ,0 ,432 ,5 ,18.51 ,40.33 ,1003.75 ,79.41
23:00:42,0 ,0 ,0 ,432 ,5 ,18.52 ,40.35 ,1003.75 ,79.43
23:00:42,0 ,0 ,0 ,432 ,5 ,18.51 ,40.34 ,1003.72 ,79.65
23:00:42,0 ,0 ,0 ,432 ,5 ,18.51 ,40.33 ,1003.75 ,79.39
23:00:42,0 ,0 ,0 ,432 ,5 ,18.50 ,40.31 ,1003.73 ,79.57
23:00:42,0 ,0 ,0 ,432 ,5 ,18.50 ,40.29 ,1003.75 ,79.38
23:00:42,0 ,0 ,0 ,432 ,5 ,18.50 ,40.28 ,1003.75 ,79.39
23:00:42,0 ,0 ,0 ,432 ,5 ,18.50 ,40.24 ,1003.74 ,79.44
23:00:42,0 ,0 ,0 ,432 ,5 ,18.51 ,40.26 ,1003.76 ,79.30
23:00:42,0 ,0 ,0 ,432 ,5 ,18.51 ,40.28 ,1003.76 ,79.33
23:00:42,0 ,0 ,0 ,432 ,5 ,18.50 ,40.28 ,1003.77 ,79.26
23:00:42,0 ,0 ,0 ,432 ,5 ,18.50 ,40.30 ,1003.73 ,79.55
23:00:42,0 ,0 ,0 ,432 ,5 ,18.50 ,40.31 ,1003.74 ,79.44
23:00:42,0 ,0 ,0 ,432 ,5 ,18.50 ,40.28 ,1003.76 ,79.35
23:00:42,0 ,0 ,0 ,432 ,5 ,18.50 ,40.26 ,1003.75 ,79.36
23:00:42,0 ,0 ,0 ,432 ,5 ,18.50 ,40.25 ,1003.73 ,79.56
23:00:42,0 ,0 ,0 ,432 ,5 ,18.50 ,40.21 ,1003.75 ,79.41
23:00:42,0 ,0 ,0 ,432 ,5 ,18.50 ,40.20 ,1003.75 ,79.38
23:00:42,0 ,0 ,0 ,431 ,5 ,18.50 ,40.21 ,1003.73 ,79.54
23:00:42,0 ,0 ,0 ,432 ,5 ,18.50 ,40.23 ,1003.74 ,79.45
23:00:42,0 ,0 ,0 ,432 ,5 ,18.50 ,40.22 ,1003.77 ,79.21
23:00:42,0 ,0 ,0 ,432 ,5 ,18.50 ,40.21 ,1003.76 ,79.32
23:00:43,0 ,0 ,0 ,432 ,5 ,18.50 ,40.20 ,1003.75 ,79.42
23:00:43,0 ,0 ,0 ,432 ,5 ,18.50 ,40.20 ,1003.74 ,79.47
23:00:43,0 ,0 ,0 ,432 ,5 ,18.50 ,40.20 ,1003.73 ,79.57
23:00:43,0 ,0 ,0 ,432 ,5 ,18.50 ,40.19 ,1003.74 ,79.46
23:00:43,0 ,0 ,0 ,432 ,5 ,18.50 ,40.21 ,1003.77 ,79.31
23:00:43,0 ,0 ,0 ,432 ,5 ,18.50 ,40.22 ,1003.74 ,79.47
23:00:43,0 ,0 ,0 ,432 ,5 ,18.49 ,40.23 ,1003.74 ,79.49
23:00:43,0 ,0 ,0 ,432 ,5 ,18.50 ,40.27 ,1003.74 ,79.44
23:00:43,0 ,0 ,0 ,432 ,5 ,18.50 ,40.29 ,1003.76 ,79.33
23:00:43,0 ,0 ,0 ,432 ,5 ,18.50 ,40.29 ,1003.73 ,79.57
23:00:43,0 ,0 ,0 ,432 ,5 ,18.50 ,40.33 ,1003.73 ,79.56
23:00:43,0 ,0 ,0 ,432 ,5 ,18.50 ,40.26 ,1003.74 ,79.46
23:00:43,0 ,0 ,0 ,432 ,5 ,18.49 ,40.22 ,1003.75 ,79.36
23:00:43,0 ,0 ,0 ,432 ,5 ,18.49 ,40.21 ,1003.75 ,79.43
23:00:43,0 ,0 ,0 ,432 ,5 ,18.49 ,40.24 ,1003.73 ,79.56
23:00:43,0 ,0 ,0 ,432 ,5 ,18.49 ,40.29 ,1003.72 ,79.67
23:00:43,0 ,0 ,0 ,432 ,5 ,18.49 ,40.32 ,1003.72 ,79.63
23:00:43,0 ,0 ,0 ,432 ,5 ,18.50 ,40.36 ,1003.77 ,79.20
23:00:43,0 ,0 ,0 ,432 ,5 ,18.50 ,40.35 ,1003.76 ,79.34
23:00:43,0 ,0 ,0 ,432 ,5 ,18.49 ,40.32 ,1003.73 ,79.58
23:00:43,0 ,0 ,0 ,432 ,5 ,18.49 ,40.32 ,1003.72 ,79.67
23:00:43,0 ,0 ,0 ,432 ,5 ,18.50 ,40.33 ,1003.74 ,79.44
23:00:43,0 ,0 ,0 ,432 ,5 ,18.50 ,40.35 ,1003.76 ,79.31
23:00:43,0 ,0 ,0 ,432 ,5 ,18.50 ,40.36 ,1003.73 ,79.59
23:00:43,0 ,0 ,0 ,432 ,5 ,18.50 ,40.36 ,1003.76 ,79.35
23:00:43,0 ,0 ,0 ,432 ,5 ,18.50 ,40.36 ,1003.73 ,79.59
23:00:43,0 ,0 ,0 ,433 ,5 ,18.48 ,40.33 ,1003.74 ,79.45
23:00:43,0 ,0 ,0 ,433 ,5 ,18.48 ,40.36 ,1003.75 ,79.41
23:00:43,0 ,0 ,0 ,433 ,5 ,18.48 ,40.37 ,1003.72 ,79.63
23:00:43,0 ,0 ,0 ,433 ,5 ,18.47 ,40.36 ,1003.74 ,79.52
23:00:43,0 ,0 ,0 ,433 ,5 ,18.48 ,40.36 ,1003.73 ,79.57
23:00:43,0 ,0 ,0 ,433 ,5 ,18.48 ,40.38 ,1003.72 ,79.66
23:00:43,0 ,0 ,0 ,434 ,5 ,18.48 ,40.36 ,1003.74 ,79.51
23:00:43,0 ,0 ,0 ,433 ,5 ,18.48 ,40.40 ,1003.74 ,79.48
23:00:43,0 ,0 ,0 ,433 ,5 ,18.48 ,40.40 ,1003.72 ,79.69
23:00:43,0 ,0 ,0 ,433 ,5 ,18.48 ,40.42 ,1003.75 ,79.40
23:00:43,0 ,0 ,0 ,433 ,5 ,18.49 ,40.38 ,1003.76 ,79.34
23:00:43,0 ,0 ,0 ,433 ,5 ,18.48 ,40.40 ,1003.73 ,79.58
23:00:43,0 ,0 ,0 ,433 ,5 ,18.48 ,40.44 ,1003.74 ,79.50
23:00:43,0 ,0 ,0 ,433 ,5 ,18.48 ,40.45 ,1003.74 ,79.47
23:00:43,0 ,0 ,0 ,433 ,5 ,18.48 ,40.43 ,1003.75 ,79.41
23:00:43,0 ,0 ,0 ,433 ,5 ,18.48 ,40.39 ,1003.74 ,79.50
23:00:43,0 ,0 ,0 ,433 ,5 ,18.48 ,40.39 ,1003.72 ,79.67
23:00:43,0 ,0 ,0 ,433 ,5 ,18.48 ,40.43 ,1003.75 ,79.42
23:00:43,0 ,0 ,0 ,433 ,5 ,18.49 ,40.43 ,1003.72 ,79.61
23:00:43,0 ,0 ,0 ,433 ,5 ,18.48 ,40.38 ,1003.75 ,79.32
23:00:43,0 ,0 ,0 ,433 ,5 ,18.48 ,40.44 ,1003.72 ,79.61
23:00:43,0 ,0 ,0 ,432 ,5 ,18.48 ,40.42 ,1003.69 ,79.89
23:00:43,0 ,0 ,0 ,432 ,5 ,18.48 ,40.46 ,1003.74 ,79.47
23:00:43,0 ,0 ,0 ,432 ,5 ,18.48 ,40.44 ,1003.72 ,79.68
23:00:43,0 ,0 ,0 ,432 ,5 ,18.48 ,40.42 ,1003.71 ,79.71
23:00:43,0 ,0 ,0 ,432 ,5 ,18.48 ,40.39 ,1003.73 ,79.57
23:00:43,0 ,0 ,0 ,432 ,5 ,18.47 ,40.40 ,1003.73 ,79.59
23:00:43,0 ,0 ,0 ,432 ,5 ,18.48 ,40.40 ,1003.74 ,79.46
23:00:43,0 ,0 ,0 ,432 ,5 ,18.49 ,40.43 ,1003.71 ,79.71
23:00:43,0 ,0 ,0 ,432 ,5 ,18.48 ,40.43 ,1003.75 ,79.42
23:00:43,0 ,0 ,0 ,432 ,5 ,18.48 ,40.40 ,1003.73 ,79.55
23:00:43,0 ,0 ,0 ,432 ,5 ,18.48 ,40.42 ,1003.72 ,79.64
23:00:43,0 ,0 ,0 ,432 ,5 ,18.49 ,40.46 ,1003.75 ,79.38
23:00:43,0 ,0 ,0 ,432 ,5 ,18.49 ,40.42 ,1003.75 ,79.40
23:00:43,0 ,0 ,0 ,432 ,5 ,18.49 ,40.40 ,1003.72 ,79.65
23:00:43,0 ,0 ,0 ,432 ,5 ,18.49 ,40.38 ,1003.70 ,79.82
23:00:43,0 ,0 ,0 ,432 ,5 ,18.49 ,40.36 ,1003.73 ,79.55
23:00:43,0 ,0 ,0 ,432 ,5 ,18.48 ,40.38 ,1003.72 ,79.64
23:00:43,0 ,0 ,0 ,432 ,5 ,18.49 ,40.40 ,1003.74 ,79.51
23:00:43,0 ,0 ,0 ,432 ,5 ,18.49 ,40.38 ,1003.73 ,79.55
23:00:43,0 ,0 ,0 ,432 ,5 ,18.48 ,40.40 ,1003.71 ,79.70
23:00:43,0 ,0 ,0 ,432 ,5 ,18.49 ,40.39 ,1003.75 ,79.38
23:00:43,0 ,0 ,0 ,431 ,5 ,18.48 ,40.36 ,1003.72 ,79.64
23:00:43,0 ,0 ,0 ,432 ,5 ,18.48 ,40.37 ,1003.73 ,79.54
23:00:43,0 ,0 ,0 ,432 ,5 ,18.47 ,40.37 ,1003.74 ,79.52
23:00:43,0 ,0 ,0 ,432 ,5 ,18.48 ,40.31 ,1003.73 ,79.56
23:00:43,0 ,0 ,0 ,432 ,5 ,18.48 ,40.28 ,1003.70 ,79.81
23:00:43,0 ,0 ,0 ,432 ,5 ,18.49 ,40.24 ,1003.73 ,79.52
23:00:43,0 ,0 ,0 ,432 ,5 ,18.48 ,40.27 ,1003.72 ,79.65
23:00:43,0 ,0 ,0 ,432 ,5 ,18.48 ,40.29 ,1003.70 ,79.81
23:00:43,0 ,0 ,0 ,432 ,5 ,18.48 ,40.30 ,1003.70 ,79.83
23:00:43,0 ,0 ,0 ,432 ,5 ,18.48 ,40.32 ,1003.71 ,79.74
23:00:43,0 ,0 ,0 ,432 ,5 ,18.48 ,40.32 ,1003.70 ,79.81
23:00:43,0 ,0 ,0 ,432 ,5 ,18.49 ,40.35 ,1003.71 ,79.70
23:00:43,0 ,0 ,0 ,432 ,5 ,18.49 ,40.37 ,1003.75 ,79.37
23:00:43,0 ,0 ,0 ,432 ,5 ,18.49 ,40.36 ,1003.70 ,79.79
23:00:43,0 ,0 ,0 ,432 ,5 ,18.49 ,40.35 ,1003.70 ,79.78
23:00:43,0 ,0 ,0 ,432 ,5 ,18.49 ,40.37 ,1003.72 ,79.65
23:00:43,0 ,0 ,0 ,432 ,5 ,18.49 ,40.33 ,1003.74 ,79.48
23:00:43,0 ,0 ,0 ,432 ,5 ,18.50 ,40.33 ,1003.78 ,79.18
23:00:43,0 ,0 ,0 ,432 ,5 ,18.49 ,40.35 ,1003.71 ,79.74
23:00:43,0 ,0 ,0 ,432 ,5 ,18.49 ,40.37 ,1003.74 ,79.45
23:00:43,0 ,0 ,0 ,432 ,5 ,18.49 ,40.33 ,1003.71 ,79.71
23:00:43,0 ,0 ,0 ,432 ,5 ,18.49 ,40.36 ,1003.73 ,79.55
23:00:43,0 ,0 ,0 ,432 ,5 ,18.49 ,40.37 ,1003.74 ,79.47
23:00:43,0 ,0 ,0 ,432 ,5 ,18.49 ,40.37 ,1003.75 ,79.41
23:00:43,0 ,0 ,0 ,432 ,5 ,18.49 ,40.37 ,1003.74 ,79.45
23:00:43,0 ,0 ,0 ,432 ,5 ,18.49 ,40.39 ,1003.74 ,79.44
23:00:43,0 ,0 ,0 ,431 ,5 ,18.49 ,40.43 ,1003.75 ,79.36
23:00:43,0 ,0 ,0 ,432 ,5 ,18.49 ,40.40 ,1003.73 ,79.57
23:00:43,0 ,0 ,0 ,431 ,5 ,18.49 ,40.35 ,1003.73 ,79.61
23:00:43,0 ,0 ,0 ,431 ,5 ,18.49 ,40.27 ,1003.74 ,79.49
23:00:43,0 ,0 ,0 ,431 ,5 ,18.49 ,40.28 ,1003.74 ,79.51
23:00:43,0 ,0 ,0 ,431 ,5 ,18.48 ,40.31 ,1003.74 ,79.48
23:00:43,0 ,0 ,0 ,431 ,5 ,18.48 ,40.33 ,1003.74 ,79.46
23:00:43,0 ,0 ,0 ,432 ,5 ,18.49 ,40.32 ,1003.73 ,79.55
23:00:43,0 ,0 ,0 ,431 ,5 ,18.49 ,40.30 ,1003.73 ,79.53
23:00:43,0 ,0 ,0 ,431 ,5 ,18.49 ,40.32 ,1003.72 ,79.61
23:00:43,0 ,0 ,0 ,432 ,5 ,18.49 ,40.33 ,1003.73 ,79.53
23:00:43,0 ,0 ,0 ,432 ,5 ,18.49 ,40.32 ,1003.74 ,79.44
23:00:43,0 ,0 ,0 ,432 ,5 ,18.49 ,40.32 ,1003.75 ,79.36
23:00:43,0 ,0 ,0 ,432 ,5 ,18.48 ,40.31 ,1003.75 ,79.38
23:00:43,0 ,0 ,0 ,432 ,5 ,18.49 ,40.29 ,1003.76 ,79.28
23:00:43,0 ,0 ,0 ,432 ,5 ,18.49 ,40.30 ,1003.78 ,79.11
23:00:43,0 ,0 ,0 ,432 ,5 ,18.48 ,40.31 ,1003.77 ,79.19
23:00:43,0 ,0 ,0 ,432 ,5 ,18.49 ,40.33 ,1003.74 ,79.48
23:00:43,0 ,0 ,0 ,432 ,5 ,18.49 ,40.30 ,1003.75 ,79.43
23:00:43,0 ,0 ,0 ,432 ,5 ,18.49 ,40.29 ,1003.76 ,79.29
23:00:43,0 ,0 ,0 ,432 ,5 ,18.48 ,40.29 ,1003.74 ,79.44
23:00:43,0 ,0 ,0 ,432 ,5 ,18.49 ,40.29 ,1003.76 ,79.32
23:00:43,0 ,0 ,0 ,432 ,5 ,18.49 ,40.27 ,1003.77 ,79.26
23:00:43,0 ,0 ,0 ,432 ,5 ,18.49 ,40.27 ,1003.76 ,79.27
23:00:43,0 ,0 ,0 ,432 ,5 ,18.49 ,40.29 ,1003.75 ,79.37
23:00:43,0 ,0 ,0 ,432 ,5 ,18.49 ,40.28 ,1003.73 ,79.58
23:00:43,0 ,0 ,0 ,432 ,5 ,18.50 ,40.26 ,1003.77 ,79.24
23:00:43,0 ,0 ,0 ,432 ,5 ,18.49 ,40.25 ,1003.69 ,79.88
23:00:43,0 ,0 ,0 ,432 ,5 ,18.50 ,40.29 ,1003.79 ,79.34
23:00:43,0 ,0 ,0 ,432 ,5 ,18.49 ,40.27 ,1003.76 ,79.33
23:00:43,0 ,0 ,0 ,432 ,5 ,18.49 ,40.28 ,1003.74 ,79.46
23:00:43,0 ,0 ,0 ,432 ,5 ,18.49 ,40.27 ,1003.74 ,79.48
23:00:43,0 ,0 ,0 ,432 ,5 ,18.49 ,40.23 ,1003.77 ,79.24
23:00:43,0 ,0 ,0 ,432 ,5 ,18.48 ,40.01 ,1003.75 ,79.42
23:00:43,0 ,0 ,0 ,432 ,5 ,18.48 ,40.00 ,1003.74 ,79.46
23:00:43,0 ,0 ,0 ,432 ,5 ,18.48 ,39.98 ,1003.71 ,79.70
23:00:43,0 ,0 ,0 ,432 ,5 ,18.46 ,39.94 ,1003.72 ,79.68
23:00:43,0 ,0 ,0 ,432 ,5 ,18.47 ,39.88 ,1003.72 ,79.62
23:00:43,0 ,0 ,0 ,432 ,5 ,18.47 ,39.91 ,1003.73 ,79.60
23:00:43,0 ,0 ,0 ,432 ,5 ,18.47 ,39.93 ,1003.73 ,79.53
23:00:43,0 ,0 ,0 ,432 ,5 ,18.48 ,39.97 ,1003.74 ,79.48
23:00:43,0 ,0 ,0 ,432 ,5 ,18.47 ,40.03 ,1003.71 ,79.71
23:00:43,0 ,0 ,0 ,432 ,5 ,18.48 ,39.99 ,1003.75 ,79.41
23:00:43,0 ,0 ,0 ,432 ,5 ,18.48 ,39.97 ,1003.72 ,79.61
23:00:43,78 ,282 ,282 ,432 ,5 ,18.47 ,39.95 ,1003.75 ,79.43
23:00:43,78 ,283 ,283 ,432 ,5 ,18.47 ,39.94 ,1003.75 ,79.41
23:00:43,78 ,283 ,283 ,432 ,5 ,18.47 ,39.98 ,1003.75 ,79.36
23:00:43,78 ,283 ,283 ,432 ,5 ,18.47 ,40.01 ,1003.73 ,79.59
23:00:43,79 ,285 ,285 ,432 ,5 ,18.47 ,40.00 ,1003.75 ,79.42
23:00:43,79 ,285 ,285 ,432 ,5 ,18.47 ,40.00 ,1003.75 ,79.41
23:00:43,79 ,285 ,285 ,432 ,5 ,18.47 ,40.01 ,1003.73 ,79.54
23:00:43,81 ,286 ,286 ,432 ,5 ,18.46 ,40.01 ,1003.75 ,79.43
23:00:43,81 ,286 ,286 ,432 ,5 ,18.46 ,40.00 ,1003.73 ,79.59
23:00:43,82 ,286 ,286 ,432 ,5 ,18.46 ,39.97 ,1003.72 ,79.63
23:00:43,82 ,286 ,286 ,432 ,5 ,18.46 ,39.99 ,1003.75 ,79.37
23:00:43,82 ,286 ,286 ,432 ,5 ,18.46 ,39.99 ,1003.72 ,79.67
23:00:43,84 ,286 ,286 ,432 ,5 ,18.46 ,39.97 ,1003.75 ,79.55
23:00:43,84 ,286 ,286 ,432 ,5 ,18.46 ,39.94 ,1003.72 ,79.66
23:00:43,84 ,288 ,288 ,432 ,5 ,18.45 ,39.91 ,1003.71 ,79.72
23:00:43,84 ,288 ,288 ,432 ,5 ,18.45 ,39.89 ,1003.75 ,79.39
23:00:43,84 ,288 ,288 ,432 ,5 ,18.46 ,39.92 ,1003.73 ,79.59
23:00:43,84 ,288 ,288 ,432 ,5 ,18.46 ,39.92 ,1003.70 ,79.78
23:00:43,84 ,288 ,288 ,432 ,5 ,18.46 ,39.94 ,1003.74 ,79.48
23:00:43,84 ,288 ,288 ,432 ,5 ,18.45 ,40.00 ,1003.75 ,79.36
23:00:43,84 ,288 ,288 ,432 ,5 ,18.46 ,40.00 ,1003.75 ,79.40
23:00:43,84 ,289 ,289 ,432 ,5 ,18.46 ,39.99 ,1003.75 ,79.39
23:00:43,84 ,289 ,289 ,432 ,5 ,18.46 ,39.98 ,1003.74 ,79.51
23:00:43,84 ,291 ,291 ,432 ,5 ,18.45 ,39.95 ,1003.74 ,79.52
23:00:43,84 ,291 ,291 ,432 ,5 ,18.46 ,39.94 ,1003.75 ,79.43
23:00:43,84 ,291 ,291 ,432 ,5 ,18.46 ,39.96 ,1003.75 ,79.37
23:00:43,84 ,291 ,291 ,432 ,5 ,18.46 ,40.00 ,1003.74 ,79.44
23:00:43,84 ,291 ,291 ,431 ,5 ,18.46 ,40.01 ,1003.77 ,79.26
23:00:43,84 ,291 ,291 ,431 ,5 ,18.46 ,39.96 ,1003.74 ,79.51
23:00:43,84 ,291 ,291 ,431 ,5 ,18.46 ,39.96 ,1003.72 ,79.61
23:00:43,84 ,291 ,291 ,431 ,5 ,18.46 ,39.96 ,1003.76 ,79.30
23:00:43,84 ,291 ,291 ,431 ,5 ,18.45 ,39.95 ,1003.74 ,79.44
23:00:43,85 ,291 ,291 ,431 ,5 ,18.45 ,39.94 ,1003.75 ,79.37
23:00:43,85 ,291 ,291 ,431 ,5 ,18.45 ,39.93 ,1003.75 ,79.36
23:00:43,85 ,291 ,291 ,431 ,5 ,18.46 ,39.93 ,1003.76 ,79.32
23:00:43,85 ,292 ,292 ,431 ,5 ,18.46 ,39.91 ,1003.73 ,79.56
23:00:43,87 ,292 ,292 ,431 ,5 ,18.45 ,39.93 ,1003.74 ,79.50
23:00:43,87 ,294 ,294 ,431 ,5 ,18.45 ,39.91 ,1003.74 ,79.48
23:00:43,88 ,294 ,294 ,431 ,5 ,18.45 ,39.93 ,1003.72 ,79.65
23:00:43,88 ,294 ,294 ,431 ,5 ,18.45 ,39.93 ,1003.74 ,79.51
23:00:43,88 ,294 ,294 ,431 ,5 ,18.45 ,39.91 ,1003.74 ,79.46
23:00:43,88 ,295 ,295 ,431 ,5 ,18.45 ,39.89 ,1003.72 ,79.61
23:00:43,88 ,295 ,295 ,431 ,5 ,18.46 ,39.87 ,1003.72 ,79.61
23:00:43,88 ,295 ,295 ,431 ,5 ,18.45 ,39.89 ,1003.75 ,79.44
23:00:43,88 ,295 ,295 ,431 ,5 ,18.45 ,39.87 ,1003.74 ,79.46
23:00:43,87 ,295 ,295 ,431 ,5 ,18.45 ,39.85 ,1003.70 ,79.82
23:00:43,87 ,297 ,297 ,432 ,5 ,18.45 ,39.78 ,1003.72 ,79.66
23:00:43,87 ,297 ,297 ,432 ,5 ,18.45 ,39.72 ,1003.74 ,79.47
23:00:43,87 ,297 ,297 ,432 ,5 ,18.45 ,39.69 ,1003.73 ,79.58
23:00:43,87 ,297 ,297 ,432 ,5 ,18.44 ,39.74 ,1003.69 ,79.82
23:00:43,87 ,297 ,297 ,432 ,5 ,18.45 ,39.66 ,1003.75 ,79.39
23:00:43,87 ,297 ,297 ,431 ,5 ,18.45 ,39.66 ,1003.74 ,79.45
23:00:43,87 ,298 ,298 ,432 ,5 ,18.46 ,39.69 ,1003.73 ,79.57
23:00:43,87 ,298 ,298 ,431 ,5 ,18.46 ,39.71 ,1003.72 ,79.61
23:00:43,87 ,298 ,298 ,431 ,5 ,18.45 ,39.71 ,1003.72 ,79.64
23:00:43,87 ,298 ,298 ,431 ,5 ,18.45 ,39.68 ,1003.73 ,79.56
23:00:43,87 ,298 ,298 ,431 ,5 ,18.45 ,39.61 ,1003.75 ,79.39
23:00:43,87 ,298 ,298 ,431 ,5 ,18.45 ,39.58 ,1003.71 ,79.69
23:00:43,87 ,297 ,297 ,431 ,5 ,18.46 ,39.51 ,1003.75 ,79.40
23:00:43,87 ,297 ,297 ,431 ,5 ,18.45 ,39.49 ,1003.73 ,79.56
23:00:43,87 ,295 ,295 ,432 ,5 ,18.46 ,39.46 ,1003.74 ,79.48
23:00:43,87 ,295 ,295 ,432 ,5 ,18.45 ,39.47 ,1003.76 ,79.34
23:00:43,87 ,295 ,295 ,432 ,5 ,18.45 ,39.45 ,1003.75 ,79.41
23:00:43,87 ,295 ,295 ,432 ,5 ,18.45 ,39.47 ,1003.75 ,79.42
23:00:43,87 ,295 ,295 ,432 ,5 ,18.45 ,39.49 ,1003.74 ,79.49
23:00:43,87 ,295 ,295 ,432 ,5 ,18.45 ,39.50 ,1003.74 ,79.45
23:00:43,85 ,294 ,294 ,432 ,5 ,18.45 ,39.53 ,1003.75 ,79.38
23:00:43,85 ,295 ,295 ,432 ,5 ,18.45 ,39.55 ,1003.73 ,79.54
23:00:43,87 ,295 ,295 ,432 ,5 ,18.45 ,39.55 ,1003.73 ,79.53
23:00:43,87 ,295 ,295 ,432 ,5 ,18.45 ,39.53 ,1003.74 ,79.48
23:00:43,87 ,295 ,295 ,432 ,5 ,18.45 ,39.51 ,1003.73 ,79.54
23:00:43,87 ,295 ,295 ,432 ,5 ,18.45 ,39.53 ,1003.73 ,79.57
23:00:43,87 ,295 ,295 ,431 ,5 ,18.45 ,39.57 ,1003.73 ,79.56
23:00:43,87 ,295 ,295 ,432 ,5 ,18.45 ,39.61 ,1003.73 ,79.55
23:00:43,87 ,297 ,297 ,432 ,5 ,18.45 ,39.66 ,1003.73 ,79.58
23:00:43,85 ,297 ,297 ,431 ,5 ,18.45 ,39.65 ,1003.76 ,79.29
23:00:43,85 ,295 ,295 ,432 ,5 ,18.45 ,39.65 ,1003.73 ,79.53
23:00:43,85 ,295 ,295 ,432 ,5 ,18.45 ,39.62 ,1003.73 ,79.64
23:00:43,84 ,295 ,295 ,432 ,5 ,18.45 ,39.63 ,1003.77 ,79.22
23:00:43,84 ,295 ,295 ,432 ,5 ,18.45 ,39.61 ,1003.75 ,79.41
23:00:43,82 ,295 ,295 ,432 ,5 ,18.45 ,39.68 ,1003.73 ,79.60
23:00:43,82 ,294 ,294 ,432 ,5 ,18.44 ,39.71 ,1003.74 ,79.52
23:00:43,82 ,294 ,294 ,432 ,5 ,18.45 ,39.74 ,1003.73 ,79.56
23:00:43,82 ,292 ,292 ,432 ,5 ,18.45 ,39.77 ,1003.73 ,79.54
23:00:43,81 ,292 ,292 ,432 ,5 ,18.45 ,39.72 ,1003.76 ,79.31
23:00:43,81 ,292 ,292 ,432 ,5 ,18.44 ,39.70 ,1003.74 ,79.50
23:00:43,81 ,292 ,292 ,432 ,5 ,18.45 ,39.73 ,1003.72 ,79.61
23:00:43,81 ,291 ,291 ,432 ,5 ,18.45 ,39.78 ,1003.72 ,79.68
23:00:43,81 ,291 ,291 ,432 ,5 ,18.44 ,39.82 ,1003.71 ,79.76
23:00:43,81 ,292 ,292 ,432 ,5 ,18.44 ,39.78 ,1003.70 ,79.82
23:00:43,81 ,292 ,292 ,433 ,5 ,18.45 ,39.64 ,1003.74 ,79.46
23:00:43,81 ,292 ,292 ,433 ,5 ,18.45 ,39.66 ,1003.72 ,79.67
23:00:43,81 ,292 ,292 ,432 ,5 ,18.45 ,39.66 ,1003.73 ,79.59
23:00:43,81 ,292 ,292 ,433 ,5 ,18.45 ,39.71 ,1003.74 ,79.52
23:00:43,81 ,292 ,292 ,433 ,5 ,18.45 ,39.73 ,1003.70 ,79.81
23:00:43,82 ,292 ,292 ,432 ,5 ,18.45 ,39.78 ,1003.71 ,79.70
23:00:43,82 ,292 ,292 ,433 ,5 ,18.45 ,39.81 ,1003.73 ,79.58
23:00:43,82 ,292 ,292 ,432 ,5 ,18.45 ,39.85 ,1003.73 ,79.54
23:00:43,82 ,292 ,292 ,432 ,5 ,18.45 ,39.86 ,1003.74 ,79.47
23:00:43,82 ,294 ,294 ,432 ,5 ,18.46 ,39.85 ,1003.74 ,79.47
23:00:43,84 ,294 ,294 ,433 ,5 ,18.45 ,39.87 ,1003.73 ,79.57
23:00:43,PMS7003  checksum  failed
23:00:43,0 ,0 ,0 ,432 ,5 ,18.45 ,39.79 ,1003.74 ,79.46
23:00:43,0 ,0 ,0 ,433 ,5 ,18.45 ,39.72 ,1003.72 ,79.67
23:00:43,0 ,0 ,0 ,432 ,5 ,18.45 ,39.69 ,1003.72 ,79.63
23:00:43,0 ,0 ,0 ,432 ,5 ,18.45 ,39.70 ,1003.72 ,79.67
23:00:43,0 ,0 ,0 ,433 ,5 ,18.45 ,39.68 ,1003.71 ,79.75
23:00:43,0 ,0 ,0 ,433 ,5 ,18.45 ,39.70 ,1003.71 ,79.75
23:00:43,0 ,0 ,0 ,433 ,5 ,18.45 ,39.71 ,1003.76 ,79.31
23:00:43,0 ,0 ,0 ,433 ,5 ,18.45 ,39.71 ,1003.74 ,79.51
23:00:43,0 ,0 ,0 ,433 ,5 ,18.44 ,39.73 ,1003.70 ,79.81
23:00:43,0 ,0 ,0 ,433 ,5 ,18.45 ,39.74 ,1003.73 ,79.60
23:00:43,0 ,0 ,0 ,433 ,5 ,18.45 ,39.72 ,1003.75 ,79.41
23:00:43,0 ,0 ,0 ,432 ,5 ,18.45 ,39.71 ,1003.76 ,79.35
23:00:43,0 ,0 ,0 ,433 ,5 ,18.45 ,39.70 ,1003.74 ,79.46
23:00:43,0 ,0 ,0 ,432 ,5 ,18.45 ,39.73 ,1003.70 ,79.82
23:00:43,0 ,0 ,0 ,432 ,5 ,18.46 ,39.68 ,1003.73 ,79.56
23:00:43,0 ,0 ,0 ,432 ,5 ,18.45 ,39.64 ,1003.74 ,79.51
23:00:43,0 ,0 ,0 ,433 ,5 ,18.45 ,39.63 ,1003.71 ,79.72
23:00:43,0 ,0 ,0 ,433 ,5 ,18.45 ,39.64 ,1003.72 ,79.61
23:00:43,0 ,0 ,0 ,433 ,5 ,18.46 ,39.63 ,1003.74 ,79.50
23:00:43,0 ,0 ,0 ,433 ,5 ,18.45 ,39.68 ,1003.72 ,79.61
23:00:43,0 ,0 ,0 ,433 ,5 ,18.46 ,39.68 ,1003.72 ,79.61
23:00:43,0 ,0 ,0 ,432 ,5 ,18.45 ,39.70 ,1003.74 ,79.48
23:00:43,0 ,0 ,0 ,433 ,5 ,18.45 ,39.73 ,1003.74 ,79.45
23:00:43,0 ,0 ,0 ,432 ,5 ,18.45 ,39.73 ,1003.70 ,79.77
23:00:43,0 ,0 ,0 ,433 ,5 ,18.46 ,39.76 ,1003.73 ,79.58
23:00:43,0 ,0 ,0 ,432 ,5 ,18.46 ,39.80 ,1003.72 ,79.64
23:00:43,0 ,0 ,0 ,432 ,5 ,18.46 ,39.78 ,1003.74 ,79.49
23:00:43,0 ,0 ,0 ,432 ,5 ,18.46 ,39.79 ,1003.74 ,79.49
23:00:43,0 ,0 ,0 ,432 ,5 ,18.46 ,39.79 ,1003.69 ,79.90
23:00:43,0 ,0 ,0 ,432 ,5 ,18.47 ,39.77 ,1003.72 ,79.54
23:00:43,0 ,0 ,0 ,432 ,5 ,18.46 ,39.76 ,1003.74 ,79.48
23:00:43,0 ,0 ,0 ,432 ,5 ,18.45 ,39.79 ,1003.70 ,79.85
23:00:43,0 ,0 ,0 ,432 ,5 ,18.45 ,39.73 ,1003.71 ,79.73
23:00:43,0 ,0 ,0 ,432 ,5 ,18.45 ,39.71 ,1003.71 ,79.73
23:00:43,0 ,0 ,0 ,432 ,5 ,18.45 ,39.71 ,1003.70 ,79.78
23:00:43,0 ,0 ,0 ,432 ,5 ,18.46 ,39.72 ,1003.72 ,79.63
23:00:43,0 ,0 ,0 ,432 ,5 ,18.45 ,39.76 ,1003.71 ,79.70
23:00:43,0 ,0 ,0 ,432 ,5 ,18.46 ,39.78 ,1003.72 ,79.63
23:00:43,0 ,0 ,0 ,432 ,5 ,18.46 ,39.76 ,1003.73 ,79.57
23:00:43,0 ,0 ,0 ,432 ,5 ,18.46 ,39.73 ,1003.74 ,79.48
23:00:43,0 ,0 ,0 ,432 ,5 ,18.46 ,39.76 ,1003.73 ,79.54
23:00:43,0 ,0 ,0 ,432 ,5 ,18.45 ,39.71 ,1003.72 ,79.68
23:00:43,0 ,0 ,0 ,432 ,5 ,18.46 ,39.75 ,1003.73 ,79.57
23:00:43,0 ,0 ,0 ,432 ,5 ,18.46 ,39.77 ,1003.74 ,79.51
23:00:43,0 ,0 ,0 ,432 ,5 ,18.46 ,39.79 ,1003.73 ,79.58
23:00:43,0 ,0 ,0 ,432 ,5 ,18.46 ,39.78 ,1003.72 ,79.67
23:00:43,0 ,0 ,0 ,432 ,5 ,18.46 ,39.79 ,1003.73 ,79.58
23:00:43,0 ,0 ,0 ,432 ,5 ,18.46 ,39.81 ,1003.72 ,79.61
23:00:43,0 ,0 ,0 ,432 ,5 ,18.46 ,39.81 ,1003.73 ,79.53
23:00:43,0 ,0 ,0 ,432 ,5 ,18.46 ,39.75 ,1003.74 ,79.49
23:00:43,0 ,0 ,0 ,432 ,5 ,18.46 ,39.72 ,1003.73 ,79.54
23:00:43,0 ,0 ,0 ,432 ,5 ,18.46 ,39.76 ,1003.72 ,79.63
23:00:43,0 ,0 ,0 ,432 ,5 ,18.46 ,39.77 ,1003.75 ,79.41
23:00:43,0 ,0 ,0 ,432 ,5 ,18.46 ,39.76 ,1003.76 ,79.29
23:00:43,0 ,0 ,0 ,432 ,5 ,18.45 ,39.78 ,1003.76 ,79.31
23:00:43,0 ,0 ,0 ,433 ,5 ,18.45 ,39.80 ,1003.73 ,79.72
23:00:43,0 ,0 ,0 ,433 ,5 ,18.45 ,39.74 ,1003.71 ,79.73
23:00:43,0 ,0 ,0 ,433 ,5 ,18.46 ,39.72 ,1003.74 ,79.49
23:00:43,0 ,0 ,0 ,433 ,5 ,18.46 ,39.70 ,1003.76 ,79.34
23:00:43,0 ,0 ,0 ,433 ,5 ,18.46 ,39.72 ,1003.76 ,79.32
23:00:43,0 ,0 ,0 ,433 ,5 ,18.46 ,39.76 ,1003.72 ,79.61
23:00:43,0 ,0 ,0 ,432 ,5 ,18.46 ,39.75 ,1003.75 ,79.39
23:00:43,0 ,0 ,0 ,432 ,5 ,18.46 ,39.76 ,1003.73 ,79.55
23:00:43,0 ,0 ,0 ,432 ,5 ,18.46 ,39.71 ,1003.73 ,79.58
23:00:43,0 ,0 ,0 ,433 ,5 ,18.46 ,39.70 ,1003.73 ,79.55
23:00:43,0 ,0 ,0 ,433 ,5 ,18.46 ,39.69 ,1003.73 ,79.57
23:00:43,0 ,0 ,0 ,432 ,5 ,18.47 ,39.69 ,1003.72 ,79.64
23:00:43,0 ,0 ,0 ,433 ,5 ,18.46 ,39.72 ,1003.72 ,79.63
23:00:43,0 ,0 ,0 ,433 ,5 ,18.46 ,39.69 ,1003.74 ,79.49
23:00:43,0 ,0 ,0 ,433 ,5 ,18.46 ,39.58 ,1003.74 ,79.51
23:00:43,0 ,0 ,0 ,433 ,5 ,18.46 ,39.54 ,1003.75 ,79.36
23:00:43,0 ,0 ,0 ,433 ,5 ,18.46 ,39.55 ,1003.72 ,79.65
23:00:43,0 ,0 ,0 ,433 ,5 ,18.46 ,39.58 ,1003.72 ,79.64
23:00:43,0 ,0 ,0 ,433 ,5 ,18.46 ,39.63 ,1003.73 ,79.55
23:00:43,0 ,0 ,0 ,432 ,5 ,18.46 ,39.63 ,1003.74 ,79.48
23:00:43,0 ,0 ,0 ,432 ,5 ,18.46 ,39.61 ,1003.74 ,79.48
23:00:43,0 ,0 ,0 ,433 ,5 ,18.46 ,39.59 ,1003.74 ,79.47
23:00:43,0 ,0 ,0 ,433 ,5 ,18.46 ,39.58 ,1003.75 ,79.43
23:00:43,0 ,0 ,0 ,433 ,5 ,18.46 ,39.58 ,1003.72 ,79.62
23:00:43,0 ,0 ,0 ,433 ,5 ,18.45 ,39.62 ,1003.75 ,79.42
23:00:43,0 ,0 ,0 ,433 ,5 ,18.46 ,39.58 ,1003.75 ,79.40
23:00:43,0 ,0 ,0 ,433 ,5 ,18.46 ,39.59 ,1003.74 ,79.46
23:00:43,0 ,0 ,0 ,433 ,5 ,18.46 ,39.65 ,1003.74 ,79.48
23:00:43,0 ,0 ,0 ,433 ,5 ,18.46 ,39.72 ,1003.73 ,79.60
23:00:43,0 ,0 ,0 ,433 ,5 ,18.46 ,39.77 ,1003.75 ,79.42
23:00:43,0 ,0 ,0 ,433 ,5 ,18.46 ,39.74 ,1003.74 ,79.50
23:00:43,0 ,0 ,0 ,433 ,5 ,18.46 ,39.75 ,1003.73 ,79.56
23:00:43,0 ,0 ,0 ,433 ,5 ,18.46 ,39.69 ,1003.75 ,79.42
23:00:43,0 ,0 ,0 ,433 ,5 ,18.46 ,39.66 ,1003.73 ,79.57
23:00:43,0 ,0 ,0 ,433 ,5 ,18.46 ,39.62 ,1003.76 ,79.32
23:00:43,0 ,0 ,0 ,432 ,5 ,18.46 ,39.55 ,1003.77 ,79.20
23:00:43,0 ,0 ,0 ,432 ,5 ,18.46 ,39.56 ,1003.75 ,79.36
23:00:43,0 ,0 ,0 ,432 ,5 ,18.46 ,39.56 ,1003.74 ,79.51
23:00:43,0 ,0 ,0 ,432 ,5 ,18.46 ,39.55 ,1003.73 ,79.58
23:00:43,0 ,0 ,0 ,432 ,5 ,18.46 ,39.50 ,1003.78 ,79.12
23:00:43,0 ,0 ,0 ,432 ,5 ,18.46 ,39.43 ,1003.73 ,79.54
23:00:43,0 ,0 ,0 ,432 ,5 ,18.46 ,39.34 ,1003.76 ,79.31
23:00:43,0 ,0 ,0 ,432 ,5 ,18.46 ,39.26 ,1003.74 ,79.50
23:00:43,0 ,0 ,0 ,432 ,5 ,18.46 ,39.24 ,1003.75 ,79.41
23:00:43,0 ,0 ,0 ,432 ,5 ,18.46 ,39.20 ,1003.76 ,79.35
23:00:43,0 ,0 ,0 ,432 ,5 ,18.46 ,39.19 ,1003.78 ,79.18
23:00:43,0 ,0 ,0 ,431 ,5 ,18.45 ,39.20 ,1003.71 ,79.73
23:00:43,0 ,0 ,0 ,431 ,5 ,18.45 ,39.24 ,1003.73 ,79.60
23:00:43,0 ,0 ,0 ,431 ,5 ,18.45 ,39.11 ,1003.75 ,79.41
23:00:43,0 ,0 ,0 ,431 ,5 ,18.45 ,39.12 ,1003.74 ,79.47
23:00:43,0 ,0 ,0 ,431 ,5 ,18.46 ,39.16 ,1003.76 ,79.32
23:00:43,0 ,0 ,0 ,431 ,5 ,18.45 ,39.11 ,1003.77 ,79.27
23:00:43,0 ,0 ,0 ,431 ,5 ,18.45 ,39.08 ,1003.74 ,79.48
23:00:43,0 ,0 ,0 ,431 ,5 ,18.45 ,39.06 ,1003.73 ,79.53
23:00:43,0 ,0 ,0 ,431 ,5 ,18.45 ,39.10 ,1003.74 ,79.48
23:00:43,0 ,0 ,0 ,431 ,5 ,18.45 ,39.19 ,1003.74 ,79.51
23:00:43,0 ,0 ,0 ,431 ,5 ,18.45 ,39.21 ,1003.75 ,79.40
23:00:43,0 ,0 ,0 ,431 ,5 ,18.45 ,39.23 ,1003.75 ,79.42
23:00:43,0 ,0 ,0 ,431 ,5 ,18.45 ,39.20 ,1003.73 ,79.57
23:00:43,0 ,0 ,0 ,431 ,5 ,18.45 ,39.21 ,1003.75 ,79.41
23:00:43,0 ,0 ,0 ,431 ,5 ,18.45 ,39.23 ,1003.78 ,79.16
23:00:43,0 ,0 ,0 ,431 ,5 ,18.45 ,39.15 ,1003.78 ,79.17
23:00:43,0 ,0 ,0 ,431 ,5 ,18.45 ,39.02 ,1003.77 ,79.22
23:00:43,0 ,0 ,0 ,430 ,5 ,18.44 ,38.96 ,1003.75 ,79.36
23:00:43,0 ,0 ,0 ,430 ,5 ,18.44 ,38.90 ,1003.76 ,79.30
23:00:43,0 ,0 ,0 ,430 ,5 ,18.44 ,38.94 ,1003.79 ,79.08
23:00:43,0 ,0 ,0 ,430 ,5 ,18.44 ,38.98 ,1003.76 ,79.27
23:00:43,0 ,0 ,0 ,430 ,5 ,18.44 ,39.02 ,1003.76 ,79.32
23:00:43,0 ,0 ,0 ,430 ,5 ,18.44 ,39.04 ,1003.77 ,79.25
23:00:43,0 ,0 ,0 ,430 ,5 ,18.44 ,39.10 ,1003.77 ,79.25
23:00:43,0 ,0 ,0 ,430 ,5 ,18.44 ,39.16 ,1003.75 ,79.37
23:00:43,0 ,0 ,0 ,431 ,5 ,18.44 ,39.14 ,1003.81 ,78.89
23:00:43,0 ,0 ,0 ,430 ,5 ,18.44 ,39.13 ,1003.81 ,78.91
23:00:43,0 ,0 ,0 ,430 ,5 ,18.44 ,39.07 ,1003.75 ,79.40
23:00:43,0 ,0 ,0 ,430 ,5 ,18.44 ,39.05 ,1003.75 ,79.38
23:00:43,0 ,0 ,0 ,431 ,5 ,18.45 ,39.00 ,1003.78 ,79.13
23:00:43,0 ,0 ,0 ,431 ,5 ,18.44 ,38.95 ,1003.77 ,79.22
23:00:43,0 ,0 ,0 ,431 ,5 ,18.44 ,38.96 ,1003.78 ,79.17
23:00:43,0 ,0 ,0 ,431 ,5 ,18.44 ,38.94 ,1003.79 ,79.06
23:00:43,0 ,0 ,0 ,431 ,5 ,18.44 ,38.97 ,1003.77 ,79.27
23:00:43,0 ,0 ,0 ,431 ,5 ,18.43 ,38.92 ,1003.76 ,79.32
23:00:43,0 ,0 ,0 ,431 ,5 ,18.44 ,38.90 ,1003.76 ,79.32
23:00:43,0 ,0 ,0 ,431 ,5 ,18.44 ,38.86 ,1003.79 ,79.06
23:00:43,0 ,0 ,0 ,431 ,5 ,18.45 ,38.88 ,1003.78 ,79.12
23:00:43,0 ,0 ,0 ,431 ,5 ,18.44 ,38.94 ,1003.79 ,79.04
23:00:43,0 ,0 ,0 ,431 ,5 ,18.44 ,38.98 ,1003.77 ,79.23
23:00:43,0 ,0 ,0 ,431 ,5 ,18.44 ,39.06 ,1003.79 ,79.07
23:00:43,0 ,0 ,0 ,431 ,5 ,18.44 ,39.10 ,1003.77 ,79.22
23:00:43,0 ,0 ,0 ,431 ,5 ,18.44 ,39.13 ,1003.79 ,79.09
23:00:43,0 ,0 ,0 ,430 ,5 ,18.45 ,39.09 ,1003.80 ,79.00
23:00:43,0 ,0 ,0 ,431 ,5 ,18.44 ,39.05 ,1003.78 ,79.14
23:00:43,0 ,0 ,0 ,431 ,5 ,18.45 ,39.02 ,1003.79 ,79.09
23:00:43,0 ,0 ,0 ,431 ,5 ,18.45 ,39.02 ,1003.79 ,79.06
23:00:43,0 ,0 ,0 ,430 ,5 ,18.44 ,38.98 ,1003.76 ,79.31
23:00:43,0 ,0 ,0 ,431 ,5 ,18.43 ,38.96 ,1003.78 ,79.16
23:00:43,0 ,0 ,0 ,431 ,5 ,18.44 ,39.00 ,1003.79 ,79.08
23:00:43,0 ,0 ,0 ,431 ,5 ,18.44 ,39.05 ,1003.82 ,78.85
23:00:43,0 ,0 ,0 ,431 ,5 ,18.45 ,39.06 ,1003.79 ,79.03
23:00:43,0 ,0 ,0 ,430 ,5 ,18.43 ,39.10 ,1003.75 ,79.40
23:00:43,0 ,0 ,0 ,430 ,5 ,18.44 ,39.10 ,1003.76 ,79.30
23:00:43,0 ,0 ,0 ,430 ,5 ,18.44 ,39.09 ,1003.75 ,79.41
23:00:43,0 ,0 ,0 ,430 ,5 ,18.43 ,39.08 ,1003.76 ,79.29
23:00:43,0 ,0 ,0 ,430 ,5 ,18.43 ,39.10 ,1003.77 ,79.25
23:00:43,0 ,0 ,0 ,431 ,5 ,18.44 ,39.09 ,1003.77 ,79.20
23:00:43,0 ,0 ,0 ,430 ,5 ,18.44 ,39.06 ,1003.78 ,79.14
23:00:43,0 ,0 ,0 ,431 ,5 ,18.44 ,39.04 ,1003.78 ,79.17
23:00:43,0 ,0 ,0 ,431 ,5 ,18.44 ,39.06 ,1003.77 ,79.19
23:00:43,0 ,0 ,0 ,430 ,5 ,18.43 ,39.06 ,1003.78 ,79.13
23:00:43,0 ,0 ,0 ,431 ,5 ,18.44 ,39.04 ,1003.79 ,79.02
23:00:43,0 ,0 ,0 ,431 ,5 ,18.44 ,39.04 ,1003.79 ,79.06
23:00:43,0 ,0 ,0 ,431 ,5 ,18.43 ,38.97 ,1003.79 ,79.05
23:00:43,0 ,0 ,0 ,431 ,5 ,18.43 ,39.05 ,1003.77 ,79.22
23:00:43,0 ,0 ,0 ,431 ,5 ,18.43 ,39.07 ,1003.77 ,79.20
23:00:43,0 ,0 ,0 ,431 ,5 ,18.44 ,39.10 ,1003.79 ,79.08
23:00:43,0 ,0 ,0 ,431 ,5 ,18.44 ,39.06 ,1003.80 ,79.01
23:00:43,0 ,0 ,0 ,431 ,5 ,18.44 ,39.04 ,1003.75 ,79.40
23:00:43,0 ,0 ,0 ,431 ,5 ,18.44 ,39.02 ,1003.76 ,79.30
23:00:43,0 ,0 ,0 ,431 ,5 ,18.43 ,38.99 ,1003.77 ,79.25
23:00:43,0 ,0 ,0 ,431 ,5 ,18.44 ,38.99 ,1003.76 ,79.31
23:00:43,0 ,0 ,0 ,431 ,5 ,18.44 ,38.95 ,1003.77 ,79.21
23:00:43,0 ,0 ,0 ,431 ,5 ,18.44 ,38.92 ,1003.79 ,79.04
23:00:43,0 ,0 ,0 ,431 ,5 ,18.44 ,38.91 ,1003.77 ,79.27
23:00:43,0 ,0 ,0 ,431 ,5 ,18.44 ,38.96 ,1003.78 ,79.14
23:00:43,0 ,0 ,0 ,431 ,5 ,18.44 ,39.00 ,1003.81 ,78.91
23:00:43,0 ,0 ,0 ,431 ,5 ,18.43 ,39.07 ,1003.79 ,79.03
23:00:43,0 ,0 ,0 ,431 ,5 ,18.44 ,39.06 ,1003.76 ,79.28
23:00:43,0 ,0 ,0 ,431 ,5 ,18.44 ,39.07 ,1003.77 ,79.20
23:00:43,0 ,0 ,0 ,431 ,5 ,18.44 ,39.06 ,1003.78 ,79.10
23:00:43,0 ,0 ,0 ,431 ,5 ,18.43 ,39.04 ,1003.76 ,79.29
23:00:43,0 ,0 ,0 ,431 ,5 ,18.44 ,39.04 ,1003.78 ,79.12
23:00:43,0 ,0 ,0 ,431 ,5 ,18.44 ,39.06 ,1003.78 ,79.18
23:00:43,0 ,0 ,0 ,432 ,5 ,18.44 ,39.10 ,1003.80 ,78.95
23:00:43,0 ,0 ,0 ,431 ,5 ,18.44 ,39.09 ,1003.77 ,79.20
23:00:43,0 ,0 ,0 ,431 ,5 ,18.44 ,39.18 ,1003.78 ,79.24
23:00:43,0 ,0 ,0 ,432 ,5 ,18.45 ,39.19 ,1003.76 ,79.34
23:00:43,0 ,0 ,0 ,432 ,5 ,18.45 ,39.25 ,1003.76 ,79.33
23:00:43,0 ,0 ,0 ,431 ,5 ,18.45 ,39.18 ,1003.77 ,79.23
23:00:43,0 ,0 ,0 ,431 ,5 ,18.45 ,39.20 ,1003.79 ,79.08
23:00:43,0 ,0 ,0 ,431 ,5 ,18.45 ,39.23 ,1003.78 ,79.11
23:00:43,0 ,0 ,0 ,431 ,5 ,18.44 ,39.22 ,1003.77 ,79.26
23:00:43,0 ,0 ,0 ,431 ,5 ,18.44 ,39.25 ,1003.78 ,79.15
23:00:43,0 ,0 ,0 ,430 ,5 ,18.44 ,39.24 ,1003.81 ,78.90
23:00:43,0 ,0 ,0 ,430 ,5 ,18.44 ,39.22 ,1003.81 ,78.90
23:00:43,0 ,0 ,0 ,430 ,5 ,18.45 ,39.21 ,1003.81 ,78.90
23:00:43,0 ,0 ,0 ,430 ,5 ,18.44 ,39.20 ,1003.77 ,79.24
23:00:43,0 ,0 ,0 ,430 ,5 ,18.44 ,39.20 ,1003.78 ,79.14
23:00:43,0 ,0 ,0 ,430 ,5 ,18.44 ,39.25 ,1003.78 ,79.14
23:00:43,0 ,0 ,0 ,430 ,5 ,18.44 ,39.26 ,1003.78 ,79.12
23:00:43,0 ,0 ,0 ,430 ,5 ,18.44 ,39.22 ,1003.77 ,79.26
23:00:43,0 ,0 ,0 ,430 ,5 ,18.44 ,39.21 ,1003.79 ,79.06
23:00:43,0 ,0 ,0 ,430 ,5 ,18.44 ,39.22 ,1003.77 ,79.23
23:00:43,0 ,0 ,0 ,430 ,5 ,18.44 ,39.21 ,1003.78 ,79.10
23:00:43,0 ,0 ,0 ,430 ,5 ,18.44 ,39.20 ,1003.80 ,79.02
23:00:43,0 ,0 ,0 ,430 ,5 ,18.44 ,39.22 ,1003.80 ,78.97
23:00:43,0 ,0 ,0 ,430 ,5 ,18.45 ,39.23 ,1003.80 ,79.00
23:00:43,0 ,0 ,0 ,430 ,5 ,18.44 ,39.26 ,1003.77 ,79.21
23:00:43,0 ,0 ,0 ,430 ,5 ,18.43 ,39.20 ,1003.75 ,79.27
23:00:43,0 ,0 ,0 ,430 ,5 ,18.44 ,39.16 ,1003.78 ,79.13
23:00:43,0 ,0 ,0 ,430 ,5 ,18.45 ,39.16 ,1003.79 ,79.05
23:00:43,0 ,0 ,0 ,430 ,5 ,18.45 ,39.18 ,1003.75 ,79.42
23:00:43,0 ,0 ,0 ,430 ,5 ,18.44 ,39.21 ,1003.78 ,79.18
23:00:43,0 ,0 ,0 ,430 ,5 ,18.45 ,39.19 ,1003.81 ,78.91
23:00:43,0 ,0 ,0 ,430 ,5 ,18.44 ,39.18 ,1003.76 ,79.33
23:00:43,0 ,0 ,0 ,430 ,5 ,18.45 ,39.20 ,1003.79 ,79.08
23:00:43,0 ,0 ,0 ,430 ,5 ,18.45 ,39.18 ,1003.78 ,79.13
23:00:43,0 ,0 ,0 ,430 ,5 ,18.44 ,39.16 ,1003.78 ,79.11
23:00:43,0 ,0 ,0 ,430 ,5 ,18.44 ,39.17 ,1003.76 ,79.29
23:00:43,0 ,0 ,0 ,430 ,5 ,18.45 ,39.19 ,1003.79 ,79.09
23:00:43,0 ,0 ,0 ,430 ,5 ,18.45 ,39.23 ,1003.78 ,79.17
23:00:43,0 ,0 ,0 ,430 ,5 ,18.44 ,39.21 ,1003.79 ,79.02
23:00:43,0 ,0 ,0 ,430 ,5 ,18.44 ,39.20 ,1003.76 ,79.28
23:00:43,0 ,0 ,0 ,431 ,5 ,18.44 ,39.21 ,1003.76 ,79.27
23:00:43,0 ,0 ,0 ,431 ,5 ,18.44 ,39.20 ,1003.76 ,79.31
23:00:43,0 ,0 ,0 ,431 ,5 ,18.44 ,39.19 ,1003.81 ,78.93
23:00:43,0 ,0 ,0 ,431 ,5 ,18.45 ,39.19 ,1003.76 ,79.27
23:00:43,0 ,0 ,0 ,431 ,5 ,18.45 ,39.18 ,1003.81 ,78.89
23:00:43,0 ,0 ,0 ,431 ,5 ,18.45 ,39.19 ,1003.80 ,79.02
23:00:43,0 ,0 ,0 ,431 ,5 ,18.44 ,39.21 ,1003.79 ,79.05
23:00:43,0 ,0 ,0 ,431 ,5 ,18.44 ,39.20 ,1003.77 ,79.26
23:00:43,0 ,0 ,0 ,431 ,5 ,18.44 ,39.19 ,1003.81 ,78.86
23:00:43,0 ,0 ,0 ,430 ,5 ,18.44 ,39.17 ,1003.80 ,79.01
23:00:43,0 ,0 ,0 ,430 ,5 ,18.44 ,39.19 ,1003.78 ,79.12
23:00:43,0 ,0 ,0 ,430 ,5 ,18.44 ,39.22 ,1003.79 ,79.07
23:00:43,0 ,0 ,0 ,431 ,5 ,18.44 ,39.27 ,1003.79 ,79.01
23:00:43,0 ,0 ,0 ,431 ,5 ,18.44 ,39.32 ,1003.80 ,78.98
23:00:43,0 ,0 ,0 ,431 ,5 ,18.44 ,39.29 ,1003.80 ,79.01
23:00:43,0 ,0 ,0 ,430 ,5 ,18.43 ,39.29 ,1003.80 ,79.01
23:00:43,0 ,0 ,0 ,430 ,5 ,18.43 ,39.29 ,1003.77 ,79.25
23:00:43,0 ,0 ,0 ,430 ,5 ,18.43 ,39.30 ,1003.79 ,79.03
23:00:43,0 ,0 ,0 ,430 ,5 ,18.44 ,39.33 ,1003.79 ,79.06
23:00:43,0 ,0 ,0 ,430 ,5 ,18.44 ,39.32 ,1003.78 ,79.13
23:00:43,0 ,0 ,0 ,430 ,5 ,18.44 ,39.32 ,1003.80 ,78.95
23:00:43,0 ,0 ,0 ,430 ,5 ,18.44 ,39.30 ,1003.81 ,78.89
23:00:43,0 ,0 ,0 ,430 ,5 ,18.43 ,39.29 ,1003.79 ,79.03
23:00:43,0 ,0 ,0 ,430 ,5 ,18.43 ,39.28 ,1003.78 ,79.13
23:00:43,0 ,0 ,0 ,430 ,5 ,18.44 ,39.29 ,1003.79 ,79.08
23:00:43,0 ,0 ,0 ,430 ,5 ,18.44 ,39.28 ,1003.76 ,79.32
23:00:43,0 ,0 ,0 ,430 ,5 ,18.44 ,39.29 ,1003.79 ,79.10
23:00:43,0 ,0 ,0 ,430 ,5 ,18.44 ,39.31 ,1003.81 ,78.93
23:00:43,0 ,0 ,0 ,430 ,5 ,18.44 ,39.31 ,1003.76 ,79.31
23:00:43,0 ,0 ,0 ,430 ,5 ,18.44 ,39.35 ,1003.77 ,79.26
23:00:43,0 ,0 ,0 ,430 ,5 ,18.44 ,39.34 ,1003.76 ,79.31
23:00:43,0 ,0 ,0 ,430 ,5 ,18.44 ,39.36 ,1003.77 ,79.00
23:00:43,0 ,0 ,0 ,430 ,5 ,18.44 ,39.40 ,1003.79 ,79.05
23:00:43,0 ,0 ,0 ,430 ,5 ,18.44 ,39.37 ,1003.80 ,79.01
23:00:43,0 ,0 ,0 ,430 ,5 ,18.44 ,39.35 ,1003.78 ,79.15
23:00:43,0 ,0 ,0 ,430 ,5 ,18.44 ,39.35 ,1003.79 ,79.07
23:00:43,0 ,0 ,0 ,430 ,5 ,18.44 ,39.35 ,1003.78 ,79.12
23:00:43,0 ,0 ,0 ,430 ,5 ,18.44 ,39.35 ,1003.80 ,78.95
23:00:43,0 ,0 ,0 ,431 ,5 ,18.43 ,39.36 ,1003.78 ,79.10
23:00:43,0 ,0 ,0 ,430 ,5 ,18.44 ,39.37 ,1003.79 ,79.04
23:00:43,0 ,0 ,0 ,430 ,5 ,18.44 ,39.42 ,1003.80 ,78.94
23:00:43,0 ,0 ,0 ,430 ,5 ,18.44 ,39.44 ,1003.78 ,79.16
23:00:43,0 ,0 ,0 ,430 ,5 ,18.44 ,39.47 ,1003.83 ,78.68
23:00:43,0 ,0 ,0 ,431 ,5 ,18.43 ,39.44 ,1003.76 ,79.27
23:00:43,0 ,0 ,0 ,431 ,5 ,18.43 ,39.43 ,1003.79 ,79.03
23:00:43,0 ,0 ,0 ,430 ,5 ,18.43 ,39.42 ,1003.79 ,79.09
23:00:43,0 ,0 ,0 ,430 ,5 ,18.43 ,39.42 ,1003.81 ,78.88
23:00:43,0 ,0 ,0 ,430 ,5 ,18.43 ,39.44 ,1003.81 ,78.88
23:00:43,0 ,0 ,0 ,430 ,5 ,18.43 ,39.41 ,1003.82 ,78.80
23:00:43,0 ,0 ,0 ,430 ,5 ,18.43 ,39.46 ,1003.79 ,79.02
23:00:43,0 ,0 ,0 ,430 ,5 ,18.44 ,39.48 ,1003.80 ,78.95
23:00:43,0 ,0 ,0 ,430 ,5 ,18.44 ,39.47 ,1003.81 ,78.95
23:00:43,0 ,0 ,0 ,430 ,5 ,18.43 ,39.51 ,1003.80 ,78.93
23:00:43,0 ,0 ,0 ,431 ,5 ,18.43 ,39.49 ,1003.79 ,79.03
23:00:43,0 ,0 ,0 ,431 ,5 ,18.43 ,39.46 ,1003.80 ,78.96
23:00:43,0 ,0 ,0 ,431 ,5 ,18.44 ,39.44 ,1003.83 ,78.72
23:00:43,0 ,0 ,0 ,431 ,5 ,18.43 ,39.47 ,1003.81 ,78.89
23:00:43,0 ,0 ,0 ,430 ,5 ,18.43 ,39.44 ,1003.80 ,79.00
23:00:43,0 ,0 ,0 ,431 ,5 ,18.43 ,39.44 ,1003.76 ,79.30
23:00:43,0 ,0 ,0 ,431 ,5 ,18.43 ,39.43 ,1003.78 ,79.11
23:00:43,0 ,0 ,0 ,431 ,5 ,18.43 ,39.41 ,1003.80 ,78.96
23:00:43,0 ,0 ,0 ,431 ,5 ,18.43 ,39.37 ,1003.73 ,79.55
23:00:43,0 ,0 ,0 ,431 ,5 ,18.43 ,39.41 ,1003.80 ,79.01
23:00:43,0 ,0 ,0 ,431 ,5 ,18.43 ,39.42 ,1003.80 ,78.99
23:00:43,0 ,0 ,0 ,431 ,5 ,18.43 ,39.42 ,1003.81 ,78.88
23:00:43,0 ,0 ,0 ,431 ,5 ,18.43 ,39.45 ,1003.79 ,79.03
23:00:43,0 ,0 ,0 ,432 ,5 ,18.44 ,39.55 ,1003.82 ,78.81
23:00:43,0 ,0 ,0 ,433 ,5 ,18.45 ,39.54 ,1003.79 ,79.07
23:00:43,0 ,0 ,0 ,433 ,5 ,18.45 ,39.55 ,1003.78 ,79.13
23:00:43,0 ,0 ,0 ,433 ,5 ,18.44 ,39.56 ,1003.81 ,78.90
23:00:43,0 ,0 ,0 ,432 ,5 ,18.44 ,39.55 ,1003.79 ,79.07
23:00:43,0 ,0 ,0 ,432 ,5 ,18.44 ,39.56 ,1003.78 ,79.15
23:00:43,0 ,0 ,0 ,432 ,5 ,18.44 ,39.57 ,1003.84 ,78.65
23:00:43,0 ,0 ,0 ,432 ,5 ,18.44 ,39.56 ,1003.79 ,79.04
23:00:43,0 ,0 ,0 ,432 ,5 ,18.44 ,39.57 ,1003.82 ,78.84
23:00:43,0 ,0 ,0 ,432 ,5 ,18.44 ,39.58 ,1003.81 ,78.88
23:00:43,0 ,0 ,0 ,433 ,5 ,18.44 ,39.57 ,1003.79 ,79.05
23:00:43,0 ,0 ,0 ,432 ,5 ,18.44 ,39.60 ,1003.81 ,78.87
23:00:43,0 ,0 ,0 ,432 ,5 ,18.43 ,39.60 ,1003.82 ,78.85
23:00:43,0 ,0 ,0 ,432 ,5 ,18.44 ,39.57 ,1003.80 ,78.98
23:00:43,0 ,0 ,0 ,432 ,5 ,18.44 ,39.57 ,1003.80 ,78.96
23:00:43,0 ,0 ,0 ,433 ,5 ,18.44 ,39.57 ,1003.81 ,78.89
23:00:43,0 ,0 ,0 ,432 ,5 ,18.44 ,39.62 ,1003.79 ,79.04
23:00:43,0 ,0 ,0 ,432 ,5 ,18.44 ,39.62 ,1003.78 ,79.15
23:00:43,0 ,0 ,0 ,432 ,5 ,18.44 ,39.64 ,1003.80 ,78.94
23:00:43,0 ,0 ,0 ,432 ,5 ,18.43 ,39.64 ,1003.80 ,78.98
23:00:43,0 ,0 ,0 ,432 ,5 ,18.43 ,39.64 ,1003.83 ,78.72
23:00:43,0 ,0 ,0 ,432 ,5 ,18.43 ,39.70 ,1003.80 ,79.01
23:00:43,0 ,0 ,0 ,432 ,5 ,18.43 ,39.68 ,1003.80 ,79.01
23:00:43,0 ,0 ,0 ,432 ,5 ,18.42 ,39.67 ,1003.79 ,79.09
23:00:43,0 ,0 ,0 ,432 ,5 ,18.43 ,39.67 ,1003.79 ,79.03
23:00:43,0 ,0 ,0 ,432 ,5 ,18.44 ,39.67 ,1003.81 ,78.90
23:00:43,0 ,0 ,0 ,432 ,5 ,18.44 ,39.66 ,1003.79 ,79.03
23:00:43,0 ,0 ,0 ,432 ,5 ,18.43 ,39.67 ,1003.79 ,79.04
23:00:43,0 ,0 ,0 ,432 ,5 ,18.43 ,39.74 ,1003.80 ,79.00
23:00:43,0 ,0 ,0 ,432 ,5 ,18.43 ,39.68 ,1003.81 ,78.88
23:00:43,0 ,0 ,0 ,432 ,5 ,18.43 ,39.68 ,1003.79 ,79.09
23:00:43,0 ,0 ,0 ,432 ,5 ,18.42 ,39.68 ,1003.79 ,79.08
23:00:43,0 ,0 ,0 ,432 ,5 ,18.43 ,39.67 ,1003.81 ,78.90
23:00:43,0 ,0 ,0 ,432 ,5 ,18.43 ,39.65 ,1003.82 ,78.84
23:00:43,0 ,0 ,0 ,432 ,5 ,18.43 ,39.63 ,1003.80 ,78.95
23:00:43,0 ,0 ,0 ,432 ,5 ,18.43 ,39.63 ,1003.80 ,78.96
23:00:43,0 ,0 ,0 ,432 ,5 ,18.43 ,39.62 ,1003.79 ,79.08
23:00:43,0 ,0 ,0 ,432 ,5 ,18.43 ,39.63 ,1003.84 ,78.62
23:00:43,0 ,0 ,0 ,432 ,5 ,18.44 ,39.65 ,1003.81 ,78.86
23:00:43,0 ,0 ,0 ,432 ,5 ,18.44 ,39.67 ,1003.82 ,78.80
23:00:43,0 ,0 ,0 ,432 ,5 ,18.43 ,39.70 ,1003.82 ,78.83
23:00:43,0 ,0 ,0 ,432 ,5 ,18.43 ,39.70 ,1003.81 ,78.87
23:00:43,0 ,0 ,0 ,432 ,5 ,18.43 ,39.72 ,1003.82 ,78.81
23:00:43,0 ,0 ,0 ,432 ,5 ,18.43 ,39.73 ,1003.82 ,78.81
23:00:43,0 ,0 ,0 ,432 ,5 ,18.43 ,39.74 ,1003.80 ,78.99
23:00:43,0 ,0 ,0 ,432 ,5 ,18.43 ,39.74 ,1003.81 ,78.92
23:00:43,0 ,0 ,0 ,432 ,5 ,18.44 ,39.73 ,1003.85 ,78.59
23:00:43,0 ,0 ,0 ,432 ,5 ,18.44 ,39.73 ,1003.81 ,78.93
23:00:43,0 ,0 ,0 ,432 ,5 ,18.44 ,39.73 ,1003.81 ,78.86
23:00:43,0 ,0 ,0 ,432 ,5 ,18.43 ,39.74 ,1003.80 ,78.96
23:00:43,0 ,0 ,0 ,432 ,5 ,18.44 ,39.77 ,1003.82 ,78.83
23:00:43,0 ,0 ,0 ,432 ,5 ,18.43 ,39.75 ,1003.78 ,79.11
23:00:43,0 ,0 ,0 ,432 ,5 ,18.44 ,39.79 ,1003.79 ,79.05
23:00:43,0 ,0 ,0 ,432 ,5 ,18.44 ,39.78 ,1003.80 ,79.19
23:00:43,0 ,0 ,0 ,432 ,5 ,18.44 ,39.79 ,1003.81 ,78.90
23:00:43,0 ,0 ,0 ,432 ,5 ,18.45 ,39.81 ,1003.80 ,78.99
23:00:43,0 ,0 ,0 ,432 ,5 ,18.45 ,39.81 ,1003.80 ,78.98
23:00:43,0 ,0 ,0 ,432 ,5 ,18.44 ,39.79 ,1003.80 ,79.00
23:00:43,0 ,0 ,0 ,432 ,5 ,18.45 ,39.80 ,1003.81 ,78.91
23:00:43,0 ,0 ,0 ,432 ,5 ,18.45 ,39.79 ,1003.79 ,79.02
23:00:43,0 ,0 ,0 ,432 ,5 ,18.45 ,39.80 ,1003.79 ,79.03
23:00:43,0 ,0 ,0 ,432 ,5 ,18.45 ,39.80 ,1003.82 ,78.81
23:00:43,0 ,0 ,0 ,432 ,5 ,18.45 ,39.83 ,1003.81 ,78.91
23:00:43,0 ,0 ,0 ,432 ,5 ,18.45 ,39.80 ,1003.80 ,78.99
23:00:43,0 ,0 ,0 ,432 ,5 ,18.45 ,39.80 ,1003.80 ,78.98
23:00:43,0 ,0 ,0 ,432 ,5 ,18.45 ,39.81 ,1003.80 ,78.95
23:00:43,0 ,0 ,0 ,432 ,5 ,18.45 ,39.79 ,1003.81 ,78.88
23:00:43,0 ,0 ,0 ,432 ,5 ,18.45 ,39.80 ,1003.79 ,79.06
23:00:43,0 ,0 ,0 ,432 ,5 ,18.45 ,39.79 ,1003.81 ,78.87
23:00:43,0 ,0 ,0 ,432 ,5 ,18.45 ,39.79 ,1003.78 ,79.11
23:00:43,0 ,0 ,0 ,432 ,5 ,18.45 ,39.81 ,1003.82 ,78.80
23:00:43,0 ,0 ,0 ,432 ,5 ,18.46 ,39.84 ,1003.82 ,78.81
23:00:43,0 ,0 ,0 ,432 ,5 ,18.45 ,39.89 ,1003.81 ,78.88
23:00:43,0 ,0 ,0 ,432 ,5 ,18.45 ,39.89 ,1003.80 ,78.98
23:00:43,0 ,0 ,0 ,432 ,5 ,18.46 ,39.91 ,1003.81 ,78.90
23:00:43,0 ,0 ,0 ,432 ,5 ,18.46 ,39.92 ,1003.80 ,78.95
23:00:43,0 ,0 ,0 ,432 ,5 ,18.46 ,39.95 ,1003.80 ,78.97
23:00:43,0 ,0 ,0 ,432 ,5 ,18.46 ,39.92 ,1003.80 ,78.91
23:00:43,0 ,0 ,0 ,432 ,5 ,18.46 ,39.94 ,1003.80 ,78.99
23:00:43,0 ,0 ,0 ,432 ,5 ,18.46 ,39.95 ,1003.81 ,78.86
23:00:43,0 ,0 ,0 ,433 ,5 ,18.45 ,39.96 ,1003.81 ,78.86
23:00:43,0 ,0 ,0 ,433 ,5 ,18.45 ,39.99 ,1003.82 ,78.84
23:00:43,0 ,0 ,0 ,433 ,5 ,18.45 ,39.96 ,1003.78 ,79.14
23:00:43,0 ,0 ,0 ,433 ,5 ,18.46 ,39.96 ,1003.82 ,78.81
23:00:43,0 ,0 ,0 ,433 ,5 ,18.46 ,39.96 ,1003.80 ,79.00
23:00:43,0 ,0 ,0 ,433 ,5 ,18.46 ,40.00 ,1003.79 ,79.07
23:00:43,0 ,0 ,0 ,433 ,5 ,18.45 ,40.01 ,1003.79 ,79.08
23:00:43,0 ,0 ,0 ,433 ,5 ,18.45 ,40.01 ,1003.80 ,79.00
23:00:43,0 ,0 ,0 ,433 ,5 ,18.45 ,39.97 ,1003.77 ,79.25
23:00:43,0 ,0 ,0 ,433 ,5 ,18.46 ,39.94 ,1003.79 ,79.08
23:00:43,0 ,0 ,0 ,433 ,5 ,18.45 ,39.93 ,1003.81 ,78.91
23:00:43,0 ,0 ,0 ,434 ,5 ,18.46 ,39.92 ,1003.76 ,79.34
23:00:43,0 ,0 ,0 ,434 ,5 ,18.46 ,39.92 ,1003.78 ,79.16
23:00:43,0 ,0 ,0 ,434 ,5 ,18.46 ,39.92 ,1003.79 ,79.05
23:00:43,0 ,0 ,0 ,434 ,5 ,18.47 ,39.95 ,1003.79 ,79.09
23:00:43,0 ,0 ,0 ,434 ,5 ,18.45 ,39.96 ,1003.79 ,79.05
23:00:43,0 ,0 ,0 ,434 ,5 ,18.46 ,39.96 ,1003.79 ,79.08
23:00:43,0 ,0 ,0 ,434 ,5 ,18.46 ,39.96 ,1003.80 ,78.96
23:00:43,0 ,0 ,0 ,435 ,5 ,18.46 ,39.97 ,1003.80 ,79.00
23:00:43,0 ,0 ,0 ,435 ,5 ,18.46 ,39.97 ,1003.78 ,79.17
23:00:43,0 ,0 ,0 ,435 ,5 ,18.46 ,39.99 ,1003.81 ,78.91
23:00:57,0 ,0 ,0 ,439 ,5 ,18.48 ,40.01 ,1003.80 ,78.95
23:00:59,0 ,0 ,0 ,439 ,5 ,18.49 ,40.04 ,1003.79 ,79.09
23:01:00,0 ,0 ,0 ,439 ,5 ,18.49 ,40.02 ,1003.80 ,78.95
23:01:01,0 ,0 ,0 ,439 ,5 ,18.48 ,40.05 ,1003.78 ,79.14
23:01:02,0 ,0 ,0 ,440 ,5 ,18.49 ,40.17 ,1003.79 ,79.02
23:01:03,0 ,0 ,0 ,440 ,5 ,18.49 ,40.43 ,1003.81 ,78.87
23:01:04,0 ,0 ,0 ,439 ,5 ,18.48 ,40.45 ,1003.80 ,78.99
23:01:06,0 ,0 ,0 ,439 ,5 ,18.49 ,40.36 ,1003.80 ,78.95
23:01:07,0 ,0 ,0 ,440 ,5 ,18.49 ,40.29 ,1003.80 ,78.98
23:01:08,0 ,0 ,0 ,439 ,5 ,18.49 ,40.27 ,1003.82 ,78.79
23:01:09,0 ,0 ,0 ,439 ,5 ,18.49 ,40.27 ,1003.80 ,79.00
23:01:10,0 ,0 ,0 ,440 ,5 ,18.49 ,40.33 ,1003.81 ,78.92
23:01:11,0 ,0 ,0 ,440 ,5 ,18.49 ,40.39 ,1003.83 ,78.75
23:01:13,0 ,0 ,0 ,440 ,5 ,18.49 ,40.53 ,1003.81 ,78.93
23:01:14,0 ,0 ,0 ,440 ,5 ,18.50 ,40.99 ,1003.80 ,78.98
23:01:15,0 ,0 ,0 ,440 ,5 ,18.49 ,41.23 ,1003.80 ,78.97
23:01:16,0 ,0 ,0 ,440 ,5 ,18.50 ,41.43 ,1003.81 ,78.92
23:01:17,0 ,0 ,0 ,440 ,5 ,18.50 ,41.48 ,1003.79 ,79.09
23:01:18,0 ,0 ,0 ,440 ,5 ,18.50 ,41.49 ,1003.81 ,78.91
23:01:20,0 ,0 ,0 ,440 ,5 ,18.50 ,41.57 ,1003.80 ,78.95
23:01:21,0 ,0 ,0 ,440 ,5 ,18.50 ,41.59 ,1003.82 ,78.85
23:01:22,0 ,0 ,0 ,440 ,5 ,18.50 ,41.56 ,1003.82 ,78.82
23:01:23,0 ,0 ,0 ,441 ,5 ,18.50 ,41.34 ,1003.81 ,78.92
23:01:24,0 ,0 ,0 ,440 ,5 ,18.50 ,41.11 ,1003.82 ,78.84
23:01:25,0 ,0 ,0 ,441 ,5 ,18.50 ,40.91 ,1003.80 ,78.97
23:01:27,0 ,0 ,0 ,441 ,5 ,18.51 ,40.87 ,1003.82 ,78.80
23:01:28,0 ,0 ,0 ,441 ,5 ,18.51 ,40.84 ,1003.81 ,78.85
23:01:29,0 ,0 ,0 ,441 ,5 ,18.50 ,40.76 ,1003.83 ,78.75
23:01:30,0 ,0 ,0 ,441 ,5 ,18.51 ,40.72 ,1003.85 ,78.56
23:01:31,0 ,0 ,0 ,441 ,5 ,18.51 ,40.65 ,1003.81 ,78.86
23:01:32,0 ,0 ,0 ,441 ,5 ,18.51 ,40.61 ,1003.83 ,78.72
23:01:34,0 ,0 ,0 ,441 ,5 ,18.51 ,40.58 ,1003.83 ,78.72
23:01:35,0 ,0 ,0 ,441 ,5 ,18.51 ,40.88 ,1003.83 ,78.79
23:01:36,0 ,0 ,0 ,441 ,5 ,18.51 ,41.17 ,1003.82 ,78.85
23:01:37,0 ,0 ,0 ,441 ,5 ,18.51 ,41.28 ,1003.78 ,79.12
23:01:38,0 ,0 ,0 ,441 ,5 ,18.51 ,41.41 ,1003.82 ,78.84
23:01:39,0 ,0 ,0 ,441 ,5 ,18.51 ,41.16 ,1003.83 ,78.70
23:01:41,0 ,0 ,0 ,442 ,5 ,18.51 ,40.98 ,1003.84 ,78.61
23:01:42,0 ,0 ,0 ,442 ,5 ,18.52 ,40.82 ,1003.82 ,78.83
23:01:43,0 ,0 ,0 ,442 ,5 ,18.52 ,40.68 ,1003.81 ,78.88
23:01:44,0 ,0 ,0 ,442 ,5 ,18.52 ,40.63 ,1003.83 ,78.76
23:01:45,0 ,0 ,0 ,442 ,5 ,18.52 ,40.64 ,1003.83 ,78.68
23:01:46,0 ,0 ,0 ,443 ,5 ,18.51 ,40.76 ,1003.79 ,79.06
23:01:48,0 ,0 ,0 ,443 ,5 ,18.51 ,40.90 ,1003.82 ,78.77
23:01:49,0 ,0 ,0 ,443 ,5 ,18.52 ,41.01 ,1003.82 ,78.80
23:01:50,0 ,0 ,0 ,443 ,5 ,18.52 ,41.02 ,1003.83 ,78.68
23:01:51,0 ,0 ,0 ,443 ,5 ,18.51 ,41.04 ,1003.81 ,78.87
23:01:52,0 ,0 ,0 ,444 ,5 ,18.52 ,41.16 ,1003.82 ,78.83
23:01:53,0 ,0 ,0 ,444 ,5 ,18.52 ,41.35 ,1003.81 ,78.90
23:01:55,0 ,0 ,0 ,444 ,5 ,18.51 ,41.49 ,1003.82 ,78.79
23:01:56,0 ,0 ,0 ,445 ,5 ,18.51 ,41.49 ,1003.81 ,78.89
23:01:57,0 ,0 ,0 ,445 ,5 ,18.51 ,41.34 ,1003.82 ,78.85
23:01:58,0 ,0 ,0 ,445 ,5 ,18.51 ,41.12 ,1003.81 ,78.90
23:01:59,0 ,0 ,0 ,446 ,5 ,18.51 ,40.95 ,1003.83 ,78.70
23:02:00,0 ,0 ,0 ,446 ,5 ,18.51 ,41.02 ,1003.79 ,79.07
23:02:02,0 ,0 ,0 ,446 ,5 ,18.52 ,41.41 ,1003.84 ,78.66
23:02:03,0 ,0 ,0 ,447 ,5 ,18.52 ,41.59 ,1003.80 ,78.95
23:02:04,0 ,0 ,0 ,447 ,5 ,18.52 ,41.56 ,1003.81 ,78.86
23:02:05,0 ,0 ,0 ,447 ,5 ,18.51 ,41.48 ,1003.80 ,78.97
23:02:06,0 ,0 ,0 ,448 ,5 ,18.52 ,41.39 ,1003.84 ,78.61
23:02:07,0 ,0 ,0 ,448 ,5 ,18.52 ,41.25 ,1003.82 ,78.79
23:02:09,0 ,0 ,0 ,448 ,5 ,18.52 ,41.16 ,1003.83 ,78.75
23:02:10,0 ,0 ,0 ,449 ,5 ,18.53 ,41.25 ,1003.81 ,78.93
23:02:11,0 ,0 ,0 ,449 ,5 ,18.52 ,41.28 ,1003.80 ,78.98
23:02:12,0 ,0 ,0 ,449 ,5 ,18.53 ,41.17 ,1003.85 ,78.60
23:02:13,0 ,0 ,0 ,449 ,5 ,18.52 ,41.06 ,1003.81 ,78.91
23:02:14,0 ,0 ,0 ,449 ,5 ,18.53 ,41.05 ,1003.80 ,78.96
23:02:16,0 ,0 ,0 ,449 ,5 ,18.52 ,41.00 ,1003.81 ,78.88
23:02:17,0 ,0 ,0 ,449 ,5 ,18.53 ,40.89 ,1003.85 ,78.55
23:02:18,0 ,0 ,0 ,450 ,5 ,18.52 ,40.80 ,1003.82 ,78.81
23:02:19,0 ,0 ,0 ,450 ,5 ,18.53 ,40.79 ,1003.83 ,78.74
23:02:20,0 ,0 ,0 ,450 ,5 ,18.53 ,40.80 ,1003.81 ,78.92
23:02:21,0 ,0 ,0 ,450 ,5 ,18.52 ,40.79 ,1003.82 ,78.78
23:02:23,0 ,0 ,0 ,450 ,5 ,18.53 ,40.75 ,1003.84 ,78.65
23:02:24,0 ,0 ,0 ,451 ,5 ,18.53 ,40.75 ,1003.81 ,78.91
23:02:25,0 ,0 ,0 ,451 ,5 ,18.53 ,40.93 ,1003.81 ,78.89
23:02:26,0 ,0 ,0 ,451 ,5 ,18.53 ,40.88 ,1003.78 ,79.13
23:02:27,0 ,0 ,0 ,451 ,5 ,18.53 ,40.89 ,1003.81 ,78.87
23:02:28,0 ,0 ,0 ,451 ,5 ,18.53 ,41.03 ,1003.82 ,78.84
23:02:30,0 ,0 ,0 ,451 ,5 ,18.53 ,40.98 ,1003.83 ,78.93
23:02:31,0 ,0 ,0 ,451 ,5 ,18.53 ,40.88 ,1003.80 ,78.98
23:02:32,0 ,0 ,0 ,451 ,5 ,18.53 ,40.78 ,1003.81 ,78.93
23:02:33,0 ,0 ,0 ,451 ,5 ,18.53 ,40.75 ,1003.79 ,79.07
23:02:34,0 ,0 ,0 ,451 ,5 ,18.54 ,40.81 ,1003.82 ,78.83
23:02:35,0 ,0 ,0 ,451 ,5 ,18.54 ,40.73 ,1003.81 ,78.92
23:02:37,0 ,0 ,0 ,451 ,5 ,18.54 ,40.72 ,1003.81 ,78.85
23:02:38,0 ,0 ,0 ,451 ,5 ,18.54 ,40.71 ,1003.81 ,78.92
23:02:39,0 ,0 ,0 ,452 ,5 ,18.54 ,40.79 ,1003.81 ,78.89
23:02:40,0 ,0 ,0 ,452 ,5 ,18.54 ,40.83 ,1003.83 ,78.76
23:02:41,0 ,0 ,0 ,452 ,5 ,18.54 ,40.90 ,1003.82 ,78.83
23:02:42,0 ,0 ,0 ,452 ,5 ,18.53 ,41.03 ,1003.81 ,78.91
23:02:44,0 ,0 ,0 ,452 ,5 ,18.54 ,41.09 ,1003.83 ,78.75
23:02:45,0 ,0 ,0 ,452 ,5 ,18.54 ,41.07 ,1003.81 ,78.90
23:02:46,0 ,0 ,0 ,452 ,5 ,18.54 ,41.04 ,1003.79 ,79.06
23:02:47,0 ,0 ,0 ,452 ,5 ,18.54 ,41.30 ,1003.81 ,78.88
23:02:48,0 ,0 ,0 ,452 ,5 ,18.54 ,41.55 ,1003.82 ,78.85
23:02:49,0 ,0 ,0 ,452 ,5 ,18.54 ,41.58 ,1003.81 ,78.90
23:02:51,0 ,0 ,0 ,452 ,5 ,18.54 ,41.62 ,1003.82 ,78.81
23:02:52,0 ,0 ,0 ,452 ,5 ,18.54 ,41.48 ,1003.79 ,79.09
23:02:53,0 ,0 ,0 ,452 ,5 ,18.54 ,41.29 ,1003.80 ,79.02
23:02:54,0 ,0 ,0 ,452 ,5 ,18.54 ,41.23 ,1003.79 ,79.04
23:03:55,0 ,0 ,0 ,452 ,5 ,18.55 ,40.38 ,1003.87 ,78.36
23:03:56,0 ,0 ,0 ,452 ,5 ,18.55 ,40.39 ,1003.84 ,78.68
23:03:58,0 ,0 ,0 ,453 ,5 ,18.56 ,40.39 ,1003.86 ,78.50
23:03:59,0 ,0 ,0 ,452 ,5 ,18.55 ,40.39 ,1003.86 ,78.50
23:04:00,0 ,0 ,0 ,453 ,5 ,18.55 ,40.40 ,1003.86 ,78.44
23:04:01,0 ,0 ,0 ,453 ,5 ,18.55 ,40.41 ,1003.84 ,78.67
23:04:02,0 ,0 ,0 ,453 ,5 ,18.55 ,40.42 ,1003.84 ,78.65
23:04:03,0 ,0 ,0 ,452 ,5 ,18.55 ,40.42 ,1003.84 ,78.67
23:04:05,0 ,0 ,0 ,452 ,5 ,18.55 ,40.43 ,1003.86 ,78.49
23:04:06,0 ,0 ,0 ,452 ,5 ,18.55 ,40.45 ,1003.85 ,78.59
23:04:07,0 ,0 ,0 ,452 ,5 ,18.55 ,40.43 ,1003.84 ,78.67
23:04:08,0 ,0 ,0 ,452 ,5 ,18.56 ,40.45 ,1003.84 ,78.68
23:04:09,0 ,0 ,0 ,452 ,5 ,18.55 ,40.43 ,1003.83 ,78.69
23:04:10,0 ,0 ,0 ,452 ,5 ,18.55 ,40.43 ,1003.83 ,78.76
23:04:12,0 ,0 ,0 ,452 ,5 ,18.56 ,40.45 ,1003.80 ,79.01
23:04:13,0 ,0 ,0 ,453 ,5 ,18.56 ,40.41 ,1003.82 ,78.84
23:04:14,0 ,0 ,0 ,452 ,5 ,18.56 ,40.40 ,1003.85 ,78.57
23:04:15,0 ,0 ,0 ,452 ,5 ,18.56 ,40.39 ,1003.83 ,78.72
23:04:16,0 ,0 ,0 ,453 ,5 ,18.55 ,40.39 ,1003.85 ,78.59
23:04:17,0 ,0 ,0 ,453 ,5 ,18.55 ,40.40 ,1003.84 ,78.65
23:04:19,0 ,0 ,0 ,453 ,5 ,18.56 ,40.40 ,1003.86 ,78.48
23:04:20,0 ,0 ,0 ,453 ,5 ,18.56 ,40.43 ,1003.82 ,78.82
23:04:21,0 ,0 ,0 ,453 ,5 ,18.56 ,40.43 ,1003.86 ,78.51
23:04:22,0 ,0 ,0 ,453 ,5 ,18.55 ,40.43 ,1003.84 ,78.65
23:04:23,0 ,0 ,0 ,453 ,5 ,18.56 ,40.47 ,1003.82 ,78.77
23:04:24,0 ,0 ,0 ,453 ,5 ,18.56 ,40.45 ,1003.81 ,78.91
23:04:26,0 ,0 ,0 ,452 ,5 ,18.56 ,40.46 ,1003.83 ,78.73
23:04:27,0 ,0 ,0 ,452 ,5 ,18.56 ,40.46 ,1003.84 ,78.61
23:04:28,0 ,0 ,0 ,452 ,5 ,18.55 ,40.46 ,1003.85 ,78.59
23:04:29,0 ,0 ,0 ,452 ,5 ,18.56 ,40.46 ,1003.86 ,78.51
23:04:30,0 ,0 ,0 ,452 ,5 ,18.56 ,40.48 ,1003.83 ,78.76
23:04:31,0 ,0 ,0 ,452 ,5 ,18.56 ,40.48 ,1003.85 ,78.59
23:04:33,0 ,0 ,0 ,452 ,5 ,18.56 ,40.46 ,1003.83 ,78.72
23:04:34,0 ,0 ,0 ,452 ,5 ,18.56 ,40.45 ,1003.85 ,78.53
23:04:35,0 ,0 ,0 ,452 ,5 ,18.56 ,40.47 ,1003.84 ,78.67
23:04:36,0 ,0 ,0 ,452 ,5 ,18.56 ,40.46 ,1003.84 ,78.64
23:04:37,0 ,0 ,0 ,452 ,5 ,18.55 ,40.46 ,1003.81 ,78.91
23:04:38,0 ,0 ,0 ,452 ,5 ,18.56 ,40.47 ,1003.83 ,78.69
23:04:40,0 ,0 ,0 ,452 ,5 ,18.56 ,40.48 ,1003.84 ,78.68
23:04:41,0 ,0 ,0 ,452 ,5 ,18.56 ,40.49 ,1003.81 ,78.89
23:04:42,0 ,0 ,0 ,452 ,5 ,18.56 ,40.49 ,1003.84 ,78.63
23:04:43,0 ,0 ,0 ,452 ,5 ,18.56 ,40.51 ,1003.82 ,78.82
23:04:44,0 ,0 ,0 ,452 ,5 ,18.56 ,40.48 ,1003.80 ,78.98
23:04:45,0 ,0 ,0 ,452 ,5 ,18.56 ,40.50 ,1003.85 ,78.56
23:04:47,0 ,0 ,0 ,452 ,5 ,18.56 ,40.54 ,1003.85 ,78.60
23:04:48,0 ,0 ,0 ,452 ,5 ,18.57 ,40.54 ,1003.85 ,78.58
23:04:49,0 ,0 ,0 ,452 ,5 ,18.56 ,40.55 ,1003.85 ,78.58
23:04:50,0 ,0 ,0 ,452 ,5 ,18.57 ,40.56 ,1003.84 ,78.61
23:04:51,0 ,0 ,0 ,452 ,5 ,18.57 ,40.57 ,1003.85 ,78.58
23:04:52,0 ,0 ,0 ,452 ,5 ,18.57 ,40.57 ,1003.85 ,78.55
23:04:54,0 ,0 ,0 ,452 ,5 ,18.57 ,40.57 ,1003.84 ,78.66
23:04:55,0 ,0 ,0 ,452 ,5 ,18.57 ,40.58 ,1003.85 ,78.52
23:04:56,0 ,0 ,0 ,452 ,5 ,18.57 ,40.58 ,1003.84 ,78.61
23:04:57,0 ,0 ,0 ,452 ,5 ,18.58 ,40.59 ,1003.84 ,78.68
23:04:58,0 ,0 ,0 ,452 ,5 ,18.58 ,40.60 ,1003.84 ,78.61
23:04:59,0 ,0 ,0 ,452 ,5 ,18.58 ,40.60 ,1003.84 ,78.67
23:05:01,0 ,0 ,0 ,452 ,5 ,18.57 ,40.60 ,1003.84 ,78.66
23:05:02,0 ,0 ,0 ,452 ,5 ,18.58 ,40.60 ,1003.84 ,78.67
23:05:03,0 ,0 ,0 ,452 ,5 ,18.57 ,40.59 ,1003.83 ,78.71
23:05:04,0 ,0 ,0 ,452 ,5 ,18.58 ,40.61 ,1003.87 ,78.41
23:05:05,0 ,0 ,0 ,452 ,5 ,18.57 ,40.62 ,1003.84 ,78.62
23:05:06,0 ,0 ,0 ,453 ,5 ,18.57 ,40.63 ,1003.82 ,78.82
23:05:08,0 ,0 ,0 ,453 ,5 ,18.58 ,40.62 ,1003.85 ,78.55
23:05:09,0 ,0 ,0 ,453 ,5 ,18.58 ,40.63 ,1003.82 ,78.81
23:05:10,0 ,0 ,0 ,453 ,5 ,18.58 ,40.63 ,1003.85 ,78.53
23:05:11,0 ,0 ,0 ,453 ,5 ,18.57 ,40.63 ,1003.85 ,78.58
23:05:12,0 ,0 ,0 ,453 ,5 ,18.58 ,40.62 ,1003.83 ,78.69
23:05:13,0 ,0 ,0 ,453 ,5 ,18.57 ,40.62 ,1003.82 ,78.78
23:05:15,0 ,0 ,0 ,453 ,5 ,18.57 ,40.61 ,1003.83 ,78.72
23:05:16,0 ,0 ,0 ,453 ,5 ,18.57 ,40.61 ,1003.84 ,78.62
23:05:17,0 ,0 ,0 ,453 ,5 ,18.58 ,40.63 ,1003.86 ,78.51
23:05:18,0 ,0 ,0 ,453 ,5 ,18.58 ,40.62 ,1003.80 ,78.97
23:05:19,0 ,0 ,0 ,453 ,5 ,18.57 ,40.62 ,1003.83 ,78.71
23:05:20,0 ,0 ,0 ,453 ,5 ,18.58 ,40.61 ,1003.84 ,78.62
23:05:22,0 ,0 ,0 ,453 ,5 ,18.57 ,40.61 ,1003.82 ,78.80
23:05:23,0 ,0 ,0 ,453 ,5 ,18.58 ,40.61 ,1003.83 ,78.74
23:05:24,0 ,0 ,0 ,453 ,5 ,18.58 ,40.61 ,1003.84 ,78.66
23:05:25,0 ,0 ,0 ,454 ,5 ,18.58 ,40.62 ,1003.85 ,78.57
23:05:26,0 ,0 ,0 ,454 ,5 ,18.58 ,40.62 ,1003.84 ,78.62
23:05:27,0 ,0 ,0 ,454 ,5 ,18.58 ,40.61 ,1003.84 ,78.67
23:05:29,0 ,0 ,0 ,454 ,5 ,18.58 ,40.61 ,1003.87 ,78.40
23:05:30,0 ,0 ,0 ,454 ,5 ,18.58 ,40.61 ,1003.82 ,78.81
23:05:31,0 ,0 ,0 ,454 ,5 ,18.58 ,40.60 ,1003.83 ,78.76
23:05:32,0 ,0 ,0 ,455 ,5 ,18.59 ,40.60 ,1003.84 ,78.66
23:05:33,0 ,0 ,0 ,455 ,5 ,18.59 ,40.60 ,1003.84 ,78.60
23:05:34,0 ,0 ,0 ,456 ,5 ,18.59 ,40.62 ,1003.85 ,78.57
23:05:36,0 ,0 ,0 ,456 ,5 ,18.59 ,40.61 ,1003.86 ,78.51
23:05:37,0 ,0 ,0 ,456 ,5 ,18.58 ,40.61 ,1003.84 ,78.62
23:05:38,0 ,0 ,0 ,456 ,5 ,18.59 ,40.60 ,1003.86 ,78.46
23:05:39,0 ,0 ,0 ,456 ,5 ,18.59 ,40.60 ,1003.84 ,78.66
23:05:40,0 ,0 ,0 ,456 ,5 ,18.58 ,40.59 ,1003.85 ,78.59
23:05:41,0 ,0 ,0 ,456 ,5 ,18.58 ,40.61 ,1003.82 ,78.85
23:05:43,0 ,0 ,0 ,456 ,5 ,18.59 ,40.58 ,1003.84 ,78.65
23:05:44,0 ,0 ,0 ,457 ,5 ,18.59 ,40.58 ,1003.83 ,78.72
23:05:45,0 ,0 ,0 ,456 ,5 ,18.59 ,40.58 ,1003.85 ,78.52
23:05:46,0 ,0 ,0 ,457 ,5 ,18.58 ,40.56 ,1003.86 ,78.42
23:05:47,0 ,0 ,0 ,457 ,5 ,18.59 ,40.60 ,1003.87 ,78.38
23:05:48,0 ,0 ,0 ,457 ,5 ,18.59 ,40.60 ,1003.81 ,78.89
23:05:50,0 ,0 ,0 ,457 ,5 ,18.59 ,40.60 ,1003.84 ,78.65
23:05:51,0 ,0 ,0 ,458 ,5 ,18.59 ,40.60 ,1003.82 ,78.83
23:05:52,0 ,0 ,0 ,457 ,5 ,18.59 ,40.61 ,1003.83 ,78.71
23:06:53,0 ,0 ,0 ,455 ,5 ,18.60 ,40.67 ,1003.89 ,78.25
23:06:54,0 ,0 ,0 ,455 ,5 ,18.60 ,40.66 ,1003.86 ,78.46
23:06:55,0 ,0 ,0 ,455 ,5 ,18.60 ,40.67 ,1003.88 ,78.27
23:06:57,0 ,0 ,0 ,455 ,5 ,18.60 ,40.67 ,1003.87 ,78.39
23:06:58,0 ,0 ,0 ,455 ,5 ,18.60 ,40.64 ,1003.89 ,78.24
23:06:59,0 ,0 ,0 ,455 ,5 ,18.60 ,40.67 ,1003.88 ,78.29
23:07:00,0 ,0 ,0 ,455 ,5 ,18.60 ,40.68 ,1003.89 ,78.25
23:07:01,0 ,0 ,0 ,455 ,5 ,18.60 ,40.66 ,1003.89 ,78.22
23:07:02,0 ,0 ,0 ,455 ,5 ,18.60 ,40.67 ,1003.88 ,78.27
23:07:04,0 ,0 ,0 ,455 ,5 ,18.60 ,40.68 ,1003.86 ,78.50
23:07:05,0 ,0 ,0 ,454 ,5 ,18.60 ,40.67 ,1003.91 ,78.09
23:07:06,0 ,0 ,0 ,454 ,5 ,18.60 ,40.68 ,1003.89 ,78.18
23:07:07,0 ,0 ,0 ,454 ,5 ,18.60 ,40.69 ,1003.87 ,78.41
23:07:08,0 ,0 ,0 ,454 ,5 ,18.60 ,40.69 ,1003.87 ,78.35
23:07:09,0 ,0 ,0 ,454 ,5 ,18.60 ,40.69 ,1003.86 ,78.49
23:07:11,0 ,0 ,0 ,454 ,5 ,18.60 ,40.69 ,1003.88 ,78.29
23:07:12,0 ,0 ,0 ,454 ,5 ,18.60 ,40.69 ,1003.89 ,78.19
23:07:13,0 ,0 ,0 ,454 ,5 ,18.60 ,40.68 ,1003.87 ,78.38
23:07:14,0 ,0 ,0 ,453 ,5 ,18.60 ,40.69 ,1003.90 ,78.15
23:07:15,0 ,0 ,0 ,453 ,5 ,18.60 ,40.63 ,1003.85 ,78.13
23:07:16,0 ,0 ,0 ,453 ,5 ,18.59 ,40.68 ,1003.89 ,78.22
23:07:18,0 ,0 ,0 ,453 ,5 ,18.59 ,40.67 ,1003.88 ,78.28
23:07:19,0 ,0 ,0 ,453 ,5 ,18.59 ,40.68 ,1003.87 ,78.38
23:07:20,0 ,0 ,0 ,453 ,5 ,18.60 ,40.66 ,1003.91 ,78.08
23:07:21,0 ,0 ,0 ,453 ,5 ,18.59 ,40.67 ,1003.85 ,78.56
23:07:22,0 ,0 ,0 ,453 ,5 ,18.60 ,40.68 ,1003.88 ,78.34
23:07:23,0 ,0 ,0 ,453 ,5 ,18.59 ,40.69 ,1003.87 ,78.36
23:07:25,0 ,0 ,0 ,453 ,5 ,18.60 ,40.74 ,1003.87 ,78.39
23:07:26,0 ,0 ,0 ,453 ,5 ,18.60 ,40.75 ,1003.87 ,78.40
23:07:27,0 ,0 ,0 ,453 ,5 ,18.60 ,40.77 ,1003.86 ,78.46
23:07:28,0 ,0 ,0 ,453 ,5 ,18.60 ,40.77 ,1003.88 ,78.34
23:07:29,0 ,0 ,0 ,453 ,5 ,18.61 ,40.76 ,1003.88 ,78.34
23:07:30,0 ,0 ,0 ,453 ,5 ,18.60 ,40.75 ,1003.89 ,78.18
23:07:32,0 ,0 ,0 ,453 ,5 ,18.60 ,40.76 ,1003.89 ,78.18
23:07:33,0 ,0 ,0 ,453 ,5 ,18.60 ,40.76 ,1003.88 ,78.28
23:07:34,0 ,0 ,0 ,452 ,5 ,18.59 ,40.75 ,1003.86 ,78.48
23:07:35,0 ,0 ,0 ,453 ,5 ,18.60 ,40.75 ,1003.85 ,78.52
23:07:36,0 ,0 ,0 ,453 ,5 ,18.60 ,40.74 ,1003.88 ,78.31
23:07:37,0 ,0 ,0 ,453 ,5 ,18.60 ,40.75 ,1003.89 ,78.21
23:07:39,0 ,0 ,0 ,452 ,5 ,18.60 ,40.78 ,1003.88 ,78.28
23:07:40,0 ,0 ,0 ,452 ,5 ,18.60 ,40.77 ,1003.87 ,78.39
23:07:41,0 ,0 ,0 ,452 ,5 ,18.60 ,40.75 ,1003.86 ,78.50
23:07:42,0 ,0 ,0 ,452 ,5 ,18.60 ,40.75 ,1003.88 ,78.28
23:07:43,0 ,0 ,0 ,452 ,5 ,18.60 ,40.75 ,1003.87 ,78.42
23:07:44,0 ,0 ,0 ,452 ,5 ,18.60 ,40.74 ,1003.88 ,78.32
23:07:46,0 ,0 ,0 ,452 ,5 ,18.61 ,40.80 ,1003.89 ,78.18
23:07:47,0 ,0 ,0 ,452 ,5 ,18.60 ,40.73 ,1003.87 ,78.40
23:07:48,0 ,0 ,0 ,451 ,5 ,18.60 ,40.73 ,1003.89 ,78.25
23:07:49,0 ,0 ,0 ,452 ,5 ,18.60 ,40.74 ,1003.89 ,78.19
23:07:50,0 ,0 ,0 ,452 ,5 ,18.61 ,40.74 ,1003.88 ,78.28
23:07:51,0 ,0 ,0 ,452 ,5 ,18.60 ,40.75 ,1003.86 ,78.49
23:07:53,0 ,0 ,0 ,452 ,5 ,18.60 ,40.78 ,1003.90 ,78.10
23:07:54,0 ,0 ,0 ,452 ,5 ,18.60 ,40.78 ,1003.87 ,78.41
23:07:55,0 ,0 ,0 ,451 ,5 ,18.60 ,40.78 ,1003.86 ,78.46
23:07:56,0 ,0 ,0 ,451 ,5 ,18.60 ,40.74 ,1003.85 ,78.56
23:07:57,0 ,0 ,0 ,451 ,5 ,18.60 ,40.73 ,1003.85 ,78.56
23:07:58,0 ,0 ,0 ,452 ,5 ,18.60 ,40.70 ,1003.85 ,78.57
23:08:00,0 ,0 ,0 ,451 ,5 ,18.60 ,40.70 ,1003.88 ,78.28
23:08:01,0 ,0 ,0 ,451 ,5 ,18.60 ,40.71 ,1003.87 ,78.43
23:08:02,0 ,0 ,0 ,451 ,5 ,18.60 ,40.71 ,1003.88 ,78.29
23:08:03,0 ,0 ,0 ,452 ,5 ,18.60 ,40.71 ,1003.88 ,78.32
23:08:04,0 ,0 ,0 ,451 ,5 ,18.60 ,40.73 ,1003.89 ,78.18
23:08:05,0 ,0 ,0 ,452 ,5 ,18.61 ,40.74 ,1003.90 ,78.14
23:08:07,0 ,0 ,0 ,452 ,5 ,18.60 ,40.73 ,1003.90 ,78.11
23:08:08,0 ,0 ,0 ,452 ,5 ,18.60 ,40.76 ,1003.90 ,78.13
23:08:09,0 ,0 ,0 ,451 ,5 ,18.60 ,40.78 ,1003.89 ,78.18
23:08:10,0 ,0 ,0 ,452 ,5 ,18.60 ,40.80 ,1003.87 ,78.38
23:08:11,0 ,0 ,0 ,451 ,5 ,18.60 ,40.81 ,1003.89 ,78.25
23:08:12,0 ,0 ,0 ,451 ,5 ,18.61 ,40.80 ,1003.89 ,78.18
23:08:14,0 ,0 ,0 ,451 ,5 ,18.61 ,40.81 ,1003.90 ,78.17
23:08:15,0 ,0 ,0 ,451 ,5 ,18.62 ,40.82 ,1003.92 ,77.97
23:08:16,0 ,0 ,0 ,452 ,5 ,18.61 ,40.84 ,1003.91 ,78.09
23:08:17,0 ,0 ,0 ,451 ,5 ,18.61 ,40.81 ,1003.86 ,78.43
23:08:18,0 ,0 ,0 ,451 ,5 ,18.60 ,40.83 ,1003.90 ,78.15
23:08:19,0 ,0 ,0 ,451 ,5 ,18.61 ,40.83 ,1003.88 ,78.31
23:08:21,0 ,0 ,0 ,451 ,5 ,18.61 ,40.84 ,1003.88 ,78.32
23:08:22,0 ,0 ,0 ,452 ,5 ,18.61 ,40.85 ,1003.84 ,78.64
23:08:23,0 ,0 ,0 ,451 ,5 ,18.61 ,40.88 ,1003.89 ,78.23
23:08:24,0 ,0 ,0 ,452 ,5 ,18.61 ,40.85 ,1003.87 ,78.38
23:08:25,0 ,0 ,0 ,452 ,5 ,18.61 ,40.85 ,1003.89 ,78.26
23:08:26,0 ,0 ,0 ,452 ,5 ,18.61 ,40.86 ,1003.86 ,78.45
23:08:28,0 ,0 ,0 ,452 ,5 ,18.61 ,40.88 ,1003.86 ,78.44
23:08:29,0 ,0 ,0 ,452 ,5 ,18.61 ,40.89 ,1003.87 ,78.41
23:08:30,0 ,0 ,0 ,452 ,5 ,18.61 ,40.88 ,1003.88 ,78.30
23:08:31,0 ,0 ,0 ,452 ,5 ,18.62 ,40.88 ,1003.88 ,78.27
23:08:32,0 ,0 ,0 ,452 ,5 ,18.61 ,40.88 ,1003.91 ,78.02
23:08:33,0 ,0 ,0 ,452 ,5 ,18.62 ,40.87 ,1003.90 ,78.12
23:08:35,0 ,0 ,0 ,452 ,5 ,18.61 ,40.85 ,1003.92 ,77.98
23:08:36,0 ,0 ,0 ,452 ,5 ,18.61 ,40.86 ,1003.90 ,78.15
23:08:37,0 ,0 ,0 ,452 ,5 ,18.61 ,40.87 ,1003.88 ,78.32
23:08:38,0 ,0 ,0 ,452 ,5 ,18.61 ,40.84 ,1003.88 ,78.30
23:08:39,0 ,0 ,0 ,452 ,5 ,18.61 ,40.82 ,1003.90 ,78.11
23:08:40,0 ,0 ,0 ,452 ,5 ,18.61 ,40.83 ,1003.90 ,78.16
23:08:42,0 ,0 ,0 ,452 ,5 ,18.61 ,40.83 ,1003.88 ,78.33
23:08:43,0 ,0 ,0 ,452 ,5 ,18.61 ,40.85 ,1003.91 ,78.09
23:08:44,0 ,0 ,0 ,452 ,5 ,18.61 ,40.86 ,1003.88 ,78.27
23:08:45,0 ,0 ,0 ,452 ,5 ,18.61 ,40.85 ,1003.89 ,78.23
23:08:46,0 ,0 ,0 ,452 ,5 ,18.61 ,40.85 ,1003.88 ,78.30
23:08:47,0 ,0 ,0 ,452 ,5 ,18.61 ,40.84 ,1003.90 ,78.14
23:08:49,0 ,0 ,0 ,452 ,5 ,18.61 ,40.83 ,1003.91 ,78.03
23:08:50,0 ,0 ,0 ,452 ,5 ,18.61 ,40.82 ,1003.88 ,78.28
23:09:51,0 ,0 ,0 ,455 ,5 ,18.63 ,40.88 ,1003.92 ,78.00
23:09:52,0 ,0 ,0 ,455 ,5 ,18.63 ,40.87 ,1003.91 ,78.02
23:09:53,0 ,0 ,0 ,456 ,5 ,18.62 ,40.87 ,1003.91 ,78.02
23:09:54,0 ,0 ,0 ,455 ,5 ,18.62 ,40.89 ,1003.95 ,77.76
23:09:56,0 ,0 ,0 ,456 ,5 ,18.62 ,40.87 ,1003.91 ,78.05
23:09:57,0 ,0 ,0 ,456 ,5 ,18.62 ,40.89 ,1003.92 ,78.00
23:09:58,0 ,0 ,0 ,456 ,5 ,18.62 ,40.88 ,1003.93 ,77.93
23:09:59,0 ,0 ,0 ,456 ,5 ,18.63 ,40.87 ,1003.92 ,77.98
23:10:00,0 ,0 ,0 ,456 ,5 ,18.63 ,40.88 ,1003.93 ,77.92
23:10:01,0 ,0 ,0 ,456 ,5 ,18.62 ,40.87 ,1003.90 ,78.14
23:10:03,0 ,0 ,0 ,456 ,5 ,18.62 ,40.87 ,1003.96 ,77.64
23:10:04,0 ,0 ,0 ,456 ,5 ,18.63 ,40.87 ,1003.93 ,77.92
23:10:05,0 ,0 ,0 ,456 ,5 ,18.63 ,40.89 ,1003.94 ,77.79
23:10:06,0 ,0 ,0 ,455 ,5 ,18.63 ,40.88 ,1003.92 ,77.96
23:10:07,0 ,0 ,0 ,456 ,5 ,18.63 ,40.89 ,1003.92 ,77.96
23:10:08,0 ,0 ,0 ,455 ,5 ,18.63 ,40.91 ,1003.91 ,78.06
23:10:10,0 ,0 ,0 ,455 ,5 ,18.63 ,40.89 ,1003.93 ,77.85
23:10:11,0 ,0 ,0 ,455 ,5 ,18.63 ,40.90 ,1003.92 ,77.95
23:10:12,0 ,0 ,0 ,455 ,5 ,18.63 ,40.90 ,1003.91 ,78.06
23:10:13,0 ,0 ,0 ,455 ,5 ,18.63 ,40.94 ,1003.91 ,78.09
23:10:14,0 ,0 ,0 ,455 ,5 ,18.63 ,40.94 ,1003.94 ,77.79
23:10:15,0 ,0 ,0 ,455 ,5 ,18.62 ,40.90 ,1003.93 ,77.85
23:10:17,0 ,0 ,0 ,455 ,5 ,18.63 ,40.92 ,1003.91 ,78.09
23:10:18,0 ,0 ,0 ,455 ,5 ,18.63 ,40.98 ,1003.92 ,77.96
23:10:19,0 ,0 ,0 ,455 ,5 ,18.63 ,40.95 ,1003.90 ,78.12
23:10:20,0 ,0 ,0 ,455 ,5 ,18.63 ,40.92 ,1003.93 ,77.92
23:10:21,0 ,0 ,0 ,454 ,5 ,18.63 ,40.92 ,1003.91 ,78.03
23:10:22,0 ,0 ,0 ,454 ,5 ,18.63 ,40.94 ,1003.91 ,78.05
23:10:24,0 ,0 ,0 ,454 ,5 ,18.63 ,40.94 ,1003.92 ,77.96
23:10:25,0 ,0 ,0 ,454 ,5 ,18.64 ,40.92 ,1003.93 ,77.90
23:10:26,0 ,0 ,0 ,454 ,5 ,18.64 ,40.93 ,1003.92 ,77.95
23:10:27,0 ,0 ,0 ,454 ,5 ,18.64 ,40.92 ,1003.96 ,77.68
23:10:28,0 ,0 ,0 ,454 ,5 ,18.64 ,40.92 ,1003.93 ,77.90
23:10:29,0 ,0 ,0 ,454 ,5 ,18.63 ,40.92 ,1003.93 ,77.90
23:10:31,0 ,0 ,0 ,454 ,5 ,18.64 ,40.91 ,1003.92 ,77.95
23:10:32,0 ,0 ,0 ,454 ,5 ,18.64 ,40.95 ,1003.94 ,77.78
23:10:33,0 ,0 ,0 ,454 ,5 ,18.64 ,40.91 ,1003.94 ,77.84
23:10:34,0 ,0 ,0 ,454 ,5 ,18.64 ,40.91 ,1003.94 ,77.80
23:10:35,0 ,0 ,0 ,454 ,5 ,18.64 ,40.93 ,1003.95 ,77.72
23:10:36,0 ,0 ,0 ,455 ,5 ,18.64 ,40.93 ,1003.94 ,77.79
23:10:38,0 ,0 ,0 ,455 ,5 ,18.64 ,40.93 ,1003.94 ,77.82
23:10:39,0 ,0 ,0 ,455 ,5 ,18.64 ,40.91 ,1003.90 ,78.17
23:10:40,0 ,0 ,0 ,455 ,5 ,18.65 ,40.90 ,1003.94 ,77.79
23:10:41,0 ,0 ,0 ,455 ,5 ,18.64 ,40.94 ,1003.91 ,78.09
23:10:42,0 ,0 ,0 ,455 ,5 ,18.64 ,40.91 ,1003.92 ,77.99
23:10:43,0 ,0 ,0 ,455 ,5 ,18.65 ,40.93 ,1003.96 ,77.61
23:10:45,0 ,0 ,0 ,455 ,5 ,18.65 ,40.91 ,1003.92 ,77.95
23:10:46,0 ,0 ,0 ,455 ,5 ,18.65 ,40.92 ,1003.89 ,78.22
23:10:47,0 ,0 ,0 ,456 ,5 ,18.65 ,40.92 ,1003.94 ,77.83
23:10:48,0 ,0 ,0 ,456 ,5 ,18.64 ,40.90 ,1003.94 ,78.02
23:10:49,0 ,0 ,0 ,456 ,5 ,18.64 ,40.91 ,1003.92 ,77.93
23:10:50,0 ,0 ,0 ,455 ,5 ,18.64 ,40.91 ,1003.95 ,77.72
23:10:52,0 ,0 ,0 ,455 ,5 ,18.65 ,40.90 ,1003.95 ,77.71
23:10:53,0 ,0 ,0 ,456 ,5 ,18.65 ,40.90 ,1003.93 ,77.88
23:10:54,0 ,0 ,0 ,456 ,5 ,18.65 ,40.93 ,1003.93 ,77.90
23:10:55,0 ,0 ,0 ,455 ,5 ,18.65 ,40.90 ,1003.90 ,78.10
23:10:56,0 ,0 ,0 ,455 ,5 ,18.64 ,40.91 ,1003.93 ,77.88
23:10:57,0 ,0 ,0 ,455 ,5 ,18.65 ,40.89 ,1003.94 ,77.76
23:10:59,0 ,0 ,0 ,455 ,5 ,18.64 ,40.90 ,1003.92 ,77.96
23:11:00,0 ,0 ,0 ,455 ,5 ,18.65 ,40.89 ,1003.94 ,77.82
23:11:01,0 ,0 ,0 ,455 ,5 ,18.65 ,40.89 ,1003.92 ,77.93
23:11:02,0 ,0 ,0 ,455 ,5 ,18.65 ,40.89 ,1003.96 ,77.59
23:11:03,0 ,0 ,0 ,455 ,5 ,18.65 ,40.89 ,1003.95 ,77.70
23:11:04,0 ,0 ,0 ,455 ,5 ,18.65 ,40.89 ,1003.95 ,77.72
23:11:06,0 ,0 ,0 ,454 ,5 ,18.65 ,40.92 ,1003.96 ,77.61
23:11:07,0 ,0 ,0 ,454 ,5 ,18.65 ,40.92 ,1003.98 ,77.46
23:11:08,0 ,0 ,0 ,454 ,5 ,18.65 ,40.92 ,1003.95 ,77.71
23:11:09,0 ,0 ,0 ,454 ,5 ,18.65 ,40.92 ,1003.97 ,77.56
23:11:10,0 ,0 ,0 ,454 ,5 ,18.65 ,40.90 ,1003.95 ,77.69
23:11:11,0 ,0 ,0 ,454 ,5 ,18.65 ,40.93 ,1003.94 ,77.84
23:11:13,0 ,0 ,0 ,454 ,5 ,18.65 ,40.94 ,1003.93 ,77.90
23:11:14,0 ,0 ,0 ,454 ,5 ,18.65 ,40.94 ,1003.94 ,77.82
23:11:15,0 ,0 ,0 ,454 ,5 ,18.64 ,40.93 ,1003.92 ,77.94
23:11:16,0 ,0 ,0 ,454 ,5 ,18.64 ,40.95 ,1003.91 ,78.09
23:11:17,0 ,0 ,0 ,453 ,5 ,18.64 ,40.94 ,1003.94 ,77.80
23:11:18,0 ,0 ,0 ,453 ,5 ,18.63 ,40.96 ,1003.94 ,77.69
23:11:20,0 ,0 ,0 ,453 ,5 ,18.64 ,40.95 ,1003.95 ,77.72
23:11:21,0 ,0 ,0 ,453 ,5 ,18.64 ,40.96 ,1003.94 ,77.83
23:11:22,0 ,0 ,0 ,453 ,5 ,18.65 ,40.94 ,1003.95 ,77.70
23:11:23,0 ,0 ,0 ,453 ,5 ,18.64 ,40.94 ,1003.94 ,77.80
23:11:24,0 ,0 ,0 ,453 ,5 ,18.64 ,40.96 ,1003.95 ,77.75
23:11:25,0 ,0 ,0 ,452 ,5 ,18.63 ,40.96 ,1003.94 ,77.78
23:11:27,0 ,0 ,0 ,452 ,5 ,18.63 ,40.97 ,1003.93 ,77.87
23:11:28,0 ,0 ,0 ,453 ,5 ,18.63 ,40.96 ,1003.93 ,77.86
23:11:29,0 ,0 ,0 ,452 ,5 ,18.64 ,40.97 ,1003.93 ,77.86
23:11:30,0 ,0 ,0 ,452 ,5 ,18.63 ,40.98 ,1003.96 ,77.65
23:11:31,0 ,0 ,0 ,452 ,5 ,18.63 ,40.99 ,1003.97 ,77.59
23:11:32,0 ,0 ,0 ,452 ,5 ,18.63 ,40.99 ,1003.95 ,77.68
23:11:34,0 ,0 ,0 ,451 ,5 ,18.63 ,41.03 ,1003.94 ,77.83
23:11:35,0 ,0 ,0 ,451 ,5 ,18.63 ,41.01 ,1003.96 ,77.61
23:11:36,0 ,0 ,0 ,451 ,5 ,18.63 ,41.02 ,1003.97 ,77.52
23:11:37,0 ,0 ,0 ,451 ,5 ,18.63 ,41.01 ,1003.96 ,77.63
23:11:38,0 ,0 ,0 ,451 ,5 ,18.63 ,41.02 ,1003.94 ,77.80
23:11:39,0 ,0 ,0 ,451 ,5 ,18.63 ,41.01 ,1003.95 ,77.75
23:11:41,0 ,0 ,0 ,451 ,5 ,18.63 ,41.02 ,1003.94 ,77.81
23:11:42,0 ,0 ,0 ,451 ,5 ,18.64 ,41.02 ,1003.94 ,77.76
23:11:43,0 ,0 ,0 ,451 ,5 ,18.64 ,41.03 ,1003.93 ,77.92
23:11:44,0 ,0 ,0 ,451 ,5 ,18.64 ,41.03 ,1003.96 ,77.68
23:11:45,0 ,0 ,0 ,451 ,5 ,18.64 ,41.02 ,1003.93 ,77.89
23:11:46,0 ,0 ,0 ,451 ,5 ,18.63 ,41.03 ,1003.94 ,77.83
23:11:48,0 ,0 ,0 ,451 ,5 ,18.65 ,40.97 ,1003.97 ,77.65
23:12:49,0 ,0 ,0 ,451 ,5 ,18.66 ,41.07 ,1003.95 ,77.75
23:12:50,0 ,0 ,0 ,451 ,5 ,18.67 ,41.07 ,1003.93 ,77.90
23:12:51,0 ,0 ,0 ,451 ,5 ,18.66 ,41.09 ,1003.92 ,77.95
23:12:52,0 ,0 ,0 ,451 ,5 ,18.67 ,41.07 ,1003.96 ,77.60
23:12:53,0 ,0 ,0 ,451 ,5 ,18.67 ,41.09 ,1003.96 ,77.64
23:12:55,0 ,0 ,0 ,451 ,5 ,18.67 ,41.07 ,1003.97 ,77.55
23:12:56,0 ,0 ,0 ,451 ,5 ,18.67 ,41.08 ,1003.95 ,77.68
23:12:57,0 ,0 ,0 ,452 ,5 ,18.67 ,41.09 ,1003.92 ,77.97
23:12:58,0 ,0 ,0 ,452 ,5 ,18.67 ,41.08 ,1003.92 ,77.97
23:12:59,0 ,0 ,0 ,452 ,5 ,18.67 ,41.08 ,1003.95 ,77.75
23:13:00,0 ,0 ,0 ,452 ,5 ,18.67 ,41.07 ,1003.92 ,77.99
23:13:02,0 ,0 ,0 ,452 ,5 ,18.67 ,41.07 ,1003.93 ,77.85
23:13:03,0 ,0 ,0 ,452 ,5 ,18.67 ,41.07 ,1003.94 ,77.79
23:13:04,0 ,0 ,0 ,452 ,5 ,18.67 ,41.07 ,1003.94 ,77.82
23:13:05,0 ,0 ,0 ,452 ,5 ,18.67 ,41.07 ,1003.92 ,77.96
23:13:06,0 ,0 ,0 ,452 ,5 ,18.67 ,41.05 ,1003.96 ,77.67
23:13:08,0 ,0 ,0 ,452 ,5 ,18.67 ,41.07 ,1003.93 ,77.92
23:13:09,0 ,0 ,0 ,452 ,5 ,18.68 ,41.08 ,1003.97 ,77.55
23:13:10,0 ,0 ,0 ,452 ,5 ,18.68 ,41.10 ,1003.95 ,77.74
23:13:11,0 ,0 ,0 ,452 ,5 ,18.67 ,41.05 ,1003.92 ,77.95
23:13:12,0 ,0 ,0 ,453 ,5 ,18.67 ,41.05 ,1003.92 ,77.99
23:13:13,0 ,0 ,0 ,453 ,5 ,18.67 ,41.07 ,1003.96 ,77.67
23:13:15,0 ,0 ,0 ,453 ,5 ,18.67 ,41.06 ,1003.94 ,77.77
23:13:16,0 ,0 ,0 ,453 ,5 ,18.67 ,41.06 ,1003.96 ,77.67
23:13:17,0 ,0 ,0 ,453 ,5 ,18.68 ,41.04 ,1003.95 ,77.70
23:13:18,0 ,0 ,0 ,453 ,5 ,18.67 ,41.07 ,1003.92 ,78.00
23:13:19,0 ,0 ,0 ,453 ,5 ,18.67 ,41.08 ,1003.96 ,77.62
23:13:20,0 ,0 ,0 ,453 ,5 ,18.67 ,41.06 ,1003.97 ,77.57
23:13:22,0 ,0 ,0 ,453 ,5 ,18.67 ,41.05 ,1003.93 ,77.89
23:13:23,0 ,0 ,0 ,453 ,5 ,18.67 ,41.05 ,1003.92 ,77.95
23:13:24,0 ,0 ,0 ,453 ,5 ,18.67 ,41.07 ,1003.95 ,77.73
23:13:25,0 ,0 ,0 ,453 ,5 ,18.68 ,41.07 ,1003.93 ,77.91
23:13:26,0 ,0 ,0 ,453 ,5 ,18.68 ,41.06 ,1003.91 ,78.02
23:13:27,0 ,0 ,0 ,454 ,5 ,18.67 ,41.04 ,1003.92 ,78.00
23:13:29,0 ,0 ,0 ,453 ,5 ,18.67 ,41.05 ,1003.93 ,77.88
23:13:30,0 ,0 ,0 ,453 ,5 ,18.66 ,41.05 ,1003.93 ,77.85
23:13:31,0 ,0 ,0 ,453 ,5 ,18.66 ,41.04 ,1003.96 ,77.68
23:13:32,0 ,0 ,0 ,453 ,5 ,18.67 ,41.05 ,1003.95 ,77.71
23:13:33,0 ,0 ,0 ,454 ,5 ,18.67 ,41.07 ,1003.95 ,77.72
23:13:34,0 ,0 ,0 ,453 ,5 ,18.67 ,41.08 ,1003.97 ,77.58
23:13:36,0 ,0 ,0 ,453 ,5 ,18.67 ,41.07 ,1003.93 ,77.92
23:13:37,0 ,0 ,0 ,453 ,5 ,18.67 ,41.07 ,1003.93 ,77.88
23:13:38,0 ,0 ,0 ,453 ,5 ,18.66 ,41.09 ,1003.93 ,77.85
23:13:39,0 ,0 ,0 ,453 ,5 ,18.67 ,41.07 ,1003.91 ,78.02
23:13:40,0 ,0 ,0 ,454 ,5 ,18.66 ,41.08 ,1003.92 ,77.99
23:13:41,0 ,0 ,0 ,454 ,5 ,18.67 ,41.11 ,1003.98 ,77.48
23:13:43,0 ,0 ,0 ,454 ,5 ,18.67 ,41.10 ,1003.93 ,77.86
23:13:44,0 ,0 ,0 ,454 ,5 ,18.67 ,41.10 ,1003.92 ,77.94
23:13:45,0 ,0 ,0 ,453 ,5 ,18.67 ,41.10 ,1003.95 ,77.75
23:13:46,0 ,0 ,0 ,453 ,5 ,18.66 ,41.10 ,1003.95 ,77.71
23:13:47,0 ,0 ,0 ,453 ,5 ,18.67 ,41.11 ,1003.97 ,77.56
23:13:48,0 ,0 ,0 ,453 ,5 ,18.67 ,41.10 ,1003.93 ,77.88
23:13:50,0 ,0 ,0 ,453 ,5 ,18.66 ,41.09 ,1003.93 ,77.88
23:13:51,0 ,0 ,0 ,453 ,5 ,18.67 ,41.09 ,1003.92 ,77.98
23:13:52,0 ,0 ,0 ,453 ,5 ,18.67 ,41.09 ,1003.95 ,77.68
23:13:53,0 ,0 ,0 ,453 ,5 ,18.67 ,41.09 ,1003.92 ,77.96
23:13:54,0 ,0 ,0 ,453 ,5 ,18.67 ,41.09 ,1003.92 ,77.94
23:13:55,0 ,0 ,0 ,452 ,5 ,18.67 ,41.10 ,1003.95 ,77.68
23:13:57,0 ,0 ,0 ,452 ,5 ,18.67 ,41.10 ,1003.94 ,77.82
23:13:58,0 ,0 ,0 ,452 ,5 ,18.67 ,41.10 ,1003.94 ,77.76
23:13:59,0 ,0 ,0 ,452 ,5 ,18.67 ,41.11 ,1003.95 ,77.72
23:14:00,0 ,0 ,0 ,452 ,5 ,18.67 ,41.10 ,1003.95 ,77.68
23:14:01,0 ,0 ,0 ,452 ,5 ,18.68 ,41.10 ,1003.96 ,77.59
23:14:02,0 ,0 ,0 ,452 ,5 ,18.67 ,41.10 ,1003.95 ,77.69
23:14:04,0 ,0 ,0 ,452 ,5 ,18.67 ,41.11 ,1003.94 ,77.76
23:14:05,0 ,0 ,0 ,452 ,5 ,18.67 ,41.13 ,1003.93 ,77.89
23:14:06,0 ,0 ,0 ,452 ,5 ,18.67 ,41.06 ,1003.93 ,77.90
23:14:07,0 ,0 ,0 ,452 ,5 ,18.67 ,41.15 ,1003.95 ,77.71
23:14:08,0 ,0 ,0 ,452 ,5 ,18.67 ,41.14 ,1003.96 ,77.66
23:14:09,0 ,0 ,0 ,452 ,5 ,18.67 ,41.12 ,1003.94 ,77.81
23:14:11,0 ,0 ,0 ,452 ,5 ,18.67 ,41.12 ,1003.95 ,77.73
23:14:12,0 ,0 ,0 ,452 ,5 ,18.67 ,41.14 ,1003.94 ,77.80
23:14:13,0 ,0 ,0 ,452 ,5 ,18.67 ,41.12 ,1003.94 ,77.78
23:14:14,0 ,0 ,0 ,452 ,5 ,18.66 ,41.13 ,1003.91 ,78.03
23:14:15,0 ,0 ,0 ,452 ,5 ,18.66 ,41.13 ,1003.95 ,77.70
23:14:16,0 ,0 ,0 ,451 ,5 ,18.67 ,41.12 ,1003.95 ,77.73
23:14:18,0 ,0 ,0 ,452 ,5 ,18.67 ,41.13 ,1003.95 ,77.73
23:14:19,0 ,0 ,0 ,452 ,5 ,18.67 ,41.14 ,1003.95 ,77.71
23:14:20,0 ,0 ,0 ,452 ,5 ,18.66 ,41.12 ,1003.92 ,77.94
23:14:21,0 ,0 ,0 ,451 ,5 ,18.67 ,41.12 ,1003.94 ,77.77
23:14:22,0 ,0 ,0 ,452 ,5 ,18.67 ,41.12 ,1003.94 ,77.80
23:14:23,0 ,0 ,0 ,451 ,5 ,18.67 ,41.14 ,1003.95 ,77.75
23:14:25,0 ,0 ,0 ,451 ,5 ,18.66 ,41.15 ,1003.95 ,77.75
23:14:26,0 ,0 ,0 ,451 ,5 ,18.67 ,41.13 ,1003.96 ,77.65
23:14:27,0 ,0 ,0 ,451 ,5 ,18.67 ,41.15 ,1003.97 ,77.56
23:14:28,0 ,0 ,0 ,451 ,5 ,18.67 ,41.15 ,1003.94 ,77.80
23:14:29,0 ,0 ,0 ,451 ,5 ,18.67 ,41.15 ,1003.94 ,77.80
23:14:30,0 ,0 ,0 ,451 ,5 ,18.66 ,41.13 ,1003.94 ,77.77
23:14:32,0 ,0 ,0 ,451 ,5 ,18.67 ,41.14 ,1003.96 ,77.60
23:14:33,0 ,0 ,0 ,451 ,5 ,18.66 ,41.13 ,1003.97 ,77.56
23:14:34,0 ,0 ,0 ,451 ,5 ,18.67 ,41.13 ,1003.95 ,77.71
23:14:35,0 ,0 ,0 ,451 ,5 ,18.67 ,41.12 ,1003.95 ,77.72
23:14:36,0 ,0 ,0 ,451 ,5 ,18.67 ,41.13 ,1003.96 ,77.66
23:14:37,0 ,0 ,0 ,451 ,5 ,18.67 ,41.17 ,1003.93 ,77.88
23:14:39,0 ,0 ,0 ,451 ,5 ,18.67 ,41.12 ,1003.96 ,77.61
23:14:40,0 ,0 ,0 ,450 ,5 ,18.66 ,41.13 ,1003.95 ,77.75
23:14:41,0 ,0 ,0 ,451 ,5 ,18.67 ,41.14 ,1003.98 ,77.44
23:14:42,0 ,0 ,0 ,450 ,5 ,18.67 ,41.12 ,1003.94 ,77.77
23:14:43,0 ,0 ,0 ,450 ,5 ,18.67 ,41.12 ,1003.96 ,77.64
23:14:44,0 ,0 ,0 ,450 ,5 ,18.67 ,41.11 ,1003.96 ,77.67
23:14:46,0 ,0 ,0 ,450 ,5 ,18.67 ,41.11 ,1003.93 ,77.86
23:15:47,0 ,0 ,0 ,453 ,5 ,18.69 ,41.29 ,1003.94 ,77.84
23:15:48,0 ,0 ,0 ,453 ,5 ,18.68 ,41.30 ,1003.95 ,77.69
23:15:49,0 ,0 ,0 ,454 ,5 ,18.68 ,41.32 ,1003.96 ,77.64
23:15:50,0 ,0 ,0 ,453 ,5 ,18.68 ,41.32 ,1003.98 ,77.45
23:15:51,0 ,0 ,0 ,454 ,5 ,18.69 ,41.36 ,1003.94 ,77.77
23:15:53,0 ,0 ,0 ,454 ,5 ,18.68 ,41.34 ,1003.95 ,77.70
23:15:54,0 ,0 ,0 ,454 ,5 ,18.69 ,41.36 ,1003.95 ,77.74
23:15:55,0 ,0 ,0 ,454 ,5 ,18.69 ,41.32 ,1003.93 ,77.85
23:15:56,0 ,0 ,0 ,455 ,5 ,18.69 ,41.32 ,1003.95 ,77.69
23:15:57,0 ,0 ,0 ,455 ,5 ,18.68 ,41.29 ,1003.87 ,78.35
23:15:58,0 ,0 ,0 ,455 ,5 ,18.69 ,41.30 ,1003.97 ,77.54
23:16:00,0 ,0 ,0 ,456 ,5 ,18.69 ,41.29 ,1003.94 ,77.80
23:16:01,0 ,0 ,0 ,456 ,5 ,18.68 ,41.29 ,1003.93 ,77.85
23:16:02,0 ,0 ,0 ,456 ,5 ,18.69 ,41.29 ,1003.95 ,77.75
23:16:03,0 ,0 ,0 ,456 ,5 ,18.69 ,41.28 ,1003.92 ,77.95
23:16:04,0 ,0 ,0 ,457 ,5 ,18.68 ,41.28 ,1003.95 ,77.73
23:16:05,0 ,0 ,0 ,457 ,5 ,18.69 ,41.29 ,1003.94 ,77.82
23:16:07,0 ,0 ,0 ,457 ,5 ,18.68 ,41.29 ,1003.94 ,77.84
23:16:08,0 ,0 ,0 ,458 ,5 ,18.68 ,41.29 ,1003.92 ,77.96
23:16:09,0 ,0 ,0 ,458 ,5 ,18.68 ,41.28 ,1003.96 ,77.60
23:16:10,0 ,0 ,0 ,458 ,5 ,18.68 ,41.29 ,1003.96 ,77.66
23:16:11,0 ,0 ,0 ,458 ,5 ,18.69 ,41.26 ,1003.97 ,77.51
23:16:12,0 ,0 ,0 ,459 ,5 ,18.68 ,41.28 ,1003.96 ,77.68
23:16:14,0 ,0 ,0 ,459 ,5 ,18.68 ,41.28 ,1003.95 ,77.76
23:16:15,0 ,0 ,0 ,460 ,5 ,18.68 ,41.28 ,1003.96 ,77.65
23:16:16,0 ,0 ,0 ,460 ,5 ,18.69 ,41.29 ,1003.94 ,77.77
23:16:17,0 ,0 ,0 ,461 ,5 ,18.68 ,41.28 ,1003.95 ,77.76
23:16:18,0 ,0 ,0 ,461 ,5 ,18.68 ,41.28 ,1003.93 ,77.87
23:16:19,0 ,0 ,0 ,461 ,5 ,18.69 ,41.29 ,1003.93 ,77.85
23:16:21,0 ,0 ,0 ,462 ,5 ,18.69 ,41.29 ,1003.95 ,77.73
23:16:22,0 ,0 ,0 ,462 ,5 ,18.68 ,41.29 ,1003.95 ,77.75
23:16:23,0 ,0 ,0 ,462 ,5 ,18.69 ,41.33 ,1003.99 ,77.42
23:16:24,0 ,0 ,0 ,463 ,5 ,18.69 ,41.32 ,1003.94 ,77.80
23:16:25,0 ,0 ,0 ,463 ,5 ,18.69 ,41.33 ,1003.92 ,77.93
23:16:26,0 ,0 ,0 ,463 ,5 ,18.69 ,41.32 ,1003.94 ,77.80
23:16:28,0 ,0 ,0 ,464 ,5 ,18.69 ,41.33 ,1003.98 ,77.51
23:16:29,0 ,0 ,0 ,464 ,5 ,18.69 ,41.34 ,1003.92 ,77.97
23:16:30,0 ,0 ,0 ,464 ,5 ,18.69 ,41.33 ,1003.91 ,78.09
23:16:31,0 ,0 ,0 ,464 ,5 ,18.70 ,41.33 ,1003.93 ,77.90
23:16:32,0 ,0 ,0 ,464 ,5 ,18.70 ,41.32 ,1003.95 ,77.71
23:16:33,0 ,0 ,0 ,465 ,5 ,18.70 ,41.31 ,1003.95 ,77.71
23:16:35,0 ,0 ,0 ,465 ,5 ,18.69 ,41.32 ,1003.94 ,77.76
23:16:36,0 ,0 ,0 ,465 ,5 ,18.69 ,41.32 ,1003.94 ,77.76
23:16:37,0 ,0 ,0 ,466 ,5 ,18.70 ,41.29 ,1003.95 ,77.72
23:16:38,0 ,0 ,0 ,466 ,5 ,18.69 ,41.30 ,1003.94 ,77.83
23:16:39,0 ,0 ,0 ,466 ,5 ,18.70 ,41.29 ,1003.95 ,77.68
23:16:40,0 ,0 ,0 ,466 ,5 ,18.69 ,41.29 ,1003.93 ,77.91
23:16:42,0 ,0 ,0 ,466 ,5 ,18.69 ,41.29 ,1003.92 ,77.99
23:16:43,0 ,0 ,0 ,466 ,5 ,18.69 ,41.29 ,1003.91 ,78.09
23:16:44,0 ,0 ,0 ,466 ,5 ,18.68 ,41.28 ,1003.93 ,77.90
23:16:45,0 ,0 ,0 ,467 ,5 ,18.68 ,41.29 ,1003.93 ,77.86
23:16:46,0 ,0 ,0 ,467 ,5 ,18.69 ,41.28 ,1003.92 ,77.93
23:16:47,0 ,0 ,0 ,466 ,5 ,18.69 ,41.28 ,1003.94 ,77.82
23:16:49,0 ,0 ,0 ,466 ,5 ,18.69 ,41.28 ,1003.93 ,77.92
23:16:50,0 ,0 ,0 ,466 ,5 ,18.68 ,41.28 ,1003.92 ,77.96
23:16:51,0 ,0 ,0 ,466 ,5 ,18.69 ,41.28 ,1003.94 ,77.82
23:16:52,0 ,0 ,0 ,466 ,5 ,18.69 ,41.28 ,1003.92 ,78.01
23:16:53,0 ,0 ,0 ,466 ,5 ,18.69 ,41.28 ,1003.94 ,77.77
23:16:54,0 ,0 ,0 ,466 ,5 ,18.69 ,41.30 ,1003.92 ,78.00
23:16:56,0 ,0 ,0 ,466 ,5 ,18.70 ,41.28 ,1003.96 ,77.65
23:16:57,0 ,0 ,0 ,466 ,5 ,18.70 ,41.28 ,1003.94 ,77.84
23:16:58,0 ,0 ,0 ,466 ,5 ,18.69 ,41.28 ,1003.92 ,77.99
23:16:59,0 ,0 ,0 ,466 ,5 ,18.69 ,41.26 ,1003.95 ,77.72
23:17:00,0 ,0 ,0 ,466 ,5 ,18.69 ,41.29 ,1003.96 ,77.67
23:17:01,0 ,0 ,0 ,466 ,5 ,18.69 ,41.28 ,1003.95 ,77.70
23:17:03,0 ,0 ,0 ,466 ,5 ,18.69 ,41.25 ,1003.92 ,77.95
23:17:04,0 ,0 ,0 ,466 ,5 ,18.69 ,41.25 ,1003.95 ,77.73
23:17:05,0 ,0 ,0 ,466 ,5 ,18.70 ,41.25 ,1003.95 ,77.73
23:17:06,0 ,0 ,0 ,466 ,5 ,18.69 ,41.26 ,1003.95 ,77.75
23:17:07,0 ,0 ,0 ,466 ,5 ,18.69 ,41.29 ,1003.94 ,77.77
23:17:08,0 ,0 ,0 ,466 ,5 ,18.69 ,41.31 ,1003.96 ,77.58
23:17:10,0 ,0 ,0 ,466 ,5 ,18.69 ,41.26 ,1003.99 ,77.40
23:17:11,0 ,0 ,0 ,466 ,5 ,18.69 ,41.25 ,1003.97 ,77.58
23:17:12,0 ,0 ,0 ,466 ,5 ,18.69 ,41.26 ,1003.94 ,77.82
23:17:13,0 ,0 ,0 ,465 ,5 ,18.68 ,41.25 ,1003.91 ,78.05
23:17:14,0 ,0 ,0 ,466 ,5 ,18.69 ,41.24 ,1003.95 ,77.76
23:17:15,0 ,0 ,0 ,466 ,5 ,18.68 ,41.25 ,1003.93 ,77.89
23:17:17,0 ,0 ,0 ,466 ,5 ,18.68 ,41.26 ,1003.94 ,77.82
23:17:18,0 ,0 ,0 ,466 ,5 ,18.69 ,41.25 ,1003.94 ,77.77
23:17:19,0 ,0 ,0 ,466 ,5 ,18.69 ,41.26 ,1003.93 ,77.85
23:17:20,0 ,0 ,0 ,466 ,5 ,18.68 ,41.26 ,1003.97 ,77.53
23:17:21,0 ,0 ,0 ,466 ,5 ,18.69 ,41.28 ,1003.95 ,77.69
23:17:22,0 ,0 ,0 ,465 ,5 ,18.69 ,41.26 ,1003.94 ,77.80
23:17:24,0 ,0 ,0 ,465 ,5 ,18.69 ,41.26 ,1003.94 ,77.84
23:17:25,0 ,0 ,0 ,466 ,5 ,18.69 ,41.30 ,1003.95 ,77.75
23:17:26,0 ,0 ,0 ,465 ,5 ,18.69 ,41.28 ,1003.95 ,77.72
23:17:27,0 ,0 ,0 ,465 ,5 ,18.68 ,41.26 ,1003.97 ,77.53
23:17:28,0 ,0 ,0 ,465 ,5 ,18.69 ,41.28 ,1003.96 ,77.64
23:17:29,0 ,0 ,0 ,465 ,5 ,18.69 ,41.28 ,1003.97 ,77.58
23:17:31,0 ,0 ,0 ,465 ,5 ,18.68 ,41.29 ,1003.94 ,77.79
23:17:32,0 ,0 ,0 ,465 ,5 ,18.68 ,41.30 ,1003.95 ,77.72
23:17:33,0 ,0 ,0 ,464 ,5 ,18.69 ,41.29 ,1003.95 ,77.70
23:17:34,0 ,0 ,0 ,464 ,5 ,18.69 ,41.29 ,1003.95 ,77.72
23:17:35,0 ,0 ,0 ,464 ,5 ,18.69 ,41.34 ,1003.93 ,77.92
23:17:36,0 ,0 ,0 ,463 ,5 ,18.68 ,41.28 ,1003.92 ,77.95
23:17:38,0 ,0 ,0 ,463 ,5 ,18.68 ,41.30 ,1003.92 ,77.97
23:17:39,0 ,0 ,0 ,463 ,5 ,18.68 ,41.29 ,1003.93 ,77.89
23:17:40,0 ,0 ,0 ,463 ,5 ,18.68 ,41.31 ,1003.92 ,77.98
23:17:41,0 ,0 ,0 ,462 ,5 ,18.69 ,41.32 ,1003.98 ,77.46
23:17:42,0 ,0 ,0 ,462 ,5 ,18.69 ,41.30 ,1003.94 ,77.78
23:17:43,0 ,0 ,0 ,462 ,5 ,18.69 ,41.30 ,1003.93 ,77.85
23:18:45,0 ,0 ,0 ,455 ,5 ,18.71 ,41.31 ,1003.97 ,77.58
23:18:46,0 ,0 ,0 ,455 ,5 ,18.72 ,41.31 ,1003.98 ,77.48
23:18:47,0 ,0 ,0 ,455 ,5 ,18.72 ,41.34 ,1003.97 ,77.57
23:18:48,0 ,0 ,0 ,455 ,5 ,18.71 ,41.32 ,1003.95 ,77.71
23:18:49,0 ,0 ,0 ,456 ,5 ,18.72 ,41.35 ,1003.96 ,77.67
23:18:50,0 ,0 ,0 ,456 ,5 ,18.71 ,41.34 ,1003.98 ,77.48
23:18:52,0 ,0 ,0 ,456 ,5 ,18.72 ,41.32 ,1003.99 ,77.37
23:18:53,0 ,0 ,0 ,456 ,5 ,18.72 ,41.36 ,1003.97 ,77.55
23:18:54,0 ,0 ,0 ,456 ,5 ,18.72 ,41.35 ,1003.95 ,77.70
23:18:55,0 ,0 ,0 ,456 ,5 ,18.72 ,41.33 ,1003.97 ,77.55
23:18:56,0 ,0 ,0 ,456 ,5 ,18.72 ,41.33 ,1003.99 ,77.42
23:18:58,0 ,0 ,0 ,456 ,5 ,18.72 ,41.34 ,1003.95 ,77.74
23:18:59,0 ,0 ,0 ,456 ,5 ,18.72 ,41.35 ,1003.92 ,77.97
23:19:00,0 ,0 ,0 ,456 ,5 ,18.72 ,41.34 ,1003.95 ,77.73
23:19:01,0 ,0 ,0 ,456 ,5 ,18.72 ,41.35 ,1003.94 ,77.76
23:19:02,0 ,0 ,0 ,456 ,5 ,18.72 ,41.34 ,1003.92 ,77.93
23:19:03,0 ,0 ,0 ,456 ,5 ,18.72 ,41.34 ,1003.93 ,77.90
23:19:05,0 ,0 ,0 ,456 ,5 ,18.73 ,41.34 ,1003.94 ,77.83
23:19:06,0 ,0 ,0 ,456 ,5 ,18.73 ,41.34 ,1003.95 ,77.70
23:19:07,0 ,0 ,0 ,456 ,5 ,18.73 ,41.35 ,1003.97 ,77.56
23:19:08,0 ,0 ,0 ,456 ,5 ,18.72 ,41.31 ,1003.92 ,77.97
23:19:09,0 ,0 ,0 ,456 ,5 ,18.72 ,41.34 ,1003.95 ,77.75
23:19:10,0 ,0 ,0 ,456 ,5 ,18.72 ,41.34 ,1003.97 ,77.54
23:19:12,0 ,0 ,0 ,456 ,5 ,18.72 ,41.31 ,1003.96 ,77.65
23:19:13,0 ,0 ,0 ,456 ,5 ,18.72 ,41.30 ,1003.92 ,77.93
23:19:14,0 ,0 ,0 ,456 ,5 ,18.72 ,41.33 ,1003.95 ,77.68
23:19:15,0 ,0 ,0 ,456 ,5 ,18.73 ,41.31 ,1003.95 ,77.71
23:19:16,0 ,0 ,0 ,456 ,5 ,18.73 ,41.34 ,1003.97 ,77.58
23:19:17,0 ,0 ,0 ,456 ,5 ,18.73 ,41.35 ,1003.98 ,77.44
23:19:19,0 ,0 ,0 ,456 ,5 ,18.72 ,41.35 ,1003.95 ,77.70
23:19:20,0 ,0 ,0 ,456 ,5 ,18.73 ,41.35 ,1003.95 ,77.72
23:19:21,0 ,0 ,0 ,457 ,5 ,18.73 ,41.35 ,1003.96 ,77.66
23:19:22,0 ,0 ,0 ,457 ,5 ,18.73 ,41.31 ,1003.95 ,77.71
23:19:23,0 ,0 ,0 ,457 ,5 ,18.72 ,41.30 ,1003.97 ,77.58
23:19:24,0 ,0 ,0 ,457 ,5 ,18.72 ,41.33 ,1003.94 ,77.78
23:19:26,0 ,0 ,0 ,457 ,5 ,18.73 ,41.30 ,1003.96 ,77.62
23:19:27,0 ,0 ,0 ,457 ,5 ,18.72 ,41.34 ,1003.99 ,77.42
23:19:28,0 ,0 ,0 ,457 ,5 ,18.73 ,41.35 ,1003.97 ,77.49
23:19:29,0 ,0 ,0 ,457 ,5 ,18.72 ,41.31 ,1003.96 ,77.65
23:19:30,0 ,0 ,0 ,458 ,5 ,18.72 ,41.33 ,1003.91 ,78.08
23:19:31,0 ,0 ,0 ,458 ,5 ,18.72 ,41.33 ,1003.94 ,77.78
23:19:33,0 ,0 ,0 ,458 ,5 ,18.72 ,41.33 ,1003.92 ,77.95
23:19:34,0 ,0 ,0 ,458 ,5 ,18.72 ,41.33 ,1003.93 ,77.92
23:19:35,0 ,0 ,0 ,458 ,5 ,18.72 ,41.31 ,1003.97 ,77.58
23:19:36,0 ,0 ,0 ,458 ,5 ,18.72 ,41.31 ,1003.96 ,77.65
23:19:37,0 ,0 ,0 ,458 ,5 ,18.73 ,41.30 ,1004.00 ,77.31
23:19:38,0 ,0 ,0 ,458 ,5 ,18.72 ,41.30 ,1003.99 ,77.41
23:19:40,0 ,0 ,0 ,458 ,5 ,18.72 ,41.30 ,1003.94 ,77.78
23:19:41,0 ,0 ,0 ,458 ,5 ,18.72 ,41.31 ,1003.98 ,77.50
23:19:42,0 ,0 ,0 ,458 ,5 ,18.72 ,41.31 ,1003.97 ,77.58
23:19:43,0 ,0 ,0 ,458 ,5 ,18.72 ,41.30 ,1003.95 ,77.73
23:19:44,0 ,0 ,0 ,458 ,5 ,18.72 ,41.30 ,1003.95 ,77.73
23:19:45,0 ,0 ,0 ,458 ,5 ,18.72 ,41.31 ,1003.94 ,77.76
23:19:47,0 ,0 ,0 ,458 ,5 ,18.72 ,41.31 ,1003.94 ,77.77
23:19:48,0 ,0 ,0 ,458 ,5 ,18.73 ,41.33 ,1003.94 ,77.79
23:19:49,0 ,0 ,0 ,458 ,5 ,18.73 ,41.33 ,1003.92 ,77.95
23:19:50,0 ,0 ,0 ,459 ,5 ,18.73 ,41.33 ,1003.99 ,77.40
23:19:51,0 ,0 ,0 ,458 ,5 ,18.73 ,41.33 ,1003.95 ,77.75
23:19:52,0 ,0 ,0 ,459 ,5 ,18.72 ,41.33 ,1003.91 ,78.03
23:19:54,0 ,0 ,0 ,459 ,5 ,18.72 ,41.31 ,1003.92 ,77.99
23:19:55,0 ,0 ,0 ,459 ,5 ,18.72 ,41.31 ,1003.93 ,77.85
23:19:56,0 ,0 ,0 ,459 ,5 ,18.73 ,41.31 ,1003.91 ,78.03
23:19:57,0 ,0 ,0 ,459 ,5 ,18.72 ,41.29 ,1003.93 ,77.90
23:19:58,0 ,0 ,0 ,459 ,5 ,18.72 ,41.31 ,1003.93 ,77.92
23:19:59,0 ,0 ,0 ,459 ,5 ,18.72 ,41.31 ,1003.93 ,77.86
23:20:01,0 ,0 ,0 ,460 ,5 ,18.72 ,41.31 ,1003.91 ,78.09
23:20:02,0 ,0 ,0 ,460 ,5 ,18.73 ,41.31 ,1003.91 ,78.04
23:20:03,0 ,0 ,0 ,460 ,5 ,18.73 ,41.31 ,1003.93 ,77.88
23:20:04,0 ,0 ,0 ,460 ,5 ,18.73 ,41.31 ,1003.94 ,77.84
23:20:05,0 ,0 ,0 ,460 ,5 ,18.73 ,41.31 ,1003.96 ,77.65
23:20:06,0 ,0 ,0 ,460 ,5 ,18.73 ,41.30 ,1003.91 ,78.03
23:20:08,0 ,0 ,0 ,461 ,5 ,18.73 ,41.31 ,1003.96 ,77.62
23:20:09,0 ,0 ,0 ,461 ,5 ,18.73 ,41.30 ,1003.92 ,77.94
23:20:10,0 ,0 ,0 ,461 ,5 ,18.73 ,41.34 ,1003.94 ,77.80
23:20:11,0 ,0 ,0 ,461 ,5 ,18.73 ,41.33 ,1003.94 ,77.79
23:20:12,0 ,0 ,0 ,461 ,5 ,18.73 ,41.31 ,1003.97 ,77.55
23:20:13,0 ,0 ,0 ,461 ,5 ,18.73 ,41.31 ,1003.94 ,77.82
23:20:15,0 ,0 ,0 ,461 ,5 ,18.73 ,41.33 ,1003.94 ,77.79
23:20:16,0 ,0 ,0 ,461 ,5 ,18.72 ,41.31 ,1003.94 ,77.82
23:20:17,0 ,0 ,0 ,461 ,5 ,18.72 ,41.30 ,1003.95 ,77.75
23:20:18,0 ,0 ,0 ,461 ,5 ,18.72 ,41.31 ,1003.97 ,77.51
23:20:19,0 ,0 ,0 ,461 ,5 ,18.72 ,41.30 ,1003.95 ,77.72
23:20:20,0 ,0 ,0 ,461 ,5 ,18.72 ,41.30 ,1003.94 ,77.77
23:20:22,0 ,0 ,0 ,461 ,5 ,18.72 ,41.33 ,1003.94 ,77.76
23:20:23,0 ,0 ,0 ,461 ,5 ,18.72 ,41.31 ,1003.97 ,77.59
23:20:24,0 ,0 ,0 ,461 ,5 ,18.72 ,41.33 ,1003.95 ,77.72
23:20:25,0 ,0 ,0 ,461 ,5 ,18.72 ,41.33 ,1003.96 ,77.60
23:20:26,0 ,0 ,0 ,461 ,5 ,18.73 ,41.31 ,1003.96 ,77.63
23:20:27,0 ,0 ,0 ,461 ,5 ,18.72 ,41.35 ,1003.94 ,77.69
23:20:29,0 ,0 ,0 ,461 ,5 ,18.72 ,41.31 ,1003.94 ,77.83
23:20:30,0 ,0 ,0 ,460 ,5 ,18.72 ,41.33 ,1003.96 ,77.66
23:20:31,0 ,0 ,0 ,460 ,5 ,18.73 ,41.33 ,1003.92 ,77.97
23:20:32,0 ,0 ,0 ,460 ,5 ,18.73 ,41.34 ,1003.94 ,77.78
23:20:33,0 ,0 ,0 ,460 ,5 ,18.73 ,41.34 ,1003.94 ,77.76
23:20:34,0 ,0 ,0 ,460 ,5 ,18.73 ,41.35 ,1003.96 ,77.66
23:20:36,0 ,0 ,0 ,460 ,5 ,18.72 ,41.36 ,1003.95 ,77.72
23:20:37,0 ,0 ,0 ,460 ,5 ,18.73 ,41.36 ,1003.95 ,77.71
23:20:38,0 ,0 ,0 ,460 ,5 ,18.72 ,41.35 ,1003.93 ,77.90
23:20:39,0 ,0 ,0 ,460 ,5 ,18.72 ,41.36 ,1003.94 ,77.84
23:20:40,0 ,0 ,0 ,460 ,5 ,18.72 ,41.36 ,1003.94 ,77.80
23:20:41,0 ,0 ,0 ,460 ,5 ,18.73 ,41.35 ,1003.98 ,77.46
23:21:43,0 ,0 ,0 ,459 ,5 ,18.74 ,41.36 ,1003.92 ,78.00
23:21:44,0 ,0 ,0 ,459 ,5 ,18.75 ,41.37 ,1003.98 ,77.50
23:21:45,0 ,0 ,0 ,459 ,5 ,18.74 ,41.36 ,1003.93 ,77.89
23:21:46,0 ,0 ,0 ,459 ,5 ,18.74 ,41.37 ,1003.98 ,77.51
23:21:47,0 ,0 ,0 ,459 ,5 ,18.74 ,41.38 ,1003.93 ,77.91
23:21:48,0 ,0 ,0 ,459 ,5 ,18.73 ,41.37 ,1003.93 ,77.87
23:21:50,0 ,0 ,0 ,459 ,5 ,18.74 ,41.40 ,1003.96 ,77.66
23:21:51,0 ,0 ,0 ,459 ,5 ,18.74 ,41.38 ,1003.98 ,77.45
23:21:52,0 ,0 ,0 ,460 ,5 ,18.74 ,41.38 ,1003.96 ,77.61
23:21:53,0 ,0 ,0 ,460 ,5 ,18.74 ,41.40 ,1003.94 ,77.84
23:21:54,0 ,0 ,0 ,460 ,5 ,18.75 ,41.38 ,1003.93 ,77.89
23:21:55,0 ,0 ,0 ,460 ,5 ,18.75 ,41.40 ,1003.96 ,77.62
23:21:57,0 ,0 ,0 ,460 ,5 ,18.74 ,41.38 ,1003.95 ,77.70
23:21:58,0 ,0 ,0 ,460 ,5 ,18.74 ,41.42 ,1003.98 ,77.49
23:21:59,0 ,0 ,0 ,460 ,5 ,18.75 ,41.40 ,1003.95 ,77.75
23:22:00,0 ,0 ,0 ,459 ,5 ,18.75 ,41.41 ,1003.97 ,77.51
23:22:01,0 ,0 ,0 ,459 ,5 ,18.75 ,41.38 ,1003.93 ,77.90
23:22:02,0 ,0 ,0 ,459 ,5 ,18.75 ,41.42 ,1003.92 ,77.99
23:22:04,0 ,0 ,0 ,459 ,5 ,18.76 ,41.42 ,1003.95 ,77.74
23:22:05,0 ,0 ,0 ,460 ,5 ,18.75 ,41.42 ,1003.98 ,77.49
23:22:06,0 ,0 ,0 ,460 ,5 ,18.75 ,41.42 ,1003.97 ,77.53
23:22:07,0 ,0 ,0 ,460 ,5 ,18.75 ,41.41 ,1003.94 ,77.81
23:22:08,0 ,0 ,0 ,460 ,5 ,18.75 ,41.41 ,1003.92 ,78.01
23:22:09,0 ,0 ,0 ,460 ,5 ,18.76 ,41.42 ,1003.95 ,77.71
23:22:11,0 ,0 ,0 ,460 ,5 ,18.76 ,41.42 ,1003.95 ,77.70
23:22:12,0 ,0 ,0 ,460 ,5 ,18.76 ,41.42 ,1003.94 ,77.82
23:22:13,0 ,0 ,0 ,460 ,5 ,18.76 ,41.41 ,1003.96 ,77.67
23:22:14,0 ,0 ,0 ,461 ,5 ,18.76 ,41.41 ,1003.98 ,77.48
23:22:15,0 ,0 ,0 ,461 ,5 ,18.76 ,41.42 ,1003.96 ,77.61
23:22:16,0 ,0 ,0 ,461 ,5 ,18.76 ,41.42 ,1003.97 ,77.55
23:22:18,0 ,0 ,0 ,461 ,5 ,18.76 ,41.42 ,1003.96 ,77.61
23:22:19,0 ,0 ,0 ,461 ,5 ,18.76 ,41.43 ,1003.93 ,77.84
23:22:20,0 ,0 ,0 ,461 ,5 ,18.77 ,41.46 ,1003.94 ,77.80
23:22:21,0 ,0 ,0 ,461 ,5 ,18.77 ,41.43 ,1003.96 ,77.62
23:22:22,0 ,0 ,0 ,461 ,5 ,18.76 ,41.40 ,1003.94 ,77.79
23:22:23,0 ,0 ,0 ,461 ,5 ,18.76 ,41.41 ,1003.96 ,77.60
23:22:25,0 ,0 ,0 ,461 ,5 ,18.76 ,41.37 ,1003.97 ,77.58
23:22:26,0 ,0 ,0 ,461 ,5 ,18.76 ,41.37 ,1003.95 ,77.72
23:22:27,0 ,0 ,0 ,461 ,5 ,18.77 ,41.37 ,1003.95 ,77.76
23:22:28,0 ,0 ,0 ,461 ,5 ,18.77 ,41.33 ,1003.96 ,77.66
23:22:29,0 ,0 ,0 ,461 ,5 ,18.77 ,41.36 ,1003.97 ,77.57
23:22:30,0 ,0 ,0 ,461 ,5 ,18.76 ,41.37 ,1003.97 ,77.53
23:22:32,0 ,0 ,0 ,461 ,5 ,18.77 ,41.35 ,1003.94 ,77.79
23:22:33,0 ,0 ,0 ,461 ,5 ,18.77 ,41.36 ,1003.93 ,77.86
23:22:34,0 ,0 ,0 ,462 ,5 ,18.76 ,41.36 ,1003.95 ,77.70
23:22:35,0 ,0 ,0 ,462 ,5 ,18.76 ,41.36 ,1003.96 ,77.67
23:22:36,0 ,0 ,0 ,462 ,5 ,18.77 ,41.36 ,1003.95 ,77.76
23:22:37,0 ,0 ,0 ,462 ,5 ,18.77 ,41.40 ,1003.98 ,77.46
23:22:39,0 ,0 ,0 ,462 ,5 ,18.76 ,41.37 ,1003.96 ,77.65
23:22:40,0 ,0 ,0 ,462 ,5 ,18.76 ,41.40 ,1003.94 ,77.78
23:22:41,0 ,0 ,0 ,462 ,5 ,18.76 ,41.39 ,1003.95 ,77.70
23:22:42,0 ,0 ,0 ,462 ,5 ,18.76 ,41.37 ,1003.93 ,77.86
23:22:43,0 ,0 ,0 ,462 ,5 ,18.76 ,41.37 ,1003.97 ,77.52
23:22:44,0 ,0 ,0 ,462 ,5 ,18.77 ,41.35 ,1003.97 ,77.70
23:22:46,0 ,0 ,0 ,462 ,5 ,18.76 ,41.37 ,1003.93 ,77.88
23:22:47,0 ,0 ,0 ,462 ,5 ,18.76 ,41.37 ,1003.96 ,77.67
23:22:48,0 ,0 ,0 ,462 ,5 ,18.75 ,41.37 ,1003.93 ,77.92
23:22:49,0 ,0 ,0 ,462 ,5 ,18.75 ,41.39 ,1003.97 ,77.55
23:22:50,0 ,0 ,0 ,462 ,5 ,18.75 ,41.38 ,1003.93 ,77.90
23:22:51,0 ,0 ,0 ,462 ,5 ,18.76 ,41.39 ,1003.92 ,78.00
23:22:53,0 ,0 ,0 ,462 ,5 ,18.76 ,41.41 ,1003.92 ,77.94
23:22:54,0 ,0 ,0 ,462 ,5 ,18.76 ,41.40 ,1003.93 ,77.90
23:22:55,0 ,0 ,0 ,462 ,5 ,18.76 ,41.39 ,1003.95 ,77.75
23:22:56,0 ,0 ,0 ,462 ,5 ,18.76 ,41.42 ,1003.92 ,77.94
23:22:57,0 ,0 ,0 ,462 ,5 ,18.76 ,41.40 ,1003.96 ,77.64
23:22:58,0 ,0 ,0 ,463 ,5 ,18.76 ,41.39 ,1003.90 ,78.15
23:23:00,0 ,0 ,0 ,463 ,5 ,18.76 ,41.41 ,1003.93 ,77.89
23:23:01,0 ,0 ,0 ,463 ,5 ,18.76 ,41.39 ,1003.93 ,77.87
23:23:02,0 ,0 ,0 ,463 ,5 ,18.76 ,41.39 ,1003.94 ,77.82
23:23:03,0 ,0 ,0 ,463 ,5 ,18.76 ,41.41 ,1003.96 ,77.64
23:23:04,0 ,0 ,0 ,463 ,5 ,18.77 ,41.39 ,1003.94 ,77.80
23:23:05,0 ,0 ,0 ,463 ,5 ,18.76 ,41.41 ,1003.95 ,77.70
23:23:07,0 ,0 ,0 ,463 ,5 ,18.76 ,41.40 ,1003.94 ,77.79
23:23:08,0 ,0 ,0 ,463 ,5 ,18.76 ,41.40 ,1003.94 ,77.83
23:23:09,0 ,0 ,0 ,463 ,5 ,18.76 ,41.40 ,1003.92 ,77.95
23:23:10,0 ,0 ,0 ,463 ,5 ,18.76 ,41.40 ,1003.95 ,77.76
23:23:11,0 ,0 ,0 ,463 ,5 ,18.76 ,41.39 ,1003.93 ,77.92
23:23:12,0 ,0 ,0 ,463 ,5 ,18.76 ,41.39 ,1003.95 ,77.71
23:23:14,0 ,0 ,0 ,463 ,5 ,18.76 ,41.39 ,1003.93 ,77.87
23:23:15,0 ,0 ,0 ,464 ,5 ,18.76 ,41.39 ,1003.95 ,77.74
23:23:16,0 ,0 ,0 ,463 ,5 ,18.76 ,41.41 ,1003.95 ,77.71
23:23:17,0 ,0 ,0 ,463 ,5 ,18.76 ,41.41 ,1003.94 ,77.78
23:23:18,0 ,0 ,0 ,464 ,5 ,18.76 ,41.42 ,1003.94 ,77.80
23:23:19,0 ,0 ,0 ,464 ,5 ,18.76 ,41.42 ,1003.98 ,77.44
23:23:21,0 ,0 ,0 ,464 ,5 ,18.76 ,41.40 ,1003.98 ,77.43
23:23:22,0 ,0 ,0 ,464 ,5 ,18.76 ,41.40 ,1003.94 ,77.78
23:23:23,0 ,0 ,0 ,464 ,5 ,18.76 ,41.37 ,1003.94 ,77.80
23:23:24,0 ,0 ,0 ,464 ,5 ,18.75 ,41.38 ,1003.90 ,78.14
23:23:25,0 ,0 ,0 ,464 ,5 ,18.76 ,41.37 ,1003.93 ,77.93
23:23:26,0 ,0 ,0 ,464 ,5 ,18.76 ,41.39 ,1003.93 ,77.91
23:23:28,0 ,0 ,0 ,464 ,5 ,18.76 ,41.39 ,1003.95 ,77.71
23:23:29,0 ,0 ,0 ,464 ,5 ,18.76 ,41.40 ,1003.96 ,77.63
23:23:30,0 ,0 ,0 ,464 ,5 ,18.76 ,41.41 ,1003.93 ,77.92
23:23:31,0 ,0 ,0 ,464 ,5 ,18.76 ,41.41 ,1003.95 ,77.72
23:23:32,0 ,0 ,0 ,464 ,5 ,18.76 ,41.41 ,1003.94 ,77.78
23:23:33,0 ,0 ,0 ,464 ,5 ,18.76 ,41.40 ,1003.96 ,77.60
23:23:35,0 ,0 ,0 ,465 ,5 ,18.76 ,41.40 ,1003.92 ,77.98
23:23:36,0 ,0 ,0 ,465 ,5 ,18.76 ,41.40 ,1003.95 ,77.68
23:23:37,0 ,0 ,0 ,465 ,5 ,18.75 ,41.40 ,1003.91 ,78.05
23:23:38,0 ,0 ,0 ,465 ,5 ,18.76 ,41.41 ,1003.94 ,77.80
23:23:39,0 ,0 ,0 ,465 ,5 ,18.77 ,41.40 ,1003.96 ,77.61
23:24:40,0 ,0 ,0 ,464 ,5 ,18.77 ,41.39 ,1003.98 ,77.46
23:24:42,0 ,0 ,0 ,464 ,5 ,18.78 ,41.40 ,1003.96 ,77.60
23:24:43,0 ,0 ,0 ,464 ,5 ,18.78 ,41.40 ,1003.98 ,77.47
23:24:44,0 ,0 ,0 ,464 ,5 ,18.78 ,41.40 ,1003.98 ,77.49
23:24:45,0 ,0 ,0 ,464 ,5 ,18.78 ,41.40 ,1003.95 ,77.73
23:24:46,0 ,0 ,0 ,464 ,5 ,18.77 ,41.36 ,1003.99 ,77.41
23:24:47,0 ,0 ,0 ,464 ,5 ,18.77 ,41.42 ,1003.97 ,77.55
23:24:49,0 ,0 ,0 ,464 ,5 ,18.78 ,41.43 ,1003.96 ,77.63
23:24:50,0 ,0 ,0 ,464 ,5 ,18.78 ,41.42 ,1003.95 ,77.74
23:24:51,0 ,0 ,0 ,464 ,5 ,18.78 ,41.40 ,1003.96 ,77.68
23:24:52,0 ,0 ,0 ,464 ,5 ,18.78 ,41.40 ,1003.96 ,77.62
23:24:53,0 ,0 ,0 ,464 ,5 ,18.78 ,41.43 ,1003.95 ,77.71
23:24:54,0 ,0 ,0 ,464 ,5 ,18.77 ,41.42 ,1003.91 ,78.07
23:24:56,0 ,0 ,0 ,464 ,5 ,18.77 ,41.42 ,1003.94 ,77.77
23:24:57,0 ,0 ,0 ,464 ,5 ,18.77 ,41.42 ,1003.95 ,77.75
23:24:58,0 ,0 ,0 ,464 ,5 ,18.78 ,41.42 ,1003.96 ,77.68
23:24:59,0 ,0 ,0 ,464 ,5 ,18.78 ,41.43 ,1003.97 ,77.58
23:25:00,0 ,0 ,0 ,464 ,5 ,18.78 ,41.43 ,1003.99 ,77.41
23:25:01,0 ,0 ,0 ,464 ,5 ,18.78 ,41.43 ,1003.98 ,77.45
23:25:03,0 ,0 ,0 ,464 ,5 ,18.78 ,41.45 ,1003.96 ,77.64
23:25:04,0 ,0 ,0 ,464 ,5 ,18.78 ,41.45 ,1003.96 ,77.64
23:25:05,0 ,0 ,0 ,464 ,5 ,18.78 ,41.45 ,1003.98 ,77.46
23:25:06,0 ,0 ,0 ,464 ,5 ,18.78 ,41.45 ,1003.96 ,77.64
23:25:07,0 ,0 ,0 ,464 ,5 ,18.78 ,41.45 ,1003.96 ,77.61
23:25:08,0 ,0 ,0 ,463 ,5 ,18.79 ,41.42 ,1003.94 ,77.77
23:25:10,0 ,0 ,0 ,463 ,5 ,18.79 ,41.42 ,1003.94 ,77.77
23:25:11,0 ,0 ,0 ,463 ,5 ,18.78 ,41.41 ,1003.93 ,77.85
23:25:12,0 ,0 ,0 ,464 ,5 ,18.78 ,41.39 ,1003.93 ,77.88
23:25:13,0 ,0 ,0 ,463 ,5 ,18.78 ,41.38 ,1003.93 ,77.88
23:25:14,0 ,0 ,0 ,464 ,5 ,18.78 ,41.38 ,1003.93 ,77.90
23:25:15,0 ,0 ,0 ,464 ,5 ,18.78 ,41.40 ,1003.97 ,77.59
23:25:17,0 ,0 ,0 ,464 ,5 ,18.78 ,41.39 ,1003.96 ,77.51
23:25:18,0 ,0 ,0 ,464 ,5 ,18.79 ,41.38 ,1003.91 ,78.05
23:25:19,0 ,0 ,0 ,464 ,5 ,18.78 ,41.39 ,1003.93 ,77.89
23:25:20,0 ,0 ,0 ,464 ,5 ,18.78 ,41.40 ,1003.97 ,77.54
23:25:21,0 ,0 ,0 ,464 ,5 ,18.78 ,41.41 ,1003.97 ,77.51
23:25:23,0 ,0 ,0 ,463 ,5 ,18.78 ,41.39 ,1003.93 ,77.90
23:25:24,0 ,0 ,0 ,463 ,5 ,18.78 ,41.38 ,1003.98 ,77.51
23:25:25,0 ,0 ,0 ,463 ,5 ,18.78 ,41.39 ,1003.93 ,77.91
23:25:26,0 ,0 ,0 ,463 ,5 ,18.78 ,41.39 ,1003.93 ,77.88
23:25:27,0 ,0 ,0 ,464 ,5 ,18.78 ,41.39 ,1003.91 ,78.04
23:25:28,0 ,0 ,0 ,464 ,5 ,18.78 ,41.41 ,1003.94 ,77.81
23:25:30,0 ,0 ,0 ,463 ,5 ,18.79 ,41.41 ,1003.93 ,77.85
23:25:31,0 ,0 ,0 ,463 ,5 ,18.78 ,41.41 ,1003.93 ,77.89
23:25:32,0 ,0 ,0 ,463 ,5 ,18.78 ,41.40 ,1003.94 ,77.76
23:25:33,0 ,0 ,0 ,463 ,5 ,18.78 ,41.39 ,1003.96 ,77.63
23:25:34,0 ,0 ,0 ,463 ,5 ,18.79 ,41.39 ,1003.93 ,77.85
23:25:35,0 ,0 ,0 ,464 ,5 ,18.79 ,41.39 ,1003.93 ,77.90
23:25:37,0 ,0 ,0 ,463 ,5 ,18.78 ,41.40 ,1003.94 ,77.82
23:25:38,0 ,0 ,0 ,463 ,5 ,18.78 ,41.40 ,1003.95 ,77.72
23:25:39,0 ,0 ,0 ,464 ,5 ,18.79 ,41.40 ,1003.97 ,77.57
23:25:40,0 ,0 ,0 ,464 ,5 ,18.78 ,41.40 ,1003.98 ,77.49
23:25:41,0 ,0 ,0 ,464 ,5 ,18.78 ,41.40 ,1003.98 ,77.45
23:25:42,0 ,0 ,0 ,463 ,5 ,18.78 ,41.40 ,1003.99 ,77.39
23:25:44,0 ,0 ,0 ,463 ,5 ,18.78 ,41.41 ,1003.99 ,77.33
23:25:45,0 ,0 ,0 ,463 ,5 ,18.78 ,41.41 ,1003.97 ,77.54
23:25:46,0 ,0 ,0 ,463 ,5 ,18.78 ,41.41 ,1003.98 ,77.49
23:25:47,0 ,0 ,0 ,464 ,5 ,18.78 ,41.41 ,1003.98 ,77.48
23:25:48,0 ,0 ,0 ,464 ,5 ,18.78 ,41.42 ,1003.94 ,77.76
23:25:49,0 ,0 ,0 ,464 ,5 ,18.78 ,41.43 ,1003.96 ,77.66
23:25:51,0 ,0 ,0 ,464 ,5 ,18.78 ,41.43 ,1003.94 ,77.82
23:25:52,0 ,0 ,0 ,464 ,5 ,18.78 ,41.45 ,1003.98 ,77.51
23:25:53,0 ,0 ,0 ,464 ,5 ,18.78 ,41.46 ,1003.97 ,77.59
23:25:54,0 ,0 ,0 ,464 ,5 ,18.78 ,41.43 ,1003.96 ,77.60
23:25:55,0 ,0 ,0 ,464 ,5 ,18.78 ,41.41 ,1003.94 ,77.78
23:25:56,0 ,0 ,0 ,464 ,5 ,18.78 ,41.41 ,1003.95 ,77.73
23:25:58,0 ,0 ,0 ,464 ,5 ,18.78 ,41.42 ,1003.97 ,77.51
23:25:59,0 ,0 ,0 ,464 ,5 ,18.78 ,41.42 ,1003.95 ,77.71
23:26:00,0 ,0 ,0 ,464 ,5 ,18.78 ,41.42 ,1003.95 ,77.69
23:26:01,0 ,0 ,0 ,464 ,5 ,18.78 ,41.41 ,1003.95 ,77.72
23:26:02,0 ,0 ,0 ,464 ,5 ,18.78 ,41.45 ,1003.94 ,77.78
23:26:03,0 ,0 ,0 ,464 ,5 ,18.78 ,41.42 ,1003.93 ,77.85
23:26:05,0 ,0 ,0 ,464 ,5 ,18.78 ,41.41 ,1003.96 ,77.62
23:26:06,0 ,0 ,0 ,464 ,5 ,18.78 ,41.40 ,1003.95 ,77.68
23:26:07,0 ,0 ,0 ,464 ,5 ,18.78 ,41.42 ,1003.98 ,77.50
23:26:08,0 ,0 ,0 ,464 ,5 ,18.79 ,41.41 ,1003.95 ,77.73
23:26:09,0 ,0 ,0 ,464 ,5 ,18.79 ,41.43 ,1003.94 ,77.77
23:26:10,0 ,0 ,0 ,464 ,5 ,18.79 ,41.42 ,1003.95 ,77.73
23:26:12,0 ,0 ,0 ,464 ,5 ,18.79 ,41.40 ,1003.95 ,77.71
23:26:13,0 ,0 ,0 ,464 ,5 ,18.78 ,41.41 ,1003.92 ,77.97
23:26:14,0 ,0 ,0 ,464 ,5 ,18.78 ,41.40 ,1003.93 ,77.92
23:26:15,0 ,0 ,0 ,464 ,5 ,18.78 ,41.38 ,1003.91 ,77.80
23:26:16,0 ,0 ,0 ,464 ,5 ,18.78 ,41.40 ,1003.92 ,77.97
23:26:17,0 ,0 ,0 ,464 ,5 ,18.78 ,41.42 ,1003.92 ,77.94
23:26:19,0 ,0 ,0 ,464 ,5 ,18.79 ,41.40 ,1003.93 ,77.87
23:26:20,0 ,0 ,0 ,464 ,5 ,18.79 ,41.41 ,1003.95 ,77.70
23:26:21,0 ,0 ,0 ,464 ,5 ,18.78 ,41.41 ,1003.96 ,77.63
23:26:22,0 ,0 ,0 ,464 ,5 ,18.79 ,41.40 ,1003.97 ,77.56
23:26:23,0 ,0 ,0 ,464 ,5 ,18.78 ,41.41 ,1003.96 ,77.62
23:26:24,0 ,0 ,0 ,464 ,5 ,18.78 ,41.41 ,1003.96 ,77.62
23:26:26,0 ,0 ,0 ,464 ,5 ,18.79 ,41.40 ,1003.97 ,77.51
23:26:27,0 ,0 ,0 ,464 ,5 ,18.79 ,41.40 ,1003.97 ,77.52
23:26:28,0 ,0 ,0 ,464 ,5 ,18.79 ,41.41 ,1003.96 ,77.65
23:26:29,0 ,0 ,0 ,464 ,5 ,18.79 ,41.40 ,1003.96 ,77.66
23:26:30,0 ,0 ,0 ,464 ,5 ,18.79 ,41.40 ,1003.98 ,77.47
23:26:31,0 ,0 ,0 ,464 ,5 ,18.79 ,41.42 ,1003.99 ,77.41
23:26:33,0 ,0 ,0 ,464 ,5 ,18.79 ,41.42 ,1003.96 ,77.60
23:26:34,0 ,0 ,0 ,464 ,5 ,18.79 ,41.40 ,1003.96 ,77.61
23:26:35,0 ,0 ,0 ,464 ,5 ,18.79 ,41.39 ,1003.96 ,77.61
23:26:36,0 ,0 ,0 ,464 ,5 ,18.79 ,41.41 ,1003.99 ,77.36
23:26:37,0 ,0 ,0 ,464 ,5 ,18.78 ,41.39 ,1003.94 ,77.83
23:27:38,0 ,0 ,0 ,466 ,5 ,18.80 ,41.42 ,1003.97 ,77.59
23:27:40,0 ,0 ,0 ,466 ,5 ,18.79 ,41.43 ,1003.95 ,77.75
23:27:41,0 ,0 ,0 ,466 ,5 ,18.79 ,41.46 ,1003.95 ,77.65
23:27:42,0 ,0 ,0 ,466 ,5 ,18.80 ,41.45 ,1003.96 ,77.68
23:27:43,0 ,0 ,0 ,466 ,5 ,18.80 ,41.45 ,1003.95 ,77.72
23:27:44,0 ,0 ,0 ,466 ,5 ,18.80 ,41.45 ,1003.95 ,77.71
23:27:45,0 ,0 ,0 ,466 ,5 ,18.80 ,41.46 ,1003.99 ,77.41
23:27:47,0 ,0 ,0 ,466 ,5 ,18.80 ,41.46 ,1003.98 ,77.46
23:27:48,0 ,0 ,0 ,466 ,5 ,18.80 ,41.46 ,1003.96 ,77.68
23:27:49,0 ,0 ,0 ,466 ,5 ,18.80 ,41.47 ,1003.98 ,77.48
23:27:50,0 ,0 ,0 ,466 ,5 ,18.80 ,41.49 ,1003.94 ,77.79
23:27:51,0 ,0 ,0 ,467 ,5 ,18.80 ,41.47 ,1003.97 ,77.53
23:27:52,0 ,0 ,0 ,466 ,5 ,18.79 ,41.47 ,1003.95 ,77.72
23:27:54,0 ,0 ,0 ,466 ,5 ,18.80 ,41.46 ,1003.93 ,77.86
23:27:55,0 ,0 ,0 ,466 ,5 ,18.80 ,41.47 ,1003.95 ,77.73
23:27:56,0 ,0 ,0 ,466 ,5 ,18.80 ,41.45 ,1004.01 ,77.24
23:27:57,0 ,0 ,0 ,466 ,5 ,18.80 ,41.45 ,1003.97 ,77.52
23:27:58,0 ,0 ,0 ,466 ,5 ,18.80 ,41.44 ,1004.01 ,77.21
23:27:59,0 ,0 ,0 ,466 ,5 ,18.80 ,41.45 ,1003.95 ,77.72
23:28:01,0 ,0 ,0 ,467 ,5 ,18.80 ,41.45 ,1003.95 ,77.72
23:28:02,0 ,0 ,0 ,467 ,5 ,18.79 ,41.43 ,1003.94 ,77.79
23:28:03,0 ,0 ,0 ,467 ,5 ,18.80 ,41.44 ,1003.98 ,77.48
23:28:04,0 ,0 ,0 ,466 ,5 ,18.79 ,41.43 ,1004.00 ,77.33
23:28:05,0 ,0 ,0 ,467 ,5 ,18.80 ,41.40 ,1003.96 ,77.54
23:28:06,0 ,0 ,0 ,467 ,5 ,18.80 ,41.42 ,1003.97 ,77.56
23:28:08,0 ,0 ,0 ,466 ,5 ,18.80 ,41.44 ,1003.97 ,77.57
23:28:09,0 ,0 ,0 ,466 ,5 ,18.80 ,41.44 ,1003.99 ,77.37
23:28:10,0 ,0 ,0 ,467 ,5 ,18.80 ,41.44 ,1003.99 ,77.41
23:28:11,0 ,0 ,0 ,467 ,5 ,18.80 ,41.44 ,1003.96 ,77.64
23:28:12,0 ,0 ,0 ,467 ,5 ,18.80 ,41.45 ,1003.96 ,77.65
23:28:13,0 ,0 ,0 ,467 ,5 ,18.81 ,41.44 ,1003.97 ,77.58
23:28:15,0 ,0 ,0 ,466 ,5 ,18.81 ,41.44 ,1003.98 ,77.47
23:28:16,0 ,0 ,0 ,467 ,5 ,18.81 ,41.43 ,1003.97 ,77.56
23:28:17,0 ,0 ,0 ,467 ,5 ,18.80 ,41.44 ,1003.96 ,77.61
23:28:18,0 ,0 ,0 ,467 ,5 ,18.81 ,41.41 ,1003.97 ,77.54
23:28:19,0 ,0 ,0 ,466 ,5 ,18.81 ,41.41 ,1003.97 ,77.54
23:28:20,0 ,0 ,0 ,466 ,5 ,18.81 ,41.43 ,1003.98 ,77.44
23:28:22,0 ,0 ,0 ,466 ,5 ,18.81 ,41.43 ,1003.97 ,77.54
23:28:23,0 ,0 ,0 ,467 ,5 ,18.81 ,41.43 ,1003.98 ,77.49
23:28:24,0 ,0 ,0 ,467 ,5 ,18.81 ,41.43 ,1003.96 ,77.63
23:28:25,0 ,0 ,0 ,467 ,5 ,18.81 ,41.43 ,1003.93 ,77.90
23:28:26,0 ,0 ,0 ,467 ,5 ,18.81 ,41.44 ,1003.93 ,77.92
23:28:27,0 ,0 ,0 ,467 ,5 ,18.81 ,41.38 ,1003.95 ,77.71
23:28:29,0 ,0 ,0 ,467 ,5 ,18.80 ,41.41 ,1003.97 ,77.57
23:28:30,0 ,0 ,0 ,467 ,5 ,18.81 ,41.41 ,1003.96 ,77.65
23:28:31,0 ,0 ,0 ,467 ,5 ,18.81 ,41.40 ,1003.98 ,77.45
23:28:32,0 ,0 ,0 ,467 ,5 ,18.81 ,41.40 ,1003.97 ,77.59
23:28:33,0 ,0 ,0 ,467 ,5 ,18.81 ,41.43 ,1003.97 ,77.51
23:28:34,0 ,0 ,0 ,467 ,5 ,18.81 ,41.40 ,1003.97 ,77.54
23:28:36,0 ,0 ,0 ,467 ,5 ,18.81 ,41.41 ,1003.99 ,77.42
23:28:37,0 ,0 ,0 ,467 ,5 ,18.81 ,41.40 ,1003.97 ,77.55
23:28:38,0 ,0 ,0 ,467 ,5 ,18.81 ,41.40 ,1003.95 ,77.68
23:28:39,0 ,0 ,0 ,467 ,5 ,18.81 ,41.43 ,1003.99 ,77.36
23:28:40,0 ,0 ,0 ,467 ,5 ,18.81 ,41.44 ,1003.98 ,77.51
23:28:41,0 ,0 ,0 ,467 ,5 ,18.82 ,41.43 ,1003.97 ,77.55
23:28:43,0 ,0 ,0 ,467 ,5 ,18.82 ,41.42 ,1003.96 ,77.60
23:28:44,0 ,0 ,0 ,467 ,5 ,18.82 ,41.40 ,1003.95 ,77.69
23:28:45,0 ,0 ,0 ,467 ,5 ,18.82 ,41.42 ,1003.97 ,77.52
23:28:46,0 ,0 ,0 ,468 ,5 ,18.82 ,41.40 ,1003.97 ,77.59
23:28:47,0 ,0 ,0 ,467 ,5 ,18.83 ,41.40 ,1003.97 ,77.58
23:28:48,0 ,0 ,0 ,468 ,5 ,18.83 ,41.44 ,1003.95 ,77.73
23:28:50,0 ,0 ,0 ,468 ,5 ,18.83 ,41.43 ,1003.97 ,77.54
23:28:51,0 ,0 ,0 ,468 ,5 ,18.83 ,41.40 ,1003.95 ,77.73
23:28:52,0 ,0 ,0 ,468 ,5 ,18.83 ,41.40 ,1003.95 ,77.72
23:28:53,0 ,0 ,0 ,467 ,5 ,18.83 ,41.38 ,1003.97 ,77.53
23:28:54,0 ,0 ,0 ,467 ,5 ,18.83 ,41.38 ,1003.96 ,77.60
23:28:55,0 ,0 ,0 ,467 ,5 ,18.83 ,41.37 ,1003.95 ,77.71
23:28:57,0 ,0 ,0 ,468 ,5 ,18.83 ,41.37 ,1003.97 ,77.58
23:28:58,0 ,0 ,0 ,468 ,5 ,18.83 ,41.33 ,1003.94 ,77.80
23:28:59,0 ,0 ,0 ,468 ,5 ,18.83 ,41.36 ,1003.96 ,77.66
23:29:00,0 ,0 ,0 ,468 ,5 ,18.82 ,41.38 ,1003.96 ,77.66
23:29:01,0 ,0 ,0 ,468 ,5 ,18.82 ,41.37 ,1003.93 ,77.90
23:29:02,0 ,0 ,0 ,467 ,5 ,18.82 ,41.38 ,1003.93 ,77.87
23:29:04,0 ,0 ,0 ,467 ,5 ,18.82 ,41.37 ,1003.97 ,77.56
23:29:05,0 ,0 ,0 ,467 ,5 ,18.83 ,41.37 ,1003.96 ,77.61
23:29:06,0 ,0 ,0 ,467 ,5 ,18.82 ,41.37 ,1003.91 ,78.01
23:29:07,0 ,0 ,0 ,467 ,5 ,18.82 ,41.38 ,1003.96 ,77.67
23:29:08,0 ,0 ,0 ,467 ,5 ,18.83 ,41.37 ,1003.97 ,77.57
23:29:09,0 ,0 ,0 ,467 ,5 ,18.82 ,41.37 ,1003.97 ,77.53
23:29:11,0 ,0 ,0 ,467 ,5 ,18.82 ,41.37 ,1003.92 ,77.93
23:29:12,0 ,0 ,0 ,467 ,5 ,18.82 ,41.37 ,1003.97 ,77.56
23:29:13,0 ,0 ,0 ,467 ,5 ,18.82 ,41.37 ,1003.94 ,77.79
23:29:14,0 ,0 ,0 ,467 ,5 ,18.82 ,41.37 ,1003.94 ,77.77
23:29:15,0 ,0 ,0 ,467 ,5 ,18.82 ,41.38 ,1003.95 ,77.73
23:29:16,0 ,0 ,0 ,467 ,5 ,18.83 ,41.39 ,1003.98 ,77.46
23:29:18,0 ,0 ,0 ,468 ,5 ,18.83 ,41.39 ,1003.98 ,77.48
23:29:19,0 ,0 ,0 ,467 ,5 ,18.82 ,41.40 ,1003.97 ,77.53
23:29:20,0 ,0 ,0 ,467 ,5 ,18.82 ,41.39 ,1003.96 ,77.68
23:29:21,0 ,0 ,0 ,468 ,5 ,18.82 ,41.45 ,1003.95 ,77.77
23:29:22,0 ,0 ,0 ,468 ,5 ,18.82 ,41.40 ,1003.95 ,77.74
23:29:23,0 ,0 ,0 ,468 ,5 ,18.82 ,41.40 ,1003.95 ,77.68
23:29:25,0 ,0 ,0 ,467 ,5 ,18.82 ,41.40 ,1003.93 ,77.88
23:29:26,0 ,0 ,0 ,467 ,5 ,18.82 ,41.40 ,1003.98 ,77.48
23:29:27,0 ,0 ,0 ,467 ,5 ,18.82 ,41.40 ,1003.97 ,77.58
23:29:28,0 ,0 ,0 ,467 ,5 ,18.83 ,41.40 ,1003.96 ,77.63
23:29:29,0 ,0 ,0 ,467 ,5 ,18.82 ,41.40 ,1003.96 ,77.63
23:29:30,0 ,0 ,0 ,467 ,5 ,18.81 ,41.41 ,1003.94 ,77.78
23:29:32,0 ,0 ,0 ,467 ,5 ,18.82 ,41.40 ,1003.96 ,77.62
23:29:33,0 ,0 ,0 ,467 ,5 ,18.82 ,41.40 ,1003.95 ,77.75
23:29:34,0 ,0 ,0 ,468 ,5 ,18.82 ,41.42 ,1003.95 ,77.69
23:29:35,0 ,0 ,0 ,468 ,5 ,18.82 ,41.39 ,1003.95 ,77.69
23:30:36,0 ,0 ,0 ,469 ,5 ,18.82 ,41.40 ,1003.94 ,77.77
23:30:37,0 ,0 ,0 ,469 ,5 ,18.82 ,41.42 ,1003.97 ,77.58
23:30:39,0 ,0 ,0 ,469 ,5 ,18.82 ,41.43 ,1003.94 ,77.77
23:30:40,0 ,0 ,0 ,469 ,5 ,18.82 ,41.45 ,1003.94 ,77.82
23:30:41,0 ,0 ,0 ,469 ,5 ,18.82 ,41.44 ,1003.96 ,77.65
23:30:42,0 ,0 ,0 ,469 ,5 ,18.82 ,41.44 ,1003.96 ,77.60
23:30:43,0 ,0 ,0 ,469 ,5 ,18.82 ,41.44 ,1003.97 ,77.59
23:30:44,0 ,0 ,0 ,469 ,5 ,18.82 ,41.44 ,1003.95 ,77.76
23:30:46,0 ,0 ,0 ,469 ,5 ,18.83 ,41.45 ,1003.97 ,77.58
23:30:47,0 ,0 ,0 ,469 ,5 ,18.83 ,41.46 ,1003.93 ,77.89
23:30:48,0 ,0 ,0 ,469 ,5 ,18.82 ,41.46 ,1003.96 ,77.66
23:30:49,0 ,0 ,0 ,469 ,5 ,18.82 ,41.48 ,1003.92 ,77.94
23:30:50,0 ,0 ,0 ,469 ,5 ,18.82 ,41.47 ,1003.95 ,77.72
23:30:51,0 ,0 ,0 ,470 ,5 ,18.82 ,41.47 ,1003.95 ,77.75
23:30:53,0 ,0 ,0 ,469 ,5 ,18.83 ,41.46 ,1003.94 ,77.82
23:30:54,0 ,0 ,0 ,470 ,5 ,18.83 ,41.45 ,1003.96 ,77.63
23:30:55,0 ,0 ,0 ,470 ,5 ,18.82 ,41.44 ,1003.94 ,77.77
23:30:56,0 ,0 ,0 ,470 ,5 ,18.82 ,41.44 ,1003.95 ,77.70
23:30:57,0 ,0 ,0 ,470 ,5 ,18.83 ,41.45 ,1003.99 ,77.41
23:30:58,0 ,0 ,0 ,470 ,5 ,18.83 ,41.44 ,1003.99 ,77.41
23:31:00,0 ,0 ,0 ,470 ,5 ,18.83 ,41.45 ,1003.98 ,77.51
23:31:01,0 ,0 ,0 ,470 ,5 ,18.83 ,41.46 ,1003.97 ,77.57
23:31:02,0 ,0 ,0 ,470 ,5 ,18.83 ,41.45 ,1003.97 ,77.55
23:31:03,0 ,0 ,0 ,470 ,5 ,18.82 ,41.45 ,1003.97 ,77.56
23:31:04,0 ,0 ,0 ,470 ,5 ,18.83 ,41.45 ,1003.96 ,77.64
23:31:06,0 ,0 ,0 ,470 ,5 ,18.83 ,41.46 ,1003.93 ,77.87
23:31:07,0 ,0 ,0 ,470 ,5 ,18.82 ,41.46 ,1003.98 ,77.45
23:31:08,0 ,0 ,0 ,470 ,5 ,18.83 ,41.45 ,1003.94 ,77.77
23:31:09,0 ,0 ,0 ,470 ,5 ,18.83 ,41.45 ,1003.98 ,77.46
23:31:10,0 ,0 ,0 ,471 ,5 ,18.83 ,41.44 ,1003.95 ,77.76
23:31:11,0 ,0 ,0 ,471 ,5 ,18.83 ,41.44 ,1003.97 ,77.57
23:31:13,0 ,0 ,0 ,471 ,5 ,18.84 ,41.43 ,1004.00 ,77.26
23:31:14,0 ,0 ,0 ,471 ,5 ,18.83 ,41.43 ,1003.98 ,77.49
23:31:15,0 ,0 ,0 ,471 ,5 ,18.82 ,41.42 ,1003.95 ,77.70
23:31:16,0 ,0 ,0 ,471 ,5 ,18.83 ,41.43 ,1003.97 ,77.52
23:31:17,0 ,0 ,0 ,471 ,5 ,18.83 ,41.42 ,1003.97 ,77.58
23:31:18,0 ,0 ,0 ,471 ,5 ,18.82 ,41.42 ,1003.98 ,77.49
23:31:20,0 ,0 ,0 ,471 ,5 ,18.83 ,41.44 ,1003.98 ,77.44
23:31:21,0 ,0 ,0 ,471 ,5 ,18.82 ,41.42 ,1003.99 ,77.40
23:31:22,0 ,0 ,0 ,471 ,5 ,18.83 ,41.42 ,1003.99 ,77.41
23:31:23,0 ,0 ,0 ,471 ,5 ,18.83 ,41.43 ,1003.99 ,77.40
23:31:24,0 ,0 ,0 ,471 ,5 ,18.83 ,41.43 ,1003.98 ,77.46
23:31:25,0 ,0 ,0 ,471 ,5 ,18.82 ,41.44 ,1003.99 ,77.42
23:31:27,0 ,0 ,0 ,471 ,5 ,18.83 ,41.44 ,1003.99 ,77.41
23:31:28,0 ,0 ,0 ,471 ,5 ,18.83 ,41.45 ,1004.01 ,77.22
23:31:29,0 ,0 ,0 ,471 ,5 ,18.83 ,41.44 ,1003.99 ,77.39
23:31:30,0 ,0 ,0 ,471 ,5 ,18.83 ,41.42 ,1003.98 ,77.51
23:31:31,0 ,0 ,0 ,471 ,5 ,18.82 ,41.42 ,1003.99 ,77.42
23:31:32,0 ,0 ,0 ,471 ,5 ,18.83 ,41.43 ,1003.96 ,77.63
23:31:34,0 ,0 ,0 ,471 ,5 ,18.83 ,41.44 ,1003.96 ,77.63
23:31:35,0 ,0 ,0 ,471 ,5 ,18.83 ,41.44 ,1003.98 ,77.50
23:31:36,0 ,0 ,0 ,471 ,5 ,18.82 ,41.45 ,1003.99 ,77.42
23:31:37,0 ,0 ,0 ,471 ,5 ,18.83 ,41.44 ,1003.99 ,77.38
23:31:38,0 ,0 ,0 ,471 ,5 ,18.82 ,41.44 ,1003.95 ,77.73
23:31:39,0 ,0 ,0 ,471 ,5 ,18.83 ,41.43 ,1003.99 ,77.41
23:31:41,0 ,0 ,0 ,471 ,5 ,18.82 ,41.44 ,1003.98 ,77.43
23:31:42,0 ,0 ,0 ,471 ,5 ,18.82 ,41.44 ,1004.00 ,77.29
23:31:43,0 ,0 ,0 ,471 ,5 ,18.82 ,41.46 ,1003.96 ,77.67
23:31:44,0 ,0 ,0 ,471 ,5 ,18.83 ,41.43 ,1003.96 ,77.61
23:31:45,0 ,0 ,0 ,471 ,5 ,18.83 ,41.42 ,1003.96 ,77.68
23:31:46,0 ,0 ,0 ,471 ,5 ,18.83 ,41.44 ,1003.97 ,77.57
23:31:48,0 ,0 ,0 ,471 ,5 ,18.83 ,41.45 ,1003.93 ,77.89
23:31:49,0 ,0 ,0 ,471 ,5 ,18.83 ,41.44 ,1003.97 ,77.58
23:31:50,0 ,0 ,0 ,471 ,5 ,18.83 ,41.46 ,1003.99 ,77.41
23:31:51,0 ,0 ,0 ,471 ,5 ,18.82 ,41.46 ,1003.95 ,77.75
23:31:52,0 ,0 ,0 ,471 ,5 ,18.82 ,41.46 ,1003.99 ,77.42
23:31:53,0 ,0 ,0 ,471 ,5 ,18.82 ,41.47 ,1003.98 ,77.44
23:31:55,0 ,0 ,0 ,471 ,5 ,18.83 ,41.45 ,1003.98 ,77.44
23:31:56,0 ,0 ,0 ,471 ,5 ,18.83 ,41.45 ,1003.99 ,77.36
23:31:57,0 ,0 ,0 ,471 ,5 ,18.83 ,41.46 ,1003.97 ,77.56
23:31:58,0 ,0 ,0 ,471 ,5 ,18.83 ,41.46 ,1003.99 ,77.36
23:31:59,0 ,0 ,0 ,471 ,5 ,18.83 ,41.47 ,1003.97 ,77.55
23:32:00,0 ,0 ,0 ,471 ,5 ,18.82 ,41.48 ,1003.99 ,77.34
23:32:02,0 ,0 ,0 ,471 ,5 ,18.82 ,41.48 ,1003.97 ,77.58
23:32:03,0 ,0 ,0 ,471 ,5 ,18.83 ,41.49 ,1004.00 ,77.26
23:32:04,0 ,0 ,0 ,471 ,5 ,18.83 ,41.47 ,1003.97 ,77.55
23:32:05,0 ,0 ,0 ,471 ,5 ,18.83 ,41.49 ,1003.97 ,77.58
23:32:06,0 ,0 ,0 ,471 ,5 ,18.83 ,41.50 ,1003.96 ,77.60
23:32:07,0 ,0 ,0 ,471 ,5 ,18.83 ,41.50 ,1003.97 ,77.57
23:32:09,0 ,0 ,0 ,471 ,5 ,18.83 ,41.51 ,1003.93 ,77.85
23:32:10,0 ,0 ,0 ,471 ,5 ,18.83 ,41.51 ,1003.97 ,77.51
23:32:11,0 ,0 ,0 ,471 ,5 ,18.83 ,41.49 ,1003.98 ,77.51
23:32:12,0 ,0 ,0 ,472 ,5 ,18.84 ,41.46 ,1003.97 ,77.54
23:32:13,0 ,0 ,0 ,472 ,5 ,18.83 ,41.47 ,1003.99 ,77.38
23:32:14,0 ,0 ,0 ,472 ,5 ,18.83 ,41.46 ,1003.95 ,77.69
23:32:16,0 ,0 ,0 ,472 ,5 ,18.83 ,41.46 ,1003.96 ,77.63
23:32:17,0 ,0 ,0 ,471 ,5 ,18.83 ,41.46 ,1003.95 ,77.71
23:32:18,0 ,0 ,0 ,471 ,5 ,18.83 ,41.46 ,1003.98 ,77.51
23:32:19,0 ,0 ,0 ,471 ,5 ,18.83 ,41.46 ,1003.99 ,77.41
23:32:20,0 ,0 ,0 ,471 ,5 ,18.83 ,41.46 ,1004.00 ,77.33
23:32:21,0 ,0 ,0 ,471 ,5 ,18.83 ,41.45 ,1003.98 ,77.46
23:32:23,0 ,0 ,0 ,471 ,5 ,18.83 ,41.45 ,1003.97 ,77.53
23:32:24,0 ,0 ,0 ,471 ,5 ,18.83 ,41.46 ,1003.98 ,77.51
23:32:25,0 ,0 ,0 ,472 ,5 ,18.83 ,41.46 ,1003.96 ,77.60
23:32:26,0 ,0 ,0 ,472 ,5 ,18.83 ,41.45 ,1003.99 ,77.41
23:32:27,0 ,0 ,0 ,472 ,5 ,18.83 ,41.45 ,1003.99 ,77.38
23:32:28,0 ,0 ,0 ,472 ,5 ,18.83 ,41.44 ,1003.98 ,77.51
23:32:30,0 ,0 ,0 ,472 ,5 ,18.83 ,41.43 ,1004.00 ,77.27
23:32:31,0 ,0 ,0 ,471 ,5 ,18.84 ,41.44 ,1003.97 ,77.56
23:32:32,0 ,0 ,0 ,472 ,5 ,18.83 ,41.44 ,1003.99 ,77.40
23:32:33,0 ,0 ,0 ,472 ,5 ,18.84 ,41.44 ,1004.00 ,77.29
23:33:34,0 ,0 ,0 ,473 ,5 ,18.83 ,41.47 ,1003.98 ,77.49
23:33:35,0 ,0 ,0 ,473 ,5 ,18.83 ,41.45 ,1003.96 ,77.62
23:33:37,0 ,0 ,0 ,473 ,5 ,18.83 ,41.44 ,1003.96 ,77.61
23:33:38,0 ,0 ,0 ,473 ,5 ,18.83 ,41.44 ,1003.96 ,77.66
23:33:39,0 ,0 ,0 ,473 ,5 ,18.83 ,41.45 ,1003.98 ,77.49
23:33:40,0 ,0 ,0 ,473 ,5 ,18.83 ,41.44 ,1003.99 ,77.42
23:33:41,0 ,0 ,0 ,473 ,5 ,18.83 ,41.46 ,1003.99 ,77.36
23:33:42,0 ,0 ,0 ,473 ,5 ,18.83 ,41.44 ,1003.98 ,77.43
23:33:44,0 ,0 ,0 ,474 ,5 ,18.84 ,41.46 ,1003.97 ,77.54
23:33:45,0 ,0 ,0 ,474 ,5 ,18.84 ,41.49 ,1003.99 ,77.37
23:33:46,0 ,0 ,0 ,474 ,5 ,18.83 ,41.45 ,1003.99 ,77.35
23:33:47,0 ,0 ,0 ,474 ,5 ,18.84 ,41.45 ,1003.97 ,77.55
23:33:48,0 ,0 ,0 ,474 ,5 ,18.82 ,41.39 ,1004.00 ,77.31
23:33:49,0 ,0 ,0 ,474 ,5 ,18.82 ,41.47 ,1003.96 ,77.60
23:33:51,0 ,0 ,0 ,474 ,5 ,18.83 ,41.49 ,1003.98 ,77.51
23:33:52,0 ,0 ,0 ,474 ,5 ,18.83 ,41.49 ,1003.97 ,77.54
23:33:53,0 ,0 ,0 ,474 ,5 ,18.84 ,41.49 ,1003.99 ,77.37
23:33:54,0 ,0 ,0 ,474 ,5 ,18.83 ,41.49 ,1003.99 ,77.42
23:33:55,0 ,0 ,0 ,474 ,5 ,18.84 ,41.50 ,1003.99 ,77.39
23:33:56,0 ,0 ,0 ,474 ,5 ,18.83 ,41.52 ,1003.99 ,77.38
23:33:58,0 ,0 ,0 ,474 ,5 ,18.84 ,41.52 ,1003.98 ,77.47
23:33:59,0 ,0 ,0 ,474 ,5 ,18.83 ,41.55 ,1003.97 ,77.51
23:34:00,0 ,0 ,0 ,474 ,5 ,18.84 ,41.55 ,1003.98 ,77.44
23:34:01,0 ,0 ,0 ,474 ,5 ,18.84 ,41.55 ,1004.02 ,77.15
23:34:02,0 ,0 ,0 ,474 ,5 ,18.84 ,41.53 ,1004.01 ,77.25
23:34:03,0 ,0 ,0 ,474 ,5 ,18.84 ,41.54 ,1003.94 ,77.78
23:34:05,0 ,0 ,0 ,474 ,5 ,18.84 ,41.53 ,1003.99 ,77.42
23:34:06,0 ,0 ,0 ,474 ,5 ,18.84 ,41.53 ,1004.00 ,77.30
23:34:07,0 ,0 ,0 ,474 ,5 ,18.84 ,41.53 ,1003.96 ,77.62
23:34:08,0 ,0 ,0 ,474 ,5 ,18.84 ,41.52 ,1003.97 ,77.56
23:34:09,0 ,0 ,0 ,474 ,5 ,18.83 ,41.51 ,1003.98 ,77.49
23:34:10,0 ,0 ,0 ,475 ,5 ,18.84 ,41.51 ,1004.00 ,77.33
23:34:12,0 ,0 ,0 ,475 ,5 ,18.84 ,41.53 ,1003.97 ,77.52
23:34:13,0 ,0 ,0 ,475 ,5 ,18.84 ,41.52 ,1003.96 ,77.60
23:34:14,0 ,0 ,0 ,475 ,5 ,18.84 ,41.52 ,1004.00 ,77.33
23:34:15,0 ,0 ,0 ,475 ,5 ,18.84 ,41.52 ,1003.95 ,77.68
23:34:16,0 ,0 ,0 ,475 ,5 ,18.84 ,41.52 ,1003.97 ,77.53
23:34:17,0 ,0 ,0 ,475 ,5 ,18.84 ,41.52 ,1003.98 ,77.46
23:34:19,0 ,0 ,0 ,475 ,5 ,18.84 ,41.50 ,1003.95 ,77.70
23:34:20,0 ,0 ,0 ,475 ,5 ,18.84 ,41.50 ,1003.97 ,77.59
23:34:21,0 ,0 ,0 ,475 ,5 ,18.84 ,41.51 ,1003.96 ,77.61
23:34:22,0 ,0 ,0 ,475 ,5 ,18.84 ,41.50 ,1003.97 ,77.56
23:34:23,0 ,0 ,0 ,475 ,5 ,18.84 ,41.49 ,1003.96 ,77.65
23:34:24,0 ,0 ,0 ,475 ,5 ,18.84 ,41.49 ,1003.96 ,77.61
23:34:26,0 ,0 ,0 ,476 ,5 ,18.84 ,41.49 ,1003.98 ,77.49
23:34:27,0 ,0 ,0 ,475 ,5 ,18.83 ,41.49 ,1003.98 ,77.44
23:34:28,0 ,0 ,0 ,476 ,5 ,18.84 ,41.49 ,1003.97 ,77.56
23:34:29,0 ,0 ,0 ,475 ,5 ,18.84 ,41.49 ,1003.98 ,77.45
23:34:30,0 ,0 ,0 ,475 ,5 ,18.84 ,41.49 ,1003.94 ,77.77
23:34:31,0 ,0 ,0 ,475 ,5 ,18.83 ,41.49 ,1003.97 ,77.52
23:34:33,0 ,0 ,0 ,475 ,5 ,18.83 ,41.50 ,1003.96 ,77.67
23:34:34,0 ,0 ,0 ,476 ,5 ,18.83 ,41.49 ,1003.99 ,77.36
23:34:35,0 ,0 ,0 ,475 ,5 ,18.84 ,41.49 ,1003.96 ,77.63
23:34:36,0 ,0 ,0 ,475 ,5 ,18.83 ,41.50 ,1003.97 ,77.55
23:34:37,0 ,0 ,0 ,475 ,5 ,18.84 ,41.50 ,1004.00 ,77.32
23:34:38,0 ,0 ,0 ,476 ,5 ,18.83 ,41.49 ,1003.98 ,77.46
23:34:40,0 ,0 ,0 ,476 ,5 ,18.83 ,41.51 ,1003.95 ,77.72
23:34:41,0 ,0 ,0 ,476 ,5 ,18.83 ,41.50 ,1003.97 ,77.57
23:34:42,0 ,0 ,0 ,476 ,5 ,18.83 ,41.52 ,1003.96 ,77.60
23:34:43,0 ,0 ,0 ,476 ,5 ,18.83 ,41.51 ,1004.00 ,77.31
23:34:44,0 ,0 ,0 ,476 ,5 ,18.83 ,41.50 ,1004.00 ,77.34
23:34:45,0 ,0 ,0 ,476 ,5 ,18.83 ,41.50 ,1003.98 ,77.45
23:34:47,0 ,0 ,0 ,476 ,5 ,18.84 ,41.49 ,1003.99 ,77.38
23:34:48,0 ,0 ,0 ,476 ,5 ,18.83 ,41.51 ,1003.97 ,77.58
23:34:49,0 ,0 ,0 ,476 ,5 ,18.83 ,41.49 ,1003.96 ,77.61
23:34:50,0 ,0 ,0 ,476 ,5 ,18.83 ,41.47 ,1004.01 ,77.22
23:34:51,0 ,0 ,0 ,476 ,5 ,18.83 ,41.47 ,1003.98 ,77.47
23:34:52,0 ,0 ,0 ,477 ,5 ,18.83 ,41.47 ,1003.96 ,77.66
23:34:54,0 ,0 ,0 ,477 ,5 ,18.84 ,41.47 ,1003.98 ,77.46
23:34:55,0 ,0 ,0 ,477 ,5 ,18.83 ,41.47 ,1003.97 ,77.56
23:34:56,0 ,0 ,0 ,477 ,5 ,18.84 ,41.47 ,1003.97 ,77.52
23:34:57,0 ,0 ,0 ,477 ,5 ,18.83 ,41.47 ,1003.97 ,77.56
23:34:58,0 ,0 ,0 ,477 ,5 ,18.83 ,41.49 ,1003.99 ,77.42
23:34:59,0 ,0 ,0 ,477 ,5 ,18.84 ,41.51 ,1003.99 ,77.37
23:35:01,0 ,0 ,0 ,477 ,5 ,18.83 ,41.47 ,1003.98 ,77.49
23:35:02,0 ,0 ,0 ,478 ,5 ,18.84 ,41.47 ,1004.01 ,77.21
23:35:03,0 ,0 ,0 ,478 ,5 ,18.84 ,41.47 ,1003.97 ,77.53
23:35:04,0 ,0 ,0 ,478 ,5 ,18.84 ,41.49 ,1003.98 ,77.46
23:35:05,0 ,0 ,0 ,478 ,5 ,18.84 ,41.49 ,1003.98 ,77.44
23:35:06,0 ,0 ,0 ,478 ,5 ,18.84 ,41.49 ,1003.96 ,77.60
23:35:08,0 ,0 ,0 ,478 ,5 ,18.84 ,41.50 ,1004.02 ,77.15
23:35:09,0 ,0 ,0 ,478 ,5 ,18.84 ,41.49 ,1003.99 ,77.39
23:35:10,0 ,0 ,0 ,478 ,5 ,18.84 ,41.49 ,1003.97 ,77.56
23:35:11,0 ,0 ,0 ,478 ,5 ,18.84 ,41.49 ,1003.97 ,77.55
23:35:12,0 ,0 ,0 ,478 ,5 ,18.84 ,41.49 ,1003.96 ,77.63
23:35:13,0 ,0 ,0 ,478 ,5 ,18.85 ,41.49 ,1003.97 ,77.55
23:35:15,0 ,0 ,0 ,478 ,5 ,18.84 ,41.49 ,1003.97 ,77.57
23:35:16,0 ,0 ,0 ,478 ,5 ,18.84 ,41.49 ,1003.95 ,77.75
23:35:17,0 ,0 ,0 ,478 ,5 ,18.85 ,41.47 ,1003.97 ,77.53
23:35:18,0 ,0 ,0 ,478 ,5 ,18.84 ,41.49 ,1003.93 ,77.87
23:35:19,0 ,0 ,0 ,478 ,5 ,18.84 ,41.50 ,1003.98 ,77.44
23:35:20,0 ,0 ,0 ,479 ,5 ,18.85 ,41.53 ,1003.99 ,77.40
23:35:22,0 ,0 ,0 ,478 ,5 ,18.85 ,41.51 ,1004.01 ,77.20
23:35:23,0 ,0 ,0 ,478 ,5 ,18.84 ,41.52 ,1003.96 ,77.65
23:35:24,0 ,0 ,0 ,478 ,5 ,18.85 ,41.52 ,1003.97 ,77.52
23:35:25,0 ,0 ,0 ,478 ,5 ,18.85 ,41.53 ,1004.00 ,77.28
23:35:26,0 ,0 ,0 ,478 ,5 ,18.85 ,41.53 ,1004.00 ,77.33
23:35:27,0 ,0 ,0 ,478 ,5 ,18.85 ,41.51 ,1003.97 ,77.56
23:35:29,0 ,0 ,0 ,478 ,5 ,18.84 ,41.53 ,1003.96 ,77.67
23:35:30,0 ,0 ,0 ,478 ,5 ,18.85 ,41.50 ,1004.01 ,77.25
23:35:31,0 ,0 ,0 ,478 ,5 ,18.85 ,41.52 ,1003.98 ,77.48
23:36:32,0 ,0 ,0 ,477 ,5 ,18.86 ,41.42 ,1003.98 ,77.44
23:36:33,0 ,0 ,0 ,477 ,5 ,18.87 ,41.43 ,1003.98 ,77.48
23:36:34,0 ,0 ,0 ,477 ,5 ,18.85 ,41.43 ,1003.98 ,77.46
23:36:36,0 ,0 ,0 ,477 ,5 ,18.86 ,41.43 ,1003.96 ,77.61
23:36:37,0 ,0 ,0 ,477 ,5 ,18.87 ,41.42 ,1004.00 ,77.34
23:36:38,0 ,0 ,0 ,476 ,5 ,18.86 ,41.42 ,1003.97 ,77.56
23:36:39,0 ,0 ,0 ,476 ,5 ,18.86 ,41.42 ,1003.97 ,77.56
23:36:40,0 ,0 ,0 ,476 ,5 ,18.86 ,41.42 ,1003.96 ,77.68
23:36:41,0 ,0 ,0 ,476 ,5 ,18.86 ,41.42 ,1003.95 ,77.71
23:36:43,0 ,0 ,0 ,476 ,5 ,18.86 ,41.44 ,1003.97 ,77.52
23:36:44,0 ,0 ,0 ,476 ,5 ,18.87 ,41.44 ,1003.95 ,77.68
23:36:45,0 ,0 ,0 ,476 ,5 ,18.86 ,41.42 ,1003.98 ,77.46
23:36:46,0 ,0 ,0 ,476 ,5 ,18.86 ,41.43 ,1003.92 ,77.96
23:36:47,0 ,0 ,0 ,477 ,5 ,18.86 ,41.42 ,1003.96 ,77.66
23:36:48,0 ,0 ,0 ,477 ,5 ,18.86 ,41.42 ,1004.00 ,77.32
23:36:50,0 ,0 ,0 ,477 ,5 ,18.86 ,41.45 ,1003.98 ,77.35
23:36:51,0 ,0 ,0 ,477 ,5 ,18.86 ,41.42 ,1003.96 ,77.66
23:36:52,0 ,0 ,0 ,477 ,5 ,18.86 ,41.43 ,1003.97 ,77.56
23:36:53,0 ,0 ,0 ,476 ,5 ,18.86 ,41.43 ,1003.96 ,77.63
23:36:54,0 ,0 ,0 ,476 ,5 ,18.85 ,41.43 ,1003.96 ,77.68
23:36:55,0 ,0 ,0 ,476 ,5 ,18.86 ,41.43 ,1003.98 ,77.48
23:36:57,0 ,0 ,0 ,476 ,5 ,18.86 ,41.45 ,1003.99 ,77.38
23:36:58,0 ,0 ,0 ,477 ,5 ,18.86 ,41.44 ,1003.97 ,77.53
23:36:59,0 ,0 ,0 ,477 ,5 ,18.86 ,41.44 ,1003.94 ,77.80
23:37:00,0 ,0 ,0 ,476 ,5 ,18.86 ,41.43 ,1003.96 ,77.65
23:37:01,0 ,0 ,0 ,476 ,5 ,18.86 ,41.45 ,1003.96 ,77.64
23:37:02,0 ,0 ,0 ,476 ,5 ,18.85 ,41.45 ,1003.95 ,77.72
23:37:04,0 ,0 ,0 ,476 ,5 ,18.85 ,41.45 ,1003.97 ,77.54
23:37:05,0 ,0 ,0 ,476 ,5 ,18.85 ,41.43 ,1003.99 ,77.41
23:37:06,0 ,0 ,0 ,476 ,5 ,18.85 ,41.44 ,1003.97 ,77.54
23:37:07,0 ,0 ,0 ,476 ,5 ,18.86 ,41.45 ,1003.97 ,77.53
23:37:08,0 ,0 ,0 ,476 ,5 ,18.85 ,41.45 ,1003.96 ,77.63
23:37:09,0 ,0 ,0 ,476 ,5 ,18.86 ,41.44 ,1003.96 ,77.64
23:37:11,0 ,0 ,0 ,476 ,5 ,18.85 ,41.44 ,1003.94 ,77.80
23:37:12,0 ,0 ,0 ,476 ,5 ,18.85 ,41.45 ,1003.97 ,77.57
23:37:13,0 ,0 ,0 ,476 ,5 ,18.85 ,41.44 ,1003.96 ,77.63
23:37:14,0 ,0 ,0 ,476 ,5 ,18.85 ,41.44 ,1003.97 ,77.51
23:37:15,0 ,0 ,0 ,476 ,5 ,18.86 ,41.44 ,1003.96 ,77.63
23:37:16,0 ,0 ,0 ,476 ,5 ,18.86 ,41.43 ,1003.99 ,77.41
23:37:18,0 ,0 ,0 ,476 ,5 ,18.86 ,41.45 ,1003.97 ,77.56
23:37:19,0 ,0 ,0 ,476 ,5 ,18.86 ,41.45 ,1003.97 ,77.54
23:37:20,0 ,0 ,0 ,476 ,5 ,18.86 ,41.46 ,1003.97 ,77.56
23:37:21,0 ,0 ,0 ,476 ,5 ,18.86 ,41.46 ,1003.96 ,77.65
23:37:22,0 ,0 ,0 ,476 ,5 ,18.85 ,41.48 ,1003.99 ,77.42
23:37:24,0 ,0 ,0 ,476 ,5 ,18.86 ,41.48 ,1004.00 ,77.34
23:37:25,0 ,0 ,0 ,475 ,5 ,18.86 ,41.49 ,1003.96 ,77.62
23:37:26,0 ,0 ,0 ,475 ,5 ,18.86 ,41.48 ,1003.94 ,77.78
23:37:27,0 ,0 ,0 ,475 ,5 ,18.86 ,41.48 ,1003.98 ,77.46
23:37:28,0 ,0 ,0 ,476 ,5 ,18.86 ,41.48 ,1003.97 ,77.56
23:37:29,0 ,0 ,0 ,475 ,5 ,18.86 ,41.48 ,1003.98 ,77.45
23:37:30,0 ,0 ,0 ,475 ,5 ,18.86 ,41.48 ,1003.96 ,77.66
23:37:32,0 ,0 ,0 ,475 ,5 ,18.86 ,41.49 ,1003.97 ,77.56
23:37:33,0 ,0 ,0 ,475 ,5 ,18.86 ,41.50 ,1004.00 ,77.33
23:37:34,0 ,0 ,0 ,475 ,5 ,18.86 ,41.50 ,1003.98 ,77.46
23:37:35,0 ,0 ,0 ,475 ,5 ,18.86 ,41.49 ,1003.99 ,77.42
23:37:36,0 ,0 ,0 ,475 ,5 ,18.86 ,41.48 ,1003.98 ,77.45
23:37:38,0 ,0 ,0 ,476 ,5 ,18.86 ,41.48 ,1003.98 ,77.45
23:37:39,0 ,0 ,0 ,475 ,5 ,18.86 ,41.48 ,1003.98 ,77.49
23:37:40,0 ,0 ,0 ,475 ,5 ,18.86 ,41.46 ,1003.95 ,77.93
23:37:41,0 ,0 ,0 ,475 ,5 ,18.86 ,41.48 ,1003.95 ,77.68
23:37:42,0 ,0 ,0 ,475 ,5 ,18.86 ,41.50 ,1003.94 ,77.77
23:37:43,0 ,0 ,0 ,475 ,5 ,18.86 ,41.50 ,1003.99 ,77.36
23:37:45,0 ,0 ,0 ,476 ,5 ,18.87 ,41.50 ,1003.97 ,77.52
23:37:46,0 ,0 ,0 ,475 ,5 ,18.86 ,41.52 ,1003.98 ,77.49
23:37:47,0 ,0 ,0 ,475 ,5 ,18.86 ,41.51 ,1003.97 ,77.54
23:37:48,0 ,0 ,0 ,475 ,5 ,18.86 ,41.49 ,1003.98 ,77.43
23:37:49,0 ,0 ,0 ,475 ,5 ,18.86 ,41.50 ,1003.97 ,77.51
23:37:50,0 ,0 ,0 ,475 ,5 ,18.86 ,41.51 ,1003.98 ,77.50
23:37:52,0 ,0 ,0 ,475 ,5 ,18.87 ,41.53 ,1003.99 ,77.41
23:37:53,0 ,0 ,0 ,475 ,5 ,18.86 ,41.52 ,1003.94 ,77.77
23:37:54,0 ,0 ,0 ,475 ,5 ,18.87 ,41.52 ,1003.97 ,77.56
23:37:55,0 ,0 ,0 ,475 ,5 ,18.87 ,41.51 ,1003.98 ,77.50
23:37:56,0 ,0 ,0 ,475 ,5 ,18.87 ,41.50 ,1003.97 ,77.53
23:37:57,0 ,0 ,0 ,475 ,5 ,18.87 ,41.51 ,1003.97 ,77.56
23:37:59,0 ,0 ,0 ,475 ,5 ,18.86 ,41.52 ,1003.94 ,77.78
23:38:00,0 ,0 ,0 ,475 ,5 ,18.87 ,41.50 ,1003.95 ,77.73
23:38:01,0 ,0 ,0 ,475 ,5 ,18.87 ,41.49 ,1003.98 ,77.44
23:38:02,0 ,0 ,0 ,475 ,5 ,18.87 ,41.49 ,1003.96 ,77.60
23:38:03,0 ,0 ,0 ,475 ,5 ,18.87 ,41.48 ,1003.96 ,77.65
23:38:04,0 ,0 ,0 ,475 ,5 ,18.87 ,41.48 ,1003.96 ,77.62
23:38:06,0 ,0 ,0 ,475 ,5 ,18.87 ,41.50 ,1003.96 ,77.65
23:38:07,0 ,0 ,0 ,475 ,5 ,18.87 ,41.48 ,1003.98 ,77.48
23:38:08,0 ,0 ,0 ,475 ,5 ,18.87 ,41.44 ,1003.99 ,77.62
23:38:09,0 ,0 ,0 ,475 ,5 ,18.87 ,41.48 ,1003.98 ,77.50
23:38:10,0 ,0 ,0 ,476 ,5 ,18.87 ,41.49 ,1003.98 ,77.45
23:38:11,0 ,0 ,0 ,475 ,5 ,18.87 ,41.48 ,1003.98 ,77.48
23:38:13,0 ,0 ,0 ,475 ,5 ,18.87 ,41.49 ,1003.98 ,77.49
23:38:14,0 ,0 ,0 ,475 ,5 ,18.87 ,41.48 ,1003.99 ,77.38
23:38:15,0 ,0 ,0 ,475 ,5 ,18.87 ,41.48 ,1003.99 ,77.41
23:38:16,0 ,0 ,0 ,476 ,5 ,18.87 ,41.48 ,1003.97 ,77.51
23:38:17,0 ,0 ,0 ,476 ,5 ,18.88 ,41.48 ,1003.98 ,77.50
23:38:18,0 ,0 ,0 ,476 ,5 ,18.87 ,41.48 ,1003.96 ,77.67
23:38:20,0 ,0 ,0 ,476 ,5 ,18.88 ,41.46 ,1003.98 ,77.48
23:38:21,0 ,0 ,0 ,476 ,5 ,18.88 ,41.46 ,1004.00 ,77.29
23:38:22,0 ,0 ,0 ,476 ,5 ,18.87 ,41.48 ,1003.97 ,77.52
23:38:23,0 ,0 ,0 ,476 ,5 ,18.87 ,41.45 ,1003.97 ,77.58
23:38:24,0 ,0 ,0 ,476 ,5 ,18.87 ,41.44 ,1003.95 ,77.74
23:38:25,0 ,0 ,0 ,476 ,5 ,18.87 ,41.45 ,1003.94 ,77.77
23:38:27,0 ,0 ,0 ,476 ,5 ,18.88 ,41.47 ,1003.97 ,77.52
23:38:28,0 ,0 ,0 ,476 ,5 ,18.88 ,41.46 ,1003.95 ,77.70
23:38:29,0 ,0 ,0 ,476 ,5 ,18.88 ,41.47 ,1003.99 ,77.42
23:39:30,0 ,0 ,0 ,478 ,5 ,18.89 ,41.41 ,1003.96 ,77.65
23:39:31,0 ,0 ,0 ,478 ,5 ,18.89 ,41.43 ,1003.95 ,77.75
23:39:32,0 ,0 ,0 ,478 ,5 ,18.89 ,41.43 ,1003.96 ,77.67
23:39:34,0 ,0 ,0 ,478 ,5 ,18.89 ,41.44 ,1003.95 ,77.71
23:39:35,0 ,0 ,0 ,478 ,5 ,18.89 ,41.46 ,1003.98 ,77.46
23:39:36,0 ,0 ,0 ,478 ,5 ,18.89 ,41.44 ,1003.94 ,77.80
23:39:37,0 ,0 ,0 ,478 ,5 ,18.89 ,41.43 ,1003.95 ,77.73
23:39:38,0 ,0 ,0 ,478 ,5 ,18.89 ,41.43 ,1003.94 ,77.81
23:39:39,0 ,0 ,0 ,478 ,5 ,18.89 ,41.42 ,1003.99 ,77.36
23:39:41,0 ,0 ,0 ,478 ,5 ,18.89 ,41.44 ,1003.96 ,77.63
23:39:42,0 ,0 ,0 ,478 ,5 ,18.89 ,41.43 ,1003.95 ,77.74
23:39:43,0 ,0 ,0 ,478 ,5 ,18.89 ,41.43 ,1003.94 ,77.78
23:39:44,0 ,0 ,0 ,478 ,5 ,18.89 ,41.43 ,1003.96 ,77.63
23:39:45,0 ,0 ,0 ,478 ,5 ,18.89 ,41.44 ,1003.97 ,77.52
23:39:46,0 ,0 ,0 ,478 ,5 ,18.89 ,41.46 ,1003.97 ,77.54
23:39:48,0 ,0 ,0 ,478 ,5 ,18.89 ,41.44 ,1003.97 ,77.58
23:39:49,0 ,0 ,0 ,478 ,5 ,18.89 ,41.43 ,1003.97 ,77.55
23:39:50,0 ,0 ,0 ,478 ,5 ,18.89 ,41.44 ,1003.97 ,77.56
23:39:51,0 ,0 ,0 ,478 ,5 ,18.88 ,41.43 ,1003.93 ,77.86
23:39:52,0 ,0 ,0 ,478 ,5 ,18.89 ,41.44 ,1003.99 ,77.40
23:39:53,0 ,0 ,0 ,477 ,5 ,18.89 ,41.44 ,1003.99 ,77.37
23:39:55,0 ,0 ,0 ,477 ,5 ,18.89 ,41.44 ,1003.97 ,77.55
23:39:56,0 ,0 ,0 ,477 ,5 ,18.89 ,41.44 ,1003.94 ,77.77
23:39:57,0 ,0 ,0 ,477 ,5 ,18.89 ,41.43 ,1003.97 ,77.57
23:39:58,0 ,0 ,0 ,477 ,5 ,18.90 ,41.43 ,1003.98 ,77.48
23:39:59,0 ,0 ,0 ,477 ,5 ,18.90 ,41.44 ,1003.96 ,77.64
23:40:00,0 ,0 ,0 ,477 ,5 ,18.90 ,41.43 ,1003.95 ,77.70
23:40:02,0 ,0 ,0 ,477 ,5 ,18.89 ,41.43 ,1003.94 ,77.84
23:40:03,0 ,0 ,0 ,478 ,5 ,18.89 ,41.43 ,1003.94 ,77.85
23:40:04,0 ,0 ,0 ,477 ,5 ,18.90 ,41.43 ,1003.99 ,77.39
23:40:05,0 ,0 ,0 ,477 ,5 ,18.90 ,41.42 ,1003.98 ,77.45
23:40:06,0 ,0 ,0 ,477 ,5 ,18.90 ,41.41 ,1003.96 ,77.67
23:40:07,0 ,0 ,0 ,477 ,5 ,18.89 ,41.42 ,1003.97 ,77.55
23:40:09,0 ,0 ,0 ,477 ,5 ,18.89 ,41.43 ,1003.96 ,77.63
23:40:10,0 ,0 ,0 ,477 ,5 ,18.89 ,41.43 ,1003.97 ,77.53
23:40:11,0 ,0 ,0 ,477 ,5 ,18.89 ,41.43 ,1004.00 ,77.34
23:40:12,0 ,0 ,0 ,477 ,5 ,18.89 ,41.42 ,1003.96 ,77.65
23:40:13,0 ,0 ,0 ,477 ,5 ,18.90 ,41.41 ,1003.95 ,77.73
23:40:14,0 ,0 ,0 ,477 ,5 ,18.89 ,41.41 ,1003.97 ,77.55
23:40:16,0 ,0 ,0 ,477 ,5 ,18.90 ,41.42 ,1003.96 ,77.67
23:40:17,0 ,0 ,0 ,477 ,5 ,18.90 ,41.43 ,1003.98 ,77.49
23:40:18,0 ,0 ,0 ,477 ,5 ,18.90 ,41.44 ,1003.96 ,77.61
23:40:19,0 ,0 ,0 ,477 ,5 ,18.89 ,41.43 ,1003.92 ,77.94
23:40:20,0 ,0 ,0 ,477 ,5 ,18.89 ,41.43 ,1003.95 ,77.73
23:40:21,0 ,0 ,0 ,477 ,5 ,18.89 ,41.46 ,1003.94 ,77.78
23:40:23,0 ,0 ,0 ,477 ,5 ,18.89 ,41.47 ,1003.97 ,77.56
23:40:24,0 ,0 ,0 ,477 ,5 ,18.89 ,41.44 ,1003.96 ,77.68
23:40:25,0 ,0 ,0 ,477 ,5 ,18.89 ,41.47 ,1003.96 ,77.65
23:40:26,0 ,0 ,0 ,477 ,5 ,18.90 ,41.47 ,1003.95 ,77.72
23:40:27,0 ,0 ,0 ,477 ,5 ,18.89 ,41.46 ,1003.98 ,77.51
23:40:28,0 ,0 ,0 ,477 ,5 ,18.89 ,41.46 ,1003.95 ,77.68
23:40:30,0 ,0 ,0 ,477 ,5 ,18.89 ,41.46 ,1003.96 ,77.66
23:40:31,0 ,0 ,0 ,477 ,5 ,18.90 ,41.48 ,1003.97 ,77.54
23:40:32,0 ,0 ,0 ,477 ,5 ,18.90 ,41.48 ,1003.95 ,77.69
23:40:33,0 ,0 ,0 ,477 ,5 ,18.90 ,41.49 ,1003.98 ,77.48
23:40:34,0 ,0 ,0 ,476 ,5 ,18.90 ,41.50 ,1003.95 ,77.71
23:40:35,0 ,0 ,0 ,476 ,5 ,18.89 ,41.50 ,1003.95 ,77.72
23:40:37,0 ,0 ,0 ,476 ,5 ,18.89 ,41.49 ,1003.94 ,77.80
23:40:38,0 ,0 ,0 ,476 ,5 ,18.89 ,41.47 ,1003.94 ,77.77
23:40:39,0 ,0 ,0 ,476 ,5 ,18.89 ,41.46 ,1003.94 ,77.78
23:40:40,0 ,0 ,0 ,476 ,5 ,18.89 ,41.44 ,1003.96 ,77.63
23:40:41,0 ,0 ,0 ,476 ,5 ,18.90 ,41.43 ,1003.97 ,77.58
23:40:42,0 ,0 ,0 ,476 ,5 ,18.90 ,41.44 ,1003.93 ,77.91
23:40:44,0 ,0 ,0 ,476 ,5 ,18.90 ,41.42 ,1003.96 ,77.65
23:40:45,0 ,0 ,0 ,476 ,5 ,18.90 ,41.44 ,1003.96 ,77.65
23:40:46,0 ,0 ,0 ,476 ,5 ,18.90 ,41.43 ,1003.97 ,77.52
23:40:47,0 ,0 ,0 ,476 ,5 ,18.90 ,41.44 ,1003.95 ,77.73
23:40:48,0 ,0 ,0 ,476 ,5 ,18.89 ,41.42 ,1003.97 ,77.57
23:40:49,0 ,0 ,0 ,476 ,5 ,18.89 ,41.42 ,1003.95 ,77.68
23:40:51,0 ,0 ,0 ,476 ,5 ,18.90 ,41.42 ,1003.97 ,77.52
23:40:52,0 ,0 ,0 ,476 ,5 ,18.90 ,41.39 ,1003.98 ,77.48
23:40:53,0 ,0 ,0 ,476 ,5 ,18.90 ,41.44 ,1003.92 ,77.95
23:40:54,0 ,0 ,0 ,476 ,5 ,18.90 ,41.47 ,1003.97 ,77.55
23:40:55,0 ,0 ,0 ,477 ,5 ,18.89 ,41.43 ,1003.95 ,77.72
23:40:56,0 ,0 ,0 ,476 ,5 ,18.90 ,41.44 ,1003.95 ,77.74
23:40:58,0 ,0 ,0 ,476 ,5 ,18.90 ,41.45 ,1003.94 ,77.84
23:40:59,0 ,0 ,0 ,476 ,5 ,18.90 ,41.43 ,1003.96 ,77.61
23:41:00,0 ,0 ,0 ,476 ,5 ,18.90 ,41.43 ,1003.98 ,77.48
23:41:01,0 ,0 ,0 ,476 ,5 ,18.90 ,41.43 ,1003.95 ,77.69
23:41:02,0 ,0 ,0 ,477 ,5 ,18.89 ,41.42 ,1003.94 ,77.80
23:41:03,0 ,0 ,0 ,477 ,5 ,18.90 ,41.42 ,1003.96 ,77.67
23:41:05,0 ,0 ,0 ,477 ,5 ,18.90 ,41.41 ,1003.93 ,77.87
23:41:06,0 ,0 ,0 ,477 ,5 ,18.90 ,41.42 ,1003.95 ,77.68
23:41:07,0 ,0 ,0 ,477 ,5 ,18.90 ,41.41 ,1003.91 ,78.03
23:41:08,0 ,0 ,0 ,476 ,5 ,18.91 ,41.40 ,1003.96 ,77.63
23:41:09,0 ,0 ,0 ,477 ,5 ,18.90 ,41.40 ,1003.95 ,77.70
23:41:10,0 ,0 ,0 ,477 ,5 ,18.90 ,41.42 ,1003.98 ,77.49
23:41:12,0 ,0 ,0 ,476 ,5 ,18.91 ,41.40 ,1003.97 ,77.52
23:41:13,0 ,0 ,0 ,476 ,5 ,18.90 ,41.40 ,1003.97 ,77.58
23:41:14,0 ,0 ,0 ,477 ,5 ,18.91 ,41.40 ,1003.97 ,77.55
23:41:15,0 ,0 ,0 ,477 ,5 ,18.90 ,41.39 ,1003.95 ,77.71
23:41:16,0 ,0 ,0 ,477 ,5 ,18.91 ,41.39 ,1003.98 ,77.48
23:41:17,0 ,0 ,0 ,477 ,5 ,18.90 ,41.40 ,1003.94 ,77.77
23:41:19,0 ,0 ,0 ,477 ,5 ,18.91 ,41.40 ,1003.96 ,77.68
23:41:20,0 ,0 ,0 ,477 ,5 ,18.91 ,41.42 ,1003.98 ,77.45
23:41:21,0 ,0 ,0 ,477 ,5 ,18.90 ,41.42 ,1003.94 ,77.77
23:41:22,0 ,0 ,0 ,477 ,5 ,18.90 ,41.42 ,1003.98 ,77.50
23:41:23,0 ,0 ,0 ,477 ,5 ,18.90 ,41.41 ,1003.93 ,77.87
23:41:24,0 ,0 ,0 ,477 ,5 ,18.91 ,41.42 ,1003.94 ,77.77
23:41:26,0 ,0 ,0 ,477 ,5 ,18.91 ,41.40 ,1003.96 ,77.63
23:41:27,0 ,0 ,0 ,477 ,5 ,18.91 ,41.40 ,1003.96 ,77.68
23:42:28,0 ,0 ,0 ,477 ,5 ,18.91 ,41.40 ,1003.98 ,77.46
23:42:29,0 ,0 ,0 ,477 ,5 ,18.92 ,41.40 ,1003.97 ,77.59
23:42:30,0 ,0 ,0 ,477 ,5 ,18.91 ,41.41 ,1003.96 ,77.64
23:42:31,0 ,0 ,0 ,477 ,5 ,18.91 ,41.40 ,1003.98 ,77.50
23:42:33,0 ,0 ,0 ,477 ,5 ,18.91 ,41.41 ,1003.94 ,77.83
23:42:34,0 ,0 ,0 ,478 ,5 ,18.91 ,41.40 ,1003.93 ,77.92
23:42:35,0 ,0 ,0 ,477 ,5 ,18.91 ,41.41 ,1003.96 ,77.61
23:42:36,0 ,0 ,0 ,477 ,5 ,18.91 ,41.42 ,1003.94 ,77.82
23:42:37,0 ,0 ,0 ,477 ,5 ,18.91 ,41.44 ,1003.98 ,77.47
23:42:38,0 ,0 ,0 ,477 ,5 ,18.91 ,41.45 ,1003.95 ,77.75
23:42:40,0 ,0 ,0 ,477 ,5 ,18.91 ,41.42 ,1003.98 ,77.46
23:42:41,0 ,0 ,0 ,477 ,5 ,18.91 ,41.44 ,1003.94 ,77.84
23:42:42,0 ,0 ,0 ,477 ,5 ,18.91 ,41.40 ,1003.98 ,77.49
23:42:43,0 ,0 ,0 ,477 ,5 ,18.91 ,41.41 ,1003.97 ,77.58
23:42:44,0 ,0 ,0 ,477 ,5 ,18.92 ,41.40 ,1003.98 ,77.48
23:42:45,0 ,0 ,0 ,477 ,5 ,18.92 ,41.39 ,1003.94 ,77.79
23:42:47,0 ,0 ,0 ,477 ,5 ,18.91 ,41.41 ,1003.95 ,77.75
23:42:48,0 ,0 ,0 ,477 ,5 ,18.92 ,41.40 ,1003.97 ,77.58
23:42:49,0 ,0 ,0 ,477 ,5 ,18.92 ,41.40 ,1003.95 ,77.73
23:42:50,0 ,0 ,0 ,477 ,5 ,18.92 ,41.42 ,1003.95 ,77.74
23:42:51,0 ,0 ,0 ,477 ,5 ,18.91 ,41.41 ,1003.97 ,77.58
23:42:52,0 ,0 ,0 ,477 ,5 ,18.92 ,41.41 ,1003.96 ,77.60
23:42:54,0 ,0 ,0 ,477 ,5 ,18.92 ,41.40 ,1003.96 ,77.61
23:42:55,0 ,0 ,0 ,477 ,5 ,18.92 ,41.38 ,1003.97 ,77.59
23:42:56,0 ,0 ,0 ,477 ,5 ,18.92 ,41.39 ,1003.97 ,77.59
23:42:57,0 ,0 ,0 ,477 ,5 ,18.92 ,41.39 ,1003.97 ,77.58
23:42:58,0 ,0 ,0 ,477 ,5 ,18.91 ,41.38 ,1003.95 ,77.72
23:42:59,0 ,0 ,0 ,477 ,5 ,18.92 ,41.39 ,1003.94 ,77.82
23:43:01,0 ,0 ,0 ,477 ,5 ,18.92 ,41.40 ,1003.96 ,77.68
23:43:02,0 ,0 ,0 ,477 ,5 ,18.92 ,41.39 ,1003.96 ,77.60
23:43:03,0 ,0 ,0 ,477 ,5 ,18.92 ,41.38 ,1003.95 ,77.74
23:43:04,0 ,0 ,0 ,477 ,5 ,18.92 ,41.38 ,1003.97 ,77.55
23:43:05,0 ,0 ,0 ,478 ,5 ,18.91 ,41.39 ,1003.92 ,77.98
23:43:06,0 ,0 ,0 ,478 ,5 ,18.92 ,41.40 ,1003.91 ,78.02
23:43:08,0 ,0 ,0 ,478 ,5 ,18.92 ,41.40 ,1003.93 ,77.89
23:43:09,0 ,0 ,0 ,478 ,5 ,18.92 ,41.41 ,1003.92 ,77.93
23:43:10,0 ,0 ,0 ,477 ,5 ,18.92 ,41.42 ,1003.93 ,77.85
23:43:11,0 ,0 ,0 ,477 ,5 ,18.92 ,41.41 ,1003.96 ,77.63
23:43:12,0 ,0 ,0 ,477 ,5 ,18.92 ,41.39 ,1003.92 ,78.00
23:43:13,0 ,0 ,0 ,478 ,5 ,18.92 ,41.40 ,1003.93 ,77.88
23:43:15,0 ,0 ,0 ,478 ,5 ,18.92 ,41.42 ,1003.92 ,78.01
23:43:16,0 ,0 ,0 ,478 ,5 ,18.92 ,41.39 ,1003.95 ,77.74
23:43:17,0 ,0 ,0 ,478 ,5 ,18.92 ,41.34 ,1003.93 ,77.89
23:43:18,0 ,0 ,0 ,478 ,5 ,18.92 ,41.39 ,1003.93 ,77.90
23:43:19,0 ,0 ,0 ,478 ,5 ,18.92 ,41.40 ,1003.95 ,77.71
23:43:20,0 ,0 ,0 ,478 ,5 ,18.92 ,41.40 ,1003.95 ,77.70
23:43:22,0 ,0 ,0 ,478 ,5 ,18.92 ,41.40 ,1003.97 ,77.59
23:43:23,0 ,0 ,0 ,478 ,5 ,18.92 ,41.41 ,1003.92 ,77.94
23:43:24,0 ,0 ,0 ,478 ,5 ,18.92 ,41.41 ,1003.95 ,77.72
23:43:25,0 ,0 ,0 ,478 ,5 ,18.92 ,41.41 ,1003.96 ,77.67
23:43:26,0 ,0 ,0 ,478 ,5 ,18.92 ,41.41 ,1003.94 ,77.80
23:43:27,0 ,0 ,0 ,478 ,5 ,18.92 ,41.39 ,1003.91 ,78.03
23:43:29,0 ,0 ,0 ,478 ,5 ,18.92 ,41.40 ,1003.94 ,77.79
23:43:30,0 ,0 ,0 ,479 ,5 ,18.92 ,41.39 ,1003.93 ,77.85
23:43:31,0 ,0 ,0 ,479 ,5 ,18.92 ,41.39 ,1003.98 ,77.50
23:43:32,0 ,0 ,0 ,479 ,5 ,18.93 ,41.40 ,1003.95 ,77.74
23:43:33,0 ,0 ,0 ,479 ,5 ,18.92 ,41.41 ,1003.94 ,77.79
23:43:34,0 ,0 ,0 ,479 ,5 ,18.92 ,41.39 ,1003.94 ,77.77
23:43:36,0 ,0 ,0 ,479 ,5 ,18.92 ,41.39 ,1003.93 ,77.93
23:43:37,0 ,0 ,0 ,479 ,5 ,18.92 ,41.40 ,1003.95 ,77.70
23:43:38,0 ,0 ,0 ,479 ,5 ,18.93 ,41.40 ,1003.93 ,77.92
23:43:39,0 ,0 ,0 ,480 ,5 ,18.93 ,41.40 ,1003.95 ,77.73
23:43:40,0 ,0 ,0 ,480 ,5 ,18.93 ,41.40 ,1003.94 ,77.77
23:43:41,0 ,0 ,0 ,480 ,5 ,18.93 ,41.40 ,1003.94 ,77.84
23:43:43,0 ,0 ,0 ,480 ,5 ,18.92 ,41.40 ,1003.92 ,77.93
23:43:44,0 ,0 ,0 ,480 ,5 ,18.93 ,41.40 ,1003.93 ,77.88
23:43:45,0 ,0 ,0 ,480 ,5 ,18.92 ,41.39 ,1003.92 ,77.98
23:43:46,0 ,0 ,0 ,480 ,5 ,18.92 ,41.39 ,1003.93 ,77.91
23:43:47,0 ,0 ,0 ,480 ,5 ,18.92 ,41.39 ,1003.96 ,77.61
23:43:48,0 ,0 ,0 ,480 ,5 ,18.93 ,41.39 ,1003.95 ,77.74
23:43:50,0 ,0 ,0 ,480 ,5 ,18.93 ,41.40 ,1003.97 ,77.55
23:43:51,0 ,0 ,0 ,480 ,5 ,18.92 ,41.39 ,1003.97 ,77.57
23:43:52,0 ,0 ,0 ,480 ,5 ,18.93 ,41.39 ,1003.95 ,77.75
23:43:53,0 ,0 ,0 ,481 ,5 ,18.93 ,41.40 ,1003.97 ,77.55
23:43:54,0 ,0 ,0 ,481 ,5 ,18.93 ,41.38 ,1003.95 ,77.73
23:43:55,0 ,0 ,0 ,481 ,5 ,18.93 ,41.37 ,1003.93 ,77.87
23:43:57,0 ,0 ,0 ,480 ,5 ,18.93 ,41.40 ,1003.93 ,77.84
23:43:58,0 ,0 ,0 ,480 ,5 ,18.92 ,41.40 ,1003.96 ,77.66
23:43:59,0 ,0 ,0 ,481 ,5 ,18.93 ,41.38 ,1003.95 ,77.72
23:44:00,0 ,0 ,0 ,480 ,5 ,18.93 ,41.41 ,1003.95 ,77.71
23:44:01,0 ,0 ,0 ,481 ,5 ,18.92 ,41.40 ,1003.96 ,77.62
23:44:02,0 ,0 ,0 ,481 ,5 ,18.92 ,41.39 ,1003.95 ,77.76
23:44:04,0 ,0 ,0 ,481 ,5 ,18.92 ,41.41 ,1003.94 ,77.82
23:44:05,0 ,0 ,0 ,481 ,5 ,18.93 ,41.40 ,1003.93 ,77.86
23:44:06,0 ,0 ,0 ,481 ,5 ,18.93 ,41.41 ,1003.95 ,77.74
23:44:07,0 ,0 ,0 ,480 ,5 ,18.93 ,41.41 ,1003.98 ,77.46
23:44:08,0 ,0 ,0 ,481 ,5 ,18.93 ,41.41 ,1003.96 ,77.68
23:44:09,0 ,0 ,0 ,481 ,5 ,18.93 ,41.42 ,1003.96 ,77.60
23:44:11,0 ,0 ,0 ,481 ,5 ,18.92 ,41.41 ,1003.94 ,77.79
23:44:12,0 ,0 ,0 ,481 ,5 ,18.92 ,41.41 ,1003.95 ,77.69
23:44:13,0 ,0 ,0 ,481 ,5 ,18.93 ,41.42 ,1003.94 ,77.82
23:44:14,0 ,0 ,0 ,481 ,5 ,18.93 ,41.41 ,1003.94 ,77.80
23:44:15,0 ,0 ,0 ,481 ,5 ,18.93 ,41.45 ,1003.97 ,77.55
23:44:16,0 ,0 ,0 ,481 ,5 ,18.93 ,41.44 ,1003.97 ,77.52
23:44:18,0 ,0 ,0 ,481 ,5 ,18.93 ,41.44 ,1003.94 ,77.78
23:44:19,0 ,0 ,0 ,481 ,5 ,18.93 ,41.41 ,1003.94 ,77.78
23:44:20,0 ,0 ,0 ,481 ,5 ,18.93 ,41.41 ,1003.97 ,77.59
23:44:21,0 ,0 ,0 ,481 ,5 ,18.93 ,41.41 ,1003.98 ,77.48
23:44:22,0 ,0 ,0 ,482 ,5 ,18.93 ,41.41 ,1003.95 ,77.75
23:44:23,0 ,0 ,0 ,482 ,5 ,18.93 ,41.41 ,1003.97 ,77.58
23:44:25,0 ,0 ,0 ,482 ,5 ,18.93 ,41.43 ,1003.98 ,77.48
23:45:26,0 ,0 ,0 ,482 ,5 ,18.94 ,41.41 ,1003.97 ,77.54
23:45:27,0 ,0 ,0 ,482 ,5 ,18.94 ,41.41 ,1003.97 ,77.52
23:45:28,0 ,0 ,0 ,482 ,5 ,18.94 ,41.43 ,1003.99 ,77.35
23:45:29,0 ,0 ,0 ,482 ,5 ,18.93 ,41.42 ,1003.93 ,77.92
23:45:30,0 ,0 ,0 ,481 ,5 ,18.94 ,41.41 ,1003.99 ,77.39
23:45:32,0 ,0 ,0 ,481 ,5 ,18.93 ,41.41 ,1003.96 ,77.68
23:45:33,0 ,0 ,0 ,481 ,5 ,18.93 ,41.40 ,1003.96 ,77.60
23:45:34,0 ,0 ,0 ,481 ,5 ,18.94 ,41.40 ,1003.97 ,77.59
23:45:35,0 ,0 ,0 ,482 ,5 ,18.94 ,41.40 ,1003.96 ,77.62
23:45:36,0 ,0 ,0 ,482 ,5 ,18.94 ,41.38 ,1003.98 ,77.48
23:45:37,0 ,0 ,0 ,481 ,5 ,18.94 ,41.37 ,1003.98 ,77.44
23:45:39,0 ,0 ,0 ,481 ,5 ,18.93 ,41.38 ,1003.99 ,77.36
23:45:40,0 ,0 ,0 ,481 ,5 ,18.94 ,41.39 ,1003.98 ,77.47
23:45:41,0 ,0 ,0 ,481 ,5 ,18.93 ,41.39 ,1003.98 ,77.48
23:45:42,0 ,0 ,0 ,481 ,5 ,18.94 ,41.39 ,1003.98 ,77.51
23:45:43,0 ,0 ,0 ,482 ,5 ,18.94 ,41.40 ,1003.97 ,77.56
23:45:44,0 ,0 ,0 ,481 ,5 ,18.94 ,41.41 ,1003.99 ,77.38
23:45:46,0 ,0 ,0 ,481 ,5 ,18.94 ,41.39 ,1003.99 ,77.34
23:45:47,0 ,0 ,0 ,481 ,5 ,18.94 ,41.43 ,1004.03 ,77.07
23:45:48,0 ,0 ,0 ,481 ,5 ,18.94 ,41.41 ,1003.97 ,77.57
23:45:49,0 ,0 ,0 ,481 ,5 ,18.93 ,41.41 ,1003.96 ,77.63
23:45:50,0 ,0 ,0 ,481 ,5 ,18.93 ,41.39 ,1003.95 ,77.75
23:45:51,0 ,0 ,0 ,481 ,5 ,18.94 ,41.39 ,1004.00 ,77.31
23:45:53,0 ,0 ,0 ,481 ,5 ,18.94 ,41.38 ,1003.96 ,77.65
23:45:54,0 ,0 ,0 ,481 ,5 ,18.94 ,41.38 ,1003.98 ,77.43
23:45:55,0 ,0 ,0 ,481 ,5 ,18.94 ,41.39 ,1003.99 ,77.41
23:45:56,0 ,0 ,0 ,482 ,5 ,18.94 ,41.39 ,1003.97 ,77.53
23:45:57,0 ,0 ,0 ,482 ,5 ,18.94 ,41.38 ,1003.97 ,77.59
23:45:58,0 ,0 ,0 ,482 ,5 ,18.94 ,41.38 ,1003.98 ,77.49
23:46:00,0 ,0 ,0 ,481 ,5 ,18.94 ,41.40 ,1003.97 ,77.52
23:46:01,0 ,0 ,0 ,481 ,5 ,18.94 ,41.38 ,1003.98 ,77.50
23:46:02,0 ,0 ,0 ,482 ,5 ,18.95 ,41.39 ,1004.01 ,77.20
23:46:03,0 ,0 ,0 ,481 ,5 ,18.95 ,41.40 ,1003.97 ,77.53
23:46:04,0 ,0 ,0 ,481 ,5 ,18.94 ,41.41 ,1003.96 ,77.63
23:46:05,0 ,0 ,0 ,481 ,5 ,18.94 ,41.43 ,1003.97 ,77.59
23:46:07,0 ,0 ,0 ,481 ,5 ,18.94 ,41.45 ,1003.97 ,77.58
23:46:08,0 ,0 ,0 ,481 ,5 ,18.94 ,41.41 ,1003.98 ,77.50
23:46:09,0 ,0 ,0 ,481 ,5 ,18.94 ,41.41 ,1003.99 ,77.38
23:46:10,0 ,0 ,0 ,481 ,5 ,18.95 ,41.40 ,1003.97 ,77.53
23:46:11,0 ,0 ,0 ,481 ,5 ,18.94 ,41.39 ,1003.96 ,77.66
23:46:12,0 ,0 ,0 ,481 ,5 ,18.94 ,41.39 ,1004.00 ,77.32
23:46:14,0 ,0 ,0 ,481 ,5 ,18.94 ,41.39 ,1003.97 ,77.59
23:46:15,0 ,0 ,0 ,481 ,5 ,18.94 ,41.39 ,1003.99 ,77.42
23:46:16,0 ,0 ,0 ,481 ,5 ,18.94 ,41.39 ,1004.00 ,77.32
23:46:17,0 ,0 ,0 ,481 ,5 ,18.94 ,41.41 ,1003.99 ,77.34
23:46:18,0 ,0 ,0 ,480 ,5 ,18.95 ,41.40 ,1003.98 ,77.47
23:46:19,0 ,0 ,0 ,481 ,5 ,18.95 ,41.41 ,1003.97 ,77.56
23:46:21,0 ,0 ,0 ,480 ,5 ,18.95 ,41.40 ,1003.98 ,77.45
23:46:22,0 ,0 ,0 ,481 ,5 ,18.95 ,41.39 ,1003.99 ,77.34
23:46:23,0 ,0 ,0 ,481 ,5 ,18.95 ,41.42 ,1003.96 ,77.60
23:46:24,0 ,0 ,0 ,481 ,5 ,18.94 ,41.40 ,1003.99 ,77.36
23:46:25,0 ,0 ,0 ,481 ,5 ,18.94 ,41.40 ,1003.98 ,77.44
23:46:26,0 ,0 ,0 ,481 ,5 ,18.94 ,41.39 ,1003.97 ,77.54
23:46:28,0 ,0 ,0 ,481 ,5 ,18.94 ,41.39 ,1003.98 ,77.48
23:46:29,0 ,0 ,0 ,481 ,5 ,18.95 ,41.38 ,1004.00 ,77.32
23:46:30,0 ,0 ,0 ,480 ,5 ,18.95 ,41.38 ,1003.96 ,77.61
23:46:31,0 ,0 ,0 ,481 ,5 ,18.95 ,41.39 ,1003.99 ,77.41
23:46:32,0 ,0 ,0 ,480 ,5 ,18.95 ,41.29 ,1003.97 ,77.57
23:46:33,0 ,0 ,0 ,480 ,5 ,18.94 ,41.41 ,1003.98 ,77.44
23:46:35,0 ,0 ,0 ,480 ,5 ,18.94 ,41.40 ,1003.96 ,77.62
23:46:36,0 ,0 ,0 ,480 ,5 ,18.95 ,41.39 ,1003.97 ,77.57
23:46:37,0 ,0 ,0 ,480 ,5 ,18.95 ,41.39 ,1004.00 ,77.32
23:46:38,0 ,0 ,0 ,481 ,5 ,18.95 ,41.38 ,1003.98 ,77.43
23:46:39,0 ,0 ,0 ,481 ,5 ,18.95 ,41.38 ,1003.98 ,77.43
23:46:40,0 ,0 ,0 ,480 ,5 ,18.96 ,41.39 ,1003.97 ,77.52
23:46:42,0 ,0 ,0 ,480 ,5 ,18.95 ,41.40 ,1003.94 ,77.80
23:46:43,0 ,0 ,0 ,481 ,5 ,18.94 ,41.39 ,1003.98 ,77.44
23:46:44,0 ,0 ,0 ,481 ,5 ,18.95 ,41.38 ,1003.98 ,77.47
23:46:45,0 ,0 ,0 ,480 ,5 ,18.95 ,41.39 ,1003.98 ,77.47
23:46:46,0 ,0 ,0 ,480 ,5 ,18.95 ,41.39 ,1003.96 ,77.62
23:46:47,0 ,0 ,0 ,480 ,5 ,18.95 ,41.39 ,1003.96 ,77.61
23:46:49,0 ,0 ,0 ,480 ,5 ,18.95 ,41.37 ,1003.96 ,77.65
23:46:50,0 ,0 ,0 ,481 ,5 ,18.94 ,41.36 ,1003.98 ,77.51
23:46:51,0 ,0 ,0 ,481 ,5 ,18.95 ,41.37 ,1003.98 ,77.44
23:46:52,0 ,0 ,0 ,481 ,5 ,18.95 ,41.38 ,1003.98 ,77.43
23:46:53,0 ,0 ,0 ,481 ,5 ,18.94 ,41.37 ,1003.98 ,77.49
23:46:54,0 ,0 ,0 ,481 ,5 ,18.94 ,41.37 ,1003.97 ,77.59
23:46:56,0 ,0 ,0 ,481 ,5 ,18.95 ,41.38 ,1003.98 ,77.48
23:46:57,0 ,0 ,0 ,481 ,5 ,18.94 ,41.37 ,1003.97 ,77.53
23:46:58,0 ,0 ,0 ,481 ,5 ,18.94 ,41.38 ,1003.97 ,77.57
23:46:59,0 ,0 ,0 ,481 ,5 ,18.94 ,41.37 ,1003.98 ,77.47
23:47:00,0 ,0 ,0 ,481 ,5 ,18.94 ,41.37 ,1003.98 ,77.49
23:47:01,0 ,0 ,0 ,482 ,5 ,18.94 ,41.37 ,1003.97 ,77.53
23:47:03,0 ,0 ,0 ,481 ,5 ,18.94 ,41.39 ,1003.99 ,77.40
23:47:04,0 ,0 ,0 ,481 ,5 ,18.95 ,41.41 ,1003.96 ,77.60
23:47:05,0 ,0 ,0 ,482 ,5 ,18.94 ,41.41 ,1003.98 ,77.44
23:47:06,0 ,0 ,0 ,482 ,5 ,18.95 ,41.38 ,1003.99 ,77.36
23:47:07,0 ,0 ,0 ,482 ,5 ,18.94 ,41.38 ,1003.98 ,77.48
23:47:09,0 ,0 ,0 ,482 ,5 ,18.94 ,41.39 ,1003.99 ,77.37
23:47:10,0 ,0 ,0 ,482 ,5 ,18.94 ,41.39 ,1003.98 ,77.49
23:47:11,0 ,0 ,0 ,482 ,5 ,18.94 ,41.39 ,1003.98 ,77.47
23:47:12,0 ,0 ,0 ,482 ,5 ,18.94 ,41.37 ,1003.96 ,77.67
23:47:13,0 ,0 ,0 ,482 ,5 ,18.95 ,41.37 ,1004.01 ,77.22
23:47:14,0 ,0 ,0 ,482 ,5 ,18.94 ,41.39 ,1003.98 ,77.43
23:47:16,0 ,0 ,0 ,482 ,5 ,18.94 ,41.37 ,1003.95 ,77.70
23:47:17,0 ,0 ,0 ,482 ,5 ,18.94 ,41.37 ,1003.98 ,77.51
23:47:18,0 ,0 ,0 ,482 ,5 ,18.94 ,41.37 ,1003.97 ,77.59
23:47:19,0 ,0 ,0 ,482 ,5 ,18.94 ,41.37 ,1003.96 ,77.66
23:47:20,0 ,0 ,0 ,482 ,5 ,18.94 ,41.38 ,1003.97 ,77.55
23:47:21,0 ,0 ,0 ,482 ,5 ,18.95 ,41.37 ,1003.95 ,77.74
23:47:23,0 ,0 ,0 ,482 ,5 ,18.95 ,41.37 ,1003.98 ,77.44
23:48:24,0 ,0 ,0 ,482 ,5 ,18.95 ,41.38 ,1003.98 ,77.44
23:48:25,0 ,0 ,0 ,483 ,5 ,18.96 ,41.38 ,1003.97 ,77.55
23:48:26,0 ,0 ,0 ,483 ,5 ,18.95 ,41.39 ,1003.96 ,77.64
23:48:27,0 ,0 ,0 ,482 ,5 ,18.95 ,41.38 ,1003.98 ,77.44
23:48:28,0 ,0 ,0 ,482 ,5 ,18.96 ,41.38 ,1003.99 ,77.41
23:48:30,0 ,0 ,0 ,482 ,5 ,18.95 ,41.38 ,1003.95 ,77.72
23:48:31,0 ,0 ,0 ,482 ,5 ,18.95 ,41.40 ,1003.97 ,77.57
23:48:32,0 ,0 ,0 ,482 ,5 ,18.96 ,41.44 ,1004.00 ,77.33
23:48:33,0 ,0 ,0 ,482 ,5 ,18.96 ,41.43 ,1004.01 ,77.25
23:48:34,0 ,0 ,0 ,482 ,5 ,18.96 ,41.43 ,1004.01 ,77.23
23:48:35,0 ,0 ,0 ,482 ,5 ,18.95 ,41.44 ,1004.00 ,77.31
23:48:37,0 ,0 ,0 ,482 ,5 ,18.96 ,41.44 ,1003.97 ,77.55
23:48:38,0 ,0 ,0 ,482 ,5 ,18.96 ,41.43 ,1003.98 ,77.46
23:48:39,0 ,0 ,0 ,482 ,5 ,18.96 ,41.40 ,1004.00 ,77.30
23:48:40,0 ,0 ,0 ,482 ,5 ,18.96 ,41.38 ,1003.99 ,77.39
23:48:41,0 ,0 ,0 ,482 ,5 ,18.96 ,41.38 ,1003.99 ,77.39
23:48:42,0 ,0 ,0 ,482 ,5 ,18.96 ,41.38 ,1003.98 ,77.44
23:48:44,0 ,0 ,0 ,482 ,5 ,18.97 ,41.39 ,1003.98 ,77.44
23:48:45,0 ,0 ,0 ,481 ,5 ,18.96 ,41.38 ,1003.98 ,77.44
23:48:46,0 ,0 ,0 ,481 ,5 ,18.96 ,41.40 ,1003.98 ,77.43
23:48:47,0 ,0 ,0 ,481 ,5 ,18.96 ,41.41 ,1003.97 ,77.53
23:48:48,0 ,0 ,0 ,481 ,5 ,18.95 ,41.39 ,1003.98 ,77.45
23:48:49,0 ,0 ,0 ,481 ,5 ,18.97 ,41.42 ,1003.99 ,77.42
23:48:51,0 ,0 ,0 ,481 ,5 ,18.97 ,41.44 ,1004.00 ,77.32
23:48:52,0 ,0 ,0 ,481 ,5 ,18.97 ,41.44 ,1004.00 ,77.27
23:48:53,0 ,0 ,0 ,481 ,5 ,18.96 ,41.44 ,1004.02 ,77.10
23:48:54,0 ,0 ,0 ,481 ,5 ,18.96 ,41.44 ,1003.99 ,77.42
23:48:55,0 ,0 ,0 ,481 ,5 ,18.97 ,41.44 ,1004.01 ,77.25
23:48:56,0 ,0 ,0 ,481 ,5 ,18.97 ,41.42 ,1004.00 ,77.32
23:48:58,0 ,0 ,0 ,481 ,5 ,18.96 ,41.39 ,1003.98 ,77.46
23:48:59,0 ,0 ,0 ,481 ,5 ,18.97 ,41.39 ,1004.01 ,77.22
23:49:00,0 ,0 ,0 ,481 ,5 ,18.97 ,41.38 ,1003.98 ,77.51
23:49:01,0 ,0 ,0 ,481 ,5 ,18.96 ,41.38 ,1004.02 ,77.17
23:49:02,0 ,0 ,0 ,481 ,5 ,18.97 ,41.39 ,1004.01 ,77.20
23:49:03,0 ,0 ,0 ,481 ,5 ,18.96 ,41.39 ,1003.99 ,77.37
23:49:05,0 ,0 ,0 ,481 ,5 ,18.96 ,41.39 ,1004.00 ,77.32
23:49:06,0 ,0 ,0 ,481 ,5 ,18.96 ,41.39 ,1004.01 ,77.19
23:49:07,0 ,0 ,0 ,481 ,5 ,18.96 ,41.41 ,1003.96 ,77.62
23:49:08,0 ,0 ,0 ,481 ,5 ,18.96 ,41.40 ,1003.99 ,77.40
23:49:09,0 ,0 ,0 ,481 ,5 ,18.96 ,41.41 ,1003.97 ,77.53
23:49:10,0 ,0 ,0 ,481 ,5 ,18.96 ,41.41 ,1003.99 ,77.36
23:49:12,0 ,0 ,0 ,481 ,5 ,18.96 ,41.41 ,1003.99 ,77.38
23:49:13,0 ,0 ,0 ,481 ,5 ,18.96 ,41.42 ,1003.99 ,77.41
23:49:14,0 ,0 ,0 ,481 ,5 ,18.96 ,41.43 ,1003.97 ,77.54
23:49:15,0 ,0 ,0 ,481 ,5 ,18.96 ,41.43 ,1003.98 ,77.49
23:49:16,0 ,0 ,0 ,481 ,5 ,18.97 ,41.43 ,1003.96 ,77.60
23:49:17,0 ,0 ,0 ,481 ,5 ,18.97 ,41.42 ,1004.01 ,77.23
23:49:19,0 ,0 ,0 ,481 ,5 ,18.97 ,41.39 ,1003.96 ,77.63
23:49:20,0 ,0 ,0 ,481 ,5 ,18.97 ,41.39 ,1004.01 ,77.24
23:49:21,0 ,0 ,0 ,481 ,5 ,18.97 ,41.41 ,1003.99 ,77.40
23:49:22,0 ,0 ,0 ,481 ,5 ,18.97 ,41.41 ,1003.97 ,77.54
23:49:23,0 ,0 ,0 ,481 ,5 ,18.96 ,41.37 ,1003.97 ,77.54
23:49:24,0 ,0 ,0 ,481 ,5 ,18.97 ,41.38 ,1004.01 ,77.20
23:49:26,0 ,0 ,0 ,481 ,5 ,18.97 ,41.37 ,1003.99 ,77.41
23:49:27,0 ,0 ,0 ,481 ,5 ,18.97 ,41.35 ,1004.01 ,77.25
23:49:28,0 ,0 ,0 ,481 ,5 ,18.97 ,41.37 ,1003.98 ,77.50
23:49:29,0 ,0 ,0 ,481 ,5 ,18.97 ,41.37 ,1003.98 ,77.50
23:49:30,0 ,0 ,0 ,481 ,5 ,18.96 ,41.37 ,1003.99 ,77.37
23:49:31,0 ,0 ,0 ,481 ,5 ,18.97 ,41.37 ,1004.04 ,76.98
23:49:33,0 ,0 ,0 ,481 ,5 ,18.97 ,41.39 ,1004.01 ,77.17
23:49:34,0 ,0 ,0 ,481 ,5 ,18.97 ,41.37 ,1004.00 ,77.32
23:49:35,0 ,0 ,0 ,482 ,5 ,18.97 ,41.38 ,1004.02 ,77.16
23:49:36,0 ,0 ,0 ,482 ,5 ,18.97 ,41.36 ,1004.01 ,77.21
23:49:37,0 ,0 ,0 ,482 ,5 ,18.97 ,41.37 ,1004.00 ,77.34
23:49:38,0 ,0 ,0 ,482 ,5 ,18.97 ,41.38 ,1004.00 ,77.31
23:49:40,0 ,0 ,0 ,482 ,5 ,18.97 ,41.36 ,1004.01 ,77.18
23:49:41,0 ,0 ,0 ,482 ,5 ,18.97 ,41.37 ,1004.03 ,77.08
23:49:42,0 ,0 ,0 ,482 ,5 ,18.97 ,41.37 ,1004.01 ,77.18
23:49:43,0 ,0 ,0 ,482 ,5 ,18.97 ,41.38 ,1004.01 ,77.17
23:49:44,0 ,0 ,0 ,481 ,5 ,18.98 ,41.38 ,1004.02 ,77.11
23:49:45,0 ,0 ,0 ,482 ,5 ,18.98 ,41.39 ,1003.99 ,77.42
23:49:47,0 ,0 ,0 ,482 ,5 ,18.98 ,41.41 ,1004.01 ,77.20
23:49:48,0 ,0 ,0 ,482 ,5 ,18.98 ,41.41 ,1004.00 ,77.31
23:49:49,0 ,0 ,0 ,481 ,5 ,18.98 ,41.39 ,1003.99 ,77.40
23:49:50,0 ,0 ,0 ,482 ,5 ,18.97 ,41.38 ,1004.00 ,77.28
23:49:51,0 ,0 ,0 ,481 ,5 ,18.98 ,41.36 ,1004.00 ,77.28
23:49:52,0 ,0 ,0 ,482 ,5 ,18.98 ,41.36 ,1004.01 ,77.26
23:49:54,0 ,0 ,0 ,482 ,5 ,18.97 ,41.39 ,1003.99 ,77.38
23:49:55,0 ,0 ,0 ,482 ,5 ,18.98 ,41.36 ,1004.00 ,77.31
23:49:56,0 ,0 ,0 ,482 ,5 ,18.97 ,41.37 ,1003.99 ,77.37
23:49:57,0 ,0 ,0 ,482 ,5 ,18.98 ,41.38 ,1004.03 ,77.07
23:49:58,0 ,0 ,0 ,482 ,5 ,18.98 ,41.38 ,1004.02 ,77.15
23:49:59,0 ,0 ,0 ,482 ,5 ,18.97 ,41.38 ,1004.00 ,77.31
23:50:01,0 ,0 ,0 ,482 ,5 ,18.98 ,41.38 ,1004.01 ,77.24
23:50:02,0 ,0 ,0 ,482 ,5 ,18.97 ,41.36 ,1004.00 ,77.31
23:50:03,0 ,0 ,0 ,482 ,5 ,18.98 ,41.36 ,1003.97 ,77.58
23:50:04,0 ,0 ,0 ,481 ,5 ,18.98 ,41.37 ,1004.01 ,77.18
23:50:05,0 ,0 ,0 ,481 ,5 ,18.98 ,41.37 ,1003.99 ,77.38
23:50:06,0 ,0 ,0 ,481 ,5 ,18.97 ,41.36 ,1004.04 ,76.98
23:50:08,0 ,0 ,0 ,481 ,5 ,18.97 ,41.35 ,1004.02 ,77.12
23:50:09,0 ,0 ,0 ,481 ,5 ,18.98 ,41.33 ,1004.02 ,77.13
23:50:10,0 ,0 ,0 ,482 ,5 ,18.98 ,41.33 ,1004.02 ,77.13
23:50:11,0 ,0 ,0 ,482 ,5 ,18.98 ,41.33 ,1004.01 ,77.24
23:50:12,0 ,0 ,0 ,482 ,5 ,18.97 ,41.34 ,1003.99 ,77.38
23:50:13,0 ,0 ,0 ,481 ,5 ,18.97 ,41.36 ,1004.01 ,77.25
23:50:15,0 ,0 ,0 ,481 ,5 ,18.97 ,41.36 ,1004.00 ,77.31
23:50:16,0 ,0 ,0 ,481 ,5 ,18.97 ,41.35 ,1003.99 ,77.39
23:50:17,0 ,0 ,0 ,482 ,5 ,18.96 ,41.35 ,1004.02 ,77.10
23:50:18,0 ,0 ,0 ,482 ,5 ,18.97 ,41.36 ,1004.02 ,77.11
23:50:19,0 ,0 ,0 ,482 ,5 ,18.97 ,41.33 ,1003.99 ,77.38
23:50:20,0 ,0 ,0 ,482 ,5 ,18.98 ,41.35 ,1004.03 ,77.05
23:51:22,0 ,0 ,0 ,483 ,5 ,18.98 ,41.31 ,1004.00 ,77.32
23:51:23,0 ,0 ,0 ,483 ,5 ,18.99 ,41.30 ,1004.00 ,77.33
23:51:24,0 ,0 ,0 ,483 ,5 ,18.99 ,41.33 ,1003.99 ,77.35
23:51:25,0 ,0 ,0 ,483 ,5 ,18.99 ,41.29 ,1004.01 ,77.24
23:51:26,0 ,0 ,0 ,483 ,5 ,18.98 ,41.30 ,1003.99 ,77.36
23:51:27,0 ,0 ,0 ,483 ,5 ,18.99 ,41.30 ,1004.01 ,77.25
23:51:29,0 ,0 ,0 ,483 ,5 ,18.99 ,41.33 ,1004.04 ,77.00
23:51:30,0 ,0 ,0 ,483 ,5 ,18.99 ,41.30 ,1004.02 ,77.11
23:51:31,0 ,0 ,0 ,483 ,5 ,18.99 ,41.30 ,1003.98 ,77.50
23:51:32,0 ,0 ,0 ,483 ,5 ,18.99 ,41.30 ,1003.99 ,77.38
23:51:33,0 ,0 ,0 ,483 ,5 ,18.99 ,41.32 ,1004.00 ,77.27
23:51:34,0 ,0 ,0 ,483 ,5 ,18.99 ,41.33 ,1004.01 ,77.23
23:51:36,0 ,0 ,0 ,483 ,5 ,18.99 ,41.32 ,1004.00 ,77.26
23:51:37,0 ,0 ,0 ,483 ,5 ,18.99 ,41.33 ,1004.00 ,77.29
23:51:38,0 ,0 ,0 ,483 ,5 ,18.99 ,41.35 ,1004.01 ,77.24
23:51:39,0 ,0 ,0 ,483 ,5 ,18.98 ,41.36 ,1003.98 ,77.45
23:51:40,0 ,0 ,0 ,483 ,5 ,18.99 ,41.38 ,1004.00 ,77.27
23:51:41,0 ,0 ,0 ,483 ,5 ,18.98 ,41.37 ,1004.00 ,77.34
23:51:43,0 ,0 ,0 ,483 ,5 ,18.98 ,41.36 ,1004.01 ,77.22
23:51:44,0 ,0 ,0 ,483 ,5 ,18.98 ,41.36 ,1003.99 ,77.39
23:51:45,0 ,0 ,0 ,483 ,5 ,18.98 ,41.37 ,1004.02 ,77.14
23:51:46,0 ,0 ,0 ,483 ,5 ,18.98 ,41.35 ,1004.01 ,77.21
23:51:47,0 ,0 ,0 ,483 ,5 ,18.98 ,41.36 ,1004.01 ,77.24
23:51:48,0 ,0 ,0 ,483 ,5 ,18.98 ,41.34 ,1003.99 ,77.40
23:51:50,0 ,0 ,0 ,483 ,5 ,18.98 ,41.31 ,1004.01 ,77.26
23:51:51,0 ,0 ,0 ,483 ,5 ,18.98 ,41.30 ,1003.99 ,77.35
23:51:52,0 ,0 ,0 ,483 ,5 ,18.98 ,41.33 ,1004.04 ,76.94
23:51:53,0 ,0 ,0 ,483 ,5 ,18.98 ,41.34 ,1003.99 ,77.39
23:51:54,0 ,0 ,0 ,483 ,5 ,18.98 ,41.35 ,1004.01 ,77.25
23:51:55,0 ,0 ,0 ,483 ,5 ,18.98 ,41.31 ,1004.01 ,77.22
23:51:57,0 ,0 ,0 ,484 ,5 ,18.98 ,41.31 ,1004.02 ,77.14
23:51:58,0 ,0 ,0 ,484 ,5 ,18.98 ,41.30 ,1004.01 ,77.23
23:51:59,0 ,0 ,0 ,484 ,5 ,18.98 ,41.29 ,1004.00 ,77.31
23:52:00,0 ,0 ,0 ,484 ,5 ,18.98 ,41.30 ,1004.00 ,77.33
23:52:01,0 ,0 ,0 ,483 ,5 ,18.98 ,41.30 ,1004.01 ,77.22
23:52:02,0 ,0 ,0 ,483 ,5 ,18.98 ,41.33 ,1004.00 ,77.26
23:52:04,0 ,0 ,0 ,484 ,5 ,18.97 ,41.32 ,1003.95 ,77.70
23:52:05,0 ,0 ,0 ,483 ,5 ,18.98 ,41.30 ,1004.02 ,77.16
23:52:06,0 ,0 ,0 ,483 ,5 ,18.98 ,41.30 ,1004.02 ,77.16
23:52:07,0 ,0 ,0 ,484 ,5 ,18.98 ,41.31 ,1004.03 ,77.02
23:52:08,0 ,0 ,0 ,483 ,5 ,18.98 ,41.28 ,1004.00 ,77.26
23:52:09,0 ,0 ,0 ,483 ,5 ,18.98 ,41.28 ,1004.00 ,77.28
23:52:11,0 ,0 ,0 ,483 ,5 ,18.97 ,41.29 ,1004.02 ,77.13
23:52:12,0 ,0 ,0 ,483 ,5 ,18.97 ,41.28 ,1004.00 ,77.27
23:52:13,0 ,0 ,0 ,483 ,5 ,18.97 ,41.28 ,1004.02 ,77.13
23:52:14,0 ,0 ,0 ,483 ,5 ,18.98 ,41.28 ,1004.01 ,77.23
23:52:15,0 ,0 ,0 ,483 ,5 ,18.98 ,41.31 ,1004.03 ,77.02
23:52:16,0 ,0 ,0 ,483 ,5 ,18.98 ,41.29 ,1004.02 ,77.17
23:52:18,0 ,0 ,0 ,483 ,5 ,18.98 ,41.31 ,1003.99 ,77.34
23:52:19,0 ,0 ,0 ,483 ,5 ,18.98 ,41.31 ,1004.02 ,77.14
23:52:20,0 ,0 ,0 ,483 ,5 ,18.98 ,41.31 ,1004.01 ,77.24
23:52:21,0 ,0 ,0 ,483 ,5 ,18.98 ,41.33 ,1004.01 ,77.24
23:52:22,0 ,0 ,0 ,483 ,5 ,18.98 ,41.33 ,1004.00 ,77.33
23:52:23,0 ,0 ,0 ,483 ,5 ,18.97 ,41.30 ,1003.98 ,77.35
23:52:25,0 ,0 ,0 ,483 ,5 ,18.98 ,41.31 ,1004.01 ,77.24
23:52:26,0 ,0 ,0 ,483 ,5 ,18.98 ,41.34 ,1004.03 ,77.05
23:52:27,0 ,0 ,0 ,483 ,5 ,18.98 ,41.31 ,1003.99 ,77.36
23:52:28,0 ,0 ,0 ,482 ,5 ,18.98 ,41.30 ,1004.02 ,77.11
23:52:29,0 ,0 ,0 ,483 ,5 ,18.99 ,41.30 ,1004.00 ,77.31
23:52:30,0 ,0 ,0 ,483 ,5 ,18.98 ,41.30 ,1004.01 ,77.24
23:52:32,0 ,0 ,0 ,483 ,5 ,18.98 ,41.31 ,1003.98 ,77.46
23:52:33,0 ,0 ,0 ,483 ,5 ,18.99 ,41.32 ,1004.01 ,77.24
23:52:34,0 ,0 ,0 ,483 ,5 ,18.99 ,41.32 ,1004.01 ,77.17
23:52:35,0 ,0 ,0 ,483 ,5 ,18.99 ,41.30 ,1003.99 ,77.34
23:52:36,0 ,0 ,0 ,482 ,5 ,18.99 ,41.32 ,1004.00 ,77.32
23:52:37,0 ,0 ,0 ,482 ,5 ,18.99 ,41.30 ,1003.99 ,77.36
23:52:39,0 ,0 ,0 ,482 ,5 ,18.99 ,41.29 ,1004.00 ,77.34
23:52:40,0 ,0 ,0 ,482 ,5 ,18.99 ,41.29 ,1004.01 ,77.20
23:52:41,0 ,0 ,0 ,482 ,5 ,18.98 ,41.31 ,1003.99 ,77.40
23:52:42,0 ,0 ,0 ,482 ,5 ,18.99 ,41.29 ,1004.00 ,77.31
23:52:43,0 ,0 ,0 ,481 ,5 ,18.99 ,41.32 ,1004.03 ,77.01
23:52:44,0 ,0 ,0 ,481 ,5 ,19.00 ,41.30 ,1004.00 ,77.26
23:52:46,0 ,0 ,0 ,481 ,5 ,18.99 ,41.30 ,1004.04 ,76.95
23:52:47,0 ,0 ,0 ,481 ,5 ,18.99 ,41.30 ,1004.00 ,77.29
23:52:48,0 ,0 ,0 ,481 ,5 ,18.99 ,41.29 ,1004.01 ,77.21
23:52:49,0 ,0 ,0 ,481 ,5 ,18.99 ,41.29 ,1003.99 ,77.36
23:52:50,0 ,0 ,0 ,482 ,5 ,18.99 ,41.30 ,1004.05 ,76.85
23:52:51,0 ,0 ,0 ,482 ,5 ,18.99 ,41.29 ,1004.03 ,77.05
23:52:53,0 ,0 ,0 ,482 ,5 ,18.99 ,41.30 ,1003.98 ,77.47
23:52:54,0 ,0 ,0 ,482 ,5 ,18.99 ,41.30 ,1004.04 ,76.98
23:52:55,0 ,0 ,0 ,482 ,5 ,18.99 ,41.29 ,1003.98 ,77.49
23:52:56,0 ,0 ,0 ,482 ,5 ,18.99 ,41.29 ,1003.99 ,77.38
23:52:57,0 ,0 ,0 ,482 ,5 ,18.99 ,41.30 ,1004.00 ,77.30
23:52:58,0 ,0 ,0 ,482 ,5 ,18.99 ,41.30 ,1004.00 ,77.32
23:53:00,0 ,0 ,0 ,482 ,5 ,19.00 ,41.28 ,1004.02 ,77.13
23:53:01,0 ,0 ,0 ,482 ,5 ,18.99 ,41.28 ,1004.03 ,77.09
23:53:02,0 ,0 ,0 ,482 ,5 ,19.00 ,41.29 ,1004.01 ,77.22
23:53:03,0 ,0 ,0 ,483 ,5 ,18.99 ,41.33 ,1004.01 ,77.24
23:53:04,0 ,0 ,0 ,482 ,5 ,19.00 ,41.34 ,1003.99 ,77.42
23:53:05,0 ,0 ,0 ,483 ,5 ,18.99 ,41.34 ,1003.99 ,77.37
23:53:07,0 ,0 ,0 ,482 ,5 ,19.00 ,41.35 ,1003.99 ,77.37
23:53:08,0 ,0 ,0 ,482 ,5 ,19.00 ,41.33 ,1004.01 ,77.20
23:53:09,0 ,0 ,0 ,483 ,5 ,19.00 ,41.35 ,1004.01 ,77.18
23:53:10,0 ,0 ,0 ,482 ,5 ,18.99 ,41.35 ,1003.98 ,77.45
23:53:11,0 ,0 ,0 ,483 ,5 ,19.00 ,41.33 ,1003.99 ,77.39
23:53:12,0 ,0 ,0 ,482 ,5 ,19.00 ,41.32 ,1004.00 ,77.27
23:53:14,0 ,0 ,0 ,482 ,5 ,18.99 ,41.30 ,1004.00 ,77.31
23:53:15,0 ,0 ,0 ,482 ,5 ,19.00 ,41.32 ,1004.00 ,77.26
23:53:16,0 ,0 ,0 ,483 ,5 ,18.99 ,41.30 ,1004.03 ,77.07
23:53:17,0 ,0 ,0 ,483 ,5 ,19.00 ,41.30 ,1004.02 ,77.14
23:53:18,0 ,0 ,0 ,483 ,5 ,19.00 ,41.33 ,1003.97 ,77.52
23:54:19,0 ,0 ,0 ,485 ,5 ,19.01 ,41.44 ,1004.01 ,77.22
23:54:21,0 ,0 ,0 ,485 ,5 ,19.01 ,41.39 ,1004.02 ,77.17
23:54:22,0 ,0 ,0 ,485 ,5 ,19.01 ,41.39 ,1004.02 ,77.12
23:54:23,0 ,0 ,0 ,485 ,5 ,19.00 ,41.39 ,1004.02 ,77.14
23:54:24,0 ,0 ,0 ,485 ,5 ,19.01 ,41.39 ,1004.04 ,76.99
23:54:25,0 ,0 ,0 ,485 ,5 ,19.00 ,41.41 ,1004.00 ,77.33
23:54:26,0 ,0 ,0 ,486 ,5 ,19.01 ,41.37 ,1003.99 ,77.36
23:54:28,0 ,0 ,0 ,486 ,5 ,19.01 ,41.39 ,1004.00 ,77.31
23:54:29,0 ,0 ,0 ,486 ,5 ,19.01 ,41.39 ,1004.01 ,77.24
23:54:30,0 ,0 ,0 ,486 ,5 ,19.02 ,41.39 ,1004.02 ,77.10
23:54:31,0 ,0 ,0 ,486 ,5 ,19.01 ,41.39 ,1004.03 ,77.05
23:54:32,0 ,0 ,0 ,486 ,5 ,19.02 ,41.40 ,1004.03 ,77.01
23:54:33,0 ,0 ,0 ,486 ,5 ,19.01 ,41.39 ,1004.02 ,77.09
23:54:35,0 ,0 ,0 ,486 ,5 ,19.01 ,41.40 ,1004.04 ,76.98
23:54:36,0 ,0 ,0 ,487 ,5 ,19.01 ,41.37 ,1004.00 ,77.27
23:54:37,0 ,0 ,0 ,487 ,5 ,19.02 ,41.36 ,1004.00 ,77.27
23:54:38,0 ,0 ,0 ,487 ,5 ,19.01 ,41.39 ,1004.01 ,77.23
23:54:39,0 ,0 ,0 ,487 ,5 ,19.02 ,41.39 ,1004.00 ,77.30
23:54:40,0 ,0 ,0 ,487 ,5 ,19.01 ,41.38 ,1003.97 ,77.54
23:54:42,0 ,0 ,0 ,487 ,5 ,19.01 ,41.38 ,1003.99 ,77.40
23:54:43,0 ,0 ,0 ,487 ,5 ,19.01 ,41.36 ,1003.99 ,77.34
23:54:44,0 ,0 ,0 ,488 ,5 ,19.01 ,41.36 ,1004.00 ,77.31
23:54:45,0 ,0 ,0 ,488 ,5 ,19.01 ,41.36 ,1003.96 ,77.65
23:54:46,0 ,0 ,0 ,488 ,5 ,19.02 ,41.35 ,1004.01 ,77.21
23:54:47,0 ,0 ,0 ,488 ,5 ,19.02 ,41.33 ,1004.00 ,77.27
23:54:49,0 ,0 ,0 ,488 ,5 ,19.02 ,41.32 ,1004.01 ,77.20
23:54:50,0 ,0 ,0 ,489 ,5 ,19.01 ,41.33 ,1004.02 ,77.10
23:54:51,0 ,0 ,0 ,489 ,5 ,19.01 ,41.28 ,1004.00 ,77.26
23:54:52,0 ,0 ,0 ,489 ,5 ,19.01 ,41.28 ,1003.98 ,77.47
23:54:53,0 ,0 ,0 ,490 ,5 ,19.02 ,41.31 ,1004.02 ,77.08
23:54:54,0 ,0 ,0 ,490 ,5 ,19.02 ,41.26 ,1004.00 ,77.27
23:54:56,0 ,0 ,0 ,490 ,5 ,19.02 ,41.26 ,1003.98 ,77.46
23:54:57,0 ,0 ,0 ,491 ,5 ,19.02 ,41.25 ,1004.00 ,77.27
23:54:58,0 ,0 ,0 ,491 ,5 ,19.02 ,41.26 ,1003.99 ,77.34
23:54:59,0 ,0 ,0 ,491 ,5 ,19.02 ,41.27 ,1004.00 ,77.27
23:55:00,0 ,0 ,0 ,492 ,5 ,19.01 ,41.27 ,1004.00 ,77.31
23:55:01,0 ,0 ,0 ,492 ,5 ,19.01 ,41.26 ,1003.96 ,77.61
23:55:03,0 ,0 ,0 ,493 ,5 ,19.01 ,41.25 ,1004.02 ,77.17
23:55:04,0 ,0 ,0 ,493 ,5 ,19.01 ,41.24 ,1004.00 ,77.29
23:55:05,0 ,0 ,0 ,493 ,5 ,19.01 ,41.25 ,1003.99 ,77.35
23:55:06,0 ,0 ,0 ,494 ,5 ,19.01 ,41.22 ,1004.02 ,77.17
23:55:07,0 ,0 ,0 ,494 ,5 ,19.01 ,41.24 ,1004.02 ,77.17
23:55:08,0 ,0 ,0 ,494 ,5 ,19.01 ,41.24 ,1004.03 ,77.07
23:55:10,0 ,0 ,0 ,494 ,5 ,19.00 ,41.27 ,1004.00 ,77.31
23:55:11,0 ,0 ,0 ,494 ,5 ,19.00 ,41.28 ,1004.00 ,77.28
23:55:12,0 ,0 ,0 ,494 ,5 ,19.01 ,41.26 ,1004.02 ,77.17
23:55:13,0 ,0 ,0 ,494 ,5 ,19.01 ,41.29 ,1004.00 ,77.26
23:55:14,0 ,0 ,0 ,495 ,5 ,19.01 ,41.27 ,1004.01 ,77.22
23:55:15,0 ,0 ,0 ,495 ,5 ,19.01 ,41.32 ,1004.02 ,77.17
23:55:17,0 ,0 ,0 ,495 ,5 ,19.00 ,41.32 ,1003.98 ,77.39
23:55:18,0 ,0 ,0 ,495 ,5 ,19.00 ,41.33 ,1003.98 ,77.44
23:55:19,0 ,0 ,0 ,495 ,5 ,19.01 ,41.34 ,1004.02 ,77.17
23:55:20,0 ,0 ,0 ,495 ,5 ,19.01 ,41.32 ,1004.01 ,77.19
23:55:21,0 ,0 ,0 ,496 ,5 ,19.00 ,41.29 ,1004.02 ,77.17
23:55:22,0 ,0 ,0 ,496 ,5 ,19.01 ,41.28 ,1003.99 ,77.40
23:55:24,0 ,0 ,0 ,496 ,5 ,19.01 ,41.29 ,1004.00 ,77.26
23:55:25,0 ,0 ,0 ,496 ,5 ,19.00 ,41.28 ,1004.03 ,77.07
23:55:26,0 ,0 ,0 ,497 ,5 ,19.01 ,41.32 ,1004.00 ,77.34
23:55:27,0 ,0 ,0 ,497 ,5 ,19.00 ,41.28 ,1003.98 ,77.43
23:55:28,0 ,0 ,0 ,497 ,5 ,19.00 ,41.30 ,1003.95 ,77.74
23:55:29,0 ,0 ,0 ,497 ,5 ,19.01 ,41.27 ,1004.00 ,77.30
23:55:31,0 ,0 ,0 ,497 ,5 ,19.00 ,41.27 ,1003.99 ,77.42
23:55:32,0 ,0 ,0 ,497 ,5 ,19.01 ,41.27 ,1004.01 ,77.25
23:55:33,0 ,0 ,0 ,497 ,5 ,19.00 ,41.27 ,1004.00 ,77.29
23:55:34,0 ,0 ,0 ,497 ,5 ,19.00 ,41.27 ,1003.98 ,77.43
23:55:35,0 ,0 ,0 ,497 ,5 ,19.00 ,41.27 ,1003.98 ,77.48
23:55:36,0 ,0 ,0 ,497 ,5 ,19.00 ,41.27 ,1003.98 ,77.46
23:55:38,0 ,0 ,0 ,497 ,5 ,19.00 ,41.27 ,1003.99 ,77.36
23:55:39,0 ,0 ,0 ,497 ,5 ,19.00 ,41.27 ,1003.99 ,77.36
23:55:40,0 ,0 ,0 ,497 ,5 ,19.00 ,41.28 ,1004.00 ,77.33
23:55:41,0 ,0 ,0 ,497 ,5 ,19.00 ,41.29 ,1003.98 ,77.50
23:55:42,0 ,0 ,0 ,498 ,5 ,19.00 ,41.29 ,1004.00 ,77.33
23:55:43,0 ,0 ,0 ,498 ,5 ,18.99 ,41.28 ,1003.98 ,77.49
23:55:45,0 ,0 ,0 ,498 ,5 ,19.00 ,41.29 ,1004.01 ,77.20
23:55:46,0 ,0 ,0 ,498 ,5 ,19.00 ,41.29 ,1004.01 ,77.18
23:55:47,0 ,0 ,0 ,498 ,5 ,19.00 ,41.24 ,1003.97 ,77.52
23:55:48,0 ,0 ,0 ,498 ,5 ,19.00 ,41.28 ,1003.98 ,77.45
23:55:49,0 ,0 ,0 ,498 ,5 ,19.00 ,41.28 ,1003.98 ,77.45
23:55:50,0 ,0 ,0 ,498 ,5 ,19.00 ,41.29 ,1003.98 ,77.43
23:55:52,0 ,0 ,0 ,498 ,5 ,19.00 ,41.30 ,1003.97 ,77.52
23:55:53,0 ,0 ,0 ,498 ,5 ,19.00 ,41.30 ,1003.98 ,77.46
23:55:54,0 ,0 ,0 ,498 ,5 ,19.00 ,41.32 ,1003.98 ,77.45
23:55:55,0 ,0 ,0 ,498 ,5 ,19.00 ,41.30 ,1003.98 ,77.50
23:55:56,0 ,0 ,0 ,498 ,5 ,19.00 ,41.32 ,1004.00 ,77.33
23:55:57,0 ,0 ,0 ,497 ,5 ,19.00 ,41.32 ,1004.00 ,77.33
23:55:59,0 ,0 ,0 ,497 ,5 ,19.00 ,41.32 ,1004.00 ,77.33
23:56:00,0 ,0 ,0 ,497 ,5 ,19.00 ,41.30 ,1004.00 ,77.32
23:56:01,0 ,0 ,0 ,497 ,5 ,18.99 ,41.30 ,1004.00 ,77.29
23:56:02,0 ,0 ,0 ,497 ,5 ,18.99 ,41.30 ,1003.97 ,77.58
23:56:03,0 ,0 ,0 ,496 ,5 ,19.00 ,41.32 ,1003.99 ,77.36
23:56:04,0 ,0 ,0 ,496 ,5 ,18.99 ,41.32 ,1003.99 ,77.35
23:56:06,0 ,0 ,0 ,496 ,5 ,18.99 ,41.33 ,1004.00 ,77.29
23:56:07,0 ,0 ,0 ,495 ,5 ,18.99 ,41.29 ,1003.99 ,77.41
23:56:08,0 ,0 ,0 ,495 ,5 ,19.00 ,41.30 ,1004.01 ,77.17
23:56:09,0 ,0 ,0 ,495 ,5 ,18.99 ,41.30 ,1003.99 ,77.40
23:56:10,0 ,0 ,0 ,495 ,5 ,18.99 ,41.33 ,1003.99 ,77.34
23:56:11,0 ,0 ,0 ,494 ,5 ,18.99 ,41.29 ,1003.99 ,77.41
23:56:13,0 ,0 ,0 ,494 ,5 ,18.99 ,41.29 ,1004.01 ,77.21
23:56:14,0 ,0 ,0 ,494 ,5 ,18.98 ,41.25 ,1003.95 ,77.58
23:56:15,0 ,0 ,0 ,493 ,5 ,18.98 ,41.28 ,1004.00 ,77.27
23:56:16,0 ,0 ,0 ,493 ,5 ,18.98 ,41.27 ,1003.96 ,77.61
23:57:17,0 ,0 ,0 ,487 ,5 ,19.01 ,41.28 ,1003.98 ,77.43
23:57:18,0 ,0 ,0 ,487 ,5 ,19.00 ,41.29 ,1003.96 ,77.61
23:57:20,0 ,0 ,0 ,487 ,5 ,19.01 ,41.27 ,1003.98 ,77.44
23:57:21,0 ,0 ,0 ,487 ,5 ,19.00 ,41.28 ,1004.02 ,77.17
23:57:22,0 ,0 ,0 ,488 ,5 ,19.00 ,41.27 ,1003.99 ,77.39
23:57:23,0 ,0 ,0 ,487 ,5 ,19.01 ,41.26 ,1004.00 ,77.34
23:57:24,0 ,0 ,0 ,487 ,5 ,19.01 ,41.26 ,1003.96 ,77.64
23:57:25,0 ,0 ,0 ,487 ,5 ,19.02 ,41.26 ,1004.00 ,77.28
23:57:27,0 ,0 ,0 ,487 ,5 ,19.01 ,41.26 ,1003.99 ,77.41
23:57:28,0 ,0 ,0 ,487 ,5 ,19.02 ,41.25 ,1003.98 ,77.46
23:57:29,0 ,0 ,0 ,488 ,5 ,19.01 ,41.25 ,1004.02 ,77.16
23:57:30,0 ,0 ,0 ,487 ,5 ,19.01 ,41.25 ,1004.01 ,77.24
23:57:31,0 ,0 ,0 ,488 ,5 ,19.01 ,41.25 ,1004.01 ,77.22
23:57:32,0 ,0 ,0 ,488 ,5 ,19.01 ,41.26 ,1004.00 ,77.26
23:57:34,0 ,0 ,0 ,488 ,5 ,19.02 ,41.26 ,1004.03 ,77.04
23:57:35,0 ,0 ,0 ,488 ,5 ,19.02 ,41.26 ,1004.01 ,77.21
23:57:36,0 ,0 ,0 ,488 ,5 ,19.02 ,41.26 ,1004.02 ,77.15
23:57:37,0 ,0 ,0 ,488 ,5 ,19.01 ,41.27 ,1004.01 ,77.23
23:57:38,0 ,0 ,0 ,488 ,5 ,19.02 ,41.32 ,1004.00 ,77.31
23:57:39,0 ,0 ,0 ,488 ,5 ,19.01 ,41.25 ,1003.99 ,77.41
23:57:41,0 ,0 ,0 ,488 ,5 ,19.02 ,41.25 ,1004.02 ,77.12
23:57:42,0 ,0 ,0 ,489 ,5 ,19.01 ,41.24 ,1004.00 ,77.31
23:57:43,0 ,0 ,0 ,489 ,5 ,19.02 ,41.25 ,1003.99 ,77.39
23:57:44,0 ,0 ,0 ,489 ,5 ,19.01 ,41.25 ,1004.01 ,77.25
23:57:45,0 ,0 ,0 ,489 ,5 ,19.01 ,41.24 ,1003.98 ,77.50
23:57:46,0 ,0 ,0 ,489 ,5 ,19.01 ,41.24 ,1003.98 ,77.44
23:57:48,0 ,0 ,0 ,489 ,5 ,19.01 ,41.22 ,1003.97 ,77.59
23:57:49,0 ,0 ,0 ,489 ,5 ,19.01 ,41.22 ,1003.96 ,77.62
23:57:50,0 ,0 ,0 ,489 ,5 ,19.01 ,41.24 ,1004.03 ,77.08
23:57:51,0 ,0 ,0 ,490 ,5 ,19.01 ,41.24 ,1004.00 ,77.28
23:57:52,0 ,0 ,0 ,490 ,5 ,19.01 ,41.25 ,1003.97 ,77.54
23:57:53,0 ,0 ,0 ,490 ,5 ,19.01 ,41.26 ,1003.99 ,77.36
23:57:55,0 ,0 ,0 ,490 ,5 ,19.01 ,41.25 ,1004.00 ,77.32
23:57:56,0 ,0 ,0 ,490 ,5 ,19.01 ,41.26 ,1004.00 ,77.33
23:57:57,0 ,0 ,0 ,490 ,5 ,19.01 ,41.24 ,1004.01 ,77.22
23:57:58,0 ,0 ,0 ,490 ,5 ,19.01 ,41.24 ,1003.99 ,77.40
23:57:59,0 ,0 ,0 ,490 ,5 ,19.01 ,41.25 ,1004.00 ,77.32
23:58:00,0 ,0 ,0 ,490 ,5 ,19.00 ,41.25 ,1003.99 ,77.41
23:58:02,0 ,0 ,0 ,491 ,5 ,19.01 ,41.26 ,1004.00 ,77.33
23:58:03,0 ,0 ,0 ,490 ,5 ,19.01 ,41.25 ,1004.00 ,77.33
23:58:04,0 ,0 ,0 ,491 ,5 ,19.01 ,41.24 ,1003.97 ,77.55
23:58:05,0 ,0 ,0 ,491 ,5 ,19.00 ,41.22 ,1004.02 ,77.16
23:58:06,0 ,0 ,0 ,491 ,5 ,18.99 ,41.21 ,1004.00 ,77.28
23:58:07,0 ,0 ,0 ,491 ,5 ,18.99 ,41.20 ,1003.99 ,77.37
23:58:09,0 ,0 ,0 ,491 ,5 ,18.99 ,41.19 ,1004.00 ,77.28
23:58:10,0 ,0 ,0 ,492 ,5 ,19.00 ,41.20 ,1004.01 ,77.22
23:58:11,0 ,0 ,0 ,492 ,5 ,19.00 ,41.18 ,1004.01 ,77.18
23:58:12,0 ,0 ,0 ,492 ,5 ,18.99 ,41.19 ,1003.98 ,77.44
23:58:13,0 ,0 ,0 ,492 ,5 ,18.99 ,41.18 ,1004.00 ,77.32
23:58:14,0 ,0 ,0 ,492 ,5 ,18.99 ,41.18 ,1003.98 ,77.44
23:58:16,0 ,0 ,0 ,492 ,5 ,18.99 ,41.17 ,1004.02 ,77.10
23:58:17,0 ,0 ,0 ,492 ,5 ,19.00 ,41.15 ,1004.02 ,77.13
23:58:18,0 ,0 ,0 ,492 ,5 ,18.99 ,41.17 ,1004.01 ,77.20
23:58:19,0 ,0 ,0 ,492 ,5 ,18.99 ,41.17 ,1004.00 ,77.32
23:58:20,0 ,0 ,0 ,492 ,5 ,19.00 ,41.17 ,1004.01 ,77.23
23:58:21,0 ,0 ,0 ,492 ,5 ,18.99 ,41.17 ,1003.98 ,77.47
23:58:23,0 ,0 ,0 ,492 ,5 ,18.99 ,41.17 ,1004.01 ,77.23
23:58:24,0 ,0 ,0 ,492 ,5 ,18.99 ,41.17 ,1003.97 ,77.52
23:58:25,0 ,0 ,0 ,492 ,5 ,18.99 ,41.18 ,1003.99 ,77.39
23:58:26,0 ,0 ,0 ,492 ,5 ,18.99 ,41.19 ,1004.01 ,77.24
23:58:27,0 ,0 ,0 ,492 ,5 ,18.99 ,41.17 ,1003.98 ,77.49
23:58:29,0 ,0 ,0 ,492 ,5 ,19.00 ,41.17 ,1004.01 ,77.22
23:58:30,0 ,0 ,0 ,492 ,5 ,18.99 ,41.17 ,1004.00 ,77.27
23:58:31,0 ,0 ,0 ,492 ,5 ,18.99 ,41.14 ,1003.99 ,77.38
23:58:32,0 ,0 ,0 ,492 ,5 ,18.99 ,41.14 ,1004.01 ,77.24
23:58:33,0 ,0 ,0 ,492 ,5 ,18.99 ,41.18 ,1003.97 ,77.59
23:58:34,0 ,0 ,0 ,491 ,5 ,18.99 ,41.18 ,1003.99 ,77.36
23:58:36,0 ,0 ,0 ,492 ,5 ,18.99 ,41.19 ,1003.99 ,77.39
23:58:37,0 ,0 ,0 ,491 ,5 ,18.99 ,41.19 ,1003.99 ,77.36
23:58:38,0 ,0 ,0 ,491 ,5 ,18.99 ,41.19 ,1004.02 ,77.17
23:58:39,0 ,0 ,0 ,491 ,5 ,18.99 ,41.19 ,1003.99 ,77.40
23:58:40,0 ,0 ,0 ,491 ,5 ,19.00 ,41.18 ,1003.99 ,77.39
23:58:41,0 ,0 ,0 ,491 ,5 ,19.00 ,41.18 ,1004.01 ,77.25
23:58:43,0 ,0 ,0 ,491 ,5 ,18.99 ,41.17 ,1004.00 ,77.33
23:58:44,0 ,0 ,0 ,491 ,5 ,19.00 ,41.18 ,1003.99 ,77.38
23:58:45,0 ,0 ,0 ,491 ,5 ,19.00 ,41.18 ,1004.01 ,77.25
23:58:46,0 ,0 ,0 ,491 ,5 ,19.01 ,41.18 ,1004.03 ,77.03
23:58:47,0 ,0 ,0 ,491 ,5 ,19.00 ,41.17 ,1003.97 ,77.51
23:58:48,0 ,0 ,0 ,491 ,5 ,19.00 ,41.16 ,1004.00 ,77.27
23:58:50,0 ,0 ,0 ,490 ,5 ,19.00 ,41.17 ,1004.00 ,77.31
23:58:51,0 ,0 ,0 ,490 ,5 ,19.01 ,41.18 ,1004.00 ,77.32
23:58:52,0 ,0 ,0 ,490 ,5 ,19.00 ,41.18 ,1004.02 ,77.11
23:58:53,0 ,0 ,0 ,490 ,5 ,19.00 ,41.18 ,1003.97 ,77.55
23:58:54,0 ,0 ,0 ,490 ,5 ,19.00 ,41.19 ,1004.00 ,77.31
23:58:55,0 ,0 ,0 ,490 ,5 ,19.01 ,41.19 ,1004.01 ,77.21
23:58:57,0 ,0 ,0 ,490 ,5 ,19.01 ,41.25 ,1003.98 ,77.45
23:58:58,0 ,0 ,0 ,490 ,5 ,19.01 ,41.20 ,1004.01 ,77.19
23:58:59,0 ,0 ,0 ,489 ,5 ,19.01 ,41.18 ,1004.00 ,77.31
23:59:00,0 ,0 ,0 ,489 ,5 ,19.00 ,41.19 ,1003.99 ,77.35
23:59:01,0 ,0 ,0 ,489 ,5 ,19.01 ,41.18 ,1004.00 ,77.31
23:59:02,0 ,0 ,0 ,488 ,5 ,19.01 ,41.19 ,1004.03 ,77.05
23:59:04,0 ,0 ,0 ,489 ,5 ,19.01 ,41.19 ,1004.02 ,77.10
23:59:05,0 ,0 ,0 ,488 ,5 ,19.01 ,41.19 ,1004.02 ,77.09
23:59:06,0 ,0 ,0 ,488 ,5 ,19.01 ,41.19 ,1003.99 ,77.42
23:59:07,0 ,0 ,0 ,488 ,5 ,19.01 ,41.18 ,1004.02 ,77.17
23:59:08,0 ,0 ,0 ,487 ,5 ,19.00 ,41.19 ,1004.00 ,77.30
23:59:09,0 ,0 ,0 ,487 ,5 ,19.00 ,41.18 ,1003.99 ,77.37
23:59:11,0 ,0 ,0 ,487 ,5 ,19.01 ,41.19 ,1004.02 ,77.11
23:59:12,0 ,0 ,0 ,487 ,5 ,19.02 ,41.18 ,1004.02 ,77.12
23:59:13,0 ,0 ,0 ,487 ,5 ,19.02 ,41.18 ,1004.00 ,77.27
23:59:14,0 ,0 ,0 ,486 ,5 ,19.02 ,41.18 ,1004.02 ,77.12
00:00:15,0 ,0 ,0 ,484 ,5 ,18.99 ,41.20 ,1004.00 ,77.29
00:00:16,0 ,0 ,0 ,484 ,5 ,18.99 ,41.20 ,1004.02 ,77.15
00:00:18,0 ,0 ,0 ,484 ,5 ,18.99 ,41.19 ,1004.00 ,77.33
00:00:19,0 ,0 ,0 ,484 ,5 ,18.99 ,41.20 ,1004.00 ,77.26
00:00:20,0 ,0 ,0 ,484 ,5 ,18.99 ,41.19 ,1004.00 ,77.26
00:00:21,0 ,0 ,0 ,484 ,5 ,18.98 ,41.19 ,1004.01 ,77.25
00:00:22,0 ,0 ,0 ,484 ,5 ,18.98 ,41.18 ,1003.99 ,77.39
00:00:23,0 ,0 ,0 ,484 ,5 ,18.97 ,41.16 ,1003.97 ,77.52
00:00:25,0 ,0 ,0 ,484 ,5 ,18.98 ,41.17 ,1004.00 ,77.28
00:00:26,0 ,0 ,0 ,484 ,5 ,18.98 ,41.16 ,1003.99 ,77.34
00:00:27,0 ,0 ,0 ,484 ,5 ,18.97 ,41.16 ,1004.00 ,77.28
00:00:28,0 ,0 ,0 ,484 ,5 ,18.97 ,41.16 ,1004.00 ,77.33
00:00:29,0 ,0 ,0 ,484 ,5 ,18.97 ,41.16 ,1004.01 ,77.20
00:00:30,0 ,0 ,0 ,484 ,5 ,18.96 ,41.16 ,1004.02 ,77.14
00:00:32,0 ,0 ,0 ,484 ,5 ,18.96 ,41.15 ,1004.01 ,77.22
00:00:33,0 ,0 ,0 ,484 ,5 ,18.96 ,41.16 ,1004.00 ,77.26
00:00:34,0 ,0 ,0 ,484 ,5 ,18.96 ,41.15 ,1003.98 ,77.47
00:00:35,0 ,0 ,0 ,484 ,5 ,18.95 ,41.17 ,1003.97 ,77.54
00:00:36,0 ,0 ,0 ,484 ,5 ,18.95 ,41.19 ,1004.01 ,77.19
00:00:37,0 ,0 ,0 ,485 ,5 ,18.95 ,41.25 ,1003.99 ,77.34
00:00:39,0 ,0 ,0 ,484 ,5 ,18.96 ,41.20 ,1003.99 ,77.40
00:00:40,0 ,0 ,0 ,484 ,5 ,18.95 ,41.21 ,1004.00 ,77.31
00:00:41,0 ,0 ,0 ,484 ,5 ,18.95 ,41.20 ,1003.99 ,77.39
00:00:42,0 ,0 ,0 ,485 ,5 ,18.95 ,41.22 ,1003.99 ,77.39
00:00:43,0 ,0 ,0 ,485 ,5 ,18.95 ,41.23 ,1004.02 ,77.10
00:00:44,0 ,0 ,0 ,485 ,5 ,18.95 ,41.23 ,1004.02 ,77.11
00:00:46,0 ,0 ,0 ,485 ,5 ,18.95 ,41.22 ,1003.99 ,77.37
00:00:47,0 ,0 ,0 ,485 ,5 ,18.95 ,41.23 ,1004.02 ,77.16
00:00:48,0 ,0 ,0 ,485 ,5 ,18.94 ,41.24 ,1004.00 ,77.32
00:00:49,0 ,0 ,0 ,485 ,5 ,18.94 ,41.23 ,1004.00 ,77.27
00:00:50,0 ,0 ,0 ,485 ,5 ,18.94 ,41.23 ,1003.98 ,77.46
00:00:51,0 ,0 ,0 ,485 ,5 ,18.95 ,41.22 ,1004.02 ,77.14
00:00:53,0 ,0 ,0 ,485 ,5 ,18.95 ,41.22 ,1004.02 ,77.10
00:00:54,0 ,0 ,0 ,485 ,5 ,18.94 ,41.23 ,1004.00 ,77.28
00:00:55,0 ,0 ,0 ,484 ,5 ,18.94 ,41.23 ,1004.02 ,77.15
00:00:56,0 ,0 ,0 ,485 ,5 ,18.94 ,41.24 ,1003.99 ,77.39
00:00:57,0 ,0 ,0 ,485 ,5 ,18.93 ,41.23 ,1004.01 ,77.25
00:00:58,0 ,0 ,0 ,485 ,5 ,18.93 ,41.23 ,1004.00 ,77.27
00:01:00,0 ,0 ,0 ,484 ,5 ,18.93 ,41.25 ,1003.96 ,77.62
00:01:01,0 ,0 ,0 ,484 ,5 ,18.94 ,41.25 ,1003.99 ,77.36
00:01:02,0 ,0 ,0 ,484 ,5 ,18.94 ,41.25 ,1003.99 ,77.36
00:01:03,0 ,0 ,0 ,484 ,5 ,18.94 ,41.26 ,1004.00 ,77.26
00:01:04,0 ,0 ,0 ,484 ,5 ,18.94 ,41.26 ,1004.01 ,77.22
00:01:05,0 ,0 ,0 ,485 ,5 ,18.94 ,41.26 ,1003.97 ,77.58
00:01:07,0 ,0 ,0 ,485 ,5 ,18.94 ,41.28 ,1003.98 ,77.44
00:01:08,0 ,0 ,0 ,484 ,5 ,18.94 ,41.28 ,1003.99 ,77.22
00:01:09,0 ,0 ,0 ,484 ,5 ,18.94 ,41.26 ,1004.02 ,77.12
00:01:10,0 ,0 ,0 ,484 ,5 ,18.95 ,41.28 ,1004.03 ,77.07
00:01:11,0 ,0 ,0 ,484 ,5 ,18.94 ,41.28 ,1004.00 ,77.27
00:01:12,0 ,0 ,0 ,485 ,5 ,18.94 ,41.26 ,1003.99 ,77.42
00:01:14,0 ,0 ,0 ,485 ,5 ,18.94 ,41.26 ,1004.01 ,77.25
00:01:15,0 ,0 ,0 ,484 ,5 ,18.94 ,41.28 ,1004.02 ,77.10
00:01:16,0 ,0 ,0 ,485 ,5 ,18.94 ,41.28 ,1004.01 ,77.17
00:01:17,0 ,0 ,0 ,485 ,5 ,18.94 ,41.26 ,1004.00 ,77.29
00:01:18,0 ,0 ,0 ,485 ,5 ,18.94 ,41.26 ,1004.00 ,77.34
00:01:19,0 ,0 ,0 ,484 ,5 ,18.94 ,41.25 ,1004.02 ,77.14
00:01:21,0 ,0 ,0 ,484 ,5 ,18.94 ,41.24 ,1004.00 ,77.26
00:01:22,0 ,0 ,0 ,484 ,5 ,18.94 ,41.25 ,1003.99 ,77.36
00:01:23,0 ,0 ,0 ,484 ,5 ,18.94 ,41.24 ,1003.98 ,77.47
00:01:24,0 ,0 ,0 ,484 ,5 ,18.93 ,41.24 ,1003.99 ,77.36
00:01:25,0 ,0 ,0 ,485 ,5 ,18.93 ,41.23 ,1003.99 ,77.41
00:01:26,0 ,0 ,0 ,485 ,5 ,18.93 ,41.24 ,1003.99 ,77.36
00:01:28,0 ,0 ,0 ,485 ,5 ,18.93 ,41.25 ,1003.98 ,77.44
00:01:29,0 ,0 ,0 ,485 ,5 ,18.93 ,41.25 ,1004.01 ,77.18
00:01:30,0 ,0 ,0 ,484 ,5 ,18.93 ,41.25 ,1003.99 ,77.37
00:01:31,0 ,0 ,0 ,484 ,5 ,18.93 ,41.25 ,1004.01 ,77.20
00:01:32,0 ,0 ,0 ,484 ,5 ,18.93 ,41.26 ,1004.00 ,77.31
00:01:33,0 ,0 ,0 ,484 ,5 ,18.93 ,41.29 ,1003.98 ,77.45
00:01:35,0 ,0 ,0 ,485 ,5 ,18.94 ,41.29 ,1004.00 ,77.30
00:01:36,0 ,0 ,0 ,484 ,5 ,18.93 ,41.28 ,1004.02 ,77.15
00:01:37,0 ,0 ,0 ,484 ,5 ,18.94 ,41.28 ,1004.04 ,76.95
00:01:38,0 ,0 ,0 ,484 ,5 ,18.94 ,41.29 ,1004.01 ,77.25
00:01:39,0 ,0 ,0 ,484 ,5 ,18.92 ,41.26 ,1003.97 ,77.51
00:01:40,0 ,0 ,0 ,484 ,5 ,18.94 ,41.25 ,1004.03 ,77.06
00:01:42,0 ,0 ,0 ,484 ,5 ,18.93 ,41.25 ,1004.00 ,77.31
00:01:43,0 ,0 ,0 ,485 ,5 ,18.93 ,41.25 ,1004.02 ,77.14
00:01:44,0 ,0 ,0 ,484 ,5 ,18.93 ,41.25 ,1004.01 ,77.18
00:01:45,0 ,0 ,0 ,484 ,5 ,18.94 ,41.25 ,1003.99 ,77.34
00:01:46,0 ,0 ,0 ,484 ,5 ,18.94 ,41.26 ,1003.98 ,77.46
00:01:47,0 ,0 ,0 ,484 ,5 ,18.93 ,41.25 ,1003.99 ,77.36
00:01:49,0 ,0 ,0 ,484 ,5 ,18.94 ,41.26 ,1004.00 ,77.27
00:01:50,0 ,0 ,0 ,484 ,5 ,18.93 ,41.26 ,1004.01 ,77.24
00:01:51,0 ,0 ,0 ,484 ,5 ,18.93 ,41.26 ,1004.01 ,77.23
00:01:52,0 ,0 ,0 ,484 ,5 ,18.93 ,41.25 ,1004.01 ,77.24
00:01:53,0 ,0 ,0 ,484 ,5 ,18.94 ,41.28 ,1004.01 ,77.18
00:01:54,0 ,0 ,0 ,484 ,5 ,18.94 ,41.28 ,1003.99 ,77.35
00:01:56,0 ,0 ,0 ,484 ,5 ,18.93 ,41.28 ,1004.00 ,77.32
00:01:57,0 ,0 ,0 ,484 ,5 ,18.92 ,41.27 ,1004.02 ,77.12
00:01:58,0 ,0 ,0 ,484 ,5 ,18.93 ,41.29 ,1004.01 ,77.24
00:01:59,0 ,0 ,0 ,484 ,5 ,18.93 ,41.29 ,1004.03 ,77.04
00:02:00,0 ,0 ,0 ,484 ,5 ,18.93 ,41.28 ,1004.01 ,77.22
00:02:01,0 ,0 ,0 ,483 ,5 ,18.93 ,41.28 ,1004.00 ,77.31
00:02:03,0 ,0 ,0 ,483 ,5 ,18.93 ,41.28 ,1004.01 ,77.24
00:02:04,0 ,0 ,0 ,483 ,5 ,18.92 ,41.27 ,1004.00 ,77.26
00:02:05,0 ,0 ,0 ,483 ,5 ,18.93 ,41.29 ,1004.02 ,77.17
00:02:06,0 ,0 ,0 ,483 ,5 ,18.93 ,41.29 ,1003.98 ,77.47
00:02:07,0 ,0 ,0 ,483 ,5 ,18.92 ,41.27 ,1003.99 ,77.37
00:02:08,0 ,0 ,0 ,483 ,5 ,18.93 ,41.27 ,1003.99 ,77.40
00:02:10,0 ,0 ,0 ,483 ,5 ,18.93 ,41.26 ,1004.00 ,77.30
00:02:11,0 ,0 ,0 ,483 ,5 ,18.93 ,41.26 ,1003.97 ,77.57
00:02:12,0 ,0 ,0 ,483 ,5 ,18.92 ,41.26 ,1003.98 ,77.49
00:03:13,0 ,0 ,0 ,482 ,5 ,18.92 ,41.30 ,1004.00 ,77.33
00:03:14,0 ,0 ,0 ,482 ,5 ,18.92 ,41.29 ,1004.01 ,77.20
00:03:15,0 ,0 ,0 ,482 ,5 ,18.92 ,41.29 ,1003.99 ,77.40
00:03:17,0 ,0 ,0 ,482 ,5 ,18.92 ,41.27 ,1004.00 ,77.31
00:03:18,0 ,0 ,0 ,481 ,5 ,18.91 ,41.26 ,1003.97 ,77.54
00:03:19,0 ,0 ,0 ,481 ,5 ,18.91 ,41.27 ,1003.98 ,77.48
00:03:20,0 ,0 ,0 ,481 ,5 ,18.90 ,41.28 ,1003.98 ,77.48
00:03:21,0 ,0 ,0 ,481 ,5 ,18.90 ,41.28 ,1003.97 ,77.55
00:03:22,0 ,0 ,0 ,481 ,5 ,18.91 ,41.29 ,1003.99 ,77.36
00:03:24,0 ,0 ,0 ,481 ,5 ,18.91 ,41.30 ,1004.00 ,77.32
00:03:25,0 ,0 ,0 ,481 ,5 ,18.91 ,41.31 ,1003.99 ,77.39
00:03:26,0 ,0 ,0 ,481 ,5 ,18.90 ,41.32 ,1003.99 ,77.36
00:03:27,0 ,0 ,0 ,481 ,5 ,18.90 ,41.31 ,1003.99 ,77.40
00:03:28,0 ,0 ,0 ,481 ,5 ,18.91 ,41.30 ,1003.98 ,77.43
00:03:29,0 ,0 ,0 ,481 ,5 ,18.90 ,41.28 ,1003.99 ,77.41
00:03:31,0 ,0 ,0 ,481 ,5 ,18.91 ,41.27 ,1003.99 ,77.36
00:03:32,0 ,0 ,0 ,481 ,5 ,18.90 ,41.30 ,1004.00 ,77.29
00:03:33,0 ,0 ,0 ,480 ,5 ,18.90 ,41.28 ,1004.00 ,77.31
00:03:34,0 ,0 ,0 ,481 ,5 ,18.90 ,41.27 ,1003.98 ,77.46
00:03:35,0 ,0 ,0 ,481 ,5 ,18.90 ,41.27 ,1003.98 ,77.48
00:03:36,0 ,0 ,0 ,480 ,5 ,18.90 ,41.26 ,1003.99 ,77.38
00:03:38,0 ,0 ,0 ,480 ,5 ,18.90 ,41.27 ,1003.97 ,77.55
00:03:39,0 ,0 ,0 ,481 ,5 ,18.89 ,41.27 ,1003.98 ,77.49
00:03:40,0 ,0 ,0 ,480 ,5 ,18.90 ,41.27 ,1003.98 ,77.48
00:03:41,0 ,0 ,0 ,480 ,5 ,18.90 ,41.29 ,1003.98 ,77.43
00:03:42,0 ,0 ,0 ,480 ,5 ,18.90 ,41.29 ,1003.98 ,77.45
00:03:43,0 ,0 ,0 ,480 ,5 ,18.89 ,41.29 ,1004.00 ,77.32
00:03:45,0 ,0 ,0 ,480 ,5 ,18.89 ,41.29 ,1003.97 ,77.54
00:03:46,0 ,0 ,0 ,480 ,5 ,18.89 ,41.28 ,1004.02 ,77.15
00:03:47,0 ,0 ,0 ,480 ,5 ,18.89 ,41.31 ,1004.00 ,77.32
00:03:48,0 ,0 ,0 ,480 ,5 ,18.89 ,41.31 ,1003.99 ,77.35
00:03:49,0 ,0 ,0 ,480 ,5 ,18.89 ,41.27 ,1004.01 ,77.22
00:03:50,0 ,0 ,0 ,480 ,5 ,18.89 ,41.31 ,1004.00 ,77.30
00:03:52,0 ,0 ,0 ,480 ,5 ,18.89 ,41.31 ,1004.01 ,77.18
00:03:53,0 ,0 ,0 ,480 ,5 ,18.89 ,41.32 ,1003.99 ,77.42
00:03:54,0 ,0 ,0 ,480 ,5 ,18.89 ,41.32 ,1004.00 ,77.32
00:03:55,0 ,0 ,0 ,480 ,5 ,18.89 ,41.31 ,1003.99 ,77.42
00:03:56,0 ,0 ,0 ,480 ,5 ,18.89 ,41.31 ,1004.02 ,77.15
00:03:57,0 ,0 ,0 ,480 ,5 ,18.89 ,41.31 ,1003.98 ,77.45
00:03:59,0 ,0 ,0 ,479 ,5 ,18.89 ,41.31 ,1003.99 ,77.41
00:04:00,0 ,0 ,0 ,479 ,5 ,18.89 ,41.31 ,1003.98 ,77.49
00:04:01,0 ,0 ,0 ,479 ,5 ,18.89 ,41.29 ,1004.00 ,77.31
00:04:02,0 ,0 ,0 ,479 ,5 ,18.89 ,41.29 ,1004.01 ,77.18
00:04:03,0 ,0 ,0 ,479 ,5 ,18.89 ,41.29 ,1004.02 ,77.10
00:04:04,0 ,0 ,0 ,479 ,5 ,18.89 ,41.29 ,1004.02 ,77.09
00:04:06,0 ,0 ,0 ,479 ,5 ,18.89 ,41.29 ,1004.02 ,77.13
00:04:07,0 ,0 ,0 ,479 ,5 ,18.89 ,41.29 ,1004.01 ,77.24
00:04:08,0 ,0 ,0 ,479 ,5 ,18.89 ,41.29 ,1003.98 ,77.50
00:04:09,0 ,0 ,0 ,479 ,5 ,18.90 ,41.31 ,1004.02 ,77.09
00:04:10,0 ,0 ,0 ,479 ,5 ,18.90 ,41.31 ,1004.00 ,77.33
00:04:11,0 ,0 ,0 ,478 ,5 ,18.89 ,41.31 ,1004.00 ,77.27
00:04:13,0 ,0 ,0 ,478 ,5 ,18.89 ,41.31 ,1003.96 ,77.65
00:04:14,0 ,0 ,0 ,479 ,5 ,18.89 ,41.31 ,1003.99 ,77.38
00:04:15,0 ,0 ,0 ,479 ,5 ,18.90 ,41.29 ,1004.02 ,77.11
00:04:16,0 ,0 ,0 ,479 ,5 ,18.89 ,41.28 ,1003.98 ,77.43
00:04:17,0 ,0 ,0 ,479 ,5 ,18.88 ,41.28 ,1003.99 ,77.38
00:04:18,0 ,0 ,0 ,479 ,5 ,18.88 ,41.28 ,1004.00 ,77.29
00:04:20,0 ,0 ,0 ,479 ,5 ,18.88 ,41.28 ,1004.01 ,77.18
00:04:21,0 ,0 ,0 ,478 ,5 ,18.88 ,41.28 ,1003.96 ,77.61
00:04:22,0 ,0 ,0 ,478 ,5 ,18.88 ,41.28 ,1003.99 ,77.41
00:04:23,0 ,0 ,0 ,478 ,5 ,18.88 ,41.28 ,1003.98 ,77.46
00:04:24,0 ,0 ,0 ,478 ,5 ,18.88 ,41.28 ,1003.98 ,77.51
00:04:25,0 ,0 ,0 ,478 ,5 ,18.88 ,41.29 ,1003.98 ,77.43
00:04:27,0 ,0 ,0 ,478 ,5 ,18.88 ,41.29 ,1004.00 ,77.32
00:04:28,0 ,0 ,0 ,478 ,5 ,18.87 ,41.29 ,1003.97 ,77.58
00:04:29,0 ,0 ,0 ,478 ,5 ,18.87 ,41.29 ,1003.96 ,77.65
00:04:30,0 ,0 ,0 ,478 ,5 ,18.87 ,41.29 ,1003.99 ,77.42
00:04:31,0 ,0 ,0 ,478 ,5 ,18.88 ,41.30 ,1004.01 ,77.18
00:04:33,0 ,0 ,0 ,478 ,5 ,18.87 ,41.29 ,1003.99 ,77.38
00:04:34,0 ,0 ,0 ,478 ,5 ,18.87 ,41.30 ,1004.01 ,77.18
00:04:35,0 ,0 ,0 ,478 ,5 ,18.87 ,41.32 ,1004.01 ,77.22
00:04:36,0 ,0 ,0 ,478 ,5 ,18.88 ,41.32 ,1004.03 ,77.02
00:04:37,0 ,0 ,0 ,478 ,5 ,18.88 ,41.32 ,1003.99 ,77.38
00:04:38,0 ,0 ,0 ,478 ,5 ,18.88 ,41.25 ,1004.04 ,76.92
00:04:40,0 ,0 ,0 ,478 ,5 ,18.88 ,41.33 ,1003.98 ,77.51
00:04:41,0 ,0 ,0 ,478 ,5 ,18.88 ,41.32 ,1004.01 ,77.19
00:04:42,0 ,0 ,0 ,478 ,5 ,18.89 ,41.31 ,1004.02 ,77.14
00:04:43,0 ,0 ,0 ,478 ,5 ,18.89 ,41.31 ,1004.04 ,76.97
00:04:44,0 ,0 ,0 ,478 ,5 ,18.89 ,41.31 ,1003.99 ,77.34
00:04:45,0 ,0 ,0 ,478 ,5 ,18.89 ,41.29 ,1004.00 ,77.27
00:04:47,0 ,0 ,0 ,478 ,5 ,18.89 ,41.29 ,1004.01 ,77.19
00:04:48,0 ,0 ,0 ,478 ,5 ,18.89 ,41.31 ,1004.02 ,77.15
00:04:49,0 ,0 ,0 ,479 ,5 ,18.89 ,41.32 ,1004.03 ,77.03
00:04:50,0 ,0 ,0 ,479 ,5 ,18.89 ,41.32 ,1004.02 ,77.12
00:04:51,0 ,0 ,0 ,478 ,5 ,18.89 ,41.32 ,1004.01 ,77.22
00:04:52,0 ,0 ,0 ,478 ,5 ,18.89 ,41.32 ,1004.03 ,77.08
00:04:54,0 ,0 ,0 ,478 ,5 ,18.88 ,41.31 ,1004.02 ,77.13
00:04:55,0 ,0 ,0 ,478 ,5 ,18.88 ,41.32 ,1003.99 ,77.37
00:04:56,0 ,0 ,0 ,478 ,5 ,18.88 ,41.32 ,1004.00 ,77.26
00:04:57,0 ,0 ,0 ,478 ,5 ,18.88 ,41.33 ,1004.04 ,76.95
00:04:58,0 ,0 ,0 ,478 ,5 ,18.88 ,41.33 ,1004.02 ,77.13
00:04:59,0 ,0 ,0 ,478 ,5 ,18.88 ,41.34 ,1004.01 ,77.24
00:05:01,0 ,0 ,0 ,479 ,5 ,18.88 ,41.34 ,1004.03 ,77.02
00:05:02,0 ,0 ,0 ,479 ,5 ,18.88 ,41.34 ,1004.01 ,77.22
00:05:03,0 ,0 ,0 ,479 ,5 ,18.88 ,41.33 ,1004.02 ,77.10
00:05:04,0 ,0 ,0 ,479 ,5 ,18.89 ,41.33 ,1004.03 ,77.09
00:05:05,0 ,0 ,0 ,479 ,5 ,18.88 ,41.33 ,1004.02 ,77.16
00:05:06,0 ,0 ,0 ,479 ,5 ,18.88 ,41.33 ,1004.01 ,77.18
00:05:08,0 ,0 ,0 ,479 ,5 ,18.89 ,41.28 ,1004.06 ,76.82
00:05:09,0 ,0 ,0 ,479 ,5 ,18.89 ,41.34 ,1004.05 ,76.90
00:05:10,0 ,0 ,0 ,479 ,5 ,18.89 ,41.33 ,1004.04 ,77.00
00:06:11,0 ,0 ,0 ,480 ,5 ,18.87 ,41.34 ,1004.04 ,76.93
00:06:12,0 ,0 ,0 ,480 ,5 ,18.87 ,41.34 ,1004.03 ,77.09
00:06:13,0 ,0 ,0 ,480 ,5 ,18.88 ,41.34 ,1004.03 ,77.09
00:06:15,0 ,0 ,0 ,480 ,5 ,18.87 ,41.33 ,1004.02 ,77.10
00:06:16,0 ,0 ,0 ,480 ,5 ,18.87 ,41.33 ,1004.03 ,77.09
00:06:17,0 ,0 ,0 ,480 ,5 ,18.87 ,41.33 ,1004.02 ,77.12
00:06:18,0 ,0 ,0 ,480 ,5 ,18.87 ,41.32 ,1004.03 ,77.06
00:06:19,0 ,0 ,0 ,480 ,5 ,18.87 ,41.32 ,1004.06 ,76.83
00:06:20,0 ,0 ,0 ,480 ,5 ,18.87 ,41.32 ,1004.02 ,77.12
00:06:22,0 ,0 ,0 ,480 ,5 ,18.87 ,41.30 ,1004.05 ,76.91
00:06:23,0 ,0 ,0 ,480 ,5 ,18.87 ,41.30 ,1004.05 ,76.90
00:06:24,0 ,0 ,0 ,480 ,5 ,18.87 ,41.29 ,1004.04 ,76.94
00:06:25,0 ,0 ,0 ,480 ,5 ,18.87 ,41.30 ,1004.04 ,76.97
00:06:26,0 ,0 ,0 ,480 ,5 ,18.87 ,41.30 ,1004.05 ,76.86
00:06:27,0 ,0 ,0 ,480 ,5 ,18.87 ,41.30 ,1004.00 ,77.28
00:06:29,0 ,0 ,0 ,480 ,5 ,18.87 ,41.30 ,1004.02 ,77.17
00:06:30,0 ,0 ,0 ,480 ,5 ,18.88 ,41.32 ,1004.03 ,77.08
00:06:31,0 ,0 ,0 ,480 ,5 ,18.88 ,41.33 ,1004.06 ,76.83
00:06:32,0 ,0 ,0 ,480 ,5 ,18.88 ,41.35 ,1004.05 ,76.87
00:06:33,0 ,0 ,0 ,480 ,5 ,18.87 ,41.32 ,1004.03 ,77.08
00:06:34,0 ,0 ,0 ,480 ,5 ,18.87 ,41.32 ,1004.03 ,77.09
00:06:36,0 ,0 ,0 ,480 ,5 ,18.87 ,41.32 ,1004.01 ,77.20
00:06:37,0 ,0 ,0 ,480 ,5 ,18.88 ,41.33 ,1004.03 ,77.04
00:06:38,0 ,0 ,0 ,480 ,5 ,18.87 ,41.32 ,1004.05 ,76.91
00:06:39,0 ,0 ,0 ,480 ,5 ,18.88 ,41.32 ,1004.05 ,76.85
00:06:40,0 ,0 ,0 ,480 ,5 ,18.87 ,41.30 ,1004.03 ,77.01
00:06:41,0 ,0 ,0 ,480 ,5 ,18.87 ,41.29 ,1004.03 ,77.02
00:06:43,0 ,0 ,0 ,480 ,5 ,18.87 ,41.29 ,1004.04 ,76.98
00:06:44,0 ,0 ,0 ,480 ,5 ,18.87 ,41.30 ,1004.02 ,77.09
00:06:45,0 ,0 ,0 ,480 ,5 ,18.87 ,41.29 ,1004.01 ,77.18
00:06:46,0 ,0 ,0 ,480 ,5 ,18.87 ,41.29 ,1004.03 ,77.05
00:06:47,0 ,0 ,0 ,480 ,5 ,18.87 ,41.29 ,1004.04 ,76.93
00:06:48,0 ,0 ,0 ,480 ,5 ,18.87 ,41.29 ,1004.04 ,77.00
00:06:50,0 ,0 ,0 ,480 ,5 ,18.86 ,41.30 ,1004.03 ,77.06
00:06:51,0 ,0 ,0 ,480 ,5 ,18.87 ,41.29 ,1004.01 ,77.19
00:06:52,0 ,0 ,0 ,480 ,5 ,18.87 ,41.29 ,1004.02 ,77.15
00:06:53,0 ,0 ,0 ,479 ,5 ,18.87 ,41.29 ,1004.04 ,76.95
00:06:54,0 ,0 ,0 ,480 ,5 ,18.87 ,41.28 ,1004.05 ,76.84
00:06:55,0 ,0 ,0 ,480 ,5 ,18.87 ,41.28 ,1004.07 ,76.75
00:06:57,0 ,0 ,0 ,479 ,5 ,18.87 ,41.29 ,1004.03 ,77.02
00:06:58,0 ,0 ,0 ,479 ,5 ,18.87 ,41.29 ,1004.02 ,77.12
00:06:59,0 ,0 ,0 ,479 ,5 ,18.87 ,41.29 ,1004.03 ,77.05
00:07:00,0 ,0 ,0 ,479 ,5 ,18.87 ,41.30 ,1004.03 ,77.02
00:07:01,0 ,0 ,0 ,479 ,5 ,18.86 ,41.29 ,1004.01 ,77.17
00:07:02,0 ,0 ,0 ,479 ,5 ,18.86 ,41.28 ,1004.04 ,76.99
00:07:04,0 ,0 ,0 ,479 ,5 ,18.87 ,41.29 ,1004.05 ,76.90
00:07:05,0 ,0 ,0 ,479 ,5 ,18.87 ,41.30 ,1004.01 ,77.18
00:07:06,0 ,0 ,0 ,479 ,5 ,18.87 ,41.34 ,1004.03 ,77.06
00:07:07,0 ,0 ,0 ,479 ,5 ,18.88 ,41.46 ,1004.03 ,77.07
00:07:08,0 ,0 ,0 ,479 ,5 ,18.87 ,41.45 ,1004.02 ,77.16
00:07:09,0 ,0 ,0 ,479 ,5 ,18.87 ,41.46 ,1004.04 ,76.96
00:07:11,0 ,0 ,0 ,479 ,5 ,18.87 ,41.42 ,1004.06 ,76.80
00:07:12,0 ,0 ,0 ,479 ,5 ,18.86 ,41.38 ,1004.00 ,77.33
00:07:13,0 ,0 ,0 ,479 ,5 ,18.87 ,41.37 ,1004.02 ,77.12
00:07:14,0 ,0 ,0 ,479 ,5 ,18.88 ,41.37 ,1004.03 ,77.02
00:07:15,0 ,0 ,0 ,479 ,5 ,18.87 ,41.37 ,1004.03 ,77.07
00:07:16,0 ,0 ,0 ,479 ,5 ,18.88 ,41.37 ,1004.02 ,77.12
00:07:18,0 ,0 ,0 ,479 ,5 ,18.87 ,41.35 ,1004.04 ,76.98
00:07:19,0 ,0 ,0 ,479 ,5 ,18.87 ,41.34 ,1004.03 ,77.02
00:07:20,0 ,0 ,0 ,479 ,5 ,18.87 ,41.33 ,1004.04 ,76.94
00:07:21,0 ,0 ,0 ,479 ,5 ,18.87 ,41.32 ,1004.07 ,76.70
00:07:22,0 ,0 ,0 ,479 ,5 ,18.87 ,41.32 ,1004.05 ,76.86
00:07:23,0 ,0 ,0 ,480 ,5 ,18.87 ,41.32 ,1004.05 ,76.91
00:07:25,0 ,0 ,0 ,480 ,5 ,18.86 ,41.30 ,1004.03 ,77.09
00:07:26,0 ,0 ,0 ,480 ,5 ,18.86 ,41.30 ,1004.01 ,77.21
00:07:27,0 ,0 ,0 ,480 ,5 ,18.86 ,41.30 ,1004.00 ,77.34
00:07:28,0 ,0 ,0 ,480 ,5 ,18.86 ,41.30 ,1004.04 ,76.98
00:07:29,0 ,0 ,0 ,480 ,5 ,18.85 ,41.30 ,1004.03 ,77.05
00:07:30,0 ,0 ,0 ,480 ,5 ,18.86 ,41.31 ,1004.01 ,77.19
00:07:32,0 ,0 ,0 ,479 ,5 ,18.86 ,41.30 ,1004.04 ,76.98
00:07:33,0 ,0 ,0 ,480 ,5 ,18.86 ,41.28 ,1004.03 ,77.07
00:07:34,0 ,0 ,0 ,480 ,5 ,18.85 ,41.30 ,1004.03 ,77.05
00:07:35,0 ,0 ,0 ,480 ,5 ,18.84 ,41.30 ,1004.02 ,77.12
00:07:36,0 ,0 ,0 ,480 ,5 ,18.85 ,41.30 ,1004.04 ,76.97
00:07:37,0 ,0 ,0 ,480 ,5 ,18.85 ,41.31 ,1004.05 ,76.89
00:07:39,0 ,0 ,0 ,480 ,5 ,18.85 ,41.31 ,1004.03 ,77.07
00:07:40,0 ,0 ,0 ,480 ,5 ,18.85 ,41.31 ,1004.00 ,77.30
00:07:41,0 ,0 ,0 ,480 ,5 ,18.86 ,41.31 ,1004.00 ,77.34
00:07:42,0 ,0 ,0 ,480 ,5 ,18.85 ,41.31 ,1004.00 ,77.29
00:07:43,0 ,0 ,0 ,480 ,5 ,18.86 ,41.31 ,1004.01 ,77.21
00:07:44,0 ,0 ,0 ,480 ,5 ,18.86 ,41.34 ,1004.01 ,77.17
00:07:46,0 ,0 ,0 ,480 ,5 ,18.86 ,41.31 ,1004.04 ,77.00
00:07:47,0 ,0 ,0 ,480 ,5 ,18.86 ,41.31 ,1004.05 ,76.91
00:07:48,0 ,0 ,0 ,480 ,5 ,18.86 ,41.31 ,1004.01 ,77.19
00:07:49,0 ,0 ,0 ,480 ,5 ,18.86 ,41.31 ,1004.01 ,77.22
00:07:50,0 ,0 ,0 ,481 ,5 ,18.86 ,41.32 ,1004.05 ,76.91
00:07:51,0 ,0 ,0 ,481 ,5 ,18.86 ,41.32 ,1004.03 ,77.01
00:07:53,0 ,0 ,0 ,481 ,5 ,18.86 ,41.31 ,1004.02 ,77.14
00:07:54,0 ,0 ,0 ,481 ,5 ,18.85 ,41.31 ,1004.01 ,77.20
00:07:55,0 ,0 ,0 ,480 ,5 ,18.86 ,41.31 ,1004.01 ,77.23
00:07:56,0 ,0 ,0 ,481 ,5 ,18.86 ,41.33 ,1004.02 ,77.15
00:07:57,0 ,0 ,0 ,481 ,5 ,18.86 ,41.33 ,1004.04 ,76.97
00:07:58,0 ,0 ,0 ,481 ,5 ,18.86 ,41.33 ,1004.00 ,77.28
00:08:00,0 ,0 ,0 ,480 ,5 ,18.86 ,41.33 ,1004.02 ,77.12
00:08:01,0 ,0 ,0 ,480 ,5 ,18.86 ,41.34 ,1004.03 ,77.04
00:08:02,0 ,0 ,0 ,481 ,5 ,18.86 ,41.30 ,1004.01 ,77.33
00:08:03,0 ,0 ,0 ,481 ,5 ,18.85 ,41.31 ,1004.02 ,77.17
00:08:04,0 ,0 ,0 ,481 ,5 ,18.84 ,41.31 ,1004.02 ,77.16
00:08:05,0 ,0 ,0 ,481 ,5 ,18.85 ,41.31 ,1004.03 ,77.04
00:08:07,0 ,0 ,0 ,481 ,5 ,18.85 ,41.31 ,1004.02 ,77.13
00:08:08,0 ,0 ,0 ,481 ,5 ,18.84 ,41.32 ,1004.02 ,77.13
00:09:09,0 ,0 ,0 ,481 ,5 ,18.78 ,41.39 ,1004.03 ,77.01
00:09:10,0 ,0 ,0 ,481 ,5 ,18.78 ,41.39 ,1004.04 ,76.93
00:09:11,0 ,0 ,0 ,481 ,5 ,18.79 ,41.39 ,1004.07 ,76.68
00:09:12,0 ,0 ,0 ,481 ,5 ,18.78 ,41.40 ,1004.04 ,76.98
00:09:14,0 ,0 ,0 ,481 ,5 ,18.78 ,41.39 ,1004.05 ,76.89
00:09:15,0 ,0 ,0 ,481 ,5 ,18.78 ,41.40 ,1004.09 ,76.52
00:09:16,0 ,0 ,0 ,481 ,5 ,18.78 ,41.41 ,1004.07 ,76.69
00:09:17,0 ,0 ,0 ,481 ,5 ,18.78 ,41.43 ,1004.04 ,76.94
00:09:18,0 ,0 ,0 ,481 ,5 ,18.78 ,41.42 ,1004.06 ,76.78
00:09:19,0 ,0 ,0 ,481 ,5 ,18.78 ,41.41 ,1004.04 ,76.93
00:09:21,0 ,0 ,0 ,481 ,5 ,18.78 ,41.42 ,1004.05 ,76.85
00:09:22,0 ,0 ,0 ,481 ,5 ,18.78 ,41.42 ,1004.03 ,77.06
00:09:23,0 ,0 ,0 ,481 ,5 ,18.78 ,41.43 ,1004.07 ,76.75
00:09:24,0 ,0 ,0 ,481 ,5 ,18.77 ,41.43 ,1004.06 ,76.80
00:09:25,0 ,0 ,0 ,481 ,5 ,18.78 ,41.43 ,1004.03 ,77.06
00:09:26,0 ,0 ,0 ,481 ,5 ,18.78 ,41.43 ,1004.04 ,76.95
00:09:28,0 ,0 ,0 ,481 ,5 ,18.77 ,41.43 ,1004.08 ,76.64
00:09:29,0 ,0 ,0 ,481 ,5 ,18.78 ,41.45 ,1004.06 ,76.82
00:09:30,0 ,0 ,0 ,481 ,5 ,18.76 ,41.41 ,1004.07 ,76.68
00:09:31,0 ,0 ,0 ,481 ,5 ,18.77 ,41.40 ,1004.06 ,76.76
00:09:32,0 ,0 ,0 ,481 ,5 ,18.77 ,41.40 ,1004.07 ,76.74
00:09:33,0 ,0 ,0 ,481 ,5 ,18.76 ,41.40 ,1004.05 ,76.84
00:09:35,0 ,0 ,0 ,480 ,5 ,18.77 ,41.40 ,1004.06 ,76.83
00:09:36,0 ,0 ,0 ,480 ,5 ,18.77 ,41.39 ,1004.05 ,76.87
00:09:37,0 ,0 ,0 ,480 ,5 ,18.77 ,41.40 ,1004.07 ,76.73
00:09:38,0 ,0 ,0 ,480 ,5 ,18.77 ,41.40 ,1004.06 ,76.78
00:09:39,0 ,0 ,0 ,481 ,5 ,18.76 ,41.39 ,1004.03 ,77.07
00:09:40,0 ,0 ,0 ,481 ,5 ,18.77 ,41.39 ,1004.05 ,76.89
00:09:42,0 ,0 ,0 ,481 ,5 ,18.77 ,41.37 ,1004.03 ,77.05
00:09:43,0 ,0 ,0 ,480 ,5 ,18.77 ,41.37 ,1004.05 ,76.91
00:09:44,0 ,0 ,0 ,480 ,5 ,18.77 ,41.36 ,1004.04 ,76.98
00:09:45,0 ,0 ,0 ,480 ,5 ,18.77 ,41.35 ,1004.05 ,76.91
00:09:46,0 ,0 ,0 ,480 ,5 ,18.77 ,41.33 ,1004.04 ,76.97
00:09:47,0 ,0 ,0 ,480 ,5 ,18.77 ,41.33 ,1004.04 ,76.98
00:09:49,0 ,0 ,0 ,480 ,5 ,18.77 ,41.33 ,1004.05 ,76.86
00:09:50,0 ,0 ,0 ,480 ,5 ,18.77 ,41.29 ,1004.04 ,76.97
00:09:51,0 ,0 ,0 ,480 ,5 ,18.76 ,41.21 ,1004.03 ,77.03
00:09:52,0 ,0 ,0 ,480 ,5 ,18.77 ,41.13 ,1004.04 ,76.98
00:09:53,0 ,0 ,0 ,480 ,5 ,18.77 ,41.10 ,1004.03 ,77.01
00:09:54,0 ,0 ,0 ,480 ,5 ,18.77 ,41.12 ,1004.05 ,76.86
00:09:56,0 ,0 ,0 ,480 ,5 ,18.76 ,41.17 ,1004.02 ,77.14
00:09:57,0 ,0 ,0 ,480 ,5 ,18.76 ,41.22 ,1004.03 ,77.03
00:09:58,0 ,0 ,0 ,480 ,5 ,18.76 ,41.26 ,1004.05 ,76.90
00:09:59,0 ,0 ,0 ,480 ,5 ,18.76 ,41.28 ,1004.04 ,76.97
00:10:00,0 ,0 ,0 ,480 ,5 ,18.76 ,41.31 ,1004.06 ,76.82
00:10:01,0 ,0 ,0 ,480 ,5 ,18.76 ,41.33 ,1004.05 ,76.84
00:10:03,0 ,0 ,0 ,480 ,5 ,18.76 ,41.31 ,1004.06 ,76.84
00:10:04,0 ,0 ,0 ,479 ,5 ,18.76 ,41.31 ,1004.03 ,77.03
00:10:05,0 ,0 ,0 ,479 ,5 ,18.76 ,41.31 ,1004.05 ,76.90
00:10:06,0 ,0 ,0 ,479 ,5 ,18.76 ,41.31 ,1004.04 ,76.95
00:10:07,0 ,0 ,0 ,479 ,5 ,18.76 ,41.28 ,1004.05 ,76.87
00:10:08,0 ,0 ,0 ,479 ,5 ,18.76 ,41.28 ,1004.05 ,76.89
00:10:10,0 ,0 ,0 ,479 ,5 ,18.76 ,41.29 ,1004.07 ,76.69
00:10:11,0 ,0 ,0 ,479 ,5 ,18.78 ,41.28 ,1004.06 ,76.82
00:10:12,0 ,0 ,0 ,479 ,5 ,18.77 ,41.28 ,1004.04 ,76.98
00:10:13,0 ,0 ,0 ,479 ,5 ,18.77 ,41.28 ,1004.06 ,76.80
00:10:14,0 ,0 ,0 ,479 ,5 ,18.77 ,41.27 ,1004.01 ,77.21
00:10:15,0 ,0 ,0 ,479 ,5 ,18.77 ,41.26 ,1004.06 ,76.80
00:10:17,0 ,0 ,0 ,479 ,5 ,18.77 ,41.26 ,1004.02 ,77.11
00:10:18,0 ,0 ,0 ,479 ,5 ,18.77 ,41.25 ,1004.03 ,77.05
00:10:19,0 ,0 ,0 ,479 ,5 ,18.78 ,41.23 ,1004.01 ,77.18
00:10:20,0 ,0 ,0 ,479 ,5 ,18.78 ,41.23 ,1004.03 ,77.03
00:10:21,0 ,0 ,0 ,479 ,5 ,18.78 ,41.21 ,1004.03 ,77.09
00:10:22,0 ,0 ,0 ,479 ,5 ,18.78 ,41.20 ,1004.02 ,77.10
00:10:24,0 ,0 ,0 ,479 ,5 ,18.78 ,41.20 ,1004.02 ,77.12
00:10:25,0 ,0 ,0 ,479 ,5 ,18.78 ,41.20 ,1004.04 ,76.98
00:10:26,0 ,0 ,0 ,479 ,5 ,18.78 ,41.20 ,1004.03 ,77.04
00:10:27,0 ,0 ,0 ,479 ,5 ,18.79 ,41.19 ,1004.03 ,77.06
00:10:28,0 ,0 ,0 ,479 ,5 ,18.78 ,41.19 ,1004.01 ,77.21
00:10:29,0 ,0 ,0 ,480 ,5 ,18.78 ,41.19 ,1004.02 ,77.17
00:10:31,0 ,0 ,0 ,480 ,5 ,18.78 ,41.23 ,1004.00 ,77.33
00:10:32,0 ,0 ,0 ,480 ,5 ,18.78 ,41.18 ,1004.01 ,77.18
00:10:33,0 ,0 ,0 ,480 ,5 ,18.79 ,41.17 ,1004.03 ,77.04
00:10:34,0 ,0 ,0 ,480 ,5 ,18.79 ,41.16 ,1004.03 ,77.01
00:10:35,0 ,0 ,0 ,480 ,5 ,18.78 ,41.16 ,1004.00 ,77.28
00:10:36,0 ,0 ,0 ,480 ,5 ,18.79 ,41.16 ,1004.01 ,77.19
00:10:38,0 ,0 ,0 ,480 ,5 ,18.79 ,41.16 ,1004.04 ,76.95
00:10:39,0 ,0 ,0 ,480 ,5 ,18.79 ,41.16 ,1004.01 ,77.21
00:10:40,0 ,0 ,0 ,480 ,5 ,18.79 ,41.16 ,1003.99 ,77.40
00:10:41,0 ,0 ,0 ,481 ,5 ,18.79 ,41.15 ,1004.00 ,77.32
00:10:42,0 ,0 ,0 ,481 ,5 ,18.79 ,41.15 ,1004.00 ,77.30
00:10:43,0 ,0 ,0 ,481 ,5 ,18.79 ,41.16 ,1004.01 ,77.19
00:10:45,0 ,0 ,0 ,481 ,5 ,18.79 ,41.16 ,1003.99 ,77.41
00:10:46,0 ,0 ,0 ,481 ,5 ,18.79 ,41.15 ,1004.03 ,77.09
00:10:47,0 ,0 ,0 ,481 ,5 ,18.79 ,41.16 ,1004.04 ,76.94
00:10:48,0 ,0 ,0 ,481 ,5 ,18.79 ,41.16 ,1004.01 ,77.20
00:10:49,0 ,0 ,0 ,481 ,5 ,18.79 ,41.16 ,1004.01 ,77.20
00:10:50,0 ,0 ,0 ,482 ,5 ,18.79 ,41.15 ,1004.00 ,77.28
00:10:52,0 ,0 ,0 ,482 ,5 ,18.79 ,41.15 ,1004.03 ,77.07
00:10:53,0 ,0 ,0 ,482 ,5 ,18.79 ,41.15 ,1004.04 ,76.99
00:10:54,0 ,0 ,0 ,482 ,5 ,18.79 ,41.15 ,1004.01 ,77.19
00:10:55,0 ,0 ,0 ,482 ,5 ,18.79 ,41.13 ,1004.04 ,76.96
00:10:56,0 ,0 ,0 ,482 ,5 ,18.79 ,41.15 ,1004.02 ,77.14
00:10:57,0 ,0 ,0 ,482 ,5 ,18.79 ,41.15 ,1004.00 ,77.29
00:10:59,0 ,0 ,0 ,482 ,5 ,18.78 ,41.15 ,1003.99 ,77.34
00:11:00,0 ,0 ,0 ,483 ,5 ,18.78 ,41.13 ,1004.04 ,76.93
00:11:01,0 ,0 ,0 ,483 ,5 ,18.78 ,41.13 ,1004.00 ,77.33
00:11:02,0 ,0 ,0 ,483 ,5 ,18.78 ,41.15 ,1004.02 ,77.11
00:11:03,0 ,0 ,0 ,483 ,5 ,18.78 ,41.15 ,1004.02 ,77.11
00:11:04,0 ,0 ,0 ,483 ,5 ,18.78 ,41.15 ,1003.99 ,77.39
00:11:06,0 ,0 ,0 ,484 ,5 ,18.78 ,41.13 ,1004.02 ,77.10
00:12:07,0 ,0 ,0 ,491 ,5 ,18.78 ,41.08 ,1003.99 ,77.37
00:12:08,0 ,0 ,0 ,491 ,5 ,18.78 ,41.08 ,1003.98 ,77.44
00:12:09,0 ,0 ,0 ,492 ,5 ,18.79 ,41.08 ,1003.99 ,77.35
00:12:10,0 ,0 ,0 ,492 ,5 ,18.79 ,41.08 ,1003.99 ,77.37
00:12:11,0 ,0 ,0 ,493 ,5 ,18.78 ,41.05 ,1004.00 ,77.32
00:12:13,0 ,0 ,0 ,493 ,5 ,18.78 ,41.04 ,1004.02 ,77.12
00:12:14,0 ,0 ,0 ,494 ,5 ,18.78 ,41.02 ,1003.98 ,77.45
00:12:15,0 ,0 ,0 ,495 ,5 ,18.77 ,41.02 ,1003.99 ,77.41
00:12:16,0 ,0 ,0 ,495 ,5 ,18.78 ,41.04 ,1004.03 ,77.07
00:12:17,0 ,0 ,0 ,496 ,5 ,18.78 ,41.05 ,1004.02 ,77.14
00:12:18,0 ,0 ,0 ,496 ,5 ,18.78 ,40.98 ,1004.01 ,77.22
00:12:20,0 ,0 ,0 ,496 ,5 ,18.77 ,41.04 ,1003.99 ,77.36
00:12:21,0 ,0 ,0 ,497 ,5 ,18.77 ,41.02 ,1003.99 ,77.38
00:12:22,0 ,0 ,0 ,497 ,5 ,18.77 ,41.02 ,1003.97 ,77.53
00:12:23,0 ,0 ,0 ,497 ,5 ,18.77 ,41.02 ,1004.02 ,77.14
00:12:24,0 ,0 ,0 ,498 ,5 ,18.78 ,41.01 ,1004.02 ,77.10
00:12:25,0 ,0 ,0 ,498 ,5 ,18.78 ,41.02 ,1004.01 ,77.19
00:12:27,0 ,0 ,0 ,498 ,5 ,18.78 ,41.03 ,1003.98 ,77.48
00:12:28,0 ,0 ,0 ,498 ,5 ,18.78 ,41.03 ,1004.00 ,77.30
00:12:29,0 ,0 ,0 ,498 ,5 ,18.78 ,41.02 ,1004.04 ,77.00
00:12:30,0 ,0 ,0 ,498 ,5 ,18.78 ,41.00 ,1004.01 ,77.20
00:12:31,0 ,0 ,0 ,498 ,5 ,18.78 ,41.01 ,1003.98 ,77.44
00:12:32,0 ,0 ,0 ,498 ,5 ,18.78 ,40.97 ,1004.00 ,77.32
00:12:34,0 ,0 ,0 ,499 ,5 ,18.77 ,40.96 ,1003.98 ,77.49
00:12:35,0 ,0 ,0 ,499 ,5 ,18.78 ,40.94 ,1004.02 ,77.16
00:12:36,0 ,0 ,0 ,499 ,5 ,18.78 ,40.93 ,1004.00 ,77.30
00:12:37,0 ,0 ,0 ,499 ,5 ,18.77 ,40.91 ,1003.99 ,77.42
00:12:38,0 ,0 ,0 ,499 ,5 ,18.78 ,40.90 ,1003.99 ,77.41
00:12:39,0 ,0 ,0 ,499 ,5 ,18.77 ,40.87 ,1004.01 ,77.22
00:12:41,0 ,0 ,0 ,499 ,5 ,18.77 ,40.88 ,1003.99 ,77.35
00:12:42,0 ,0 ,0 ,498 ,5 ,18.77 ,40.84 ,1004.02 ,77.17
00:12:43,0 ,0 ,0 ,498 ,5 ,18.77 ,40.86 ,1003.99 ,77.36
00:12:44,0 ,0 ,0 ,499 ,5 ,18.77 ,40.84 ,1004.00 ,77.31
00:12:45,0 ,0 ,0 ,499 ,5 ,18.76 ,40.81 ,1004.01 ,77.18
00:12:46,0 ,0 ,0 ,499 ,5 ,18.77 ,40.74 ,1004.02 ,77.13
00:12:48,0 ,0 ,0 ,499 ,5 ,18.76 ,40.79 ,1004.06 ,76.76
00:12:49,0 ,0 ,0 ,499 ,5 ,18.75 ,40.80 ,1004.02 ,77.17
00:12:50,0 ,0 ,0 ,499 ,5 ,18.75 ,40.81 ,1004.03 ,77.07
00:12:51,0 ,0 ,0 ,499 ,5 ,18.76 ,40.81 ,1004.01 ,77.23
00:12:52,0 ,0 ,0 ,499 ,5 ,18.76 ,40.81 ,1004.04 ,76.98
00:12:53,0 ,0 ,0 ,499 ,5 ,18.75 ,40.80 ,1004.04 ,77.00
00:12:55,0 ,0 ,0 ,499 ,5 ,18.75 ,40.79 ,1004.05 ,76.90
00:12:56,0 ,0 ,0 ,499 ,5 ,18.75 ,40.77 ,1003.99 ,77.35
00:12:57,0 ,0 ,0 ,499 ,5 ,18.75 ,40.76 ,1003.99 ,77.34
00:12:58,0 ,0 ,0 ,499 ,5 ,18.75 ,40.75 ,1004.01 ,77.20
00:12:59,0 ,0 ,0 ,499 ,5 ,18.75 ,40.75 ,1004.03 ,77.07
00:13:01,0 ,0 ,0 ,499 ,5 ,18.75 ,40.75 ,1004.03 ,77.01
00:13:02,0 ,0 ,0 ,499 ,5 ,18.76 ,40.80 ,1004.05 ,76.85
00:13:03,0 ,0 ,0 ,499 ,5 ,18.75 ,40.74 ,1004.01 ,77.24
00:13:04,0 ,0 ,0 ,499 ,5 ,18.75 ,40.76 ,1004.02 ,77.10
00:13:05,0 ,0 ,0 ,499 ,5 ,18.75 ,40.74 ,1004.01 ,77.20
00:13:06,0 ,0 ,0 ,499 ,5 ,18.74 ,40.70 ,1004.03 ,77.03
00:13:08,0 ,0 ,0 ,500 ,5 ,18.74 ,40.70 ,1004.03 ,77.07
00:13:09,0 ,0 ,0 ,499 ,5 ,18.75 ,40.71 ,1004.04 ,76.99
00:13:10,0 ,0 ,0 ,499 ,5 ,18.75 ,40.71 ,1004.02 ,77.11
00:13:11,0 ,0 ,0 ,499 ,5 ,18.74 ,40.72 ,1003.99 ,77.35
00:13:12,0 ,0 ,0 ,499 ,5 ,18.75 ,40.73 ,1004.02 ,77.15
00:13:13,0 ,0 ,0 ,499 ,5 ,18.74 ,40.73 ,1004.03 ,77.05
00:13:15,0 ,0 ,0 ,499 ,5 ,18.74 ,40.76 ,1004.03 ,77.02
00:13:16,0 ,0 ,0 ,499 ,5 ,18.74 ,40.81 ,1004.01 ,77.22
00:13:17,0 ,0 ,0 ,498 ,5 ,18.75 ,40.82 ,1004.02 ,77.12
00:13:18,0 ,0 ,0 ,497 ,5 ,18.75 ,40.80 ,1004.03 ,76.89
00:13:19,0 ,0 ,0 ,496 ,5 ,18.75 ,40.85 ,1003.99 ,77.35
00:13:20,0 ,0 ,0 ,496 ,5 ,18.75 ,40.84 ,1004.00 ,77.33
00:13:22,0 ,0 ,0 ,495 ,5 ,18.75 ,40.84 ,1004.03 ,77.09
00:13:23,0 ,0 ,0 ,495 ,5 ,18.75 ,40.83 ,1004.04 ,76.93
00:13:24,0 ,0 ,0 ,494 ,5 ,18.75 ,40.84 ,1004.03 ,77.09
00:13:25,0 ,0 ,0 ,493 ,5 ,18.75 ,40.84 ,1004.02 ,77.17
00:13:26,0 ,0 ,0 ,493 ,5 ,18.75 ,40.82 ,1004.04 ,77.00
00:13:27,0 ,0 ,0 ,492 ,5 ,18.75 ,40.80 ,1004.04 ,76.93
00:13:29,0 ,0 ,0 ,492 ,5 ,18.75 ,40.76 ,1004.02 ,77.12
00:13:30,0 ,0 ,0 ,491 ,5 ,18.75 ,40.76 ,1004.04 ,76.99
00:13:31,0 ,0 ,0 ,491 ,5 ,18.75 ,40.76 ,1004.01 ,77.18
00:13:32,0 ,0 ,0 ,490 ,5 ,18.75 ,40.77 ,1004.03 ,77.07
00:13:33,0 ,0 ,0 ,490 ,5 ,18.75 ,40.77 ,1004.06 ,76.81
00:13:34,0 ,0 ,0 ,489 ,5 ,18.75 ,40.79 ,1004.04 ,76.95
00:13:36,0 ,0 ,0 ,489 ,5 ,18.75 ,40.79 ,1004.00 ,77.26
00:13:37,0 ,0 ,0 ,488 ,5 ,18.74 ,40.81 ,1004.01 ,77.24
00:13:38,0 ,0 ,0 ,488 ,5 ,18.75 ,40.82 ,1004.02 ,77.11
00:13:39,0 ,0 ,0 ,487 ,5 ,18.75 ,40.83 ,1004.04 ,76.98
00:13:40,0 ,0 ,0 ,486 ,5 ,18.74 ,40.84 ,1004.03 ,77.01
00:13:41,0 ,0 ,0 ,486 ,5 ,18.74 ,40.83 ,1004.01 ,77.24
00:13:43,0 ,0 ,0 ,486 ,5 ,18.74 ,40.85 ,1004.03 ,77.06
00:13:44,0 ,0 ,0 ,486 ,5 ,18.74 ,40.85 ,1004.03 ,77.02
00:13:45,0 ,0 ,0 ,485 ,5 ,18.74 ,40.87 ,1004.03 ,77.01
00:13:46,0 ,0 ,0 ,485 ,5 ,18.73 ,40.87 ,1004.04 ,76.92
00:13:47,0 ,0 ,0 ,484 ,5 ,18.73 ,40.92 ,1004.04 ,76.95
00:13:48,0 ,0 ,0 ,484 ,5 ,18.72 ,40.84 ,1004.01 ,77.22
00:13:50,0 ,0 ,0 ,484 ,5 ,18.72 ,40.83 ,1004.03 ,77.05
00:13:51,0 ,0 ,0 ,484 ,5 ,18.72 ,40.85 ,1004.03 ,77.03
00:13:52,0 ,0 ,0 ,483 ,5 ,18.72 ,40.88 ,1004.03 ,77.03
00:13:53,0 ,0 ,0 ,483 ,5 ,18.72 ,40.89 ,1004.02 ,77.11
00:13:54,0 ,0 ,0 ,483 ,5 ,18.72 ,40.90 ,1004.03 ,77.06
00:13:55,0 ,0 ,0 ,483 ,5 ,18.72 ,40.90 ,1004.05 ,76.92
00:13:57,0 ,0 ,0 ,483 ,5 ,18.72 ,40.88 ,1004.04 ,77.00
00:13:58,0 ,0 ,0 ,483 ,5 ,18.72 ,40.86 ,1004.03 ,77.07
00:13:59,0 ,0 ,0 ,482 ,5 ,18.73 ,40.87 ,1004.01 ,77.20
00:14:00,0 ,0 ,0 ,482 ,5 ,18.73 ,40.87 ,1004.02 ,77.09
00:14:01,0 ,0 ,0 ,482 ,5 ,18.73 ,40.87 ,1004.02 ,77.11
00:14:02,0 ,0 ,0 ,482 ,5 ,18.73 ,40.84 ,1004.05 ,76.87
00:14:04,0 ,0 ,0 ,482 ,5 ,18.73 ,40.85 ,1004.05 ,76.91
00:15:05,0 ,0 ,0 ,479 ,5 ,18.70 ,41.04 ,1004.03 ,77.08
00:15:06,0 ,0 ,0 ,479 ,5 ,18.70 ,41.04 ,1004.07 ,76.73
00:15:07,0 ,0 ,0 ,479 ,5 ,18.70 ,41.02 ,1004.04 ,76.95
00:15:08,0 ,0 ,0 ,479 ,5 ,18.69 ,41.02 ,1004.00 ,77.31
00:15:09,0 ,0 ,0 ,479 ,5 ,18.70 ,41.02 ,1004.04 ,76.93
00:15:11,0 ,0 ,0 ,479 ,5 ,18.69 ,41.00 ,1004.02 ,77.14
00:15:12,0 ,0 ,0 ,479 ,5 ,18.69 ,41.00 ,1004.02 ,77.10
00:15:13,0 ,0 ,0 ,479 ,5 ,18.69 ,41.00 ,1003.99 ,77.35
00:15:14,0 ,0 ,0 ,480 ,5 ,18.70 ,41.00 ,1004.04 ,76.96
00:15:15,0 ,0 ,0 ,480 ,5 ,18.70 ,41.01 ,1004.04 ,76.98
00:15:16,0 ,0 ,0 ,480 ,5 ,18.69 ,41.01 ,1004.02 ,77.15
00:15:18,0 ,0 ,0 ,479 ,5 ,18.70 ,41.01 ,1004.02 ,77.13
00:15:19,0 ,0 ,0 ,480 ,5 ,18.69 ,41.01 ,1004.00 ,77.32
00:15:20,0 ,0 ,0 ,480 ,5 ,18.70 ,41.01 ,1004.03 ,77.07
00:15:21,0 ,0 ,0 ,479 ,5 ,18.70 ,41.01 ,1004.01 ,77.20
00:15:22,0 ,0 ,0 ,479 ,5 ,18.71 ,41.01 ,1004.05 ,76.88
00:15:23,0 ,0 ,0 ,479 ,5 ,18.71 ,41.00 ,1004.02 ,77.13
00:15:25,0 ,0 ,0 ,479 ,5 ,18.71 ,41.00 ,1004.03 ,77.05
00:15:26,0 ,0 ,0 ,479 ,5 ,18.71 ,41.02 ,1004.03 ,77.08
00:15:27,0 ,0 ,0 ,479 ,5 ,18.71 ,41.04 ,1004.04 ,76.95
00:15:28,0 ,0 ,0 ,479 ,5 ,18.71 ,41.01 ,1004.04 ,76.94
00:15:29,0 ,0 ,0 ,479 ,5 ,18.71 ,41.04 ,1004.03 ,77.06
00:15:30,0 ,0 ,0 ,479 ,5 ,18.71 ,41.04 ,1004.03 ,77.07
00:15:32,0 ,0 ,0 ,479 ,5 ,18.70 ,41.06 ,1004.04 ,77.00
00:15:33,0 ,0 ,0 ,479 ,5 ,18.71 ,41.05 ,1004.06 ,76.78
00:15:34,0 ,0 ,0 ,479 ,5 ,18.70 ,41.04 ,1004.03 ,77.08
00:15:35,0 ,0 ,0 ,479 ,5 ,18.71 ,41.02 ,1004.02 ,77.13
00:15:36,0 ,0 ,0 ,479 ,5 ,18.71 ,41.02 ,1004.01 ,77.26
00:15:37,0 ,0 ,0 ,480 ,5 ,18.71 ,41.02 ,1004.03 ,77.06
00:15:39,0 ,0 ,0 ,479 ,5 ,18.71 ,41.02 ,1004.04 ,76.98
00:15:40,0 ,0 ,0 ,479 ,5 ,18.71 ,41.02 ,1004.05 ,76.92
00:15:41,0 ,0 ,0 ,479 ,5 ,18.72 ,41.02 ,1004.05 ,76.88
00:15:42,0 ,0 ,0 ,479 ,5 ,18.72 ,41.11 ,1004.03 ,77.07
00:15:43,0 ,0 ,0 ,480 ,5 ,18.72 ,41.35 ,1004.04 ,76.96
00:15:44,0 ,0 ,0 ,479 ,5 ,18.71 ,41.45 ,1004.04 ,77.00
00:15:46,0 ,0 ,0 ,479 ,5 ,18.72 ,41.47 ,1004.04 ,76.99
00:15:47,0 ,0 ,0 ,479 ,5 ,18.71 ,41.46 ,1004.02 ,77.10
00:15:48,0 ,0 ,0 ,479 ,5 ,18.72 ,41.45 ,1004.03 ,77.07
00:15:49,0 ,0 ,0 ,479 ,5 ,18.73 ,41.59 ,1004.01 ,77.20
00:15:50,0 ,0 ,0 ,480 ,5 ,18.73 ,41.80 ,1004.03 ,77.01
00:15:51,0 ,0 ,0 ,479 ,5 ,18.73 ,41.97 ,1004.03 ,77.08
00:15:53,0 ,0 ,0 ,480 ,5 ,18.73 ,42.12 ,1004.04 ,76.98
00:15:54,0 ,0 ,0 ,480 ,5 ,18.73 ,42.17 ,1004.03 ,77.04
00:15:55,0 ,0 ,0 ,480 ,5 ,18.74 ,42.20 ,1004.04 ,76.99
00:15:56,0 ,0 ,0 ,480 ,5 ,18.73 ,42.32 ,1004.04 ,76.98
00:15:57,0 ,0 ,0 ,481 ,5 ,18.74 ,43.00 ,1004.07 ,76.73
00:15:58,0 ,0 ,0 ,480 ,5 ,18.74 ,43.38 ,1004.02 ,77.12
00:16:00,0 ,0 ,0 ,481 ,5 ,18.75 ,43.38 ,1004.08 ,76.59
00:16:01,0 ,0 ,0 ,481 ,5 ,18.75 ,43.33 ,1004.05 ,76.92
00:16:02,0 ,0 ,0 ,481 ,5 ,18.75 ,43.32 ,1004.05 ,76.91
00:16:03,0 ,0 ,0 ,481 ,5 ,18.75 ,43.14 ,1004.03 ,77.03
00:16:04,0 ,0 ,0 ,481 ,5 ,18.74 ,42.61 ,1004.02 ,77.11
00:16:05,0 ,0 ,0 ,481 ,5 ,18.75 ,42.20 ,1004.01 ,77.20
00:16:07,0 ,0 ,0 ,481 ,5 ,18.75 ,41.95 ,1004.04 ,76.95
00:16:08,0 ,0 ,0 ,482 ,5 ,18.75 ,41.82 ,1004.04 ,76.97
00:16:09,0 ,0 ,0 ,482 ,5 ,18.76 ,41.82 ,1004.00 ,77.32
00:16:10,0 ,0 ,0 ,482 ,5 ,18.75 ,42.00 ,1004.03 ,77.07
00:16:11,0 ,0 ,0 ,482 ,5 ,18.76 ,42.12 ,1004.02 ,77.09
00:16:12,0 ,0 ,0 ,482 ,5 ,18.76 ,42.33 ,1004.01 ,77.24
00:16:14,0 ,0 ,0 ,482 ,5 ,18.76 ,42.55 ,1004.04 ,76.94
00:16:15,0 ,0 ,0 ,482 ,5 ,18.76 ,42.77 ,1004.06 ,76.79
00:16:16,0 ,0 ,0 ,482 ,5 ,18.77 ,42.59 ,1004.04 ,77.00
00:16:17,0 ,0 ,0 ,482 ,5 ,18.77 ,42.25 ,1004.03 ,77.03
00:16:18,0 ,0 ,0 ,483 ,5 ,18.76 ,41.90 ,1004.05 ,76.91
00:16:19,0 ,0 ,0 ,483 ,5 ,18.77 ,41.71 ,1004.04 ,76.95
00:16:21,0 ,0 ,0 ,483 ,5 ,18.77 ,41.57 ,1004.02 ,77.14
00:16:22,0 ,0 ,0 ,483 ,5 ,18.76 ,41.47 ,1004.04 ,76.95
00:16:23,0 ,0 ,0 ,483 ,5 ,18.77 ,41.43 ,1004.02 ,77.16
00:16:24,0 ,0 ,0 ,483 ,5 ,18.78 ,41.42 ,1004.01 ,77.20
00:16:25,0 ,0 ,0 ,483 ,5 ,18.77 ,41.39 ,1004.01 ,77.25
00:16:26,0 ,0 ,0 ,483 ,5 ,18.77 ,41.35 ,1004.01 ,77.22
00:16:28,0 ,0 ,0 ,483 ,5 ,18.78 ,41.31 ,1004.01 ,77.21
00:16:29,0 ,0 ,0 ,484 ,5 ,18.78 ,41.39 ,1003.98 ,77.48
00:16:30,0 ,0 ,0 ,484 ,5 ,18.77 ,41.63 ,1004.03 ,77.01
00:16:31,0 ,0 ,0 ,484 ,5 ,18.78 ,41.85 ,1004.03 ,77.03
00:16:32,0 ,0 ,0 ,484 ,5 ,18.78 ,41.79 ,1003.99 ,77.36
00:16:33,0 ,0 ,0 ,484 ,5 ,18.78 ,41.73 ,1003.98 ,77.45
00:16:35,0 ,0 ,0 ,484 ,5 ,18.79 ,41.75 ,1004.01 ,77.19
00:16:36,0 ,0 ,0 ,484 ,5 ,18.79 ,41.79 ,1004.03 ,77.03
00:16:37,0 ,0 ,0 ,484 ,5 ,18.78 ,41.69 ,1004.00 ,77.26
00:16:38,0 ,0 ,0 ,485 ,5 ,18.78 ,41.59 ,1003.98 ,77.47
00:16:39,0 ,0 ,0 ,485 ,5 ,18.78 ,41.67 ,1004.02 ,77.10
00:16:40,0 ,0 ,0 ,485 ,5 ,18.78 ,41.80 ,1004.01 ,77.25
00:16:42,0 ,0 ,0 ,485 ,5 ,18.79 ,41.70 ,1004.03 ,77.03
00:16:43,0 ,0 ,0 ,485 ,5 ,18.79 ,41.57 ,1004.03 ,77.02
00:16:44,0 ,0 ,0 ,485 ,5 ,18.80 ,41.52 ,1004.00 ,77.29
00:16:45,0 ,0 ,0 ,485 ,5 ,18.79 ,41.41 ,1004.02 ,77.10
00:16:46,0 ,0 ,0 ,485 ,5 ,18.79 ,41.34 ,1004.00 ,77.31
00:16:47,0 ,0 ,0 ,486 ,5 ,18.78 ,41.25 ,1003.99 ,77.40
00:16:49,0 ,0 ,0 ,485 ,5 ,18.78 ,41.20 ,1004.02 ,77.16
00:16:50,0 ,0 ,0 ,486 ,5 ,18.78 ,41.17 ,1004.02 ,77.17
00:16:51,0 ,0 ,0 ,486 ,5 ,18.78 ,41.13 ,1004.03 ,77.02
00:16:52,0 ,0 ,0 ,486 ,5 ,18.76 ,41.14 ,1004.03 ,77.02
00:16:53,0 ,0 ,0 ,486 ,5 ,18.76 ,41.13 ,1003.99 ,77.36
00:16:54,0 ,0 ,0 ,486 ,5 ,18.77 ,41.17 ,1004.05 ,76.86
00:16:56,0 ,0 ,0 ,486 ,5 ,18.76 ,41.17 ,1004.05 ,76.92
00:16:57,0 ,0 ,0 ,486 ,5 ,18.76 ,41.17 ,1004.01 ,77.19
00:16:58,0 ,0 ,0 ,486 ,5 ,18.76 ,41.17 ,1004.00 ,77.31
00:16:59,0 ,0 ,0 ,486 ,5 ,18.77 ,41.16 ,1004.01 ,77.22
00:17:00,0 ,0 ,0 ,486 ,5 ,18.77 ,41.16 ,1004.03 ,77.02
00:17:01,0 ,0 ,0 ,486 ,5 ,18.77 ,41.16 ,1004.03 ,77.05
00:18:03,0 ,0 ,0 ,611 ,5 ,18.79 ,41.47 ,1004.02 ,77.15
00:18:04,0 ,0 ,0 ,611 ,5 ,18.78 ,41.40 ,1004.00 ,77.28
00:18:05,0 ,0 ,0 ,611 ,5 ,18.78 ,41.35 ,1003.96 ,77.64
00:18:06,0 ,0 ,0 ,610 ,5 ,18.78 ,41.28 ,1003.97 ,77.52
00:18:07,0 ,0 ,0 ,609 ,5 ,18.77 ,41.26 ,1004.00 ,77.29
00:18:08,0 ,0 ,0 ,606 ,5 ,18.78 ,41.24 ,1004.01 ,77.22
00:18:10,0 ,0 ,0 ,602 ,5 ,18.78 ,41.38 ,1004.00 ,77.29
00:18:11,0 ,0 ,0 ,596 ,5 ,18.78 ,41.58 ,1004.02 ,77.18
00:18:12,0 ,0 ,0 ,589 ,5 ,18.79 ,41.61 ,1003.98 ,77.50
00:18:13,0 ,0 ,0 ,573 ,5 ,18.79 ,41.53 ,1003.97 ,77.53
00:18:14,0 ,0 ,0 ,568 ,5 ,18.79 ,41.39 ,1004.00 ,77.34
00:18:15,0 ,0 ,0 ,562 ,5 ,18.78 ,41.31 ,1004.00 ,77.31
00:18:17,0 ,0 ,0 ,558 ,5 ,18.79 ,41.25 ,1004.02 ,77.09
00:18:18,0 ,0 ,0 ,555 ,5 ,18.78 ,41.20 ,1004.03 ,77.04
00:18:19,0 ,0 ,0 ,551 ,5 ,18.78 ,41.18 ,1004.01 ,77.20
00:18:20,0 ,0 ,0 ,548 ,5 ,18.79 ,41.13 ,1004.02 ,77.16
00:18:21,0 ,0 ,0 ,546 ,5 ,18.79 ,41.20 ,1003.98 ,77.45
00:18:22,0 ,0 ,0 ,544 ,5 ,18.78 ,41.75 ,1004.01 ,77.22
00:18:24,0 ,0 ,0 ,543 ,5 ,18.79 ,41.93 ,1004.01 ,77.25
00:18:25,0 ,0 ,0 ,541 ,5 ,18.78 ,41.87 ,1004.02 ,77.14
00:18:26,0 ,0 ,0 ,539 ,5 ,18.78 ,41.84 ,1003.99 ,77.37
00:18:27,0 ,0 ,0 ,538 ,5 ,18.78 ,41.86 ,1004.00 ,77.30
00:18:28,0 ,0 ,0 ,537 ,5 ,18.79 ,41.92 ,1003.97 ,77.53
00:18:29,0 ,0 ,0 ,535 ,5 ,18.79 ,41.96 ,1004.01 ,77.19
00:18:31,0 ,0 ,0 ,535 ,5 ,18.78 ,41.76 ,1003.99 ,77.37
00:18:32,0 ,0 ,0 ,533 ,5 ,18.79 ,41.57 ,1004.00 ,77.27
00:18:33,0 ,0 ,0 ,532 ,5 ,18.78 ,41.43 ,1004.03 ,77.03
00:18:34,0 ,0 ,0 ,531 ,5 ,18.78 ,41.36 ,1003.99 ,77.37
00:18:35,0 ,0 ,0 ,530 ,5 ,18.78 ,41.32 ,1004.01 ,77.22
00:18:36,0 ,0 ,0 ,529 ,5 ,18.78 ,41.30 ,1004.00 ,77.26
00:18:38,0 ,0 ,0 ,528 ,5 ,18.78 ,41.27 ,1004.00 ,77.27
00:18:39,0 ,0 ,0 ,527 ,5 ,18.78 ,41.27 ,1004.03 ,77.04
00:18:40,0 ,0 ,0 ,527 ,5 ,18.78 ,41.26 ,1003.99 ,77.41
00:18:41,0 ,0 ,0 ,525 ,5 ,18.78 ,41.24 ,1004.03 ,77.05
00:18:42,0 ,0 ,0 ,524 ,5 ,18.78 ,41.23 ,1004.00 ,77.28
00:18:43,0 ,0 ,0 ,523 ,5 ,18.78 ,41.26 ,1003.98 ,77.34
00:18:45,0 ,0 ,0 ,522 ,5 ,18.78 ,41.29 ,1004.01 ,77.22
00:18:46,0 ,0 ,0 ,521 ,5 ,18.79 ,41.27 ,1004.00 ,77.27
00:18:47,0 ,0 ,0 ,520 ,5 ,18.79 ,41.26 ,1004.01 ,77.23
00:18:48,0 ,0 ,0 ,518 ,5 ,18.79 ,41.24 ,1003.98 ,77.45
00:18:49,0 ,0 ,0 ,517 ,5 ,18.79 ,41.23 ,1004.03 ,77.03
00:18:50,0 ,0 ,0 ,516 ,5 ,18.79 ,41.20 ,1003.99 ,77.42
00:18:52,0 ,0 ,0 ,515 ,5 ,18.79 ,41.20 ,1003.99 ,77.36
00:18:53,0 ,0 ,0 ,514 ,5 ,18.79 ,41.24 ,1003.98 ,77.50
00:18:54,0 ,0 ,0 ,513 ,5 ,18.79 ,41.26 ,1004.00 ,77.31
00:18:55,0 ,0 ,0 ,512 ,5 ,18.79 ,41.55 ,1004.03 ,77.04
00:18:56,0 ,0 ,0 ,510 ,5 ,18.79 ,41.77 ,1004.00 ,77.27
00:18:57,0 ,0 ,0 ,509 ,5 ,18.79 ,42.00 ,1003.97 ,77.58
00:18:59,0 ,0 ,0 ,509 ,5 ,18.80 ,42.04 ,1004.04 ,77.00
00:19:00,0 ,0 ,0 ,507 ,5 ,18.79 ,42.26 ,1004.01 ,77.26
00:19:01,0 ,0 ,0 ,506 ,5 ,18.79 ,42.29 ,1003.99 ,77.37
00:19:02,0 ,0 ,0 ,506 ,5 ,18.79 ,42.32 ,1004.02 ,77.17
00:19:03,0 ,0 ,0 ,504 ,5 ,18.80 ,42.36 ,1004.02 ,77.09
00:19:04,0 ,0 ,0 ,503 ,5 ,18.80 ,42.25 ,1004.01 ,77.18
00:19:06,0 ,0 ,0 ,502 ,5 ,18.79 ,42.06 ,1004.00 ,77.32
00:19:07,0 ,0 ,0 ,502 ,5 ,18.80 ,41.93 ,1003.96 ,77.60
00:19:08,0 ,0 ,0 ,501 ,5 ,18.79 ,41.90 ,1003.99 ,77.40
00:19:09,0 ,0 ,0 ,501 ,5 ,18.80 ,41.96 ,1004.03 ,77.07
00:19:10,0 ,0 ,0 ,499 ,5 ,18.79 ,41.83 ,1004.00 ,77.30
00:19:11,0 ,0 ,0 ,499 ,5 ,18.79 ,41.80 ,1004.00 ,77.27
00:19:13,0 ,0 ,0 ,498 ,5 ,18.79 ,41.72 ,1003.98 ,77.50
00:19:14,0 ,0 ,0 ,498 ,5 ,18.80 ,41.62 ,1004.00 ,77.34
00:19:15,0 ,0 ,0 ,498 ,5 ,18.80 ,41.71 ,1004.01 ,77.24
00:19:16,0 ,0 ,0 ,498 ,5 ,18.80 ,41.79 ,1004.05 ,76.90
00:19:17,0 ,0 ,0 ,497 ,5 ,18.79 ,41.84 ,1003.98 ,77.43
00:19:18,0 ,0 ,0 ,497 ,5 ,18.79 ,42.01 ,1003.99 ,77.35
00:19:20,0 ,0 ,0 ,496 ,5 ,18.79 ,42.10 ,1003.99 ,77.38
00:19:21,0 ,0 ,0 ,496 ,5 ,18.79 ,42.03 ,1004.01 ,77.24
00:19:22,0 ,0 ,0 ,496 ,5 ,18.79 ,41.84 ,1003.99 ,77.37
00:19:23,0 ,0 ,0 ,496 ,5 ,18.79 ,41.77 ,1004.00 ,77.31
00:19:24,0 ,0 ,0 ,496 ,5 ,18.79 ,41.72 ,1004.03 ,77.03
00:19:25,0 ,0 ,0 ,496 ,5 ,18.79 ,41.72 ,1003.99 ,77.39
00:19:27,0 ,0 ,0 ,496 ,5 ,18.79 ,41.71 ,1004.00 ,77.28
00:19:28,0 ,0 ,0 ,496 ,5 ,18.79 ,41.73 ,1003.98 ,77.49
00:19:29,0 ,0 ,0 ,496 ,5 ,18.79 ,41.72 ,1003.99 ,77.37
00:19:30,0 ,0 ,0 ,496 ,5 ,18.79 ,41.72 ,1004.01 ,77.25
00:19:31,0 ,0 ,0 ,496 ,5 ,18.79 ,41.70 ,1004.01 ,77.21
00:19:32,0 ,0 ,0 ,496 ,5 ,18.80 ,41.70 ,1004.02 ,77.10
00:19:34,0 ,0 ,0 ,496 ,5 ,18.79 ,41.73 ,1004.01 ,77.19
00:19:35,0 ,0 ,0 ,496 ,5 ,18.80 ,41.67 ,1004.00 ,77.32
00:19:36,0 ,0 ,0 ,496 ,5 ,18.79 ,41.62 ,1004.00 ,77.33
00:19:37,0 ,0 ,0 ,496 ,5 ,18.79 ,41.76 ,1004.01 ,77.19
00:19:38,0 ,0 ,0 ,496 ,5 ,18.80 ,41.87 ,1004.01 ,77.24
00:19:39,0 ,0 ,0 ,496 ,5 ,18.79 ,41.76 ,1004.00 ,77.27
00:19:41,0 ,0 ,0 ,496 ,5 ,18.79 ,41.69 ,1003.99 ,77.38
00:19:42,0 ,0 ,0 ,496 ,5 ,18.80 ,41.68 ,1004.03 ,77.09
00:19:43,0 ,0 ,0 ,496 ,5 ,18.78 ,41.55 ,1004.00 ,77.30
00:19:44,0 ,0 ,0 ,496 ,5 ,18.79 ,41.53 ,1004.01 ,77.25
00:19:45,0 ,0 ,0 ,496 ,5 ,18.79 ,41.43 ,1004.00 ,77.34
00:19:46,0 ,0 ,0 ,496 ,5 ,18.79 ,41.41 ,1004.02 ,77.16
00:19:48,0 ,0 ,0 ,496 ,5 ,18.79 ,41.48 ,1004.03 ,77.04
00:19:49,0 ,0 ,0 ,496 ,5 ,18.79 ,41.45 ,1004.01 ,77.19
00:19:50,0 ,0 ,0 ,496 ,5 ,18.79 ,41.41 ,1004.02 ,77.14
00:19:51,0 ,0 ,0 ,496 ,5 ,18.79 ,41.35 ,1004.02 ,77.13
00:19:52,0 ,0 ,0 ,496 ,5 ,18.79 ,41.31 ,1004.03 ,77.05
00:19:53,0 ,0 ,0 ,496 ,5 ,18.79 ,41.29 ,1004.01 ,77.25
00:19:55,0 ,0 ,0 ,496 ,5 ,18.78 ,41.31 ,1004.03 ,77.05
00:19:56,0 ,0 ,0 ,496 ,5 ,18.79 ,41.33 ,1004.01 ,77.25
00:19:57,0 ,0 ,0 ,497 ,5 ,18.79 ,41.30 ,1004.05 ,76.88
00:19:58,0 ,0 ,0 ,497 ,5 ,18.80 ,41.26 ,1004.04 ,76.93
00:19:59,0 ,0 ,0 ,498 ,5 ,18.80 ,41.21 ,1004.01 ,77.21
00:21:00,0 ,0 ,0 ,495 ,5 ,18.79 ,41.10 ,1004.02 ,77.11
00:21:02,0 ,0 ,0 ,494 ,5 ,18.79 ,41.16 ,1004.01 ,77.04
00:21:03,0 ,0 ,0 ,493 ,5 ,18.79 ,41.10 ,1004.05 ,76.91
00:21:04,0 ,0 ,0 ,493 ,5 ,18.79 ,41.10 ,1004.00 ,77.27
00:21:05,0 ,0 ,0 ,492 ,5 ,18.79 ,41.12 ,1003.99 ,77.40
00:21:06,0 ,0 ,0 ,491 ,5 ,18.79 ,41.12 ,1004.01 ,77.18
00:21:07,0 ,0 ,0 ,490 ,5 ,18.79 ,41.12 ,1004.01 ,77.25
00:21:09,0 ,0 ,0 ,489 ,5 ,18.80 ,41.14 ,1004.06 ,76.81
00:21:10,0 ,0 ,0 ,489 ,5 ,18.79 ,41.13 ,1004.04 ,77.00
00:21:11,0 ,0 ,0 ,488 ,5 ,18.79 ,41.13 ,1004.02 ,77.13
00:21:12,0 ,0 ,0 ,488 ,5 ,18.80 ,41.14 ,1004.01 ,77.19
00:21:13,0 ,0 ,0 ,488 ,5 ,18.79 ,41.13 ,1004.07 ,76.72
00:21:14,0 ,0 ,0 ,487 ,5 ,18.79 ,41.11 ,1003.99 ,77.37
00:21:16,0 ,0 ,0 ,487 ,5 ,18.79 ,41.10 ,1003.99 ,77.38
00:21:17,0 ,0 ,0 ,486 ,5 ,18.79 ,41.11 ,1004.01 ,77.22
00:21:18,0 ,0 ,0 ,486 ,5 ,18.80 ,41.11 ,1004.01 ,77.23
00:21:19,0 ,0 ,0 ,485 ,5 ,18.80 ,41.11 ,1003.98 ,77.43
00:21:20,0 ,0 ,0 ,485 ,5 ,18.80 ,41.11 ,1004.03 ,77.08
00:21:21,0 ,0 ,0 ,485 ,5 ,18.80 ,41.11 ,1004.04 ,77.00
00:21:23,0 ,0 ,0 ,484 ,5 ,18.80 ,41.11 ,1004.01 ,77.23
00:21:24,0 ,0 ,0 ,484 ,5 ,18.79 ,41.11 ,1004.01 ,77.24
00:21:25,0 ,0 ,0 ,483 ,5 ,18.79 ,41.12 ,1004.00 ,77.31
00:21:26,0 ,0 ,0 ,483 ,5 ,18.80 ,41.11 ,1004.04 ,76.94
00:21:27,0 ,0 ,0 ,483 ,5 ,18.80 ,41.12 ,1004.04 ,76.97
00:21:28,0 ,0 ,0 ,483 ,5 ,18.80 ,41.12 ,1004.02 ,77.13
00:21:30,0 ,0 ,0 ,483 ,5 ,18.80 ,41.17 ,1004.02 ,77.10
00:21:31,0 ,0 ,0 ,483 ,5 ,18.80 ,41.13 ,1004.03 ,77.04
00:21:32,0 ,0 ,0 ,482 ,5 ,18.80 ,41.11 ,1004.02 ,77.15
00:21:33,0 ,0 ,0 ,482 ,5 ,18.80 ,41.10 ,1004.05 ,76.91
00:21:34,0 ,0 ,0 ,482 ,5 ,18.80 ,41.11 ,1004.07 ,76.74
00:21:35,0 ,0 ,0 ,482 ,5 ,18.80 ,41.09 ,1004.03 ,77.02
00:21:37,0 ,0 ,0 ,482 ,5 ,18.81 ,41.10 ,1004.03 ,77.08
00:21:38,0 ,0 ,0 ,482 ,5 ,18.81 ,41.10 ,1004.05 ,76.86
00:21:39,0 ,0 ,0 ,482 ,5 ,18.80 ,41.11 ,1004.05 ,76.85
00:21:40,0 ,0 ,0 ,482 ,5 ,18.80 ,41.10 ,1004.03 ,77.07
00:21:41,0 ,0 ,0 ,482 ,5 ,18.80 ,41.10 ,1004.03 ,77.03
00:21:42,0 ,0 ,0 ,482 ,5 ,18.80 ,41.11 ,1004.06 ,76.82
00:21:44,0 ,0 ,0 ,482 ,5 ,18.80 ,41.10 ,1004.08 ,76.66
00:21:45,0 ,0 ,0 ,482 ,5 ,18.81 ,41.11 ,1004.04 ,76.96
00:21:46,0 ,0 ,0 ,482 ,5 ,18.81 ,41.13 ,1004.02 ,77.17
00:21:47,0 ,0 ,0 ,481 ,5 ,18.81 ,41.13 ,1004.04 ,76.99
00:21:48,0 ,0 ,0 ,482 ,5 ,18.81 ,41.11 ,1004.04 ,76.93
00:21:49,0 ,0 ,0 ,482 ,5 ,18.80 ,41.10 ,1004.07 ,76.67
00:21:51,0 ,0 ,0 ,481 ,5 ,18.80 ,41.08 ,1004.08 ,76.64
00:21:52,0 ,0 ,0 ,481 ,5 ,18.79 ,41.08 ,1004.05 ,76.88
00:21:53,0 ,0 ,0 ,481 ,5 ,18.80 ,41.08 ,1004.07 ,76.73
00:21:54,0 ,0 ,0 ,481 ,5 ,18.80 ,41.07 ,1004.08 ,76.66
00:21:55,0 ,0 ,0 ,481 ,5 ,18.80 ,41.07 ,1004.06 ,76.81
00:21:56,0 ,0 ,0 ,481 ,5 ,18.79 ,41.07 ,1004.03 ,77.04
00:21:58,0 ,0 ,0 ,481 ,5 ,18.80 ,41.05 ,1004.06 ,76.81
00:21:59,0 ,0 ,0 ,481 ,5 ,18.79 ,41.08 ,1004.04 ,76.76
00:22:00,0 ,0 ,0 ,481 ,5 ,18.79 ,41.08 ,1004.05 ,76.86
00:22:01,0 ,0 ,0 ,481 ,5 ,18.79 ,41.08 ,1004.05 ,76.92
00:22:02,0 ,0 ,0 ,481 ,5 ,18.80 ,41.09 ,1004.03 ,77.05
00:22:03,0 ,0 ,0 ,481 ,5 ,18.80 ,41.11 ,1004.02 ,77.13
00:22:05,0 ,0 ,0 ,481 ,5 ,18.80 ,41.14 ,1004.02 ,77.14
00:22:06,0 ,0 ,0 ,481 ,5 ,18.80 ,41.14 ,1004.05 ,76.85
00:22:07,0 ,0 ,0 ,481 ,5 ,18.79 ,41.11 ,1004.01 ,77.19
00:22:08,0 ,0 ,0 ,481 ,5 ,18.79 ,41.08 ,1004.04 ,76.98
00:22:09,0 ,0 ,0 ,481 ,5 ,18.79 ,41.07 ,1004.06 ,76.79
00:22:11,0 ,0 ,0 ,481 ,5 ,18.79 ,41.07 ,1004.06 ,76.81
00:22:12,0 ,0 ,0 ,481 ,5 ,18.79 ,41.41 ,1004.05 ,76.85
00:22:13,0 ,0 ,0 ,481 ,5 ,18.80 ,42.35 ,1004.03 ,77.05
00:22:14,0 ,0 ,0 ,481 ,5 ,18.80 ,43.00 ,1004.04 ,76.93
00:22:15,0 ,0 ,0 ,481 ,5 ,18.80 ,43.05 ,1004.03 ,77.01
00:22:16,0 ,0 ,0 ,481 ,5 ,18.80 ,43.04 ,1004.04 ,76.96
00:22:17,0 ,0 ,0 ,481 ,5 ,18.80 ,42.85 ,1004.02 ,77.12
00:22:19,0 ,0 ,0 ,481 ,5 ,18.80 ,42.62 ,1004.03 ,77.02
00:22:20,0 ,0 ,0 ,481 ,5 ,18.81 ,42.51 ,1004.05 ,76.86
00:22:21,0 ,0 ,0 ,481 ,5 ,18.81 ,42.50 ,1004.05 ,76.91
00:22:22,0 ,0 ,0 ,481 ,5 ,18.81 ,42.39 ,1004.04 ,76.99
00:22:23,0 ,0 ,0 ,481 ,5 ,18.81 ,42.16 ,1004.06 ,76.81
00:22:25,0 ,0 ,0 ,481 ,5 ,18.80 ,42.01 ,1004.03 ,77.06
00:22:26,0 ,0 ,0 ,481 ,5 ,18.80 ,41.86 ,1004.03 ,77.05
00:22:27,0 ,0 ,0 ,481 ,5 ,18.80 ,41.76 ,1004.04 ,76.93
00:22:28,0 ,0 ,0 ,481 ,5 ,18.81 ,41.62 ,1004.08 ,76.94
00:22:29,0 ,0 ,0 ,481 ,5 ,18.81 ,41.64 ,1004.05 ,76.88
00:22:30,0 ,0 ,0 ,481 ,5 ,18.81 ,41.56 ,1004.04 ,76.99
00:22:32,0 ,0 ,0 ,481 ,5 ,18.81 ,41.52 ,1004.04 ,76.98
00:22:33,0 ,0 ,0 ,481 ,5 ,18.80 ,41.48 ,1004.09 ,76.57
00:22:34,0 ,0 ,0 ,481 ,5 ,18.80 ,41.45 ,1004.00 ,77.27
00:22:35,0 ,0 ,0 ,480 ,5 ,18.80 ,41.42 ,1004.05 ,76.87
00:22:36,0 ,0 ,0 ,481 ,5 ,18.80 ,41.37 ,1004.05 ,76.88
00:22:37,0 ,0 ,0 ,481 ,5 ,18.80 ,41.32 ,1004.01 ,77.18
00:22:38,0 ,0 ,0 ,481 ,5 ,18.80 ,41.28 ,1004.03 ,77.08
00:22:40,0 ,0 ,0 ,481 ,5 ,18.80 ,41.25 ,1004.05 ,76.90
00:22:41,0 ,0 ,0 ,481 ,5 ,18.79 ,41.20 ,1004.03 ,77.04
00:22:42,0 ,0 ,0 ,480 ,5 ,18.79 ,41.19 ,1004.06 ,76.77
00:22:43,0 ,0 ,0 ,480 ,5 ,18.78 ,41.19 ,1004.03 ,77.08
00:22:44,0 ,0 ,0 ,480 ,5 ,18.78 ,41.17 ,1004.05 ,76.87
00:22:46,0 ,0 ,0 ,480 ,5 ,18.78 ,41.16 ,1004.01 ,77.20
00:22:47,0 ,0 ,0 ,480 ,5 ,18.78 ,41.15 ,1004.06 ,76.83
00:22:48,0 ,0 ,0 ,480 ,5 ,18.79 ,41.15 ,1004.07 ,76.72
00:22:49,0 ,0 ,0 ,480 ,5 ,18.79 ,41.13 ,1004.05 ,76.91
00:22:50,0 ,0 ,0 ,480 ,5 ,18.78 ,41.15 ,1004.06 ,76.76
00:22:51,0 ,0 ,0 ,480 ,5 ,18.78 ,41.15 ,1004.04 ,76.95
00:22:53,0 ,0 ,0 ,480 ,5 ,18.78 ,41.13 ,1004.09 ,76.52
00:22:54,0 ,0 ,0 ,480 ,5 ,18.78 ,41.13 ,1004.04 ,76.98
00:22:55,0 ,0 ,0 ,480 ,5 ,18.78 ,41.13 ,1004.03 ,77.08
00:22:56,0 ,0 ,0 ,480 ,5 ,18.78 ,41.12 ,1004.05 ,76.85
00:22:57,0 ,0 ,0 ,480 ,5 ,18.78 ,41.12 ,1004.06 ,76.76
00:23:58,0 ,0 ,0 ,475 ,5 ,18.75 ,41.18 ,1004.08 ,76.63
00:23:59,0 ,0 ,0 ,475 ,5 ,18.75 ,41.18 ,1004.06 ,76.72
00:24:01,0 ,0 ,0 ,476 ,5 ,18.75 ,41.13 ,1004.08 ,76.60
00:24:02,0 ,0 ,0 ,475 ,5 ,18.75 ,41.13 ,1004.06 ,76.76
00:24:03,0 ,0 ,0 ,475 ,5 ,18.75 ,41.14 ,1004.10 ,76.45
00:24:04,0 ,0 ,0 ,476 ,5 ,18.75 ,41.13 ,1004.07 ,76.69
00:24:05,0 ,0 ,0 ,476 ,5 ,18.75 ,41.15 ,1004.06 ,76.83
00:24:07,0 ,0 ,0 ,475 ,5 ,18.75 ,41.18 ,1004.09 ,76.57
00:24:08,0 ,0 ,0 ,475 ,5 ,18.76 ,41.21 ,1004.11 ,76.33
00:24:09,0 ,0 ,0 ,475 ,5 ,18.76 ,41.25 ,1004.10 ,76.49
00:24:10,0 ,0 ,0 ,475 ,5 ,18.75 ,41.26 ,1004.07 ,76.74
00:24:11,0 ,0 ,0 ,475 ,5 ,18.75 ,41.20 ,1004.12 ,76.29
00:24:12,0 ,0 ,0 ,475 ,5 ,18.74 ,41.18 ,1004.05 ,76.84
00:24:14,0 ,0 ,0 ,476 ,5 ,18.74 ,41.19 ,1004.09 ,76.55
00:24:15,0 ,0 ,0 ,476 ,5 ,18.74 ,41.17 ,1004.09 ,76.58
00:24:16,0 ,0 ,0 ,476 ,5 ,18.75 ,41.14 ,1004.09 ,76.55
00:24:17,0 ,0 ,0 ,476 ,5 ,18.74 ,41.13 ,1004.05 ,76.89
00:24:18,0 ,0 ,0 ,476 ,5 ,18.73 ,41.15 ,1004.06 ,76.76
00:24:19,0 ,0 ,0 ,476 ,5 ,18.74 ,41.14 ,1004.07 ,76.68
00:24:21,0 ,0 ,0 ,476 ,5 ,18.73 ,41.16 ,1004.09 ,76.57
00:24:22,0 ,0 ,0 ,476 ,5 ,18.73 ,41.15 ,1004.07 ,76.74
00:24:23,0 ,0 ,0 ,476 ,5 ,18.71 ,41.17 ,1004.07 ,76.73
00:24:24,0 ,0 ,0 ,476 ,5 ,18.72 ,41.15 ,1004.06 ,76.77
00:24:25,0 ,0 ,0 ,476 ,5 ,18.72 ,41.16 ,1004.07 ,76.69
00:24:26,0 ,0 ,0 ,476 ,5 ,18.73 ,41.18 ,1004.09 ,76.54
00:24:27,0 ,0 ,0 ,476 ,5 ,18.73 ,41.18 ,1004.09 ,76.53
00:24:29,0 ,0 ,0 ,476 ,5 ,18.72 ,41.17 ,1004.07 ,76.72
00:24:30,0 ,0 ,0 ,476 ,5 ,18.72 ,41.20 ,1004.07 ,76.74
00:24:31,0 ,0 ,0 ,476 ,5 ,18.72 ,41.16 ,1004.10 ,76.42
00:24:32,0 ,0 ,0 ,476 ,5 ,18.72 ,41.19 ,1004.08 ,76.59
00:24:33,0 ,0 ,0 ,476 ,5 ,18.72 ,41.17 ,1004.11 ,76.42
00:24:35,0 ,0 ,0 ,476 ,5 ,18.72 ,41.16 ,1004.10 ,76.47
00:24:36,0 ,0 ,0 ,476 ,5 ,18.73 ,41.16 ,1004.08 ,76.62
00:24:37,0 ,0 ,0 ,476 ,5 ,18.72 ,41.19 ,1004.08 ,76.64
00:24:38,0 ,0 ,0 ,476 ,5 ,18.72 ,41.19 ,1004.08 ,76.59
00:24:39,0 ,0 ,0 ,476 ,5 ,18.72 ,41.17 ,1004.08 ,76.64
00:24:40,0 ,0 ,0 ,476 ,5 ,18.72 ,41.17 ,1004.07 ,76.71
00:24:42,0 ,0 ,0 ,476 ,5 ,18.72 ,41.17 ,1004.08 ,76.59
00:24:43,0 ,0 ,0 ,476 ,5 ,18.73 ,41.18 ,1004.04 ,76.93
00:24:44,0 ,0 ,0 ,476 ,5 ,18.72 ,41.16 ,1004.06 ,76.78
00:24:45,0 ,0 ,0 ,476 ,5 ,18.72 ,41.17 ,1004.05 ,76.89
00:24:46,0 ,0 ,0 ,476 ,5 ,18.72 ,41.17 ,1004.08 ,76.66
00:24:47,0 ,0 ,0 ,476 ,5 ,18.72 ,41.19 ,1004.06 ,76.78
00:24:49,0 ,0 ,0 ,476 ,5 ,18.72 ,41.19 ,1004.08 ,76.59
00:24:50,0 ,0 ,0 ,476 ,5 ,18.72 ,41.17 ,1004.09 ,76.55
00:24:51,0 ,0 ,0 ,476 ,5 ,18.72 ,41.17 ,1004.07 ,76.70
00:24:52,0 ,0 ,0 ,476 ,5 ,18.72 ,41.16 ,1004.05 ,76.91
00:24:53,0 ,0 ,0 ,476 ,5 ,18.72 ,41.17 ,1004.07 ,76.70
00:24:54,0 ,0 ,0 ,476 ,5 ,18.72 ,41.17 ,1004.10 ,76.45
00:24:56,0 ,0 ,0 ,476 ,5 ,18.72 ,41.17 ,1004.06 ,76.76
00:24:57,0 ,0 ,0 ,476 ,5 ,18.71 ,41.20 ,1004.08 ,76.62
00:24:58,0 ,0 ,0 ,476 ,5 ,18.71 ,41.19 ,1004.08 ,76.66
00:24:59,0 ,0 ,0 ,476 ,5 ,18.71 ,41.17 ,1004.08 ,76.64
00:25:00,0 ,0 ,0 ,476 ,5 ,18.71 ,41.14 ,1004.07 ,76.59
00:25:01,0 ,0 ,0 ,476 ,5 ,18.71 ,41.17 ,1004.08 ,76.64
00:25:03,0 ,0 ,0 ,476 ,5 ,18.71 ,41.16 ,1004.09 ,76.56
00:25:04,0 ,0 ,0 ,476 ,5 ,18.71 ,41.17 ,1004.06 ,76.83
00:25:05,0 ,0 ,0 ,476 ,5 ,18.71 ,41.17 ,1004.07 ,76.68
00:25:06,0 ,0 ,0 ,476 ,5 ,18.70 ,41.18 ,1004.08 ,76.67
00:25:07,0 ,0 ,0 ,476 ,5 ,18.71 ,41.16 ,1004.05 ,76.85
00:25:08,0 ,0 ,0 ,476 ,5 ,18.70 ,41.20 ,1004.08 ,76.66
00:25:10,0 ,0 ,0 ,476 ,5 ,18.71 ,41.19 ,1004.08 ,76.61
00:25:11,0 ,0 ,0 ,476 ,5 ,18.71 ,41.19 ,1004.06 ,76.83
00:25:12,0 ,0 ,0 ,476 ,5 ,18.71 ,41.19 ,1004.06 ,76.78
00:25:13,0 ,0 ,0 ,476 ,5 ,18.71 ,41.20 ,1004.08 ,76.61
00:25:14,0 ,0 ,0 ,476 ,5 ,18.70 ,41.18 ,1004.07 ,76.70
00:25:15,0 ,0 ,0 ,475 ,5 ,18.70 ,41.18 ,1004.09 ,76.55
00:25:17,0 ,0 ,0 ,475 ,5 ,18.70 ,41.21 ,1004.08 ,76.65
00:25:18,0 ,0 ,0 ,475 ,5 ,18.69 ,41.20 ,1004.07 ,76.71
00:25:19,0 ,0 ,0 ,475 ,5 ,18.70 ,41.20 ,1004.07 ,76.74
00:25:20,0 ,0 ,0 ,475 ,5 ,18.70 ,41.20 ,1004.08 ,76.66
00:25:21,0 ,0 ,0 ,475 ,5 ,18.71 ,41.21 ,1004.08 ,76.61
00:25:22,0 ,0 ,0 ,475 ,5 ,18.69 ,41.20 ,1004.07 ,76.74
00:25:24,0 ,0 ,0 ,475 ,5 ,18.69 ,41.21 ,1004.06 ,76.82
00:25:25,0 ,0 ,0 ,475 ,5 ,18.69 ,41.20 ,1004.04 ,76.96
00:25:26,0 ,0 ,0 ,475 ,5 ,18.70 ,41.20 ,1004.08 ,76.62
00:25:27,0 ,0 ,0 ,475 ,5 ,18.70 ,41.18 ,1004.11 ,76.35
00:25:28,0 ,0 ,0 ,475 ,5 ,18.70 ,41.18 ,1004.08 ,76.60
00:25:29,0 ,0 ,0 ,474 ,5 ,18.70 ,41.20 ,1004.06 ,76.83
00:25:31,0 ,0 ,0 ,475 ,5 ,18.70 ,41.16 ,1004.06 ,76.72
00:25:32,0 ,0 ,0 ,475 ,5 ,18.69 ,41.20 ,1004.08 ,76.66
00:25:33,0 ,0 ,0 ,475 ,5 ,18.69 ,41.20 ,1004.07 ,76.75
00:25:34,0 ,0 ,0 ,474 ,5 ,18.69 ,41.20 ,1004.08 ,76.66
00:25:35,0 ,0 ,0 ,474 ,5 ,18.70 ,41.20 ,1004.08 ,76.59
00:25:36,0 ,0 ,0 ,474 ,5 ,18.69 ,41.21 ,1004.07 ,76.73
00:25:38,0 ,0 ,0 ,474 ,5 ,18.69 ,41.20 ,1004.07 ,76.72
00:25:39,0 ,0 ,0 ,474 ,5 ,18.69 ,41.21 ,1004.04 ,76.97
00:25:40,0 ,0 ,0 ,474 ,5 ,18.69 ,41.21 ,1004.06 ,76.83
00:25:41,0 ,0 ,0 ,474 ,5 ,18.68 ,41.21 ,1004.05 ,76.91
00:25:42,0 ,0 ,0 ,474 ,5 ,18.68 ,41.21 ,1004.07 ,76.73
00:25:43,0 ,0 ,0 ,474 ,5 ,18.68 ,41.21 ,1004.07 ,76.74
00:25:45,0 ,0 ,0 ,474 ,5 ,18.68 ,41.22 ,1004.05 ,76.90
00:25:46,0 ,0 ,0 ,474 ,5 ,18.68 ,42.45 ,1004.05 ,76.91
00:25:47,0 ,0 ,0 ,474 ,5 ,18.70 ,43.66 ,1004.08 ,76.65
00:25:48,0 ,0 ,0 ,474 ,5 ,18.71 ,43.66 ,1004.06 ,76.78
00:25:49,0 ,0 ,0 ,474 ,5 ,18.70 ,43.52 ,1004.07 ,76.75
00:25:50,0 ,0 ,0 ,474 ,5 ,18.71 ,43.39 ,1004.05 ,76.85
00:25:52,0 ,0 ,0 ,474 ,5 ,18.71 ,43.20 ,1004.08 ,76.60
00:25:53,0 ,0 ,0 ,474 ,5 ,18.72 ,42.96 ,1004.07 ,76.69
00:25:54,0 ,0 ,0 ,474 ,5 ,18.71 ,42.79 ,1004.08 ,76.61
00:25:55,0 ,0 ,0 ,474 ,5 ,18.72 ,42.73 ,1004.08 ,76.59
00:26:56,0 ,0 ,0 ,481 ,5 ,18.75 ,41.60 ,1004.08 ,76.60
00:26:57,0 ,0 ,0 ,481 ,5 ,18.75 ,41.56 ,1004.08 ,76.64
00:26:59,0 ,0 ,0 ,481 ,5 ,18.75 ,41.59 ,1004.09 ,76.51
00:27:00,0 ,0 ,0 ,482 ,5 ,18.76 ,41.82 ,1004.08 ,76.60
00:27:01,0 ,0 ,0 ,483 ,5 ,18.75 ,42.33 ,1004.05 ,76.87
00:27:02,0 ,0 ,0 ,484 ,5 ,18.75 ,42.73 ,1004.04 ,76.93
00:27:03,0 ,0 ,0 ,483 ,5 ,18.75 ,42.70 ,1004.05 ,76.90
00:27:04,0 ,0 ,0 ,483 ,5 ,18.75 ,42.37 ,1004.10 ,76.47
00:27:06,0 ,0 ,0 ,484 ,5 ,18.76 ,42.05 ,1004.11 ,76.33
00:27:07,0 ,0 ,0 ,484 ,5 ,18.76 ,41.82 ,1004.09 ,76.52
00:27:08,0 ,0 ,0 ,485 ,5 ,18.76 ,41.73 ,1004.13 ,76.21
00:27:09,0 ,0 ,0 ,485 ,5 ,18.75 ,41.62 ,1004.07 ,76.69
00:27:10,0 ,0 ,0 ,485 ,5 ,18.75 ,41.54 ,1004.06 ,76.81
00:27:11,0 ,0 ,0 ,485 ,5 ,18.76 ,41.49 ,1004.09 ,76.55
00:27:13,0 ,0 ,0 ,485 ,5 ,18.76 ,41.46 ,1004.09 ,76.52
00:27:14,0 ,0 ,0 ,485 ,5 ,18.75 ,41.42 ,1004.05 ,76.86
00:27:15,0 ,0 ,0 ,485 ,5 ,18.76 ,41.41 ,1004.09 ,76.51
00:27:16,0 ,0 ,0 ,485 ,5 ,18.75 ,41.37 ,1004.09 ,76.57
00:27:17,0 ,0 ,0 ,485 ,5 ,18.75 ,41.37 ,1004.10 ,76.49
00:27:18,0 ,0 ,0 ,485 ,5 ,18.75 ,41.36 ,1004.06 ,76.76
00:27:20,0 ,0 ,0 ,485 ,5 ,18.75 ,41.36 ,1004.09 ,76.53
00:27:21,0 ,0 ,0 ,485 ,5 ,18.75 ,41.38 ,1004.09 ,76.57
00:27:22,0 ,0 ,0 ,485 ,5 ,18.75 ,41.48 ,1004.08 ,76.66
00:27:23,0 ,0 ,0 ,485 ,5 ,18.76 ,41.50 ,1004.08 ,76.64
00:27:24,0 ,0 ,0 ,485 ,5 ,18.76 ,41.57 ,1004.09 ,76.57
00:27:25,0 ,0 ,0 ,485 ,5 ,18.75 ,41.73 ,1004.06 ,76.76
00:27:27,0 ,0 ,0 ,485 ,5 ,18.76 ,41.89 ,1004.09 ,76.57
00:27:28,0 ,0 ,0 ,485 ,5 ,18.76 ,41.78 ,1004.08 ,76.60
00:27:29,0 ,0 ,0 ,485 ,5 ,18.75 ,41.65 ,1004.07 ,76.69
00:27:30,0 ,0 ,0 ,485 ,5 ,18.75 ,41.55 ,1004.09 ,76.58
00:27:31,0 ,0 ,0 ,486 ,5 ,18.75 ,41.48 ,1004.12 ,76.33
00:27:32,0 ,0 ,0 ,486 ,5 ,18.76 ,41.41 ,1004.11 ,76.40
00:27:34,0 ,0 ,0 ,486 ,5 ,18.76 ,41.37 ,1004.11 ,76.37
00:27:35,0 ,0 ,0 ,486 ,5 ,18.76 ,41.36 ,1004.07 ,76.72
00:27:36,0 ,0 ,0 ,486 ,5 ,18.75 ,41.39 ,1004.10 ,76.49
00:27:37,0 ,0 ,0 ,486 ,5 ,18.75 ,41.47 ,1004.05 ,76.87
00:27:38,0 ,0 ,0 ,486 ,5 ,18.75 ,41.52 ,1004.08 ,76.64
00:27:39,0 ,0 ,0 ,486 ,5 ,18.76 ,41.62 ,1004.10 ,76.45
00:27:41,0 ,0 ,0 ,486 ,5 ,18.76 ,41.69 ,1004.10 ,76.50
00:27:42,0 ,0 ,0 ,486 ,5 ,18.76 ,41.73 ,1004.09 ,76.56
00:27:43,0 ,0 ,0 ,486 ,5 ,18.76 ,41.78 ,1004.07 ,76.70
00:27:44,0 ,0 ,0 ,486 ,5 ,18.76 ,41.78 ,1004.07 ,76.70
00:27:45,0 ,0 ,0 ,486 ,5 ,18.76 ,41.86 ,1004.08 ,76.66
00:27:46,0 ,0 ,0 ,486 ,5 ,18.76 ,41.75 ,1004.06 ,76.77
00:27:48,0 ,0 ,0 ,486 ,5 ,18.76 ,41.71 ,1004.07 ,76.73
00:27:49,0 ,0 ,0 ,486 ,5 ,18.76 ,41.61 ,1004.08 ,76.63
00:27:50,0 ,0 ,0 ,485 ,5 ,18.75 ,41.49 ,1004.10 ,76.47
00:27:51,0 ,0 ,0 ,485 ,5 ,18.76 ,41.42 ,1004.09 ,76.55
00:27:52,0 ,0 ,0 ,485 ,5 ,18.76 ,41.40 ,1004.06 ,76.60
00:27:53,0 ,0 ,0 ,484 ,5 ,18.75 ,41.35 ,1004.08 ,76.65
00:27:55,0 ,0 ,0 ,484 ,5 ,18.75 ,41.36 ,1004.09 ,76.55
00:27:56,0 ,0 ,0 ,484 ,5 ,18.75 ,41.33 ,1004.07 ,76.67
00:27:57,0 ,0 ,0 ,483 ,5 ,18.75 ,41.33 ,1004.06 ,76.79
00:27:58,0 ,0 ,0 ,483 ,5 ,18.74 ,41.29 ,1004.08 ,76.64
00:27:59,0 ,0 ,0 ,483 ,5 ,18.74 ,41.29 ,1004.09 ,76.54
00:28:01,0 ,0 ,0 ,483 ,5 ,18.74 ,41.29 ,1004.08 ,76.62
00:28:02,0 ,0 ,0 ,483 ,5 ,18.73 ,41.28 ,1004.08 ,76.61
00:28:03,0 ,0 ,0 ,482 ,5 ,18.74 ,41.28 ,1004.09 ,76.56
00:28:04,0 ,0 ,0 ,482 ,5 ,18.73 ,41.27 ,1004.08 ,76.61
00:28:05,0 ,0 ,0 ,482 ,5 ,18.74 ,41.28 ,1004.10 ,76.44
00:28:06,0 ,0 ,0 ,482 ,5 ,18.73 ,41.27 ,1004.06 ,76.77
00:28:08,0 ,0 ,0 ,482 ,5 ,18.73 ,41.28 ,1004.09 ,76.56
00:28:09,0 ,0 ,0 ,481 ,5 ,18.74 ,41.27 ,1004.08 ,76.59
00:28:10,0 ,0 ,0 ,481 ,5 ,18.73 ,41.33 ,1004.09 ,76.53
00:28:11,0 ,0 ,0 ,481 ,5 ,18.73 ,41.27 ,1004.10 ,76.49
00:28:12,0 ,0 ,0 ,481 ,5 ,18.73 ,41.28 ,1004.08 ,76.61
00:28:13,0 ,0 ,0 ,481 ,5 ,18.74 ,41.27 ,1004.09 ,76.59
00:28:15,0 ,0 ,0 ,481 ,5 ,18.74 ,41.26 ,1004.09 ,76.52
00:28:16,0 ,0 ,0 ,480 ,5 ,18.74 ,41.27 ,1004.11 ,76.42
00:28:17,0 ,0 ,0 ,480 ,5 ,18.74 ,41.27 ,1004.07 ,76.68
00:28:18,0 ,0 ,0 ,480 ,5 ,18.74 ,41.29 ,1004.09 ,76.58
00:28:19,0 ,0 ,0 ,480 ,5 ,18.74 ,41.28 ,1004.09 ,76.54
00:28:20,0 ,0 ,0 ,480 ,5 ,18.75 ,41.27 ,1004.09 ,76.52
00:28:22,0 ,0 ,0 ,480 ,5 ,18.75 ,41.28 ,1004.11 ,76.40
00:28:23,0 ,0 ,0 ,480 ,5 ,18.75 ,41.27 ,1004.07 ,76.74
00:28:24,0 ,0 ,0 ,480 ,5 ,18.75 ,41.26 ,1004.05 ,76.88
00:28:25,0 ,0 ,0 ,480 ,5 ,18.75 ,41.26 ,1004.08 ,76.65
00:28:26,0 ,0 ,0 ,480 ,5 ,18.75 ,41.28 ,1004.10 ,76.45
00:28:27,0 ,0 ,0 ,480 ,5 ,18.75 ,41.27 ,1004.08 ,76.59
00:28:29,0 ,0 ,0 ,480 ,5 ,18.75 ,41.27 ,1004.08 ,76.60
00:28:30,0 ,0 ,0 ,479 ,5 ,18.75 ,41.27 ,1004.07 ,76.69
00:28:31,0 ,0 ,0 ,479 ,5 ,18.75 ,41.26 ,1004.07 ,76.71
00:28:32,0 ,0 ,0 ,479 ,5 ,18.75 ,41.22 ,1004.06 ,76.79
00:28:33,0 ,0 ,0 ,479 ,5 ,18.75 ,41.20 ,1004.07 ,76.72
00:28:34,0 ,0 ,0 ,479 ,5 ,18.75 ,41.26 ,1004.05 ,76.91
00:28:36,0 ,0 ,0 ,478 ,5 ,18.75 ,41.27 ,1004.06 ,76.81
00:28:37,0 ,0 ,0 ,478 ,5 ,18.75 ,41.30 ,1004.10 ,76.45
00:28:38,0 ,0 ,0 ,478 ,5 ,18.76 ,41.33 ,1004.08 ,76.60
00:28:39,0 ,0 ,0 ,478 ,5 ,18.75 ,41.33 ,1004.06 ,76.77
00:28:40,0 ,0 ,0 ,477 ,5 ,18.75 ,41.33 ,1004.09 ,76.56
00:28:41,0 ,0 ,0 ,477 ,5 ,18.76 ,41.32 ,1004.09 ,76.57
00:28:43,0 ,0 ,0 ,477 ,5 ,18.76 ,41.31 ,1004.10 ,76.50
00:28:44,0 ,0 ,0 ,477 ,5 ,18.76 ,41.29 ,1004.05 ,76.84
00:28:45,0 ,0 ,0 ,477 ,5 ,18.76 ,41.29 ,1004.09 ,76.53
00:28:46,0 ,0 ,0 ,477 ,5 ,18.75 ,41.29 ,1004.05 ,76.84
00:28:47,0 ,0 ,0 ,476 ,5 ,18.75 ,41.28 ,1004.08 ,76.62
00:28:48,0 ,0 ,0 ,476 ,5 ,18.75 ,41.30 ,1004.06 ,76.81
00:28:50,0 ,0 ,0 ,476 ,5 ,18.76 ,41.32 ,1004.08 ,76.64
00:28:51,0 ,0 ,0 ,476 ,5 ,18.76 ,41.32 ,1004.05 ,76.91
00:28:52,0 ,0 ,0 ,476 ,5 ,18.76 ,41.29 ,1004.09 ,76.55
00:28:53,0 ,0 ,0 ,476 ,5 ,18.76 ,41.28 ,1004.06 ,76.80
00:29:54,0 ,0 ,0 ,488 ,5 ,18.76 ,41.47 ,1004.09 ,76.54
00:29:55,0 ,0 ,0 ,489 ,5 ,18.76 ,41.44 ,1004.05 ,76.84
00:29:57,0 ,0 ,0 ,490 ,5 ,18.76 ,41.43 ,1004.08 ,76.64
00:29:58,0 ,0 ,0 ,490 ,5 ,18.75 ,41.42 ,1004.08 ,76.66
00:29:59,0 ,0 ,0 ,490 ,5 ,18.75 ,41.36 ,1004.06 ,76.69
00:30:00,0 ,0 ,0 ,491 ,5 ,18.75 ,41.43 ,1004.08 ,76.63
00:30:01,0 ,0 ,0 ,491 ,5 ,18.75 ,41.86 ,1004.04 ,76.98
00:30:02,0 ,0 ,0 ,492 ,5 ,18.76 ,42.20 ,1004.06 ,76.77
00:30:04,0 ,0 ,0 ,492 ,5 ,18.75 ,42.37 ,1004.07 ,76.73
00:30:05,0 ,0 ,0 ,491 ,5 ,18.76 ,42.41 ,1004.07 ,76.73
00:30:06,0 ,0 ,0 ,492 ,5 ,18.76 ,42.41 ,1004.07 ,76.73
00:30:07,0 ,0 ,0 ,492 ,5 ,18.76 ,42.32 ,1004.07 ,76.75
00:30:08,0 ,0 ,0 ,492 ,5 ,18.76 ,42.42 ,1004.07 ,76.69
00:30:09,0 ,0 ,0 ,492 ,5 ,18.76 ,42.41 ,1004.11 ,76.37
00:30:11,0 ,0 ,0 ,492 ,5 ,18.77 ,42.42 ,1004.13 ,76.19
00:30:12,0 ,0 ,0 ,492 ,5 ,18.77 ,42.29 ,1004.10 ,76.47
00:30:13,0 ,0 ,0 ,492 ,5 ,18.76 ,42.13 ,1004.08 ,76.66
00:30:14,0 ,0 ,0 ,492 ,5 ,18.76 ,41.95 ,1004.06 ,76.76
00:30:15,0 ,0 ,0 ,492 ,5 ,18.76 ,41.82 ,1004.06 ,76.76
00:30:16,0 ,0 ,0 ,492 ,5 ,18.76 ,41.69 ,1004.07 ,76.69
00:30:18,0 ,0 ,0 ,492 ,5 ,18.75 ,41.61 ,1004.07 ,76.70
00:30:19,0 ,0 ,0 ,493 ,5 ,18.76 ,41.58 ,1004.10 ,76.49
00:30:20,0 ,0 ,0 ,493 ,5 ,18.76 ,41.51 ,1004.07 ,76.73
00:30:21,0 ,0 ,0 ,493 ,5 ,18.77 ,41.40 ,1004.05 ,76.86
00:30:22,0 ,0 ,0 ,493 ,5 ,18.77 ,41.44 ,1004.08 ,76.66
00:30:23,0 ,0 ,0 ,493 ,5 ,18.78 ,41.49 ,1004.07 ,76.74
00:30:25,0 ,0 ,0 ,493 ,5 ,18.78 ,41.85 ,1004.09 ,76.58
00:30:26,0 ,0 ,0 ,493 ,5 ,18.78 ,41.75 ,1004.09 ,76.55
00:30:27,0 ,0 ,0 ,493 ,5 ,18.78 ,41.68 ,1004.05 ,76.88
00:30:28,0 ,0 ,0 ,493 ,5 ,18.77 ,41.63 ,1004.02 ,77.10
00:30:29,0 ,0 ,0 ,493 ,5 ,18.78 ,41.55 ,1004.06 ,76.79
00:30:30,0 ,0 ,0 ,493 ,5 ,18.78 ,41.47 ,1004.01 ,77.17
00:30:32,0 ,0 ,0 ,493 ,5 ,18.77 ,41.42 ,1004.05 ,76.89
00:30:33,0 ,0 ,0 ,493 ,5 ,18.77 ,41.37 ,1004.07 ,76.70
00:30:34,0 ,0 ,0 ,493 ,5 ,18.77 ,41.37 ,1004.09 ,76.54
00:30:35,0 ,0 ,0 ,493 ,5 ,18.77 ,41.37 ,1004.07 ,76.67
00:30:36,0 ,0 ,0 ,493 ,5 ,18.77 ,41.36 ,1004.04 ,76.92
00:30:37,0 ,0 ,0 ,493 ,5 ,18.77 ,41.35 ,1004.09 ,76.53
00:30:39,0 ,0 ,0 ,493 ,5 ,18.77 ,41.36 ,1004.05 ,76.87
00:30:40,0 ,0 ,0 ,493 ,5 ,18.76 ,41.33 ,1004.01 ,77.24
00:30:41,0 ,0 ,0 ,493 ,5 ,18.76 ,41.32 ,1004.05 ,76.90
00:30:42,0 ,0 ,0 ,493 ,5 ,18.75 ,41.31 ,1004.05 ,76.87
00:30:43,0 ,0 ,0 ,493 ,5 ,18.76 ,41.32 ,1004.07 ,76.75
00:30:44,0 ,0 ,0 ,493 ,5 ,18.76 ,41.31 ,1004.07 ,76.74
00:30:46,0 ,0 ,0 ,493 ,5 ,18.76 ,41.31 ,1004.07 ,76.71
00:30:47,0 ,0 ,0 ,492 ,5 ,18.76 ,41.28 ,1004.08 ,76.67
00:30:48,0 ,0 ,0 ,491 ,5 ,18.75 ,41.31 ,1004.09 ,76.57
00:30:49,0 ,0 ,0 ,491 ,5 ,18.76 ,41.29 ,1004.06 ,76.82
00:30:50,0 ,0 ,0 ,490 ,5 ,18.76 ,41.35 ,1004.09 ,76.55
00:30:51,0 ,0 ,0 ,489 ,5 ,18.75 ,41.27 ,1004.03 ,77.03
00:30:53,0 ,0 ,0 ,488 ,5 ,18.75 ,41.28 ,1004.09 ,76.52
00:30:54,0 ,0 ,0 ,488 ,5 ,18.75 ,41.28 ,1004.08 ,76.62
00:30:55,0 ,0 ,0 ,488 ,5 ,18.75 ,41.27 ,1004.07 ,76.69
00:30:56,0 ,0 ,0 ,487 ,5 ,18.75 ,41.27 ,1004.07 ,76.73
00:30:57,0 ,0 ,0 ,487 ,5 ,18.75 ,41.29 ,1004.05 ,76.85
00:30:58,0 ,0 ,0 ,486 ,5 ,18.75 ,41.28 ,1004.07 ,76.67
00:31:00,0 ,0 ,0 ,485 ,5 ,18.75 ,41.30 ,1004.07 ,76.75
00:31:01,0 ,0 ,0 ,485 ,5 ,18.75 ,41.32 ,1004.05 ,76.84
00:31:02,0 ,0 ,0 ,485 ,5 ,18.75 ,41.30 ,1004.07 ,76.74
00:31:03,0 ,0 ,0 ,485 ,5 ,18.75 ,41.31 ,1004.07 ,76.72
00:31:04,0 ,0 ,0 ,484 ,5 ,18.75 ,41.32 ,1004.09 ,76.52
00:31:05,0 ,0 ,0 ,484 ,5 ,18.75 ,41.30 ,1004.09 ,76.54
00:31:07,0 ,0 ,0 ,483 ,5 ,18.76 ,41.31 ,1004.07 ,76.68
00:31:08,0 ,0 ,0 ,483 ,5 ,18.75 ,41.29 ,1004.05 ,76.91
00:31:09,0 ,0 ,0 ,483 ,5 ,18.75 ,41.28 ,1004.09 ,76.57
00:31:10,0 ,0 ,0 ,483 ,5 ,18.75 ,41.27 ,1004.06 ,76.81
00:31:11,0 ,0 ,0 ,483 ,5 ,18.76 ,41.28 ,1004.06 ,76.80
00:31:12,0 ,0 ,0 ,483 ,5 ,18.76 ,41.28 ,1004.05 ,76.86
00:31:14,0 ,0 ,0 ,483 ,5 ,18.76 ,41.28 ,1004.08 ,76.63
00:31:15,0 ,0 ,0 ,483 ,5 ,18.76 ,41.27 ,1004.06 ,76.76
00:31:16,0 ,0 ,0 ,483 ,5 ,18.76 ,41.27 ,1004.04 ,76.99
00:31:17,0 ,0 ,0 ,482 ,5 ,18.75 ,41.26 ,1004.05 ,76.84
00:31:18,0 ,0 ,0 ,482 ,5 ,18.74 ,41.23 ,1004.02 ,77.10
00:31:19,0 ,0 ,0 ,482 ,5 ,18.75 ,41.22 ,1004.03 ,77.07
00:31:21,0 ,0 ,0 ,482 ,5 ,18.75 ,41.24 ,1004.08 ,76.65
00:31:22,0 ,0 ,0 ,482 ,5 ,18.75 ,41.26 ,1004.05 ,76.88
00:31:23,0 ,0 ,0 ,482 ,5 ,18.75 ,41.22 ,1004.05 ,76.87
00:31:24,0 ,0 ,0 ,482 ,5 ,18.75 ,41.21 ,1004.06 ,76.79
00:31:25,0 ,0 ,0 ,482 ,5 ,18.75 ,41.22 ,1004.08 ,76.64
00:31:26,0 ,0 ,0 ,482 ,5 ,18.74 ,41.22 ,1004.07 ,76.69
00:31:28,0 ,0 ,0 ,482 ,5 ,18.74 ,41.22 ,1004.07 ,76.71
00:31:29,0 ,0 ,0 ,481 ,5 ,18.74 ,41.22 ,1004.09 ,76.53
00:31:30,0 ,0 ,0 ,481 ,5 ,18.73 ,41.22 ,1004.05 ,76.87
00:31:31,0 ,0 ,0 ,481 ,5 ,18.74 ,41.21 ,1004.07 ,76.67
00:31:32,0 ,0 ,0 ,481 ,5 ,18.74 ,41.20 ,1004.07 ,76.74
00:31:33,0 ,0 ,0 ,481 ,5 ,18.74 ,41.20 ,1004.09 ,76.56
00:31:35,0 ,0 ,0 ,481 ,5 ,18.74 ,41.22 ,1004.08 ,76.65
00:31:36,0 ,0 ,0 ,480 ,5 ,18.73 ,41.21 ,1004.06 ,76.81
00:31:37,0 ,0 ,0 ,480 ,5 ,18.74 ,41.22 ,1004.08 ,76.61
00:31:38,0 ,0 ,0 ,480 ,5 ,18.73 ,41.22 ,1004.05 ,76.87
00:31:39,0 ,0 ,0 ,480 ,5 ,18.73 ,41.23 ,1004.05 ,76.84
00:31:40,0 ,0 ,0 ,480 ,5 ,18.73 ,41.26 ,1004.08 ,76.63
00:31:42,0 ,0 ,0 ,479 ,5 ,18.73 ,41.23 ,1004.06 ,76.76
00:31:43,0 ,0 ,0 ,479 ,5 ,18.74 ,41.25 ,1004.07 ,76.68
00:31:44,0 ,0 ,0 ,479 ,5 ,18.73 ,41.22 ,1004.05 ,76.58
00:31:45,0 ,0 ,0 ,479 ,5 ,18.73 ,41.22 ,1004.04 ,76.97
00:31:46,0 ,0 ,0 ,479 ,5 ,18.73 ,41.22 ,1004.03 ,77.04
00:31:47,0 ,0 ,0 ,479 ,5 ,18.74 ,41.21 ,1004.06 ,76.82
00:31:49,0 ,0 ,0 ,479 ,5 ,18.74 ,41.22 ,1004.08 ,76.62
00:31:50,0 ,0 ,0 ,479 ,5 ,18.74 ,41.22 ,1004.08 ,76.62
00:31:51,0 ,0 ,0 ,479 ,5 ,18.73 ,41.22 ,1004.05 ,76.91
00:32:52,0 ,0 ,0 ,476 ,5 ,18.73 ,41.31 ,1004.07 ,76.74
00:32:53,0 ,0 ,0 ,476 ,5 ,18.73 ,41.31 ,1004.07 ,76.71
00:32:54,0 ,0 ,0 ,475 ,5 ,18.73 ,41.30 ,1004.08 ,76.60
00:32:56,0 ,0 ,0 ,475 ,5 ,18.73 ,41.29 ,1004.05 ,76.90
00:32:57,0 ,0 ,0 ,475 ,5 ,18.73 ,41.29 ,1004.05 ,76.90
00:32:58,0 ,0 ,0 ,475 ,5 ,18.73 ,41.28 ,1004.06 ,76.80
00:32:59,0 ,0 ,0 ,475 ,5 ,18.73 ,41.28 ,1004.06 ,76.83
00:33:00,0 ,0 ,0 ,475 ,5 ,18.73 ,41.29 ,1004.07 ,76.71
00:33:01,0 ,0 ,0 ,475 ,5 ,18.73 ,41.29 ,1004.06 ,76.81
00:33:03,0 ,0 ,0 ,475 ,5 ,18.73 ,41.28 ,1004.06 ,76.76
00:33:04,0 ,0 ,0 ,475 ,5 ,18.73 ,41.27 ,1004.08 ,76.62
00:33:05,0 ,0 ,0 ,475 ,5 ,18.73 ,41.28 ,1004.05 ,76.87
00:33:06,0 ,0 ,0 ,475 ,5 ,18.72 ,41.27 ,1004.04 ,76.93
00:33:07,0 ,0 ,0 ,474 ,5 ,18.72 ,41.28 ,1004.06 ,76.82
00:33:08,0 ,0 ,0 ,474 ,5 ,18.72 ,41.31 ,1004.07 ,76.91
00:33:10,0 ,0 ,0 ,475 ,5 ,18.73 ,41.26 ,1004.05 ,76.88
00:33:11,0 ,0 ,0 ,474 ,5 ,18.72 ,41.28 ,1004.04 ,76.96
00:33:12,0 ,0 ,0 ,474 ,5 ,18.72 ,41.28 ,1004.06 ,76.83
00:33:13,0 ,0 ,0 ,474 ,5 ,18.72 ,41.27 ,1004.05 ,76.92
00:33:14,0 ,0 ,0 ,474 ,5 ,18.72 ,41.24 ,1004.06 ,76.76
00:33:15,0 ,0 ,0 ,474 ,5 ,18.72 ,41.25 ,1004.01 ,77.19
00:33:17,0 ,0 ,0 ,474 ,5 ,18.72 ,41.25 ,1004.07 ,76.74
00:33:18,0 ,0 ,0 ,474 ,5 ,18.72 ,41.25 ,1004.06 ,76.77
00:33:19,0 ,0 ,0 ,474 ,5 ,18.72 ,41.24 ,1004.06 ,76.77
00:33:20,0 ,0 ,0 ,474 ,5 ,18.72 ,41.27 ,1004.07 ,76.74
00:33:21,0 ,0 ,0 ,474 ,5 ,18.72 ,41.24 ,1004.07 ,76.73
00:33:22,0 ,0 ,0 ,474 ,5 ,18.71 ,41.28 ,1004.05 ,76.87
00:33:24,0 ,0 ,0 ,474 ,5 ,18.71 ,41.24 ,1004.08 ,76.62
00:33:25,0 ,0 ,0 ,474 ,5 ,18.71 ,41.25 ,1004.06 ,76.83
00:33:26,0 ,0 ,0 ,474 ,5 ,18.71 ,41.24 ,1004.05 ,76.88
00:33:27,0 ,0 ,0 ,473 ,5 ,18.72 ,41.25 ,1004.06 ,76.82
00:33:28,0 ,0 ,0 ,473 ,5 ,18.72 ,41.28 ,1004.07 ,76.67
00:33:29,0 ,0 ,0 ,473 ,5 ,18.71 ,41.25 ,1004.07 ,76.72
00:33:31,0 ,0 ,0 ,473 ,5 ,18.72 ,41.25 ,1004.07 ,76.71
00:33:32,0 ,0 ,0 ,473 ,5 ,18.72 ,41.25 ,1004.06 ,76.77
00:33:33,0 ,0 ,0 ,473 ,5 ,18.72 ,41.24 ,1004.09 ,76.56
00:33:34,0 ,0 ,0 ,473 ,5 ,18.71 ,41.25 ,1004.05 ,76.88
00:33:35,0 ,0 ,0 ,473 ,5 ,18.72 ,41.24 ,1004.08 ,76.63
00:33:36,0 ,0 ,0 ,473 ,5 ,18.72 ,41.27 ,1004.10 ,76.49
00:33:38,0 ,0 ,0 ,473 ,5 ,18.72 ,41.28 ,1004.06 ,76.78
00:33:39,0 ,0 ,0 ,473 ,5 ,18.72 ,41.25 ,1004.03 ,77.07
00:33:40,0 ,0 ,0 ,473 ,5 ,18.71 ,41.27 ,1004.04 ,76.92
00:33:41,0 ,0 ,0 ,473 ,5 ,18.71 ,41.25 ,1004.05 ,76.92
00:33:42,0 ,0 ,0 ,473 ,5 ,18.71 ,41.27 ,1004.03 ,77.02
00:33:43,0 ,0 ,0 ,473 ,5 ,18.71 ,41.27 ,1004.05 ,76.88
00:33:45,0 ,0 ,0 ,473 ,5 ,18.71 ,41.27 ,1004.06 ,76.82
00:33:46,0 ,0 ,0 ,473 ,5 ,18.72 ,41.28 ,1004.07 ,76.74
00:33:47,0 ,0 ,0 ,473 ,5 ,18.71 ,41.28 ,1004.05 ,76.90
00:33:48,0 ,0 ,0 ,473 ,5 ,18.72 ,41.27 ,1004.06 ,76.76
00:33:49,0 ,0 ,0 ,473 ,5 ,18.71 ,41.28 ,1004.05 ,76.90
00:33:50,0 ,0 ,0 ,473 ,5 ,18.71 ,41.25 ,1004.06 ,76.83
00:33:52,0 ,0 ,0 ,473 ,5 ,18.71 ,41.28 ,1004.06 ,76.81
00:33:53,0 ,0 ,0 ,473 ,5 ,18.72 ,41.27 ,1004.06 ,76.83
00:33:54,0 ,0 ,0 ,473 ,5 ,18.71 ,41.29 ,1004.05 ,76.84
00:33:55,0 ,0 ,0 ,473 ,5 ,18.71 ,41.30 ,1004.03 ,77.02
00:33:56,0 ,0 ,0 ,473 ,5 ,18.71 ,41.28 ,1004.06 ,76.81
00:33:57,0 ,0 ,0 ,473 ,5 ,18.70 ,41.30 ,1004.05 ,76.91
00:33:59,0 ,0 ,0 ,473 ,5 ,18.71 ,41.29 ,1004.04 ,76.99
00:34:00,0 ,0 ,0 ,473 ,5 ,18.71 ,41.29 ,1004.04 ,76.95
00:34:01,0 ,0 ,0 ,473 ,5 ,18.71 ,41.29 ,1004.06 ,76.80
00:34:02,0 ,0 ,0 ,473 ,5 ,18.71 ,41.29 ,1004.05 ,76.88
00:34:03,0 ,0 ,0 ,473 ,5 ,18.72 ,41.27 ,1004.04 ,76.93
00:34:04,0 ,0 ,0 ,473 ,5 ,18.71 ,41.29 ,1004.06 ,76.81
00:34:06,0 ,0 ,0 ,473 ,5 ,18.72 ,41.28 ,1004.06 ,76.76
00:34:07,0 ,0 ,0 ,473 ,5 ,18.71 ,41.29 ,1004.06 ,76.77
00:34:08,0 ,0 ,0 ,473 ,5 ,18.71 ,41.30 ,1004.04 ,76.93
00:34:09,0 ,0 ,0 ,473 ,5 ,18.71 ,41.29 ,1004.07 ,76.70
00:34:10,0 ,0 ,0 ,473 ,5 ,18.71 ,41.30 ,1004.06 ,76.80
00:34:11,0 ,0 ,0 ,473 ,5 ,18.70 ,41.30 ,1004.04 ,76.98
00:34:13,0 ,0 ,0 ,473 ,5 ,18.72 ,41.29 ,1004.06 ,76.76
00:34:14,0 ,0 ,0 ,473 ,5 ,18.71 ,41.29 ,1004.07 ,76.73
00:34:15,0 ,0 ,0 ,473 ,5 ,18.71 ,41.28 ,1004.05 ,76.88
00:34:16,0 ,0 ,0 ,473 ,5 ,18.70 ,41.27 ,1004.06 ,76.77
00:34:17,0 ,0 ,0 ,473 ,5 ,18.71 ,41.28 ,1004.05 ,76.89
00:34:19,0 ,0 ,0 ,473 ,5 ,18.71 ,41.28 ,1004.09 ,76.54
00:34:20,0 ,0 ,0 ,473 ,5 ,18.71 ,41.28 ,1004.07 ,76.71
00:34:21,0 ,0 ,0 ,473 ,5 ,18.71 ,41.28 ,1004.07 ,76.75
00:34:22,0 ,0 ,0 ,473 ,5 ,18.71 ,41.29 ,1004.07 ,76.71
00:34:23,0 ,0 ,0 ,473 ,5 ,18.71 ,41.30 ,1004.07 ,76.72
00:34:24,0 ,0 ,0 ,473 ,5 ,18.71 ,41.30 ,1004.08 ,76.66
00:34:26,0 ,0 ,0 ,473 ,5 ,18.70 ,41.31 ,1004.06 ,76.79
00:34:27,0 ,0 ,0 ,473 ,5 ,18.70 ,41.32 ,1004.07 ,76.74
00:34:28,0 ,0 ,0 ,473 ,5 ,18.71 ,41.30 ,1004.07 ,76.70
00:34:29,0 ,0 ,0 ,473 ,5 ,18.70 ,41.29 ,1004.09 ,76.58
00:34:30,0 ,0 ,0 ,473 ,5 ,18.70 ,41.29 ,1004.04 ,76.93
00:34:31,0 ,0 ,0 ,473 ,5 ,18.71 ,41.35 ,1004.06 ,76.80
00:34:33,0 ,0 ,0 ,473 ,5 ,18.71 ,41.39 ,1004.08 ,76.64
00:34:34,0 ,0 ,0 ,473 ,5 ,18.70 ,41.44 ,1004.04 ,76.95
00:34:35,0 ,0 ,0 ,473 ,5 ,18.70 ,41.46 ,1004.04 ,76.97
00:34:36,0 ,0 ,0 ,473 ,5 ,18.71 ,41.43 ,1004.06 ,76.78
00:34:37,0 ,0 ,0 ,474 ,5 ,18.70 ,41.43 ,1004.03 ,77.03
00:34:38,0 ,0 ,0 ,474 ,5 ,18.70 ,41.46 ,1004.02 ,77.17
00:34:40,0 ,0 ,0 ,473 ,5 ,18.70 ,41.50 ,1004.02 ,77.10
00:34:41,0 ,0 ,0 ,473 ,5 ,18.69 ,41.46 ,1003.99 ,77.39
00:34:42,0 ,0 ,0 ,473 ,5 ,18.70 ,41.43 ,1004.02 ,77.11
00:34:43,0 ,0 ,0 ,473 ,5 ,18.70 ,41.42 ,1004.05 ,76.88
00:34:44,0 ,0 ,0 ,473 ,5 ,18.71 ,41.38 ,1004.03 ,77.06
00:34:45,0 ,0 ,0 ,473 ,5 ,18.70 ,41.35 ,1004.05 ,76.91
00:34:47,0 ,0 ,0 ,474 ,5 ,18.71 ,41.34 ,1004.05 ,76.85
00:34:48,0 ,0 ,0 ,474 ,5 ,18.71 ,41.32 ,1004.04 ,77.00
00:34:49,0 ,0 ,0 ,474 ,5 ,18.71 ,41.29 ,1004.06 ,76.81
00:35:50,0 ,0 ,0 ,475 ,5 ,18.71 ,41.30 ,1004.03 ,77.05
00:35:51,0 ,0 ,0 ,475 ,5 ,18.72 ,41.38 ,1004.08 ,76.59
00:35:52,0 ,0 ,0 ,475 ,5 ,18.71 ,41.37 ,1004.04 ,76.98
00:35:54,0 ,0 ,0 ,475 ,5 ,18.71 ,41.36 ,1004.06 ,76.78
00:35:55,0 ,0 ,0 ,475 ,5 ,18.71 ,41.35 ,1004.09 ,76.55
00:35:56,0 ,0 ,0 ,475 ,5 ,18.71 ,41.31 ,1004.07 ,76.69
00:35:57,0 ,0 ,0 ,475 ,5 ,18.71 ,41.29 ,1004.07 ,76.75
00:35:58,0 ,0 ,0 ,475 ,5 ,18.71 ,41.30 ,1004.07 ,76.69
00:35:59,0 ,0 ,0 ,475 ,5 ,18.70 ,41.29 ,1004.06 ,76.76
00:36:01,0 ,0 ,0 ,475 ,5 ,18.71 ,41.29 ,1004.08 ,76.62
00:36:02,0 ,0 ,0 ,476 ,5 ,18.70 ,41.29 ,1004.05 ,76.85
00:36:03,0 ,0 ,0 ,475 ,5 ,18.70 ,41.30 ,1004.08 ,76.66
00:36:04,0 ,0 ,0 ,475 ,5 ,18.70 ,41.30 ,1004.07 ,76.74
00:36:05,0 ,0 ,0 ,475 ,5 ,18.70 ,41.28 ,1004.05 ,76.86
00:36:06,0 ,0 ,0 ,475 ,5 ,18.70 ,41.29 ,1004.07 ,76.75
00:36:08,0 ,0 ,0 ,475 ,5 ,18.70 ,41.29 ,1004.07 ,76.70
00:36:09,0 ,0 ,0 ,475 ,5 ,18.70 ,41.30 ,1004.10 ,76.48
00:36:10,0 ,0 ,0 ,475 ,5 ,18.70 ,41.28 ,1004.08 ,76.67
00:36:11,0 ,0 ,0 ,475 ,5 ,18.69 ,41.28 ,1004.06 ,76.76
00:36:12,0 ,0 ,0 ,475 ,5 ,18.69 ,41.29 ,1004.08 ,76.66
00:36:13,0 ,0 ,0 ,475 ,5 ,18.69 ,41.29 ,1004.07 ,76.70
00:36:15,0 ,0 ,0 ,475 ,5 ,18.69 ,41.30 ,1004.07 ,76.67
00:36:16,0 ,0 ,0 ,475 ,5 ,18.70 ,41.30 ,1004.08 ,76.64
00:36:17,0 ,0 ,0 ,475 ,5 ,18.69 ,41.29 ,1004.08 ,76.60
00:36:18,0 ,0 ,0 ,476 ,5 ,18.69 ,41.28 ,1004.06 ,76.79
00:36:19,0 ,0 ,0 ,476 ,5 ,18.69 ,41.30 ,1004.02 ,77.12
00:36:20,0 ,0 ,0 ,476 ,5 ,18.69 ,41.29 ,1004.04 ,76.93
00:36:22,0 ,0 ,0 ,476 ,5 ,18.69 ,41.30 ,1004.06 ,76.78
00:36:23,0 ,0 ,0 ,476 ,5 ,18.69 ,41.30 ,1004.05 ,76.86
00:36:24,0 ,0 ,0 ,476 ,5 ,18.69 ,41.29 ,1004.06 ,76.76
00:36:25,0 ,0 ,0 ,476 ,5 ,18.70 ,41.29 ,1004.07 ,76.71
00:36:26,0 ,0 ,0 ,476 ,5 ,18.70 ,41.29 ,1004.06 ,76.80
00:36:27,0 ,0 ,0 ,476 ,5 ,18.70 ,41.30 ,1004.07 ,76.72
00:36:29,0 ,0 ,0 ,476 ,5 ,18.70 ,41.32 ,1004.06 ,76.84
00:36:30,0 ,0 ,0 ,476 ,5 ,18.69 ,41.30 ,1004.02 ,77.13
00:36:31,0 ,0 ,0 ,475 ,5 ,18.69 ,41.32 ,1004.04 ,76.93
00:36:32,0 ,0 ,0 ,475 ,5 ,18.69 ,41.30 ,1004.04 ,76.99
00:36:33,0 ,0 ,0 ,475 ,5 ,18.69 ,41.31 ,1004.04 ,76.94
00:36:34,0 ,0 ,0 ,475 ,5 ,18.69 ,41.30 ,1004.08 ,76.65
00:36:36,0 ,0 ,0 ,475 ,5 ,18.69 ,41.30 ,1004.06 ,76.82
00:36:37,0 ,0 ,0 ,475 ,5 ,18.69 ,41.30 ,1004.05 ,76.88
00:36:38,0 ,0 ,0 ,475 ,5 ,18.69 ,41.29 ,1004.06 ,76.83
00:36:39,0 ,0 ,0 ,475 ,5 ,18.69 ,41.30 ,1004.05 ,76.92
00:36:40,0 ,0 ,0 ,475 ,5 ,18.68 ,41.29 ,1004.06 ,76.83
00:36:41,0 ,0 ,0 ,475 ,5 ,18.68 ,41.30 ,1004.05 ,76.87
00:36:43,0 ,0 ,0 ,475 ,5 ,18.68 ,41.30 ,1004.03 ,77.07
00:36:44,0 ,0 ,0 ,475 ,5 ,18.68 ,41.31 ,1004.06 ,76.83
00:36:45,0 ,0 ,0 ,475 ,5 ,18.69 ,41.30 ,1004.06 ,76.76
00:36:46,0 ,0 ,0 ,475 ,5 ,18.69 ,41.31 ,1004.05 ,76.90
00:36:47,0 ,0 ,0 ,475 ,5 ,18.68 ,41.31 ,1004.05 ,76.91
00:36:48,0 ,0 ,0 ,475 ,5 ,18.69 ,41.31 ,1004.05 ,76.90
00:36:50,0 ,0 ,0 ,475 ,5 ,18.68 ,41.32 ,1004.04 ,76.97
00:36:51,0 ,0 ,0 ,475 ,5 ,18.68 ,41.34 ,1004.02 ,77.10
00:36:52,0 ,0 ,0 ,475 ,5 ,18.68 ,41.32 ,1004.03 ,77.04
00:36:53,0 ,0 ,0 ,475 ,5 ,18.68 ,41.32 ,1004.04 ,76.95
00:36:54,0 ,0 ,0 ,475 ,5 ,18.68 ,41.31 ,1004.02 ,77.12
00:36:55,0 ,0 ,0 ,475 ,5 ,18.68 ,41.32 ,1004.04 ,76.96
00:36:57,0 ,0 ,0 ,476 ,5 ,18.67 ,41.32 ,1004.01 ,77.22
00:36:58,0 ,0 ,0 ,476 ,5 ,18.67 ,41.32 ,1004.02 ,77.15
00:36:59,0 ,0 ,0 ,476 ,5 ,18.68 ,41.32 ,1004.03 ,77.06
00:37:00,0 ,0 ,0 ,476 ,5 ,18.67 ,41.33 ,1004.02 ,77.12
00:37:01,0 ,0 ,0 ,476 ,5 ,18.67 ,41.33 ,1004.02 ,77.12
00:37:02,0 ,0 ,0 ,476 ,5 ,18.68 ,41.33 ,1004.02 ,77.16
00:37:04,0 ,0 ,0 ,475 ,5 ,18.68 ,41.32 ,1004.04 ,76.97
00:37:05,0 ,0 ,0 ,475 ,5 ,18.68 ,41.33 ,1004.04 ,76.93
00:37:06,0 ,0 ,0 ,475 ,5 ,18.68 ,41.33 ,1004.03 ,77.01
00:37:07,0 ,0 ,0 ,475 ,5 ,18.68 ,41.32 ,1004.06 ,76.78
00:37:08,0 ,0 ,0 ,476 ,5 ,18.68 ,41.33 ,1004.02 ,77.15
00:37:09,0 ,0 ,0 ,475 ,5 ,18.69 ,41.34 ,1004.02 ,77.17
00:37:11,0 ,0 ,0 ,475 ,5 ,18.69 ,41.32 ,1004.03 ,77.01
00:37:12,0 ,0 ,0 ,475 ,5 ,18.69 ,41.32 ,1004.03 ,77.07
00:37:13,0 ,0 ,0 ,475 ,5 ,18.69 ,41.31 ,1004.04 ,76.93
00:37:14,0 ,0 ,0 ,475 ,5 ,18.68 ,41.31 ,1004.03 ,77.05
00:37:15,0 ,0 ,0 ,475 ,5 ,18.69 ,41.32 ,1004.06 ,76.81
00:37:16,0 ,0 ,0 ,475 ,5 ,18.69 ,41.32 ,1004.06 ,76.77
00:37:18,0 ,0 ,0 ,475 ,5 ,18.68 ,41.30 ,1004.03 ,77.05
00:37:19,0 ,0 ,0 ,476 ,5 ,18.67 ,41.30 ,1004.02 ,77.09
00:37:20,0 ,0 ,0 ,476 ,5 ,18.69 ,41.30 ,1004.03 ,77.06
00:37:21,0 ,0 ,0 ,475 ,5 ,18.69 ,41.30 ,1004.04 ,77.00
00:37:22,0 ,0 ,0 ,475 ,5 ,18.68 ,41.31 ,1004.02 ,77.14
00:37:23,0 ,0 ,0 ,475 ,5 ,18.68 ,41.30 ,1003.99 ,77.38
00:37:25,0 ,0 ,0 ,475 ,5 ,18.68 ,41.30 ,1004.01 ,77.18
00:37:26,0 ,0 ,0 ,475 ,5 ,18.68 ,41.34 ,1004.02 ,77.09
00:37:27,0 ,0 ,0 ,475 ,5 ,18.68 ,41.31 ,1004.02 ,77.15
00:37:28,0 ,0 ,0 ,475 ,5 ,18.68 ,41.31 ,1004.03 ,77.04
00:37:29,0 ,0 ,0 ,475 ,5 ,18.69 ,41.31 ,1004.05 ,76.85
00:37:30,0 ,0 ,0 ,475 ,5 ,18.68 ,41.30 ,1004.01 ,77.23
00:37:32,0 ,0 ,0 ,475 ,5 ,18.68 ,41.31 ,1004.02 ,77.13
00:37:33,0 ,0 ,0 ,475 ,5 ,18.68 ,41.31 ,1004.02 ,77.13
00:37:34,0 ,0 ,0 ,475 ,5 ,18.68 ,41.33 ,1004.04 ,76.95
00:37:35,0 ,0 ,0 ,475 ,5 ,18.69 ,41.30 ,1004.05 ,76.88
00:37:36,0 ,0 ,0 ,475 ,5 ,18.69 ,41.30 ,1004.04 ,76.97
00:37:37,0 ,0 ,0 ,475 ,5 ,18.69 ,41.31 ,1004.04 ,76.93
00:37:39,0 ,0 ,0 ,475 ,5 ,18.68 ,41.30 ,1004.04 ,76.97
00:37:40,0 ,0 ,0 ,475 ,5 ,18.68 ,41.30 ,1003.98 ,77.44
00:37:41,0 ,0 ,0 ,475 ,5 ,18.68 ,41.30 ,1004.04 ,77.00
00:37:42,0 ,0 ,0 ,475 ,5 ,18.68 ,41.30 ,1004.02 ,77.16
00:37:43,0 ,0 ,0 ,475 ,5 ,18.69 ,41.30 ,1004.04 ,76.93
00:37:44,0 ,0 ,0 ,475 ,5 ,18.69 ,41.30 ,1004.00 ,77.30
00:37:46,0 ,0 ,0 ,475 ,5 ,18.69 ,41.33 ,1004.02 ,77.17
00:37:47,0 ,0 ,0 ,475 ,5 ,18.70 ,41.30 ,1003.99 ,77.36
00:38:48,0 ,0 ,0 ,473 ,5 ,18.68 ,41.32 ,1004.01 ,77.26
00:38:49,0 ,0 ,0 ,473 ,5 ,18.69 ,41.32 ,1004.04 ,76.97
00:38:50,0 ,0 ,0 ,473 ,5 ,18.69 ,41.32 ,1004.04 ,76.98
00:38:51,0 ,0 ,0 ,473 ,5 ,18.68 ,41.32 ,1004.01 ,77.23
00:38:53,0 ,0 ,0 ,473 ,5 ,18.68 ,41.33 ,1004.02 ,77.15
00:38:54,0 ,0 ,0 ,473 ,5 ,18.68 ,41.31 ,1004.00 ,77.27
00:38:55,0 ,0 ,0 ,473 ,5 ,18.69 ,41.32 ,1004.00 ,77.29
00:38:56,0 ,0 ,0 ,473 ,5 ,18.68 ,41.31 ,1004.02 ,77.10
00:38:57,0 ,0 ,0 ,473 ,5 ,18.69 ,41.31 ,1004.02 ,77.10
00:38:58,0 ,0 ,0 ,473 ,5 ,18.69 ,41.31 ,1004.02 ,77.17
00:39:00,0 ,0 ,0 ,473 ,5 ,18.69 ,41.31 ,1004.04 ,76.96
00:39:01,0 ,0 ,0 ,472 ,5 ,18.69 ,41.34 ,1004.04 ,76.98
00:39:02,0 ,0 ,0 ,472 ,5 ,18.69 ,41.31 ,1004.04 ,76.93
00:39:03,0 ,0 ,0 ,472 ,5 ,18.68 ,41.31 ,1004.03 ,77.01
00:39:04,0 ,0 ,0 ,473 ,5 ,18.69 ,41.32 ,1004.02 ,77.12
00:39:05,0 ,0 ,0 ,472 ,5 ,18.69 ,41.30 ,1004.03 ,77.02
00:39:07,0 ,0 ,0 ,472 ,5 ,18.69 ,41.30 ,1004.04 ,77.00
00:39:08,0 ,0 ,0 ,472 ,5 ,18.69 ,41.32 ,1003.99 ,77.40
00:39:09,0 ,0 ,0 ,472 ,5 ,18.68 ,41.29 ,1004.01 ,77.21
00:39:10,0 ,0 ,0 ,472 ,5 ,18.69 ,41.30 ,1004.03 ,77.06
00:39:11,0 ,0 ,0 ,472 ,5 ,18.68 ,41.30 ,1004.01 ,77.24
00:39:12,0 ,0 ,0 ,472 ,5 ,18.68 ,41.30 ,1004.00 ,77.34
00:39:14,0 ,0 ,0 ,472 ,5 ,18.68 ,41.30 ,1004.02 ,77.17
00:39:15,0 ,0 ,0 ,472 ,5 ,18.68 ,41.31 ,1004.02 ,77.15
00:39:16,0 ,0 ,0 ,472 ,5 ,18.68 ,41.31 ,1004.02 ,77.14
00:39:17,0 ,0 ,0 ,472 ,5 ,18.69 ,41.30 ,1004.02 ,77.10
00:39:18,0 ,0 ,0 ,472 ,5 ,18.68 ,41.29 ,1003.97 ,77.52
00:39:19,0 ,0 ,0 ,472 ,5 ,18.69 ,41.31 ,1004.03 ,77.02
00:39:21,0 ,0 ,0 ,472 ,5 ,18.68 ,41.31 ,1003.98 ,77.43
00:39:22,0 ,0 ,0 ,472 ,5 ,18.68 ,41.30 ,1004.02 ,77.15
00:39:23,0 ,0 ,0 ,472 ,5 ,18.68 ,41.31 ,1003.98 ,77.27
00:39:24,0 ,0 ,0 ,472 ,5 ,18.69 ,41.30 ,1004.00 ,77.31
00:39:25,0 ,0 ,0 ,472 ,5 ,18.69 ,41.30 ,1003.97 ,77.58
00:39:26,0 ,0 ,0 ,472 ,5 ,18.68 ,41.30 ,1003.99 ,77.34
00:39:28,0 ,0 ,0 ,472 ,5 ,18.68 ,41.32 ,1003.97 ,77.52
00:39:29,0 ,0 ,0 ,472 ,5 ,18.69 ,41.30 ,1003.99 ,77.39
00:39:30,0 ,0 ,0 ,472 ,5 ,18.69 ,41.30 ,1004.00 ,77.33
00:39:31,0 ,0 ,0 ,472 ,5 ,18.69 ,41.31 ,1004.03 ,77.07
00:39:32,0 ,0 ,0 ,472 ,5 ,18.69 ,41.33 ,1003.98 ,77.49
00:39:33,0 ,0 ,0 ,472 ,5 ,18.69 ,41.31 ,1004.03 ,77.05
00:39:35,0 ,0 ,0 ,472 ,5 ,18.68 ,41.31 ,1004.01 ,77.26
00:39:36,0 ,0 ,0 ,472 ,5 ,18.68 ,41.31 ,1003.98 ,77.48
00:39:37,0 ,0 ,0 ,472 ,5 ,18.69 ,41.30 ,1004.02 ,77.15
00:39:38,0 ,0 ,0 ,472 ,5 ,18.69 ,41.30 ,1003.99 ,77.35
00:39:39,0 ,0 ,0 ,472 ,5 ,18.69 ,41.30 ,1004.02 ,77.15
00:39:40,0 ,0 ,0 ,472 ,5 ,18.69 ,41.31 ,1004.00 ,77.27
00:39:42,0 ,0 ,0 ,472 ,5 ,18.70 ,41.31 ,1004.02 ,77.12
00:39:43,0 ,0 ,0 ,472 ,5 ,18.70 ,41.31 ,1004.00 ,77.30
00:39:44,0 ,0 ,0 ,472 ,5 ,18.70 ,41.31 ,1003.98 ,77.46
00:39:45,0 ,0 ,0 ,473 ,5 ,18.69 ,41.32 ,1004.02 ,77.12
00:39:46,0 ,0 ,0 ,473 ,5 ,18.69 ,41.29 ,1003.98 ,77.45
00:39:47,0 ,0 ,0 ,473 ,5 ,18.69 ,41.29 ,1004.01 ,77.22
00:39:49,0 ,0 ,0 ,473 ,5 ,18.69 ,41.29 ,1004.01 ,77.22
00:39:50,0 ,0 ,0 ,472 ,5 ,18.68 ,41.29 ,1003.99 ,77.36
00:39:51,0 ,0 ,0 ,473 ,5 ,18.69 ,41.36 ,1003.98 ,77.45
00:39:52,0 ,0 ,0 ,473 ,5 ,18.68 ,41.30 ,1003.98 ,77.50
00:39:53,0 ,0 ,0 ,473 ,5 ,18.68 ,41.30 ,1003.98 ,77.43
00:39:54,0 ,0 ,0 ,473 ,5 ,18.68 ,41.30 ,1004.00 ,77.28
00:39:56,0 ,0 ,0 ,473 ,5 ,18.69 ,41.32 ,1004.00 ,77.31
00:39:57,0 ,0 ,0 ,473 ,5 ,18.69 ,41.30 ,1004.02 ,77.16
00:39:58,0 ,0 ,0 ,473 ,5 ,18.69 ,41.29 ,1004.02 ,77.12
00:39:59,0 ,0 ,0 ,473 ,5 ,18.69 ,41.29 ,1004.02 ,77.12
00:40:00,0 ,0 ,0 ,473 ,5 ,18.69 ,41.30 ,1004.02 ,77.10
00:40:01,0 ,0 ,0 ,473 ,5 ,18.69 ,41.30 ,1004.00 ,77.31
00:40:03,0 ,0 ,0 ,473 ,5 ,18.70 ,41.30 ,1004.01 ,77.19
00:40:04,0 ,0 ,0 ,473 ,5 ,18.68 ,41.31 ,1004.01 ,77.25
00:40:05,0 ,0 ,0 ,473 ,5 ,18.68 ,41.31 ,1004.03 ,77.05
00:40:06,0 ,0 ,0 ,473 ,5 ,18.69 ,41.33 ,1003.99 ,77.36
00:40:07,0 ,0 ,0 ,473 ,5 ,18.68 ,41.31 ,1004.02 ,77.14
00:40:08,0 ,0 ,0 ,474 ,5 ,18.69 ,41.32 ,1004.02 ,77.12
00:40:10,0 ,0 ,0 ,474 ,5 ,18.69 ,41.32 ,1004.00 ,77.31
00:40:11,0 ,0 ,0 ,474 ,5 ,18.69 ,41.33 ,1004.03 ,77.08
00:40:12,0 ,0 ,0 ,473 ,5 ,18.68 ,41.32 ,1004.03 ,77.04
00:40:13,0 ,0 ,0 ,474 ,5 ,18.68 ,41.31 ,1004.03 ,77.07
00:40:14,0 ,0 ,0 ,474 ,5 ,18.68 ,41.31 ,1004.00 ,77.26
00:40:15,0 ,0 ,0 ,473 ,5 ,18.69 ,41.32 ,1004.02 ,77.10
00:40:17,0 ,0 ,0 ,474 ,5 ,18.68 ,41.31 ,1004.00 ,77.28
00:40:18,0 ,0 ,0 ,474 ,5 ,18.68 ,41.30 ,1004.03 ,77.01
00:40:19,0 ,0 ,0 ,474 ,5 ,18.68 ,41.31 ,1004.01 ,77.19
00:40:20,0 ,0 ,0 ,473 ,5 ,18.68 ,41.31 ,1003.98 ,77.49
00:40:21,0 ,0 ,0 ,473 ,5 ,18.68 ,41.26 ,1003.99 ,77.35
00:40:22,0 ,0 ,0 ,473 ,5 ,18.69 ,41.31 ,1004.00 ,77.33
00:40:24,0 ,0 ,0 ,473 ,5 ,18.68 ,41.31 ,1004.01 ,77.22
00:40:25,0 ,0 ,0 ,473 ,5 ,18.68 ,41.32 ,1004.04 ,76.97
00:40:26,0 ,0 ,0 ,473 ,5 ,18.69 ,41.30 ,1004.04 ,76.97
00:40:27,0 ,0 ,0 ,473 ,5 ,18.69 ,41.31 ,1004.05 ,76.92
00:40:28,0 ,0 ,0 ,474 ,5 ,18.68 ,41.30 ,1004.01 ,77.23
00:40:29,0 ,0 ,0 ,474 ,5 ,18.68 ,41.30 ,1004.02 ,77.13
00:40:31,0 ,0 ,0 ,473 ,5 ,18.67 ,41.30 ,1003.99 ,77.35
00:40:32,0 ,0 ,0 ,473 ,5 ,18.68 ,41.32 ,1004.00 ,77.26
00:40:33,0 ,0 ,0 ,473 ,5 ,18.68 ,41.31 ,1003.99 ,77.40
00:40:34,0 ,0 ,0 ,473 ,5 ,18.69 ,41.30 ,1004.02 ,77.14
00:40:35,0 ,0 ,0 ,473 ,5 ,18.69 ,41.29 ,1004.02 ,77.14
00:40:36,0 ,0 ,0 ,473 ,5 ,18.68 ,41.31 ,1004.01 ,77.22
00:40:38,0 ,0 ,0 ,473 ,5 ,18.68 ,41.30 ,1004.02 ,77.12
00:40:39,0 ,0 ,0 ,473 ,5 ,18.68 ,41.30 ,1004.04 ,77.00
00:40:40,0 ,0 ,0 ,473 ,5 ,18.68 ,41.32 ,1003.98 ,77.44
00:40:41,0 ,0 ,0 ,473 ,5 ,18.68 ,41.39 ,1004.03 ,77.08
00:40:42,0 ,0 ,0 ,473 ,5 ,18.68 ,41.38 ,1004.00 ,77.33
00:40:43,0 ,0 ,0 ,473 ,5 ,18.68 ,41.36 ,1004.03 ,77.08
00:40:45,0 ,0 ,0 ,473 ,5 ,18.69 ,41.34 ,1004.02 ,77.17
00:41:46,0 ,0 ,0 ,476 ,5 ,18.69 ,41.34 ,1004.01 ,77.18
00:41:47,0 ,0 ,0 ,476 ,5 ,18.69 ,41.33 ,1004.01 ,77.23
00:41:48,0 ,0 ,0 ,476 ,5 ,18.69 ,41.33 ,1004.01 ,77.24
00:41:49,0 ,0 ,0 ,476 ,5 ,18.68 ,41.33 ,1004.00 ,77.31
00:41:50,0 ,0 ,0 ,477 ,5 ,18.68 ,41.33 ,1004.02 ,77.10
00:41:52,0 ,0 ,0 ,477 ,5 ,18.68 ,41.29 ,1003.98 ,77.47
00:41:53,0 ,0 ,0 ,477 ,5 ,18.67 ,41.29 ,1003.99 ,77.39
00:41:54,0 ,0 ,0 ,477 ,5 ,18.68 ,41.31 ,1004.01 ,77.24
00:41:55,0 ,0 ,0 ,477 ,5 ,18.68 ,41.32 ,1004.01 ,77.22
00:41:56,0 ,0 ,0 ,477 ,5 ,18.68 ,41.31 ,1003.98 ,77.43
00:41:57,0 ,0 ,0 ,477 ,5 ,18.67 ,41.32 ,1004.02 ,77.14
00:41:59,0 ,0 ,0 ,477 ,5 ,18.67 ,41.30 ,1003.99 ,77.41
00:42:00,0 ,0 ,0 ,477 ,5 ,18.67 ,41.31 ,1004.00 ,77.27
00:42:01,0 ,0 ,0 ,477 ,5 ,18.68 ,41.30 ,1004.01 ,77.18
00:42:02,0 ,0 ,0 ,477 ,5 ,18.67 ,41.30 ,1004.02 ,77.13
00:42:03,0 ,0 ,0 ,477 ,5 ,18.68 ,41.31 ,1004.02 ,77.15
00:42:04,0 ,0 ,0 ,477 ,5 ,18.68 ,41.31 ,1004.01 ,77.20
00:42:06,0 ,0 ,0 ,477 ,5 ,18.67 ,41.28 ,1004.00 ,77.27
00:42:07,0 ,0 ,0 ,477 ,5 ,18.67 ,41.30 ,1004.02 ,77.17
00:42:08,0 ,0 ,0 ,477 ,5 ,18.67 ,41.30 ,1004.03 ,77.03
00:42:09,0 ,0 ,0 ,477 ,5 ,18.66 ,41.28 ,1004.00 ,77.30
00:42:10,0 ,0 ,0 ,477 ,5 ,18.67 ,41.30 ,1004.03 ,77.03
00:42:11,0 ,0 ,0 ,477 ,5 ,18.67 ,41.31 ,1004.01 ,77.25
00:42:13,0 ,0 ,0 ,477 ,5 ,18.67 ,41.29 ,1004.02 ,77.09
00:42:14,0 ,0 ,0 ,477 ,5 ,18.67 ,41.31 ,1004.04 ,76.96
00:42:15,0 ,0 ,0 ,477 ,5 ,18.67 ,41.30 ,1004.04 ,76.98
00:42:16,0 ,0 ,0 ,477 ,5 ,18.67 ,41.31 ,1004.03 ,77.08
00:42:17,0 ,0 ,0 ,477 ,5 ,18.67 ,41.30 ,1004.05 ,76.88
00:42:18,0 ,0 ,0 ,476 ,5 ,18.67 ,41.32 ,1004.01 ,77.21
00:42:20,0 ,0 ,0 ,477 ,5 ,18.67 ,41.31 ,1004.03 ,77.08
00:42:21,0 ,0 ,0 ,477 ,5 ,18.67 ,41.32 ,1004.02 ,77.04
00:42:22,0 ,0 ,0 ,477 ,5 ,18.67 ,41.31 ,1004.01 ,77.23
00:42:23,0 ,0 ,0 ,477 ,5 ,18.67 ,41.33 ,1004.05 ,76.92
00:42:24,0 ,0 ,0 ,477 ,5 ,18.67 ,41.31 ,1004.03 ,77.07
00:42:25,0 ,0 ,0 ,477 ,5 ,18.67 ,41.31 ,1004.04 ,76.97
00:42:27,0 ,0 ,0 ,477 ,5 ,18.67 ,41.31 ,1004.03 ,77.05
00:42:28,0 ,0 ,0 ,477 ,5 ,18.67 ,41.31 ,1004.01 ,77.18
00:42:29,0 ,0 ,0 ,477 ,5 ,18.67 ,41.32 ,1003.97 ,77.56
00:42:30,0 ,0 ,0 ,477 ,5 ,18.68 ,41.30 ,1004.01 ,77.19
00:42:31,0 ,0 ,0 ,477 ,5 ,18.67 ,41.30 ,1004.01 ,77.23
00:42:32,0 ,0 ,0 ,477 ,5 ,18.67 ,41.31 ,1004.02 ,77.12
00:42:34,0 ,0 ,0 ,477 ,5 ,18.68 ,41.31 ,1004.01 ,77.23
00:42:35,0 ,0 ,0 ,477 ,5 ,18.67 ,41.31 ,1004.00 ,77.26
00:42:36,0 ,0 ,0 ,477 ,5 ,18.67 ,41.30 ,1004.03 ,77.08
00:42:37,0 ,0 ,0 ,477 ,5 ,18.67 ,41.31 ,1003.99 ,77.39
00:42:38,0 ,0 ,0 ,477 ,5 ,18.67 ,41.30 ,1004.00 ,77.34
00:42:39,0 ,0 ,0 ,477 ,5 ,18.67 ,41.31 ,1004.01 ,77.19
00:42:41,0 ,0 ,0 ,477 ,5 ,18.68 ,41.30 ,1004.00 ,77.26
00:42:42,0 ,0 ,0 ,477 ,5 ,18.68 ,41.32 ,1004.00 ,77.27
00:42:43,0 ,0 ,0 ,477 ,5 ,18.68 ,41.31 ,1004.04 ,76.98
00:42:44,0 ,0 ,0 ,477 ,5 ,18.68 ,41.31 ,1004.01 ,77.19
00:42:45,0 ,0 ,0 ,477 ,5 ,18.68 ,41.30 ,1004.02 ,77.12
00:42:46,0 ,0 ,0 ,477 ,5 ,18.68 ,41.30 ,1004.01 ,77.19
00:42:48,0 ,0 ,0 ,477 ,5 ,18.68 ,41.31 ,1004.02 ,77.17
00:42:49,0 ,0 ,0 ,477 ,5 ,18.68 ,41.29 ,1003.99 ,77.36
00:42:50,0 ,0 ,0 ,478 ,5 ,18.68 ,41.29 ,1004.01 ,77.23
00:42:51,0 ,0 ,0 ,477 ,5 ,18.68 ,41.31 ,1004.01 ,77.26
00:42:52,0 ,0 ,0 ,477 ,5 ,18.68 ,41.29 ,1004.02 ,77.12
00:42:53,0 ,0 ,0 ,477 ,5 ,18.68 ,41.30 ,1004.03 ,77.02
00:42:55,0 ,0 ,0 ,477 ,5 ,18.68 ,41.30 ,1004.02 ,77.10
00:42:56,0 ,0 ,0 ,477 ,5 ,18.68 ,41.29 ,1004.01 ,77.20
00:42:57,0 ,0 ,0 ,477 ,5 ,18.69 ,41.29 ,1004.05 ,76.89
00:42:58,0 ,0 ,0 ,477 ,5 ,18.69 ,41.29 ,1004.02 ,77.12
00:42:59,0 ,0 ,0 ,477 ,5 ,18.68 ,41.29 ,1004.00 ,77.30
00:43:00,0 ,0 ,0 ,476 ,5 ,18.68 ,41.29 ,1004.01 ,77.24
00:43:02,0 ,0 ,0 ,476 ,5 ,18.68 ,41.30 ,1004.04 ,77.00
00:43:03,0 ,0 ,0 ,476 ,5 ,18.68 ,41.31 ,1004.03 ,77.04
00:43:04,0 ,0 ,0 ,476 ,5 ,18.68 ,41.31 ,1004.02 ,77.13
00:43:05,0 ,0 ,0 ,476 ,5 ,18.68 ,41.29 ,1004.01 ,77.25
00:43:06,0 ,0 ,0 ,475 ,5 ,18.68 ,41.29 ,1003.99 ,77.34
00:43:07,0 ,0 ,0 ,475 ,5 ,18.68 ,41.30 ,1004.00 ,77.31
00:43:09,0 ,0 ,0 ,475 ,5 ,18.69 ,41.28 ,1004.00 ,77.33
00:43:10,0 ,0 ,0 ,475 ,5 ,18.69 ,41.29 ,1003.99 ,77.39
00:43:11,0 ,0 ,0 ,475 ,5 ,18.68 ,41.31 ,1003.98 ,77.49
00:43:12,0 ,0 ,0 ,475 ,5 ,18.69 ,41.32 ,1004.00 ,77.27
00:43:13,0 ,0 ,0 ,474 ,5 ,18.69 ,41.32 ,1004.02 ,77.14
00:43:14,0 ,0 ,0 ,474 ,5 ,18.69 ,41.32 ,1004.01 ,77.21
00:43:16,0 ,0 ,0 ,474 ,5 ,18.69 ,41.36 ,1004.03 ,77.24
00:43:17,0 ,0 ,0 ,474 ,5 ,18.69 ,41.32 ,1004.00 ,77.32
00:43:18,0 ,0 ,0 ,473 ,5 ,18.69 ,41.36 ,1004.00 ,77.34
00:43:19,0 ,0 ,0 ,473 ,5 ,18.69 ,41.38 ,1004.03 ,77.04
00:43:20,0 ,0 ,0 ,473 ,5 ,18.69 ,41.36 ,1004.02 ,77.11
00:43:21,0 ,0 ,0 ,473 ,5 ,18.69 ,41.34 ,1004.00 ,77.29
00:43:23,0 ,0 ,0 ,473 ,5 ,18.69 ,41.33 ,1004.00 ,77.34
00:43:24,0 ,0 ,0 ,473 ,5 ,18.69 ,41.33 ,1004.02 ,77.17
00:43:25,0 ,0 ,0 ,473 ,5 ,18.69 ,41.32 ,1004.00 ,77.32
00:43:26,0 ,0 ,0 ,473 ,5 ,18.69 ,41.34 ,1004.00 ,77.27
00:43:27,0 ,0 ,0 ,473 ,5 ,18.70 ,41.33 ,1004.03 ,77.08
00:43:28,0 ,0 ,0 ,472 ,5 ,18.69 ,41.33 ,1004.04 ,76.94
00:43:30,0 ,0 ,0 ,472 ,5 ,18.70 ,41.33 ,1004.02 ,77.12
00:43:31,0 ,0 ,0 ,472 ,5 ,18.69 ,41.33 ,1004.01 ,77.20
00:43:32,0 ,0 ,0 ,472 ,5 ,18.69 ,41.35 ,1004.01 ,77.24
00:43:33,0 ,0 ,0 ,472 ,5 ,18.69 ,41.34 ,1004.01 ,77.19
00:43:34,0 ,0 ,0 ,472 ,5 ,18.69 ,41.32 ,1004.01 ,77.18
00:43:36,0 ,0 ,0 ,472 ,5 ,18.70 ,41.32 ,1004.00 ,77.27
00:43:37,0 ,0 ,0 ,472 ,5 ,18.69 ,41.32 ,1003.99 ,77.39
00:43:38,0 ,0 ,0 ,472 ,5 ,18.69 ,41.31 ,1003.99 ,77.42
00:43:39,0 ,0 ,0 ,472 ,5 ,18.69 ,41.31 ,1003.99 ,77.35
00:43:40,0 ,0 ,0 ,472 ,5 ,18.69 ,41.31 ,1003.98 ,77.43
00:43:41,0 ,0 ,0 ,472 ,5 ,18.69 ,41.35 ,1003.99 ,77.35
00:43:43,0 ,0 ,0 ,472 ,5 ,18.69 ,41.30 ,1003.99 ,77.38
00:44:44,0 ,0 ,0 ,473 ,5 ,18.71 ,41.30 ,1004.05 ,76.88
00:44:45,0 ,0 ,0 ,473 ,5 ,18.70 ,41.30 ,1004.04 ,76.95
00:44:46,0 ,0 ,0 ,473 ,5 ,18.70 ,41.31 ,1003.98 ,77.47
00:44:47,0 ,0 ,0 ,474 ,5 ,18.70 ,41.30 ,1004.00 ,77.31
00:44:48,0 ,0 ,0 ,473 ,5 ,18.69 ,41.30 ,1004.03 ,77.07
00:44:50,0 ,0 ,0 ,474 ,5 ,18.68 ,41.31 ,1003.99 ,77.35
00:44:51,0 ,0 ,0 ,474 ,5 ,18.68 ,41.30 ,1004.01 ,77.19
00:44:52,0 ,0 ,0 ,474 ,5 ,18.69 ,41.30 ,1004.04 ,77.00
00:44:53,0 ,0 ,0 ,474 ,5 ,18.69 ,41.30 ,1004.03 ,77.03
00:44:54,0 ,0 ,0 ,474 ,5 ,18.69 ,41.31 ,1003.98 ,77.44
00:44:55,0 ,0 ,0 ,474 ,5 ,18.68 ,41.29 ,1003.99 ,77.39
00:44:57,0 ,0 ,0 ,475 ,5 ,18.69 ,41.30 ,1003.98 ,77.47
00:44:58,0 ,0 ,0 ,475 ,5 ,18.68 ,41.31 ,1004.00 ,77.29
00:44:59,0 ,0 ,0 ,475 ,5 ,18.68 ,41.30 ,1003.98 ,77.44
00:45:00,0 ,0 ,0 ,475 ,5 ,18.68 ,41.33 ,1003.98 ,77.44
00:45:01,0 ,0 ,0 ,475 ,5 ,18.68 ,41.34 ,1003.98 ,77.50
00:45:02,0 ,0 ,0 ,475 ,5 ,18.68 ,41.32 ,1003.98 ,77.47
00:45:04,0 ,0 ,0 ,475 ,5 ,18.68 ,41.32 ,1004.02 ,77.12
00:45:05,0 ,0 ,0 ,475 ,5 ,18.68 ,41.31 ,1004.00 ,77.33
00:45:06,0 ,0 ,0 ,475 ,5 ,18.68 ,41.32 ,1003.99 ,77.40
00:45:07,0 ,0 ,0 ,475 ,5 ,18.69 ,41.32 ,1004.01 ,77.19
00:45:08,0 ,0 ,0 ,475 ,5 ,18.68 ,41.36 ,1003.98 ,77.47
00:45:09,0 ,0 ,0 ,475 ,5 ,18.68 ,41.34 ,1003.96 ,77.65
00:45:11,0 ,0 ,0 ,475 ,5 ,18.69 ,41.33 ,1003.99 ,77.38
00:45:12,0 ,0 ,0 ,475 ,5 ,18.69 ,41.33 ,1003.98 ,77.44
00:45:13,0 ,0 ,0 ,475 ,5 ,18.69 ,41.33 ,1004.02 ,77.14
00:45:14,0 ,0 ,0 ,475 ,5 ,18.68 ,41.33 ,1004.03 ,77.01
00:45:15,0 ,0 ,0 ,475 ,5 ,18.69 ,41.30 ,1004.01 ,77.23
00:45:16,0 ,0 ,0 ,475 ,5 ,18.68 ,41.30 ,1003.99 ,77.36
00:45:18,0 ,0 ,0 ,476 ,5 ,18.68 ,41.31 ,1003.97 ,77.59
00:45:19,0 ,0 ,0 ,476 ,5 ,18.69 ,41.30 ,1003.99 ,77.38
00:45:20,0 ,0 ,0 ,476 ,5 ,18.69 ,41.30 ,1004.00 ,77.31
00:45:21,0 ,0 ,0 ,476 ,5 ,18.69 ,41.29 ,1003.98 ,77.46
00:45:22,0 ,0 ,0 ,476 ,5 ,18.69 ,41.30 ,1004.00 ,77.31
00:45:23,0 ,0 ,0 ,476 ,5 ,18.68 ,41.30 ,1003.98 ,77.46
00:45:25,0 ,0 ,0 ,476 ,5 ,18.69 ,41.30 ,1004.01 ,77.23
00:45:26,0 ,0 ,0 ,476 ,5 ,18.69 ,41.30 ,1004.01 ,77.22
00:45:27,0 ,0 ,0 ,476 ,5 ,18.68 ,41.36 ,1003.99 ,77.26
00:45:28,0 ,0 ,0 ,476 ,5 ,18.69 ,41.31 ,1003.99 ,77.36
00:45:29,0 ,0 ,0 ,476 ,5 ,18.69 ,41.30 ,1003.99 ,77.37
00:45:30,0 ,0 ,0 ,476 ,5 ,18.68 ,41.31 ,1003.99 ,77.36
00:45:32,0 ,0 ,0 ,476 ,5 ,18.69 ,41.31 ,1004.01 ,77.22
00:45:33,0 ,0 ,0 ,476 ,5 ,18.69 ,41.30 ,1004.00 ,77.27
00:45:34,0 ,0 ,0 ,476 ,5 ,18.69 ,41.30 ,1004.02 ,77.10
00:45:35,0 ,0 ,0 ,477 ,5 ,18.68 ,41.32 ,1004.02 ,77.10
00:45:36,0 ,0 ,0 ,477 ,5 ,18.69 ,41.31 ,1004.01 ,77.25
00:45:37,0 ,0 ,0 ,476 ,5 ,18.69 ,41.31 ,1003.99 ,77.40
00:45:39,0 ,0 ,0 ,476 ,5 ,18.69 ,41.31 ,1004.01 ,77.25
00:45:40,0 ,0 ,0 ,476 ,5 ,18.69 ,41.31 ,1004.02 ,77.14
00:45:41,0 ,0 ,0 ,476 ,5 ,18.69 ,41.30 ,1004.02 ,77.11
00:45:42,0 ,0 ,0 ,476 ,5 ,18.70 ,41.30 ,1004.01 ,77.20
00:45:43,0 ,0 ,0 ,476 ,5 ,18.69 ,41.32 ,1003.98 ,77.43
00:45:44,0 ,0 ,0 ,476 ,5 ,18.69 ,41.30 ,1004.00 ,77.29
00:45:46,0 ,0 ,0 ,476 ,5 ,18.69 ,41.30 ,1003.98 ,77.46
00:45:47,0 ,0 ,0 ,476 ,5 ,18.70 ,41.32 ,1003.98 ,77.50
00:45:48,0 ,0 ,0 ,476 ,5 ,18.69 ,41.30 ,1004.00 ,77.32
00:45:49,0 ,0 ,0 ,476 ,5 ,18.70 ,41.30 ,1003.98 ,77.50
00:45:50,0 ,0 ,0 ,476 ,5 ,18.70 ,41.30 ,1004.00 ,77.28
00:45:51,0 ,0 ,0 ,475 ,5 ,18.69 ,41.29 ,1003.99 ,77.39
00:45:53,0 ,0 ,0 ,476 ,5 ,18.70 ,41.32 ,1004.02 ,77.11
00:45:54,0 ,0 ,0 ,476 ,5 ,18.70 ,41.37 ,1003.99 ,77.42
00:45:55,0 ,0 ,0 ,475 ,5 ,18.70 ,41.36 ,1003.98 ,77.43
00:45:56,0 ,0 ,0 ,476 ,5 ,18.70 ,41.35 ,1003.98 ,77.46
00:45:57,0 ,0 ,0 ,476 ,5 ,18.70 ,41.32 ,1004.01 ,77.13
00:45:58,0 ,0 ,0 ,476 ,5 ,18.69 ,41.31 ,1004.01 ,77.22
00:46:00,0 ,0 ,0 ,476 ,5 ,18.68 ,41.31 ,1003.99 ,77.41
00:46:01,0 ,0 ,0 ,476 ,5 ,18.69 ,41.31 ,1004.02 ,77.11
00:46:02,0 ,0 ,0 ,476 ,5 ,18.69 ,41.31 ,1004.01 ,77.18
00:46:03,0 ,0 ,0 ,476 ,5 ,18.69 ,41.30 ,1004.04 ,77.00
00:46:04,0 ,0 ,0 ,476 ,5 ,18.69 ,41.30 ,1004.03 ,77.03
00:46:05,0 ,0 ,0 ,476 ,5 ,18.69 ,41.30 ,1003.99 ,77.39
00:46:07,0 ,0 ,0 ,476 ,5 ,18.70 ,41.31 ,1004.00 ,77.28
00:46:08,0 ,0 ,0 ,476 ,5 ,18.70 ,41.31 ,1004.01 ,77.24
00:46:09,0 ,0 ,0 ,476 ,5 ,18.70 ,41.29 ,1004.02 ,77.09
00:46:10,0 ,0 ,0 ,476 ,5 ,18.70 ,41.30 ,1003.99 ,77.34
00:46:11,0 ,0 ,0 ,476 ,5 ,18.70 ,41.30 ,1004.02 ,77.12
00:46:12,0 ,0 ,0 ,476 ,5 ,18.70 ,41.30 ,1003.99 ,77.42
00:46:14,0 ,0 ,0 ,476 ,5 ,18.70 ,41.29 ,1004.00 ,77.31
00:46:15,0 ,0 ,0 ,476 ,5 ,18.70 ,41.29 ,1004.00 ,77.30
00:46:16,0 ,0 ,0 ,476 ,5 ,18.69 ,41.28 ,1004.02 ,77.12
00:46:17,0 ,0 ,0 ,476 ,5 ,18.70 ,41.28 ,1004.03 ,77.01
00:46:18,0 ,0 ,0 ,476 ,5 ,18.70 ,41.26 ,1003.99 ,77.40
00:46:19,0 ,0 ,0 ,475 ,5 ,18.70 ,41.28 ,1004.02 ,77.13
00:46:21,0 ,0 ,0 ,475 ,5 ,18.70 ,41.28 ,1004.02 ,77.16
00:46:22,0 ,0 ,0 ,475 ,5 ,18.69 ,41.28 ,1004.00 ,77.30
00:46:23,0 ,0 ,0 ,476 ,5 ,18.69 ,41.28 ,1004.00 ,77.29
00:46:24,0 ,0 ,0 ,475 ,5 ,18.69 ,41.26 ,1004.01 ,77.23
00:46:25,0 ,0 ,0 ,475 ,5 ,18.69 ,41.24 ,1003.99 ,77.36
00:46:26,0 ,0 ,0 ,476 ,5 ,18.69 ,41.29 ,1003.98 ,77.48
00:46:28,0 ,0 ,0 ,475 ,5 ,18.69 ,41.29 ,1004.01 ,77.22
00:46:29,0 ,0 ,0 ,475 ,5 ,18.69 ,41.30 ,1004.01 ,77.24
00:46:30,0 ,0 ,0 ,475 ,5 ,18.69 ,41.30 ,1004.02 ,77.10
00:46:31,0 ,0 ,0 ,475 ,5 ,18.69 ,41.30 ,1004.00 ,77.32
00:46:32,0 ,0 ,0 ,476 ,5 ,18.69 ,41.29 ,1003.98 ,77.43
00:46:33,0 ,0 ,0 ,475 ,5 ,18.69 ,41.29 ,1003.99 ,77.39
00:46:35,0 ,0 ,0 ,475 ,5 ,18.69 ,41.31 ,1003.98 ,77.50
00:46:36,0 ,0 ,0 ,475 ,5 ,18.68 ,41.29 ,1003.98 ,77.51
00:46:37,0 ,0 ,0 ,475 ,5 ,18.68 ,41.31 ,1003.97 ,77.53
00:46:38,0 ,0 ,0 ,475 ,5 ,18.68 ,41.29 ,1003.99 ,77.41
00:46:39,0 ,0 ,0 ,475 ,5 ,18.68 ,41.30 ,1004.00 ,77.34
00:46:40,0 ,0 ,0 ,475 ,5 ,18.69 ,41.30 ,1004.00 ,77.33
00:47:42,0 ,0 ,0 ,475 ,5 ,18.70 ,41.30 ,1003.96 ,77.60
00:47:43,0 ,0 ,0 ,475 ,5 ,18.70 ,41.29 ,1003.99 ,77.39
00:47:44,0 ,0 ,0 ,475 ,5 ,18.70 ,41.29 ,1004.00 ,77.30
00:47:45,0 ,0 ,0 ,475 ,5 ,18.69 ,41.29 ,1004.01 ,77.22
00:47:46,0 ,0 ,0 ,475 ,5 ,18.69 ,41.29 ,1004.00 ,77.34
00:47:47,0 ,0 ,0 ,475 ,5 ,18.69 ,41.29 ,1004.00 ,77.31
00:47:49,0 ,0 ,0 ,475 ,5 ,18.69 ,41.29 ,1004.01 ,77.21
00:47:50,0 ,0 ,0 ,475 ,5 ,18.69 ,41.29 ,1004.00 ,77.28
00:47:51,0 ,0 ,0 ,475 ,5 ,18.70 ,41.29 ,1004.01 ,77.17
00:47:52,0 ,0 ,0 ,475 ,5 ,18.70 ,41.28 ,1004.01 ,77.26
00:47:53,0 ,0 ,0 ,475 ,5 ,18.69 ,41.32 ,1003.99 ,77.36
00:47:54,0 ,0 ,0 ,475 ,5 ,18.69 ,41.39 ,1004.02 ,77.11
00:47:56,0 ,0 ,0 ,475 ,5 ,18.69 ,41.41 ,1004.00 ,77.30
00:47:57,0 ,0 ,0 ,475 ,5 ,18.69 ,41.42 ,1004.01 ,77.18
00:47:58,0 ,0 ,0 ,475 ,5 ,18.69 ,41.38 ,1003.99 ,77.38
00:47:59,0 ,0 ,0 ,475 ,5 ,18.69 ,41.36 ,1003.99 ,77.35
00:48:00,0 ,0 ,0 ,475 ,5 ,18.69 ,41.35 ,1004.02 ,77.14
00:48:01,0 ,0 ,0 ,475 ,5 ,18.69 ,41.33 ,1003.99 ,77.37
00:48:03,0 ,0 ,0 ,475 ,5 ,18.69 ,41.32 ,1003.98 ,77.43
00:48:04,0 ,0 ,0 ,475 ,5 ,18.69 ,41.31 ,1004.01 ,77.24
00:48:05,0 ,0 ,0 ,475 ,5 ,18.69 ,41.32 ,1004.00 ,77.26
00:48:06,0 ,0 ,0 ,475 ,5 ,18.69 ,41.34 ,1003.98 ,77.47
00:48:07,0 ,0 ,0 ,475 ,5 ,18.69 ,41.32 ,1004.00 ,77.34
00:48:08,0 ,0 ,0 ,475 ,5 ,18.70 ,41.32 ,1004.00 ,77.29
00:48:10,0 ,0 ,0 ,475 ,5 ,18.70 ,41.33 ,1004.02 ,77.11
00:48:11,0 ,0 ,0 ,475 ,5 ,18.70 ,41.35 ,1004.00 ,77.30
00:48:12,0 ,0 ,0 ,475 ,5 ,18.70 ,41.33 ,1004.00 ,77.26
00:48:13,0 ,0 ,0 ,475 ,5 ,18.70 ,41.36 ,1004.01 ,77.23
00:48:14,0 ,0 ,0 ,475 ,5 ,18.71 ,41.34 ,1004.01 ,77.20
00:48:15,0 ,0 ,0 ,475 ,5 ,18.71 ,41.35 ,1004.02 ,77.12
00:48:17,0 ,0 ,0 ,475 ,5 ,18.71 ,41.32 ,1004.02 ,77.12
00:48:18,0 ,0 ,0 ,475 ,5 ,18.71 ,41.31 ,1004.01 ,77.18
00:48:19,0 ,0 ,0 ,475 ,5 ,18.71 ,41.31 ,1004.01 ,77.24
00:48:20,0 ,0 ,0 ,475 ,5 ,18.71 ,41.31 ,1004.02 ,77.16
00:48:21,0 ,0 ,0 ,475 ,5 ,18.71 ,41.32 ,1004.01 ,77.23
00:48:22,0 ,0 ,0 ,475 ,5 ,18.70 ,41.28 ,1004.03 ,77.18
00:48:24,0 ,0 ,0 ,475 ,5 ,18.71 ,41.28 ,1004.04 ,76.98
00:48:25,0 ,0 ,0 ,475 ,5 ,18.70 ,41.29 ,1003.98 ,77.47
00:48:26,0 ,0 ,0 ,475 ,5 ,18.71 ,41.29 ,1004.03 ,77.01
00:48:27,0 ,0 ,0 ,475 ,5 ,18.71 ,41.30 ,1004.00 ,77.28
00:48:28,0 ,0 ,0 ,475 ,5 ,18.70 ,41.30 ,1004.02 ,77.17
00:48:29,0 ,0 ,0 ,475 ,5 ,18.70 ,41.29 ,1003.99 ,77.41
00:48:31,0 ,0 ,0 ,475 ,5 ,18.71 ,41.29 ,1004.01 ,77.22
00:48:32,0 ,0 ,0 ,475 ,5 ,18.70 ,41.29 ,1003.99 ,77.37
00:48:33,0 ,0 ,0 ,476 ,5 ,18.70 ,41.29 ,1003.98 ,77.49
00:48:34,0 ,0 ,0 ,476 ,5 ,18.71 ,41.29 ,1004.03 ,77.07
00:48:35,0 ,0 ,0 ,476 ,5 ,18.71 ,41.29 ,1004.03 ,77.06
00:48:36,0 ,0 ,0 ,476 ,5 ,18.71 ,41.30 ,1004.02 ,77.14
00:48:38,0 ,0 ,0 ,476 ,5 ,18.70 ,41.31 ,1003.99 ,77.42
00:48:39,0 ,0 ,0 ,476 ,5 ,18.71 ,41.32 ,1004.01 ,77.25
00:48:40,0 ,0 ,0 ,476 ,5 ,18.70 ,41.32 ,1004.02 ,77.11
00:48:41,0 ,0 ,0 ,476 ,5 ,18.70 ,41.31 ,1003.99 ,77.36
00:48:42,0 ,0 ,0 ,476 ,5 ,18.70 ,41.32 ,1004.02 ,77.15
00:48:43,0 ,0 ,0 ,476 ,5 ,18.70 ,41.36 ,1004.01 ,77.37
00:48:45,0 ,0 ,0 ,476 ,5 ,18.70 ,41.33 ,1003.99 ,77.35
00:48:46,0 ,0 ,0 ,476 ,5 ,18.71 ,41.32 ,1004.03 ,77.09
00:48:47,0 ,0 ,0 ,476 ,5 ,18.70 ,41.32 ,1004.02 ,77.13
00:48:48,0 ,0 ,0 ,476 ,5 ,18.71 ,41.34 ,1004.00 ,77.29
00:48:49,0 ,0 ,0 ,476 ,5 ,18.70 ,41.33 ,1004.01 ,77.20
00:48:50,0 ,0 ,0 ,476 ,5 ,18.70 ,41.30 ,1004.02 ,77.16
00:48:52,0 ,0 ,0 ,476 ,5 ,18.70 ,41.30 ,1004.02 ,77.15
00:48:53,0 ,0 ,0 ,476 ,5 ,18.70 ,41.28 ,1004.00 ,77.27
00:48:54,0 ,0 ,0 ,476 ,5 ,18.70 ,41.30 ,1004.01 ,77.23
00:48:55,0 ,0 ,0 ,476 ,5 ,18.70 ,41.29 ,1004.03 ,77.03
00:48:56,0 ,0 ,0 ,476 ,5 ,18.70 ,41.30 ,1004.01 ,77.19
00:48:57,0 ,0 ,0 ,476 ,5 ,18.70 ,41.28 ,1004.03 ,77.03
00:48:59,0 ,0 ,0 ,476 ,5 ,18.70 ,41.30 ,1004.03 ,77.06
00:49:00,0 ,0 ,0 ,476 ,5 ,18.70 ,41.31 ,1004.00 ,77.33
00:49:01,0 ,0 ,0 ,476 ,5 ,18.70 ,41.29 ,1004.04 ,76.99
00:49:02,0 ,0 ,0 ,476 ,5 ,18.70 ,41.29 ,1004.02 ,77.10
00:49:03,0 ,0 ,0 ,476 ,5 ,18.70 ,41.30 ,1004.01 ,77.22
00:49:04,0 ,0 ,0 ,476 ,5 ,18.69 ,41.30 ,1003.99 ,77.37
00:49:06,0 ,0 ,0 ,476 ,5 ,18.68 ,41.31 ,1003.99 ,77.38
00:49:07,0 ,0 ,0 ,476 ,5 ,18.70 ,41.30 ,1004.02 ,77.13
00:49:08,0 ,0 ,0 ,476 ,5 ,18.70 ,41.31 ,1003.99 ,77.35
00:49:09,0 ,0 ,0 ,476 ,5 ,18.70 ,41.30 ,1003.99 ,77.37
00:49:10,0 ,0 ,0 ,476 ,5 ,18.70 ,41.30 ,1004.02 ,77.14
00:49:11,0 ,0 ,0 ,476 ,5 ,18.69 ,41.30 ,1003.99 ,77.39
00:49:13,0 ,0 ,0 ,476 ,5 ,18.70 ,41.30 ,1004.02 ,77.15
00:49:14,0 ,0 ,0 ,476 ,5 ,18.70 ,41.30 ,1004.03 ,77.13
00:49:15,0 ,0 ,0 ,476 ,5 ,18.69 ,41.29 ,1003.98 ,77.51
00:49:16,0 ,0 ,0 ,476 ,5 ,18.70 ,41.29 ,1004.02 ,77.11
00:49:17,0 ,0 ,0 ,476 ,5 ,18.70 ,41.28 ,1004.00 ,77.27
00:49:18,0 ,0 ,0 ,476 ,5 ,18.70 ,41.28 ,1004.02 ,77.11
00:49:20,0 ,0 ,0 ,476 ,5 ,18.70 ,41.28 ,1004.05 ,76.85
00:49:21,0 ,0 ,0 ,476 ,5 ,18.69 ,41.29 ,1004.01 ,77.18
00:49:22,0 ,0 ,0 ,476 ,5 ,18.69 ,41.28 ,1004.03 ,77.08
00:49:23,0 ,0 ,0 ,476 ,5 ,18.70 ,41.29 ,1004.01 ,77.18
00:49:24,0 ,0 ,0 ,476 ,5 ,18.71 ,41.29 ,1004.02 ,77.16
00:49:25,0 ,0 ,0 ,476 ,5 ,18.70 ,41.29 ,1004.01 ,77.22
00:49:27,0 ,0 ,0 ,476 ,5 ,18.71 ,41.29 ,1004.04 ,76.96
00:49:28,0 ,0 ,0 ,476 ,5 ,18.70 ,41.29 ,1003.99 ,77.39
00:49:29,0 ,0 ,0 ,476 ,5 ,18.71 ,41.30 ,1004.02 ,77.14
00:49:30,0 ,0 ,0 ,476 ,5 ,18.70 ,41.30 ,1003.99 ,77.39
00:49:31,0 ,0 ,0 ,476 ,5 ,18.70 ,41.31 ,1004.02 ,77.09
00:49:32,0 ,0 ,0 ,476 ,5 ,18.70 ,41.30 ,1004.02 ,77.10
00:49:34,0 ,0 ,0 ,476 ,5 ,18.71 ,41.30 ,1004.02 ,77.12
00:49:35,0 ,0 ,0 ,476 ,5 ,18.71 ,41.30 ,1004.05 ,76.92
00:49:36,0 ,0 ,0 ,476 ,5 ,18.70 ,41.30 ,1003.99 ,77.39
00:49:37,0 ,0 ,0 ,476 ,5 ,18.71 ,41.30 ,1004.03 ,77.05
00:49:38,0 ,0 ,0 ,476 ,5 ,18.70 ,41.30 ,1003.98 ,77.47
00:50:39,0 ,0 ,0 ,475 ,5 ,18.72 ,41.27 ,1004.05 ,76.90
00:50:41,0 ,0 ,0 ,475 ,5 ,18.72 ,41.28 ,1004.02 ,77.10
00:50:42,0 ,0 ,0 ,476 ,5 ,18.72 ,41.29 ,1004.05 ,76.87
00:50:43,0 ,0 ,0 ,476 ,5 ,18.72 ,41.27 ,1004.02 ,77.11
00:50:44,0 ,0 ,0 ,476 ,5 ,18.72 ,41.25 ,1004.03 ,77.02
00:50:45,0 ,0 ,0 ,475 ,5 ,18.71 ,41.27 ,1004.06 ,76.80
00:50:46,0 ,0 ,0 ,476 ,5 ,18.71 ,41.27 ,1004.06 ,76.80
00:50:48,0 ,0 ,0 ,475 ,5 ,18.72 ,41.25 ,1004.06 ,76.81
00:50:49,0 ,0 ,0 ,475 ,5 ,18.71 ,41.25 ,1004.03 ,77.09
00:50:50,0 ,0 ,0 ,476 ,5 ,18.71 ,41.28 ,1004.07 ,76.75
00:50:51,0 ,0 ,0 ,476 ,5 ,18.71 ,41.27 ,1004.03 ,77.01
00:50:52,0 ,0 ,0 ,476 ,5 ,18.71 ,41.29 ,1004.03 ,77.05
00:50:53,0 ,0 ,0 ,476 ,5 ,18.71 ,41.29 ,1004.06 ,76.84
00:50:55,0 ,0 ,0 ,475 ,5 ,18.72 ,41.27 ,1004.07 ,76.74
00:50:56,0 ,0 ,0 ,476 ,5 ,18.71 ,41.28 ,1004.03 ,77.07
00:50:57,0 ,0 ,0 ,476 ,5 ,18.71 ,41.27 ,1004.05 ,76.90
00:50:58,0 ,0 ,0 ,476 ,5 ,18.72 ,41.25 ,1004.04 ,76.96
00:50:59,0 ,0 ,0 ,476 ,5 ,18.71 ,41.23 ,1004.06 ,76.79
00:51:00,0 ,0 ,0 ,476 ,5 ,18.72 ,41.24 ,1004.05 ,76.88
00:51:02,0 ,0 ,0 ,476 ,5 ,18.72 ,41.24 ,1004.04 ,77.00
00:51:03,0 ,0 ,0 ,476 ,5 ,18.71 ,41.24 ,1004.07 ,76.71
00:51:04,0 ,0 ,0 ,476 ,5 ,18.71 ,41.24 ,1004.04 ,76.99
00:51:05,0 ,0 ,0 ,476 ,5 ,18.72 ,41.23 ,1004.05 ,76.86
00:51:06,0 ,0 ,0 ,476 ,5 ,18.72 ,41.27 ,1004.03 ,77.05
00:51:07,0 ,0 ,0 ,476 ,5 ,18.71 ,41.28 ,1004.05 ,76.92
00:51:09,0 ,0 ,0 ,476 ,5 ,18.71 ,41.30 ,1004.04 ,76.96
00:51:10,0 ,0 ,0 ,475 ,5 ,18.72 ,41.28 ,1004.05 ,76.88
00:51:11,0 ,0 ,0 ,475 ,5 ,18.72 ,41.28 ,1004.04 ,76.97
00:51:12,0 ,0 ,0 ,476 ,5 ,18.72 ,41.27 ,1004.05 ,76.86
00:51:13,0 ,0 ,0 ,476 ,5 ,18.72 ,41.28 ,1004.07 ,76.73
00:51:14,0 ,0 ,0 ,475 ,5 ,18.72 ,41.27 ,1004.05 ,76.87
00:51:16,0 ,0 ,0 ,475 ,5 ,18.72 ,41.28 ,1004.05 ,76.85
00:51:17,0 ,0 ,0 ,475 ,5 ,18.72 ,41.26 ,1004.08 ,76.67
00:51:18,0 ,0 ,0 ,476 ,5 ,18.72 ,41.25 ,1004.08 ,76.65
00:51:19,0 ,0 ,0 ,475 ,5 ,18.72 ,41.26 ,1004.06 ,76.76
00:51:20,0 ,0 ,0 ,475 ,5 ,18.72 ,41.27 ,1004.06 ,76.81
00:51:21,0 ,0 ,0 ,475 ,5 ,18.72 ,41.24 ,1004.08 ,76.66
00:51:23,0 ,0 ,0 ,475 ,5 ,18.72 ,41.24 ,1004.05 ,76.86
00:51:24,0 ,0 ,0 ,475 ,5 ,18.72 ,41.26 ,1004.06 ,76.76
00:51:25,0 ,0 ,0 ,475 ,5 ,18.72 ,41.26 ,1004.04 ,76.93
00:51:26,0 ,0 ,0 ,475 ,5 ,18.72 ,41.24 ,1004.04 ,76.93
00:51:27,0 ,0 ,0 ,475 ,5 ,18.72 ,41.24 ,1004.07 ,76.69
00:51:28,0 ,0 ,0 ,475 ,5 ,18.71 ,41.23 ,1004.05 ,76.90
00:51:30,0 ,0 ,0 ,475 ,5 ,18.73 ,41.25 ,1004.06 ,76.79
00:51:31,0 ,0 ,0 ,475 ,5 ,18.72 ,41.24 ,1004.05 ,76.87
00:51:32,0 ,0 ,0 ,475 ,5 ,18.72 ,41.23 ,1004.08 ,76.66
00:51:33,0 ,0 ,0 ,476 ,5 ,18.72 ,41.21 ,1004.05 ,76.87
00:51:34,0 ,0 ,0 ,476 ,5 ,18.72 ,41.22 ,1004.04 ,76.98
00:51:35,0 ,0 ,0 ,476 ,5 ,18.72 ,41.23 ,1004.04 ,76.93
00:51:37,0 ,0 ,0 ,476 ,5 ,18.72 ,41.22 ,1004.07 ,76.70
00:51:38,0 ,0 ,0 ,476 ,5 ,18.71 ,41.23 ,1004.07 ,76.73
00:51:39,0 ,0 ,0 ,476 ,5 ,18.72 ,41.23 ,1004.06 ,76.81
00:51:40,0 ,0 ,0 ,476 ,5 ,18.72 ,41.24 ,1004.05 ,76.91
00:51:41,0 ,0 ,0 ,476 ,5 ,18.72 ,41.25 ,1004.07 ,76.70
00:51:42,0 ,0 ,0 ,476 ,5 ,18.72 ,41.24 ,1004.06 ,76.82
00:51:44,0 ,0 ,0 ,476 ,5 ,18.72 ,41.24 ,1004.04 ,76.93
00:51:45,0 ,0 ,0 ,476 ,5 ,18.72 ,41.24 ,1004.06 ,76.76
00:51:46,0 ,0 ,0 ,476 ,5 ,18.72 ,41.27 ,1004.04 ,77.00
00:51:47,0 ,0 ,0 ,476 ,5 ,18.72 ,41.28 ,1004.06 ,76.79
00:51:48,0 ,0 ,0 ,476 ,5 ,18.72 ,41.28 ,1004.08 ,76.66
00:51:49,0 ,0 ,0 ,476 ,5 ,18.72 ,41.28 ,1004.07 ,76.69
00:51:51,0 ,0 ,0 ,476 ,5 ,18.72 ,41.25 ,1004.06 ,76.78
00:51:52,0 ,0 ,0 ,476 ,5 ,18.72 ,41.26 ,1004.07 ,76.72
00:51:53,0 ,0 ,0 ,476 ,5 ,18.72 ,41.26 ,1004.09 ,76.57
00:51:54,0 ,0 ,0 ,477 ,5 ,18.72 ,41.24 ,1004.06 ,76.83
00:51:55,0 ,0 ,0 ,476 ,5 ,18.72 ,41.24 ,1004.05 ,76.88
00:51:56,0 ,0 ,0 ,476 ,5 ,18.72 ,41.24 ,1004.06 ,76.80
00:51:58,0 ,0 ,0 ,476 ,5 ,18.72 ,41.23 ,1004.07 ,76.69
00:51:59,0 ,0 ,0 ,476 ,5 ,18.72 ,41.24 ,1004.06 ,76.80
00:52:00,0 ,0 ,0 ,476 ,5 ,18.72 ,41.24 ,1004.08 ,76.63
00:52:01,0 ,0 ,0 ,476 ,5 ,18.72 ,41.22 ,1004.08 ,76.66
00:52:02,0 ,0 ,0 ,476 ,5 ,18.72 ,41.24 ,1004.08 ,76.66
00:52:03,0 ,0 ,0 ,476 ,5 ,18.72 ,41.28 ,1004.10 ,76.45
00:52:05,0 ,0 ,0 ,476 ,5 ,18.72 ,41.25 ,1004.08 ,76.61
00:52:06,0 ,0 ,0 ,477 ,5 ,18.72 ,41.24 ,1004.08 ,76.65
00:52:07,0 ,0 ,0 ,477 ,5 ,18.72 ,41.27 ,1004.06 ,76.80
00:52:08,0 ,0 ,0 ,476 ,5 ,18.72 ,41.29 ,1004.05 ,76.85
00:52:09,0 ,0 ,0 ,476 ,5 ,18.73 ,41.29 ,1004.08 ,76.62
00:52:10,0 ,0 ,0 ,476 ,5 ,18.72 ,41.28 ,1004.06 ,76.80
00:52:12,0 ,0 ,0 ,476 ,5 ,18.72 ,41.27 ,1004.09 ,76.53
00:52:13,0 ,0 ,0 ,476 ,5 ,18.71 ,41.27 ,1004.05 ,76.85
00:52:14,0 ,0 ,0 ,476 ,5 ,18.71 ,41.29 ,1004.06 ,76.80
00:52:15,0 ,0 ,0 ,476 ,5 ,18.71 ,41.28 ,1004.06 ,76.83
00:52:16,0 ,0 ,0 ,476 ,5 ,18.72 ,41.27 ,1004.06 ,76.76
00:52:17,0 ,0 ,0 ,476 ,5 ,18.70 ,41.29 ,1004.05 ,76.89
00:52:19,0 ,0 ,0 ,476 ,5 ,18.71 ,41.27 ,1004.05 ,76.87
00:52:20,0 ,0 ,0 ,476 ,5 ,18.71 ,41.27 ,1004.05 ,76.90
00:52:21,0 ,0 ,0 ,476 ,5 ,18.71 ,41.25 ,1004.07 ,76.69
00:52:22,0 ,0 ,0 ,476 ,5 ,18.71 ,41.25 ,1004.04 ,76.98
00:52:23,0 ,0 ,0 ,476 ,5 ,18.70 ,41.25 ,1003.99 ,77.38
00:52:24,0 ,0 ,0 ,476 ,5 ,18.71 ,41.28 ,1004.05 ,76.88
00:52:26,0 ,0 ,0 ,476 ,5 ,18.71 ,41.27 ,1004.04 ,76.98
00:52:27,0 ,0 ,0 ,476 ,5 ,18.72 ,41.25 ,1004.07 ,76.69
00:52:28,0 ,0 ,0 ,476 ,5 ,18.71 ,41.24 ,1004.08 ,76.66
00:52:29,0 ,0 ,0 ,476 ,5 ,18.71 ,41.27 ,1004.09 ,76.57
00:52:30,0 ,0 ,0 ,476 ,5 ,18.71 ,41.29 ,1004.06 ,76.79
00:52:31,0 ,0 ,0 ,476 ,5 ,18.71 ,41.29 ,1004.07 ,76.74
00:52:33,0 ,0 ,0 ,475 ,5 ,18.71 ,41.31 ,1004.05 ,76.86
00:52:34,0 ,0 ,0 ,475 ,5 ,18.71 ,41.29 ,1004.07 ,76.68
00:52:35,0 ,0 ,0 ,476 ,5 ,18.71 ,41.29 ,1004.07 ,76.75
00:52:36,0 ,0 ,0 ,475 ,5 ,18.72 ,41.29 ,1004.06 ,76.78
00:53:37,0 ,0 ,0 ,474 ,5 ,18.72 ,41.23 ,1004.10 ,76.46
00:53:38,0 ,0 ,0 ,473 ,5 ,18.71 ,41.23 ,1004.05 ,76.90
00:53:40,0 ,0 ,0 ,474 ,5 ,18.72 ,41.22 ,1004.07 ,76.67
00:53:41,0 ,0 ,0 ,474 ,5 ,18.71 ,41.22 ,1004.08 ,76.62
00:53:42,0 ,0 ,0 ,474 ,5 ,18.72 ,41.24 ,1004.08 ,76.65
00:53:43,0 ,0 ,0 ,474 ,5 ,18.72 ,41.22 ,1004.08 ,76.63
00:53:44,0 ,0 ,0 ,474 ,5 ,18.71 ,41.23 ,1004.04 ,76.96
00:53:45,0 ,0 ,0 ,474 ,5 ,18.72 ,41.25 ,1004.06 ,76.76
00:53:47,0 ,0 ,0 ,474 ,5 ,18.72 ,41.22 ,1004.09 ,76.55
00:53:48,0 ,0 ,0 ,474 ,5 ,18.72 ,41.22 ,1004.10 ,76.48
00:53:49,0 ,0 ,0 ,474 ,5 ,18.72 ,41.21 ,1004.08 ,76.59
00:53:50,0 ,0 ,0 ,474 ,5 ,18.72 ,41.22 ,1004.10 ,76.48
00:53:51,0 ,0 ,0 ,474 ,5 ,18.72 ,41.22 ,1004.11 ,76.41
00:53:52,0 ,0 ,0 ,474 ,5 ,18.72 ,41.27 ,1004.05 ,76.90
00:53:54,0 ,0 ,0 ,474 ,5 ,18.71 ,41.29 ,1004.06 ,76.80
00:53:55,0 ,0 ,0 ,474 ,5 ,18.72 ,41.31 ,1004.07 ,76.71
00:53:56,0 ,0 ,0 ,474 ,5 ,18.73 ,41.31 ,1004.06 ,76.83
00:53:57,0 ,0 ,0 ,474 ,5 ,18.73 ,41.30 ,1004.09 ,76.56
00:53:58,0 ,0 ,0 ,474 ,5 ,18.72 ,41.30 ,1004.08 ,76.61
00:53:59,0 ,0 ,0 ,474 ,5 ,18.73 ,41.30 ,1004.07 ,76.68
00:54:01,0 ,0 ,0 ,474 ,5 ,18.73 ,41.38 ,1004.07 ,76.59
00:54:02,0 ,0 ,0 ,474 ,5 ,18.72 ,41.28 ,1004.05 ,76.89
00:54:03,0 ,0 ,0 ,474 ,5 ,18.73 ,41.28 ,1004.04 ,76.94
00:54:04,0 ,0 ,0 ,474 ,5 ,18.73 ,41.26 ,1004.04 ,76.94
00:54:05,0 ,0 ,0 ,474 ,5 ,18.73 ,41.25 ,1004.05 ,76.88
00:54:06,0 ,0 ,0 ,474 ,5 ,18.73 ,41.26 ,1004.05 ,76.86
00:54:08,0 ,0 ,0 ,474 ,5 ,18.72 ,41.27 ,1004.05 ,76.88
00:54:09,0 ,0 ,0 ,474 ,5 ,18.72 ,41.26 ,1004.07 ,76.72
00:54:10,0 ,0 ,0 ,475 ,5 ,18.73 ,41.27 ,1004.08 ,76.59
00:54:11,0 ,0 ,0 ,475 ,5 ,18.73 ,41.27 ,1004.06 ,76.82
00:54:12,0 ,0 ,0 ,475 ,5 ,18.73 ,41.28 ,1004.10 ,76.43
00:54:13,0 ,0 ,0 ,475 ,5 ,18.73 ,41.28 ,1004.08 ,76.64
00:54:15,0 ,0 ,0 ,475 ,5 ,18.72 ,41.26 ,1004.08 ,76.60
00:54:16,0 ,0 ,0 ,475 ,5 ,18.73 ,41.26 ,1004.08 ,76.62
00:54:17,0 ,0 ,0 ,475 ,5 ,18.72 ,41.26 ,1004.07 ,76.70
00:54:18,0 ,0 ,0 ,475 ,5 ,18.72 ,41.28 ,1004.09 ,76.57
00:54:19,0 ,0 ,0 ,475 ,5 ,18.72 ,41.25 ,1004.07 ,76.74
00:54:21,0 ,0 ,0 ,475 ,5 ,18.73 ,41.29 ,1004.10 ,76.43
00:54:22,0 ,0 ,0 ,475 ,5 ,18.72 ,41.27 ,1004.07 ,76.71
00:54:23,0 ,0 ,0 ,475 ,5 ,18.73 ,41.28 ,1004.09 ,76.50
00:54:24,0 ,0 ,0 ,476 ,5 ,18.72 ,41.28 ,1004.07 ,76.67
00:54:25,0 ,0 ,0 ,476 ,5 ,18.73 ,41.25 ,1004.08 ,76.64
00:54:26,0 ,0 ,0 ,476 ,5 ,18.72 ,41.26 ,1004.08 ,76.64
00:54:28,0 ,0 ,0 ,476 ,5 ,18.72 ,41.24 ,1004.06 ,76.77
00:54:29,0 ,0 ,0 ,476 ,5 ,18.72 ,41.33 ,1004.08 ,76.59
00:54:30,0 ,0 ,0 ,476 ,5 ,18.73 ,41.27 ,1004.06 ,76.83
00:54:31,0 ,0 ,0 ,476 ,5 ,18.73 ,41.27 ,1004.09 ,76.57
00:54:32,0 ,0 ,0 ,476 ,5 ,18.73 ,41.29 ,1004.08 ,76.66
00:54:33,0 ,0 ,0 ,476 ,5 ,18.72 ,41.29 ,1004.06 ,76.83
00:54:35,0 ,0 ,0 ,476 ,5 ,18.72 ,41.28 ,1004.08 ,76.66
00:54:36,0 ,0 ,0 ,476 ,5 ,18.72 ,41.26 ,1004.10 ,76.45
00:54:37,0 ,0 ,0 ,476 ,5 ,18.72 ,41.27 ,1004.11 ,76.41
00:54:38,0 ,0 ,0 ,476 ,5 ,18.72 ,41.27 ,1004.12 ,76.31
00:54:39,0 ,0 ,0 ,476 ,5 ,18.71 ,41.27 ,1004.07 ,76.69
00:54:40,0 ,0 ,0 ,476 ,5 ,18.72 ,41.29 ,1004.06 ,76.81
00:54:42,0 ,0 ,0 ,476 ,5 ,18.72 ,41.27 ,1004.07 ,76.71
00:54:43,0 ,0 ,0 ,476 ,5 ,18.72 ,41.25 ,1004.08 ,76.59
00:54:44,0 ,0 ,0 ,476 ,5 ,18.72 ,41.25 ,1004.09 ,76.51
00:54:45,0 ,0 ,0 ,476 ,5 ,18.72 ,41.27 ,1004.08 ,76.60
00:54:46,0 ,0 ,0 ,476 ,5 ,18.72 ,41.25 ,1004.09 ,76.58
00:54:47,0 ,0 ,0 ,476 ,5 ,18.72 ,41.26 ,1004.10 ,76.43
00:54:49,0 ,0 ,0 ,477 ,5 ,18.72 ,41.26 ,1004.07 ,76.68
00:54:50,0 ,0 ,0 ,477 ,5 ,18.72 ,41.28 ,1004.11 ,76.42
00:54:51,0 ,0 ,0 ,476 ,5 ,18.72 ,41.25 ,1004.07 ,76.71
00:54:52,0 ,0 ,0 ,476 ,5 ,18.72 ,41.26 ,1004.06 ,76.78
00:54:53,0 ,0 ,0 ,476 ,5 ,18.71 ,41.30 ,1004.07 ,76.68
00:54:54,0 ,0 ,0 ,476 ,5 ,18.72 ,41.31 ,1004.10 ,76.48
00:54:56,0 ,0 ,0 ,477 ,5 ,18.72 ,41.37 ,1004.08 ,76.64
00:54:57,0 ,0 ,0 ,476 ,5 ,18.72 ,41.38 ,1004.07 ,76.71
00:54:58,0 ,0 ,0 ,477 ,5 ,18.73 ,41.39 ,1004.08 ,76.59
00:54:59,0 ,0 ,0 ,477 ,5 ,18.72 ,41.38 ,1004.09 ,76.51
00:55:00,0 ,0 ,0 ,476 ,5 ,18.72 ,41.36 ,1004.09 ,76.52
00:55:01,0 ,0 ,0 ,476 ,5 ,18.72 ,41.33 ,1004.07 ,76.69
00:55:03,0 ,0 ,0 ,477 ,5 ,18.72 ,41.34 ,1004.08 ,76.65
00:55:04,0 ,0 ,0 ,476 ,5 ,18.71 ,41.30 ,1004.10 ,76.44
00:55:05,0 ,0 ,0 ,477 ,5 ,18.71 ,41.29 ,1004.07 ,76.72
00:55:06,0 ,0 ,0 ,477 ,5 ,18.73 ,41.29 ,1004.08 ,76.60
00:55:07,0 ,0 ,0 ,477 ,5 ,18.72 ,41.29 ,1004.10 ,76.44
00:55:08,0 ,0 ,0 ,477 ,5 ,18.72 ,41.28 ,1004.08 ,76.60
00:55:10,0 ,0 ,0 ,477 ,5 ,18.72 ,41.29 ,1004.07 ,76.71
00:55:11,0 ,0 ,0 ,477 ,5 ,18.72 ,41.30 ,1004.09 ,76.51
00:55:12,0 ,0 ,0 ,477 ,5 ,18.72 ,41.29 ,1004.07 ,76.73
00:55:13,0 ,0 ,0 ,476 ,5 ,18.72 ,41.28 ,1004.08 ,76.61
00:55:14,0 ,0 ,0 ,477 ,5 ,18.73 ,41.28 ,1004.09 ,76.57
00:55:15,0 ,0 ,0 ,477 ,5 ,18.72 ,41.27 ,1004.09 ,76.52
00:55:17,0 ,0 ,0 ,477 ,5 ,18.72 ,41.27 ,1004.08 ,76.66
00:55:18,0 ,0 ,0 ,477 ,5 ,18.73 ,41.30 ,1004.08 ,76.62
00:55:19,0 ,0 ,0 ,477 ,5 ,18.72 ,41.31 ,1004.07 ,76.67
00:55:20,0 ,0 ,0 ,477 ,5 ,18.72 ,41.30 ,1004.09 ,76.58
00:55:21,0 ,0 ,0 ,477 ,5 ,18.72 ,41.27 ,1004.08 ,76.59
00:55:22,0 ,0 ,0 ,477 ,5 ,18.72 ,41.25 ,1004.09 ,76.56
00:55:24,0 ,0 ,0 ,477 ,5 ,18.71 ,41.31 ,1004.10 ,76.44
00:55:25,0 ,0 ,0 ,477 ,5 ,18.72 ,41.32 ,1004.08 ,76.61
00:55:26,0 ,0 ,0 ,477 ,5 ,18.72 ,41.30 ,1004.11 ,76.35
00:55:27,0 ,0 ,0 ,477 ,5 ,18.72 ,41.37 ,1004.09 ,76.57
00:55:28,0 ,0 ,0 ,477 ,5 ,18.72 ,41.39 ,1004.08 ,76.60
00:55:29,0 ,0 ,0 ,477 ,5 ,18.72 ,41.37 ,1004.10 ,76.48
00:55:31,0 ,0 ,0 ,477 ,5 ,18.71 ,41.32 ,1004.10 ,76.42
00:55:32,0 ,0 ,0 ,477 ,5 ,18.72 ,41.32 ,1004.07 ,76.72
00:55:33,0 ,0 ,0 ,477 ,5 ,18.72 ,41.30 ,1004.11 ,76.40
00:55:34,0 ,0 ,0 ,477 ,5 ,18.71 ,41.29 ,1004.11 ,76.41
00:56:35,0 ,0 ,0 ,474 ,5 ,18.70 ,41.27 ,1004.08 ,76.62
00:56:36,0 ,0 ,0 ,474 ,5 ,18.71 ,41.29 ,1004.10 ,76.43
00:56:38,0 ,0 ,0 ,474 ,5 ,18.70 ,41.30 ,1004.09 ,76.55
00:56:39,0 ,0 ,0 ,474 ,5 ,18.71 ,41.28 ,1004.12 ,76.29
00:56:40,0 ,0 ,0 ,474 ,5 ,18.71 ,41.29 ,1004.10 ,76.44
00:56:41,0 ,0 ,0 ,474 ,5 ,18.71 ,41.29 ,1004.11 ,76.40
00:56:42,0 ,0 ,0 ,474 ,5 ,18.71 ,41.29 ,1004.12 ,76.30
00:56:43,0 ,0 ,0 ,474 ,5 ,18.71 ,41.30 ,1004.10 ,76.47
00:56:45,0 ,0 ,0 ,473 ,5 ,18.72 ,41.30 ,1004.09 ,76.56
00:56:46,0 ,0 ,0 ,474 ,5 ,18.72 ,41.27 ,1004.10 ,76.43
00:56:47,0 ,0 ,0 ,474 ,5 ,18.72 ,41.27 ,1004.12 ,76.30
00:56:48,0 ,0 ,0 ,474 ,5 ,18.71 ,41.27 ,1004.10 ,76.44
00:56:49,0 ,0 ,0 ,474 ,5 ,18.72 ,41.25 ,1004.10 ,76.48
00:56:50,0 ,0 ,0 ,474 ,5 ,18.72 ,41.25 ,1004.09 ,76.54
00:56:52,0 ,0 ,0 ,474 ,5 ,18.71 ,41.25 ,1004.09 ,76.58
00:56:53,0 ,0 ,0 ,474 ,5 ,18.71 ,41.25 ,1004.11 ,76.38
00:56:54,0 ,0 ,0 ,474 ,5 ,18.71 ,41.24 ,1004.13 ,76.21
00:56:55,0 ,0 ,0 ,474 ,5 ,18.71 ,41.25 ,1004.10 ,76.44
00:56:56,0 ,0 ,0 ,473 ,5 ,18.71 ,41.25 ,1004.09 ,76.55
00:56:57,0 ,0 ,0 ,473 ,5 ,18.71 ,41.25 ,1004.08 ,76.64
00:56:59,0 ,0 ,0 ,473 ,5 ,18.71 ,41.27 ,1004.07 ,76.72
00:57:00,0 ,0 ,0 ,473 ,5 ,18.71 ,41.25 ,1004.10 ,76.47
00:57:01,0 ,0 ,0 ,473 ,5 ,18.71 ,41.28 ,1004.08 ,76.60
00:57:02,0 ,0 ,0 ,473 ,5 ,18.71 ,41.27 ,1004.10 ,76.47
00:57:03,0 ,0 ,0 ,473 ,5 ,18.71 ,41.28 ,1004.07 ,76.71
00:57:04,0 ,0 ,0 ,473 ,5 ,18.72 ,41.28 ,1004.10 ,76.47
00:57:06,0 ,0 ,0 ,473 ,5 ,18.71 ,41.27 ,1004.10 ,76.43
00:57:07,0 ,0 ,0 ,473 ,5 ,18.71 ,41.27 ,1004.11 ,76.38
00:57:08,0 ,0 ,0 ,473 ,5 ,18.72 ,41.27 ,1004.11 ,76.39
00:57:09,0 ,0 ,0 ,473 ,5 ,18.71 ,41.28 ,1004.10 ,76.49
00:57:10,0 ,0 ,0 ,473 ,5 ,18.71 ,41.27 ,1004.10 ,76.48
00:57:11,0 ,0 ,0 ,472 ,5 ,18.71 ,41.25 ,1004.11 ,76.38
00:57:13,0 ,0 ,0 ,472 ,5 ,18.71 ,41.25 ,1004.13 ,76.20
00:57:14,0 ,0 ,0 ,473 ,5 ,18.71 ,41.28 ,1004.08 ,76.61
00:57:15,0 ,0 ,0 ,473 ,5 ,18.71 ,41.29 ,1004.10 ,76.50
00:57:16,0 ,0 ,0 ,473 ,5 ,18.71 ,41.27 ,1004.12 ,76.26
00:57:17,0 ,0 ,0 ,473 ,5 ,18.71 ,41.25 ,1004.10 ,76.47
00:57:18,0 ,0 ,0 ,473 ,5 ,18.71 ,41.22 ,1004.09 ,76.52
00:57:20,0 ,0 ,0 ,473 ,5 ,18.72 ,41.27 ,1004.08 ,76.62
00:57:21,0 ,0 ,0 ,473 ,5 ,18.72 ,41.26 ,1004.12 ,76.32
00:57:22,0 ,0 ,0 ,473 ,5 ,18.72 ,41.27 ,1004.07 ,76.69
00:57:23,0 ,0 ,0 ,473 ,5 ,18.72 ,41.23 ,1004.10 ,76.45
00:57:24,0 ,0 ,0 ,473 ,5 ,18.72 ,41.24 ,1004.11 ,76.36
00:57:25,0 ,0 ,0 ,473 ,5 ,18.72 ,41.26 ,1004.11 ,76.35
00:57:27,0 ,0 ,0 ,473 ,5 ,18.72 ,41.22 ,1004.10 ,76.44
00:57:28,0 ,0 ,0 ,473 ,5 ,18.72 ,41.22 ,1004.09 ,76.52
00:57:29,0 ,0 ,0 ,473 ,5 ,18.72 ,41.22 ,1004.09 ,76.58
00:57:30,0 ,0 ,0 ,473 ,5 ,18.72 ,41.22 ,1004.08 ,76.66
00:57:31,0 ,0 ,0 ,473 ,5 ,18.72 ,41.23 ,1004.09 ,76.51
00:57:32,0 ,0 ,0 ,473 ,5 ,18.72 ,41.22 ,1004.06 ,76.78
00:57:34,0 ,0 ,0 ,473 ,5 ,18.72 ,41.22 ,1004.08 ,76.59
00:57:35,0 ,0 ,0 ,473 ,5 ,18.72 ,41.23 ,1004.10 ,76.50
00:57:36,0 ,0 ,0 ,473 ,5 ,18.73 ,41.22 ,1004.12 ,76.30
00:57:37,0 ,0 ,0 ,473 ,5 ,18.73 ,41.21 ,1004.10 ,76.50
00:57:38,0 ,0 ,0 ,473 ,5 ,18.73 ,41.25 ,1004.08 ,76.66
00:57:39,0 ,0 ,0 ,473 ,5 ,18.73 ,41.23 ,1004.09 ,76.53
00:57:41,0 ,0 ,0 ,473 ,5 ,18.74 ,41.22 ,1004.08 ,76.59
00:57:42,0 ,0 ,0 ,473 ,5 ,18.73 ,41.22 ,1004.10 ,76.48
00:57:43,0 ,0 ,0 ,473 ,5 ,18.73 ,41.25 ,1004.09 ,76.53
00:57:44,0 ,0 ,0 ,473 ,5 ,18.73 ,41.23 ,1004.08 ,76.60
00:57:45,0 ,0 ,0 ,473 ,5 ,18.74 ,41.25 ,1004.09 ,76.56
00:57:46,0 ,0 ,0 ,473 ,5 ,18.73 ,41.23 ,1004.08 ,76.67
00:57:48,0 ,0 ,0 ,472 ,5 ,18.73 ,41.22 ,1004.09 ,76.52
00:57:49,0 ,0 ,0 ,472 ,5 ,18.73 ,41.23 ,1004.10 ,76.49
00:57:50,0 ,0 ,0 ,472 ,5 ,18.73 ,41.23 ,1004.08 ,76.60
00:57:51,0 ,0 ,0 ,472 ,5 ,18.72 ,41.23 ,1004.08 ,76.60
00:57:52,0 ,0 ,0 ,472 ,5 ,18.73 ,41.23 ,1004.10 ,76.43
00:57:53,0 ,0 ,0 ,472 ,5 ,18.73 ,41.23 ,1004.11 ,76.34
00:57:55,0 ,0 ,0 ,472 ,5 ,18.73 ,41.25 ,1004.08 ,76.63
00:57:56,0 ,0 ,0 ,472 ,5 ,18.73 ,41.23 ,1004.11 ,76.36
00:57:57,0 ,0 ,0 ,472 ,5 ,18.72 ,41.22 ,1004.06 ,76.76
00:57:58,0 ,0 ,0 ,472 ,5 ,18.73 ,41.23 ,1004.08 ,76.60
00:57:59,0 ,0 ,0 ,472 ,5 ,18.73 ,41.25 ,1004.09 ,76.55
00:58:00,0 ,0 ,0 ,472 ,5 ,18.72 ,41.23 ,1004.09 ,76.55
00:58:02,0 ,0 ,0 ,472 ,5 ,18.73 ,41.25 ,1004.10 ,76.43
00:58:03,0 ,0 ,0 ,472 ,5 ,18.73 ,41.23 ,1004.09 ,76.52
00:58:04,0 ,0 ,0 ,472 ,5 ,18.74 ,41.26 ,1004.10 ,76.45
00:58:05,0 ,0 ,0 ,472 ,5 ,18.73 ,41.23 ,1004.11 ,76.34
00:58:06,0 ,0 ,0 ,472 ,5 ,18.73 ,41.25 ,1004.08 ,76.63
00:58:07,0 ,0 ,0 ,472 ,5 ,18.73 ,41.26 ,1004.08 ,76.60
00:58:09,0 ,0 ,0 ,473 ,5 ,18.73 ,41.23 ,1004.06 ,76.80
00:58:10,0 ,0 ,0 ,473 ,5 ,18.72 ,41.26 ,1004.07 ,76.71
00:58:11,0 ,0 ,0 ,472 ,5 ,18.73 ,41.26 ,1004.13 ,76.19
00:58:12,0 ,0 ,0 ,473 ,5 ,18.72 ,41.25 ,1004.07 ,76.61
00:58:13,0 ,0 ,0 ,473 ,5 ,18.73 ,41.28 ,1004.09 ,76.53
00:58:14,0 ,0 ,0 ,472 ,5 ,18.73 ,41.25 ,1004.08 ,76.59
00:58:16,0 ,0 ,0 ,473 ,5 ,18.72 ,41.24 ,1004.13 ,76.24
00:58:17,0 ,0 ,0 ,473 ,5 ,18.73 ,41.26 ,1004.10 ,76.45
00:58:18,0 ,0 ,0 ,473 ,5 ,18.72 ,41.24 ,1004.10 ,76.48
00:58:19,0 ,0 ,0 ,472 ,5 ,18.73 ,41.26 ,1004.10 ,76.43
00:58:20,0 ,0 ,0 ,473 ,5 ,18.72 ,41.26 ,1004.10 ,76.45
00:58:21,0 ,0 ,0 ,473 ,5 ,18.73 ,41.25 ,1004.10 ,76.42
00:58:23,0 ,0 ,0 ,472 ,5 ,18.73 ,41.26 ,1004.11 ,76.39
00:58:24,0 ,0 ,0 ,473 ,5 ,18.72 ,41.25 ,1004.10 ,76.49
00:58:25,0 ,0 ,0 ,473 ,5 ,18.72 ,41.26 ,1004.08 ,76.61
00:58:26,0 ,0 ,0 ,472 ,5 ,18.72 ,41.25 ,1004.06 ,76.79
00:58:27,0 ,0 ,0 ,472 ,5 ,18.72 ,41.24 ,1004.08 ,76.59
00:58:28,0 ,0 ,0 ,472 ,5 ,18.72 ,41.26 ,1004.10 ,76.47
00:58:30,0 ,0 ,0 ,472 ,5 ,18.72 ,41.26 ,1004.09 ,76.55
00:58:31,0 ,0 ,0 ,472 ,5 ,18.72 ,41.24 ,1004.09 ,76.55
00:58:32,0 ,0 ,0 ,472 ,5 ,18.72 ,41.23 ,1004.11 ,76.37
00:59:33,0 ,0 ,0 ,472 ,5 ,18.71 ,41.25 ,1004.07 ,76.68
00:59:34,0 ,0 ,0 ,473 ,5 ,18.71 ,41.25 ,1004.10 ,76.50
00:59:35,0 ,0 ,0 ,473 ,5 ,18.71 ,41.27 ,1004.09 ,76.52
00:59:37,0 ,0 ,0 ,472 ,5 ,18.71 ,41.25 ,1004.10 ,76.43
00:59:38,0 ,0 ,0 ,472 ,5 ,18.71 ,41.24 ,1004.08 ,76.66
00:59:39,0 ,0 ,0 ,472 ,5 ,18.71 ,41.27 ,1004.10 ,76.49
00:59:40,0 ,0 ,0 ,472 ,5 ,18.71 ,41.24 ,1004.10 ,76.47
00:59:41,0 ,0 ,0 ,472 ,5 ,18.72 ,41.27 ,1004.09 ,76.55
00:59:42,0 ,0 ,0 ,472 ,5 ,18.72 ,41.24 ,1004.10 ,76.44
00:59:44,0 ,0 ,0 ,472 ,5 ,18.72 ,41.28 ,1004.10 ,76.48
00:59:45,0 ,0 ,0 ,472 ,5 ,18.72 ,41.25 ,1004.09 ,76.50
00:59:46,0 ,0 ,0 ,473 ,5 ,18.70 ,41.25 ,1004.06 ,76.78
00:59:47,0 ,0 ,0 ,473 ,5 ,18.71 ,41.25 ,1004.09 ,76.52
00:59:48,0 ,0 ,0 ,473 ,5 ,18.71 ,41.27 ,1004.04 ,76.92
00:59:49,0 ,0 ,0 ,472 ,5 ,18.72 ,41.27 ,1004.10 ,76.47
00:59:51,0 ,0 ,0 ,472 ,5 ,18.72 ,41.27 ,1004.09 ,76.54
00:59:52,0 ,0 ,0 ,472 ,5 ,18.72 ,41.28 ,1004.12 ,76.28
00:59:53,0 ,0 ,0 ,472 ,5 ,18.72 ,41.25 ,1004.09 ,76.54
00:59:54,0 ,0 ,0 ,472 ,5 ,18.71 ,41.27 ,1004.08 ,76.59
00:59:55,0 ,0 ,0 ,472 ,5 ,18.71 ,41.28 ,1004.12 ,76.30
00:59:56,0 ,0 ,0 ,472 ,5 ,18.71 ,41.27 ,1004.10 ,76.47
00:59:58,0 ,0 ,0 ,472 ,5 ,18.71 ,41.27 ,1004.09 ,76.55
00:59:59,0 ,0 ,0 ,472 ,5 ,18.71 ,41.28 ,1004.10 ,76.45
01:00:00,0 ,0 ,0 ,472 ,5 ,18.72 ,41.27 ,1004.11 ,76.38
01:00:01,0 ,0 ,0 ,472 ,5 ,18.72 ,41.27 ,1004.10 ,76.48
01:00:02,0 ,0 ,0 ,472 ,5 ,18.71 ,41.27 ,1004.07 ,76.67
01:00:03,0 ,0 ,0 ,472 ,5 ,18.72 ,41.27 ,1004.10 ,76.49
01:00:05,0 ,0 ,0 ,472 ,5 ,18.72 ,41.27 ,1004.10 ,76.42
01:00:06,0 ,0 ,0 ,472 ,5 ,18.71 ,41.27 ,1004.07 ,76.72
01:00:07,0 ,0 ,0 ,472 ,5 ,18.71 ,41.25 ,1004.08 ,76.62
01:00:08,0 ,0 ,0 ,472 ,5 ,18.72 ,41.24 ,1004.12 ,76.23
01:00:09,0 ,0 ,0 ,472 ,5 ,18.72 ,41.28 ,1004.12 ,76.33
01:00:10,0 ,0 ,0 ,472 ,5 ,18.72 ,41.25 ,1004.09 ,76.52
01:00:12,0 ,0 ,0 ,472 ,5 ,18.71 ,41.28 ,1004.07 ,76.67
01:00:13,0 ,0 ,0 ,472 ,5 ,18.71 ,41.27 ,1004.09 ,76.56
01:00:14,0 ,0 ,0 ,472 ,5 ,18.72 ,41.25 ,1004.11 ,76.35
01:00:15,0 ,0 ,0 ,472 ,5 ,18.72 ,41.26 ,1004.12 ,76.28
01:00:16,0 ,0 ,0 ,472 ,5 ,18.72 ,41.25 ,1004.09 ,76.57
01:00:17,0 ,0 ,0 ,472 ,5 ,18.72 ,41.25 ,1004.07 ,76.69
01:00:19,0 ,0 ,0 ,472 ,5 ,18.72 ,41.25 ,1004.10 ,76.47
01:00:20,0 ,0 ,0 ,472 ,5 ,18.71 ,41.27 ,1004.10 ,76.48
01:00:21,0 ,0 ,0 ,472 ,5 ,18.71 ,41.28 ,1004.09 ,76.54
01:00:22,0 ,0 ,0 ,473 ,5 ,18.71 ,41.29 ,1004.09 ,76.51
01:00:23,0 ,0 ,0 ,473 ,5 ,18.71 ,41.25 ,1004.07 ,76.75
01:00:24,0 ,0 ,0 ,472 ,5 ,18.71 ,41.28 ,1004.07 ,76.73
01:00:26,0 ,0 ,0 ,473 ,5 ,18.72 ,41.25 ,1004.07 ,76.72
01:00:27,0 ,0 ,0 ,473 ,5 ,18.72 ,41.27 ,1004.09 ,76.50
01:00:28,0 ,0 ,0 ,472 ,5 ,18.72 ,41.25 ,1004.09 ,76.52
01:00:29,0 ,0 ,0 ,473 ,5 ,18.72 ,41.25 ,1004.10 ,76.45
01:00:30,0 ,0 ,0 ,472 ,5 ,18.71 ,41.29 ,1004.07 ,76.71
01:00:31,0 ,0 ,0 ,473 ,5 ,18.72 ,41.27 ,1004.08 ,76.61
01:00:33,0 ,0 ,0 ,473 ,5 ,18.72 ,41.25 ,1004.12 ,76.30
01:00:34,0 ,0 ,0 ,473 ,5 ,18.72 ,41.24 ,1004.09 ,76.57
01:00:35,0 ,0 ,0 ,473 ,5 ,18.72 ,41.26 ,1004.10 ,76.45
01:00:36,0 ,0 ,0 ,473 ,5 ,18.72 ,41.27 ,1004.10 ,76.42
01:00:37,0 ,0 ,0 ,473 ,5 ,18.72 ,41.27 ,1004.11 ,76.42
01:00:38,0 ,0 ,0 ,473 ,5 ,18.72 ,41.30 ,1004.09 ,76.50
01:00:40,0 ,0 ,0 ,473 ,5 ,18.72 ,41.26 ,1004.12 ,76.28
01:00:41,0 ,0 ,0 ,473 ,5 ,18.71 ,41.27 ,1004.11 ,76.37
01:00:42,0 ,0 ,0 ,473 ,5 ,18.71 ,41.28 ,1004.07 ,76.75
01:00:43,0 ,0 ,0 ,473 ,5 ,18.71 ,41.28 ,1004.09 ,76.56
01:00:44,0 ,0 ,0 ,473 ,5 ,18.72 ,41.30 ,1004.09 ,76.58
01:00:45,0 ,0 ,0 ,473 ,5 ,18.72 ,41.28 ,1004.08 ,76.59
01:00:47,0 ,0 ,0 ,473 ,5 ,18.72 ,41.28 ,1004.07 ,76.71
01:00:48,0 ,0 ,0 ,473 ,5 ,18.72 ,41.29 ,1004.07 ,76.75
01:00:49,0 ,0 ,0 ,473 ,5 ,18.72 ,41.27 ,1004.09 ,76.56
01:00:50,0 ,0 ,0 ,473 ,5 ,18.72 ,41.26 ,1004.08 ,76.66
01:00:51,0 ,0 ,0 ,473 ,5 ,18.72 ,41.27 ,1004.06 ,76.78
01:00:52,0 ,0 ,0 ,473 ,5 ,18.72 ,41.28 ,1004.09 ,76.55
01:00:54,0 ,0 ,0 ,473 ,5 ,18.73 ,41.28 ,1004.10 ,76.45
01:00:55,0 ,0 ,0 ,473 ,5 ,18.73 ,41.28 ,1004.09 ,76.54
01:00:56,0 ,0 ,0 ,473 ,5 ,18.73 ,41.29 ,1004.07 ,76.69
01:00:57,0 ,0 ,0 ,474 ,5 ,18.72 ,41.28 ,1004.08 ,76.65
01:00:58,0 ,0 ,0 ,474 ,5 ,18.72 ,41.29 ,1004.10 ,76.43
01:00:59,0 ,0 ,0 ,474 ,5 ,18.73 ,41.27 ,1004.10 ,76.45
01:01:01,0 ,0 ,0 ,474 ,5 ,18.72 ,41.29 ,1004.08 ,76.59
01:01:02,0 ,0 ,0 ,474 ,5 ,18.72 ,41.27 ,1004.07 ,76.72
01:01:03,0 ,0 ,0 ,474 ,5 ,18.72 ,41.28 ,1004.05 ,76.89
01:01:04,0 ,0 ,0 ,474 ,5 ,18.73 ,41.27 ,1004.08 ,76.61
01:01:05,0 ,0 ,0 ,474 ,5 ,18.72 ,41.27 ,1004.06 ,76.80
01:01:06,0 ,0 ,0 ,474 ,5 ,18.72 ,41.28 ,1004.07 ,76.71
01:01:08,0 ,0 ,0 ,474 ,5 ,18.72 ,41.25 ,1004.12 ,76.33
01:01:09,0 ,0 ,0 ,474 ,5 ,18.72 ,41.27 ,1004.08 ,76.65
01:01:10,0 ,0 ,0 ,474 ,5 ,18.72 ,41.27 ,1004.09 ,76.55
01:01:11,0 ,0 ,0 ,474 ,5 ,18.72 ,41.28 ,1004.10 ,76.45
01:01:12,0 ,0 ,0 ,474 ,5 ,18.73 ,41.29 ,1004.09 ,76.53
01:01:13,0 ,0 ,0 ,474 ,5 ,18.72 ,41.27 ,1004.09 ,76.55
01:01:15,0 ,0 ,0 ,474 ,5 ,18.73 ,41.26 ,1004.11 ,76.35
01:01:16,0 ,0 ,0 ,474 ,5 ,18.72 ,41.25 ,1004.07 ,76.69
01:01:17,0 ,0 ,0 ,474 ,5 ,18.72 ,41.27 ,1004.08 ,76.61
01:01:18,0 ,0 ,0 ,474 ,5 ,18.72 ,41.27 ,1004.08 ,76.66
01:01:19,0 ,0 ,0 ,475 ,5 ,18.73 ,41.27 ,1004.08 ,76.66
01:01:20,0 ,0 ,0 ,475 ,5 ,18.73 ,41.27 ,1004.10 ,76.47
01:01:22,0 ,0 ,0 ,475 ,5 ,18.73 ,41.26 ,1004.13 ,76.18
01:01:23,0 ,0 ,0 ,475 ,5 ,18.72 ,41.26 ,1004.09 ,76.53
01:01:24,0 ,0 ,0 ,475 ,5 ,18.73 ,41.26 ,1004.11 ,76.33
01:01:25,0 ,0 ,0 ,475 ,5 ,18.72 ,41.26 ,1004.11 ,76.36
01:01:26,0 ,0 ,0 ,475 ,5 ,18.73 ,41.26 ,1004.07 ,76.69
01:01:27,0 ,0 ,0 ,475 ,5 ,18.72 ,41.24 ,1004.10 ,76.45
01:01:29,0 ,0 ,0 ,475 ,5 ,18.73 ,41.26 ,1004.12 ,76.32
01:01:30,0 ,0 ,0 ,475 ,5 ,18.73 ,41.25 ,1004.12 ,76.33
01:02:31,0 ,0 ,0 ,476 ,5 ,18.72 ,41.21 ,1004.05 ,76.92
01:02:32,0 ,0 ,0 ,476 ,5 ,18.72 ,41.21 ,1004.03 ,77.03
01:02:33,0 ,0 ,0 ,476 ,5 ,18.72 ,41.21 ,1004.06 ,76.77
01:02:34,0 ,0 ,0 ,476 ,5 ,18.72 ,41.22 ,1004.07 ,76.74
01:02:36,0 ,0 ,0 ,476 ,5 ,18.72 ,41.23 ,1004.06 ,76.79
01:02:37,0 ,0 ,0 ,476 ,5 ,18.72 ,41.26 ,1004.06 ,76.77
01:02:38,0 ,0 ,0 ,476 ,5 ,18.72 ,41.24 ,1004.04 ,76.98
01:02:39,0 ,0 ,0 ,476 ,5 ,18.73 ,41.25 ,1004.06 ,76.83
01:02:40,0 ,0 ,0 ,476 ,5 ,18.73 ,41.25 ,1004.05 ,76.90
01:02:41,0 ,0 ,0 ,476 ,5 ,18.73 ,41.23 ,1004.06 ,76.82
01:02:43,0 ,0 ,0 ,476 ,5 ,18.73 ,41.25 ,1004.08 ,76.66
01:02:44,0 ,0 ,0 ,476 ,5 ,18.73 ,41.25 ,1004.07 ,76.73
01:02:45,0 ,0 ,0 ,476 ,5 ,18.72 ,41.24 ,1004.06 ,76.78
01:02:46,0 ,0 ,0 ,476 ,5 ,18.73 ,41.25 ,1004.07 ,76.72
01:02:47,0 ,0 ,0 ,476 ,5 ,18.73 ,41.25 ,1004.08 ,76.61
01:02:48,0 ,0 ,0 ,476 ,5 ,18.72 ,41.22 ,1004.08 ,76.65
01:02:50,0 ,0 ,0 ,476 ,5 ,18.72 ,41.21 ,1004.06 ,76.77
01:02:51,0 ,0 ,0 ,476 ,5 ,18.73 ,41.21 ,1004.06 ,76.77
01:02:52,0 ,0 ,0 ,476 ,5 ,18.73 ,41.22 ,1004.07 ,76.74
01:02:53,0 ,0 ,0 ,476 ,5 ,18.72 ,41.22 ,1004.08 ,76.64
01:02:54,0 ,0 ,0 ,476 ,5 ,18.73 ,41.21 ,1004.07 ,76.70
01:02:55,0 ,0 ,0 ,476 ,5 ,18.72 ,41.22 ,1004.06 ,76.78
01:02:57,0 ,0 ,0 ,475 ,5 ,18.72 ,41.21 ,1004.05 ,76.88
01:02:58,0 ,0 ,0 ,476 ,5 ,18.73 ,41.24 ,1004.05 ,76.88
01:02:59,0 ,0 ,0 ,476 ,5 ,18.73 ,41.22 ,1004.02 ,77.15
01:03:00,0 ,0 ,0 ,476 ,5 ,18.72 ,41.22 ,1004.05 ,76.86
01:03:01,0 ,0 ,0 ,476 ,5 ,18.72 ,41.23 ,1004.06 ,76.83
01:03:02,0 ,0 ,0 ,475 ,5 ,18.72 ,41.23 ,1004.05 ,76.91
01:03:04,0 ,0 ,0 ,475 ,5 ,18.73 ,41.25 ,1004.04 ,76.96
01:03:05,0 ,0 ,0 ,475 ,5 ,18.72 ,41.23 ,1004.06 ,76.78
01:03:06,0 ,0 ,0 ,475 ,5 ,18.73 ,41.22 ,1004.05 ,76.91
01:03:07,0 ,0 ,0 ,475 ,5 ,18.72 ,41.22 ,1004.03 ,77.01
01:03:08,0 ,0 ,0 ,475 ,5 ,18.73 ,41.22 ,1004.08 ,76.66
01:03:09,0 ,0 ,0 ,475 ,5 ,18.72 ,41.22 ,1004.06 ,76.79
01:03:11,0 ,0 ,0 ,475 ,5 ,18.72 ,41.22 ,1004.05 ,76.84
01:03:12,0 ,0 ,0 ,475 ,5 ,18.72 ,41.21 ,1004.06 ,76.78
01:03:13,0 ,0 ,0 ,475 ,5 ,18.72 ,41.22 ,1004.07 ,76.73
01:03:14,0 ,0 ,0 ,475 ,5 ,18.72 ,41.22 ,1004.06 ,76.83
01:03:15,0 ,0 ,0 ,475 ,5 ,18.72 ,41.22 ,1004.04 ,77.00
01:03:16,0 ,0 ,0 ,475 ,5 ,18.73 ,41.22 ,1004.05 ,76.92
01:03:18,0 ,0 ,0 ,475 ,5 ,18.72 ,41.22 ,1004.03 ,77.05
01:03:19,0 ,0 ,0 ,475 ,5 ,18.72 ,41.22 ,1004.07 ,76.71
01:03:20,0 ,0 ,0 ,475 ,5 ,18.72 ,41.22 ,1004.05 ,76.92
01:03:21,0 ,0 ,0 ,475 ,5 ,18.72 ,41.22 ,1004.05 ,76.88
01:03:22,0 ,0 ,0 ,475 ,5 ,18.72 ,41.24 ,1004.03 ,77.06
01:03:23,0 ,0 ,0 ,475 ,5 ,18.72 ,41.23 ,1004.04 ,76.93
01:03:25,0 ,0 ,0 ,475 ,5 ,18.73 ,41.23 ,1004.06 ,76.81
01:03:26,0 ,0 ,0 ,475 ,5 ,18.72 ,41.26 ,1004.03 ,77.06
01:03:27,0 ,0 ,0 ,475 ,5 ,18.73 ,41.19 ,1004.03 ,77.06
01:03:28,0 ,0 ,0 ,475 ,5 ,18.72 ,41.22 ,1004.04 ,76.95
01:03:29,0 ,0 ,0 ,475 ,5 ,18.73 ,41.23 ,1004.06 ,76.76
01:03:30,0 ,0 ,0 ,475 ,5 ,18.72 ,41.23 ,1004.07 ,76.73
01:03:32,0 ,0 ,0 ,475 ,5 ,18.72 ,41.22 ,1004.07 ,76.71
01:03:33,0 ,0 ,0 ,475 ,5 ,18.73 ,41.23 ,1004.06 ,76.79
01:03:34,0 ,0 ,0 ,475 ,5 ,18.72 ,41.22 ,1004.06 ,76.83
01:03:35,0 ,0 ,0 ,475 ,5 ,18.73 ,41.21 ,1004.09 ,76.57
01:03:36,0 ,0 ,0 ,475 ,5 ,18.72 ,41.22 ,1004.06 ,76.80
01:03:37,0 ,0 ,0 ,475 ,5 ,18.72 ,41.22 ,1004.06 ,76.81
01:03:39,0 ,0 ,0 ,475 ,5 ,18.72 ,41.22 ,1004.05 ,76.92
01:03:40,0 ,0 ,0 ,475 ,5 ,18.72 ,41.21 ,1004.09 ,76.51
01:03:41,0 ,0 ,0 ,475 ,5 ,18.72 ,41.22 ,1004.06 ,76.81
01:03:42,0 ,0 ,0 ,475 ,5 ,18.73 ,41.22 ,1004.04 ,76.97
01:03:43,0 ,0 ,0 ,475 ,5 ,18.73 ,41.23 ,1004.05 ,76.85
01:03:44,0 ,0 ,0 ,475 ,5 ,18.73 ,41.22 ,1004.05 ,76.91
01:03:46,0 ,0 ,0 ,475 ,5 ,18.73 ,41.23 ,1004.07 ,76.72
01:03:47,0 ,0 ,0 ,475 ,5 ,18.73 ,41.23 ,1004.05 ,76.86
01:03:48,0 ,0 ,0 ,475 ,5 ,18.73 ,41.23 ,1004.03 ,77.08
01:03:49,0 ,0 ,0 ,475 ,5 ,18.73 ,41.23 ,1004.04 ,76.96
01:03:50,0 ,0 ,0 ,475 ,5 ,18.73 ,41.22 ,1004.05 ,76.90
01:03:51,0 ,0 ,0 ,475 ,5 ,18.74 ,41.23 ,1004.07 ,76.74
01:03:53,0 ,0 ,0 ,475 ,5 ,18.74 ,41.26 ,1004.05 ,76.90
01:03:54,0 ,0 ,0 ,475 ,5 ,18.74 ,41.22 ,1004.06 ,76.78
01:03:55,0 ,0 ,0 ,475 ,5 ,18.74 ,41.23 ,1004.05 ,76.89
01:03:56,0 ,0 ,0 ,475 ,5 ,18.74 ,41.22 ,1004.04 ,76.99
01:03:57,0 ,0 ,0 ,474 ,5 ,18.73 ,41.23 ,1004.02 ,77.11
01:03:58,0 ,0 ,0 ,474 ,5 ,18.73 ,41.33 ,1004.05 ,76.81
01:04:00,0 ,0 ,0 ,475 ,5 ,18.74 ,41.22 ,1004.07 ,76.70
01:04:01,0 ,0 ,0 ,474 ,5 ,18.74 ,41.23 ,1004.05 ,76.85
01:04:02,0 ,0 ,0 ,474 ,5 ,18.74 ,41.23 ,1004.05 ,76.86
01:04:03,0 ,0 ,0 ,475 ,5 ,18.74 ,41.22 ,1004.08 ,76.63
01:04:04,0 ,0 ,0 ,475 ,5 ,18.73 ,41.22 ,1004.04 ,76.98
01:04:05,0 ,0 ,0 ,475 ,5 ,18.73 ,41.23 ,1004.06 ,76.83
01:04:07,0 ,0 ,0 ,475 ,5 ,18.73 ,41.22 ,1004.02 ,77.11
01:04:08,0 ,0 ,0 ,474 ,5 ,18.73 ,41.22 ,1004.06 ,76.81
01:04:09,0 ,0 ,0 ,474 ,5 ,18.74 ,41.21 ,1004.07 ,76.73
01:04:10,0 ,0 ,0 ,474 ,5 ,18.74 ,41.21 ,1004.03 ,77.09
01:04:11,0 ,0 ,0 ,474 ,5 ,18.74 ,41.22 ,1004.06 ,76.78
01:04:12,0 ,0 ,0 ,474 ,5 ,18.74 ,41.21 ,1004.07 ,76.72
01:04:14,0 ,0 ,0 ,474 ,5 ,18.73 ,41.23 ,1004.05 ,76.89
01:04:15,0 ,0 ,0 ,474 ,5 ,18.74 ,41.23 ,1004.04 ,76.97
01:04:16,0 ,0 ,0 ,474 ,5 ,18.73 ,41.23 ,1004.05 ,76.91
01:04:17,0 ,0 ,0 ,474 ,5 ,18.74 ,41.23 ,1004.06 ,76.80
01:04:18,0 ,0 ,0 ,474 ,5 ,18.74 ,41.22 ,1004.03 ,77.07
01:04:19,0 ,0 ,0 ,474 ,5 ,18.75 ,41.24 ,1004.06 ,76.76
01:04:21,0 ,0 ,0 ,474 ,5 ,18.74 ,41.23 ,1004.06 ,76.78
01:04:22,0 ,0 ,0 ,474 ,5 ,18.74 ,41.23 ,1004.05 ,76.86
01:04:23,0 ,0 ,0 ,474 ,5 ,18.74 ,41.23 ,1004.07 ,76.75
01:04:24,0 ,0 ,0 ,474 ,5 ,18.74 ,41.26 ,1004.05 ,76.85
01:04:25,0 ,0 ,0 ,474 ,5 ,18.74 ,41.26 ,1004.09 ,76.54
01:04:26,0 ,0 ,0 ,474 ,5 ,18.74 ,41.23 ,1004.05 ,76.86
01:04:28,0 ,0 ,0 ,474 ,5 ,18.74 ,41.21 ,1004.06 ,76.80
01:05:29,0 ,0 ,0 ,474 ,5 ,18.74 ,41.21 ,1004.05 ,76.90
01:05:30,0 ,0 ,0 ,474 ,5 ,18.74 ,41.20 ,1004.05 ,76.88
01:05:31,0 ,0 ,0 ,474 ,5 ,18.74 ,41.20 ,1004.04 ,76.99
01:05:32,0 ,0 ,0 ,474 ,5 ,18.74 ,41.19 ,1004.07 ,76.69
01:05:33,0 ,0 ,0 ,474 ,5 ,18.74 ,41.20 ,1004.09 ,76.52
01:05:35,0 ,0 ,0 ,474 ,5 ,18.74 ,41.19 ,1004.05 ,76.85
01:05:36,0 ,0 ,0 ,474 ,5 ,18.73 ,41.20 ,1004.06 ,76.82
01:05:37,0 ,0 ,0 ,474 ,5 ,18.74 ,41.20 ,1004.06 ,76.80
01:05:38,0 ,0 ,0 ,474 ,5 ,18.74 ,41.20 ,1004.04 ,76.98
01:05:39,0 ,0 ,0 ,474 ,5 ,18.74 ,41.20 ,1004.04 ,76.99
01:05:40,0 ,0 ,0 ,474 ,5 ,18.74 ,41.20 ,1004.03 ,77.04
01:05:42,0 ,0 ,0 ,474 ,5 ,18.74 ,41.20 ,1004.04 ,76.95
01:05:43,0 ,0 ,0 ,474 ,5 ,18.74 ,41.19 ,1004.05 ,76.87
01:05:44,0 ,0 ,0 ,474 ,5 ,18.74 ,41.19 ,1004.04 ,76.94
01:05:45,0 ,0 ,0 ,474 ,5 ,18.74 ,41.20 ,1004.04 ,76.99
01:05:46,0 ,0 ,0 ,474 ,5 ,18.74 ,41.19 ,1004.04 ,76.97
01:05:47,0 ,0 ,0 ,474 ,5 ,18.75 ,41.21 ,1004.05 ,76.90
01:05:49,0 ,0 ,0 ,474 ,5 ,18.75 ,41.20 ,1004.05 ,76.85
01:05:50,0 ,0 ,0 ,474 ,5 ,18.74 ,41.20 ,1004.04 ,76.95
01:05:51,0 ,0 ,0 ,474 ,5 ,18.75 ,41.20 ,1004.03 ,77.01
01:05:52,0 ,0 ,0 ,474 ,5 ,18.75 ,41.20 ,1004.08 ,76.66
01:05:53,0 ,0 ,0 ,474 ,5 ,18.74 ,41.21 ,1004.03 ,77.04
01:05:55,0 ,0 ,0 ,474 ,5 ,18.75 ,41.21 ,1004.02 ,77.12
01:05:56,0 ,0 ,0 ,474 ,5 ,18.74 ,41.23 ,1004.03 ,77.02
01:05:57,0 ,0 ,0 ,474 ,5 ,18.75 ,41.25 ,1004.03 ,77.03
01:05:58,0 ,0 ,0 ,474 ,5 ,18.75 ,41.22 ,1004.03 ,77.03
01:05:59,0 ,0 ,0 ,474 ,5 ,18.74 ,41.22 ,1004.04 ,76.94
01:06:00,0 ,0 ,0 ,474 ,5 ,18.75 ,41.22 ,1004.02 ,77.15
01:06:02,0 ,0 ,0 ,474 ,5 ,18.74 ,41.23 ,1004.02 ,77.17
01:06:03,0 ,0 ,0 ,474 ,5 ,18.75 ,41.24 ,1004.06 ,76.83
01:06:04,0 ,0 ,0 ,474 ,5 ,18.74 ,41.22 ,1004.02 ,77.11
01:06:05,0 ,0 ,0 ,474 ,5 ,18.75 ,41.27 ,1004.02 ,77.10
01:06:06,0 ,0 ,0 ,474 ,5 ,18.75 ,41.26 ,1004.03 ,77.03
01:06:07,0 ,0 ,0 ,474 ,5 ,18.75 ,41.26 ,1004.03 ,77.08
01:06:09,0 ,0 ,0 ,474 ,5 ,18.75 ,41.22 ,1004.03 ,77.08
01:06:10,0 ,0 ,0 ,474 ,5 ,18.75 ,41.19 ,1004.04 ,76.93
01:06:11,0 ,0 ,0 ,474 ,5 ,18.75 ,41.19 ,1004.05 ,76.85
01:06:12,0 ,0 ,0 ,474 ,5 ,18.76 ,41.19 ,1004.07 ,76.69
01:06:13,0 ,0 ,0 ,474 ,5 ,18.75 ,41.18 ,1004.04 ,77.00
01:06:14,0 ,0 ,0 ,474 ,5 ,18.75 ,41.19 ,1004.04 ,76.98
01:06:16,0 ,0 ,0 ,474 ,5 ,18.76 ,41.21 ,1004.03 ,77.03
01:06:17,0 ,0 ,0 ,474 ,5 ,18.75 ,41.21 ,1004.06 ,76.79
01:06:18,0 ,0 ,0 ,474 ,5 ,18.75 ,41.22 ,1004.04 ,76.94
01:06:19,0 ,0 ,0 ,474 ,5 ,18.75 ,41.24 ,1004.06 ,76.83
01:06:20,0 ,0 ,0 ,474 ,5 ,18.74 ,41.22 ,1004.04 ,76.98
01:06:21,0 ,0 ,0 ,474 ,5 ,18.76 ,41.22 ,1004.07 ,76.68
01:06:23,0 ,0 ,0 ,474 ,5 ,18.75 ,41.21 ,1004.06 ,76.83
01:06:24,0 ,0 ,0 ,474 ,5 ,18.75 ,41.20 ,1004.05 ,77.07
01:06:25,0 ,0 ,0 ,474 ,5 ,18.76 ,41.20 ,1004.07 ,76.71
01:06:26,0 ,0 ,0 ,474 ,5 ,18.75 ,41.21 ,1004.08 ,76.63
01:06:27,0 ,0 ,0 ,474 ,5 ,18.75 ,41.21 ,1004.10 ,76.47
01:06:28,0 ,0 ,0 ,474 ,5 ,18.76 ,41.21 ,1004.09 ,76.57
01:06:30,0 ,0 ,0 ,474 ,5 ,18.76 ,41.19 ,1004.09 ,76.51
01:06:31,0 ,0 ,0 ,474 ,5 ,18.75 ,41.20 ,1004.07 ,76.71
01:06:32,0 ,0 ,0 ,474 ,5 ,18.75 ,41.20 ,1004.05 ,76.88
01:06:33,0 ,0 ,0 ,474 ,5 ,18.75 ,41.20 ,1004.09 ,76.55
01:06:34,0 ,0 ,0 ,474 ,5 ,18.75 ,41.20 ,1004.07 ,76.74
01:06:35,0 ,0 ,0 ,475 ,5 ,18.74 ,41.20 ,1004.05 ,76.88
01:06:37,0 ,0 ,0 ,475 ,5 ,18.74 ,41.23 ,1004.05 ,76.85
01:06:38,0 ,0 ,0 ,475 ,5 ,18.74 ,41.21 ,1004.06 ,76.77
01:06:39,0 ,0 ,0 ,475 ,5 ,18.74 ,41.21 ,1004.04 ,76.93
01:06:40,0 ,0 ,0 ,475 ,5 ,18.74 ,41.21 ,1004.05 ,76.87
01:06:41,0 ,0 ,0 ,475 ,5 ,18.75 ,41.20 ,1004.10 ,76.45
01:06:42,0 ,0 ,0 ,475 ,5 ,18.74 ,41.21 ,1004.07 ,76.75
01:06:44,0 ,0 ,0 ,475 ,5 ,18.74 ,41.20 ,1004.06 ,76.77
01:06:45,0 ,0 ,0 ,475 ,5 ,18.74 ,41.20 ,1004.08 ,76.64
01:06:46,0 ,0 ,0 ,475 ,5 ,18.75 ,41.20 ,1004.06 ,76.76
01:06:47,0 ,0 ,0 ,475 ,5 ,18.74 ,41.20 ,1004.06 ,76.80
01:06:48,0 ,0 ,0 ,475 ,5 ,18.75 ,41.19 ,1004.06 ,76.81
01:06:49,0 ,0 ,0 ,475 ,5 ,18.75 ,41.19 ,1004.07 ,76.73
01:06:51,0 ,0 ,0 ,475 ,5 ,18.75 ,41.20 ,1004.10 ,76.45
01:06:52,0 ,0 ,0 ,475 ,5 ,18.75 ,41.20 ,1004.09 ,76.57
01:06:53,0 ,0 ,0 ,475 ,5 ,18.74 ,41.19 ,1004.04 ,76.95
01:06:54,0 ,0 ,0 ,475 ,5 ,18.74 ,41.24 ,1004.08 ,76.63
01:06:55,0 ,0 ,0 ,476 ,5 ,18.74 ,41.19 ,1004.07 ,76.69
01:06:56,0 ,0 ,0 ,476 ,5 ,18.74 ,41.18 ,1004.02 ,77.12
01:06:58,0 ,0 ,0 ,476 ,5 ,18.74 ,41.17 ,1004.04 ,76.95
01:06:59,0 ,0 ,0 ,476 ,5 ,18.75 ,41.17 ,1004.06 ,76.79
01:07:00,0 ,0 ,0 ,476 ,5 ,18.74 ,41.18 ,1004.07 ,76.68
01:07:01,0 ,0 ,0 ,476 ,5 ,18.75 ,41.18 ,1004.06 ,76.82
01:07:02,0 ,0 ,0 ,476 ,5 ,18.74 ,41.19 ,1004.09 ,76.57
01:07:03,0 ,0 ,0 ,476 ,5 ,18.74 ,41.19 ,1004.09 ,76.57
01:07:05,0 ,0 ,0 ,476 ,5 ,18.75 ,41.20 ,1004.09 ,76.55
01:07:06,0 ,0 ,0 ,476 ,5 ,18.75 ,41.22 ,1004.07 ,76.74
01:07:07,0 ,0 ,0 ,476 ,5 ,18.75 ,41.21 ,1004.09 ,76.56
01:07:08,0 ,0 ,0 ,476 ,5 ,18.75 ,41.25 ,1004.07 ,76.68
01:07:09,0 ,0 ,0 ,475 ,5 ,18.75 ,41.24 ,1004.09 ,76.57
01:07:10,0 ,0 ,0 ,475 ,5 ,18.75 ,41.24 ,1004.06 ,76.82
01:07:12,0 ,0 ,0 ,475 ,5 ,18.75 ,41.24 ,1004.06 ,76.82
01:07:13,0 ,0 ,0 ,475 ,5 ,18.75 ,41.22 ,1004.07 ,76.71
01:07:14,0 ,0 ,0 ,475 ,5 ,18.75 ,41.24 ,1004.06 ,76.81
01:07:15,0 ,0 ,0 ,475 ,5 ,18.75 ,41.20 ,1004.04 ,76.96
01:07:16,0 ,0 ,0 ,475 ,5 ,18.75 ,41.20 ,1004.05 ,76.91
01:07:17,0 ,0 ,0 ,475 ,5 ,18.75 ,41.19 ,1004.06 ,76.76
01:07:19,0 ,0 ,0 ,475 ,5 ,18.75 ,41.20 ,1004.05 ,76.92
01:07:20,0 ,0 ,0 ,475 ,5 ,18.75 ,41.20 ,1004.06 ,76.79
01:07:21,0 ,0 ,0 ,475 ,5 ,18.75 ,41.20 ,1004.02 ,77.16
01:07:22,0 ,0 ,0 ,475 ,5 ,18.75 ,41.19 ,1004.04 ,76.96
01:07:23,0 ,0 ,0 ,475 ,5 ,18.75 ,41.15 ,1004.04 ,76.98
01:07:24,0 ,0 ,0 ,475 ,5 ,18.75 ,41.19 ,1004.07 ,76.69
01:07:26,0 ,0 ,0 ,475 ,5 ,18.74 ,41.19 ,1004.07 ,76.73
01:08:27,0 ,0 ,0 ,473 ,5 ,18.75 ,41.18 ,1004.11 ,76.42
01:08:28,0 ,0 ,0 ,473 ,5 ,18.74 ,41.18 ,1004.10 ,76.47
01:08:29,0 ,0 ,0 ,473 ,5 ,18.74 ,41.18 ,1004.10 ,76.43
01:08:30,0 ,0 ,0 ,473 ,5 ,18.73 ,41.20 ,1004.06 ,76.77
01:08:31,0 ,0 ,0 ,473 ,5 ,18.74 ,41.18 ,1004.07 ,76.70
01:08:33,0 ,0 ,0 ,473 ,5 ,18.74 ,41.18 ,1004.10 ,76.45
01:08:34,0 ,0 ,0 ,473 ,5 ,18.74 ,41.18 ,1004.11 ,76.38
01:08:35,0 ,0 ,0 ,473 ,5 ,18.75 ,41.18 ,1004.12 ,76.30
01:08:36,0 ,0 ,0 ,473 ,5 ,18.75 ,41.19 ,1004.13 ,76.24
01:08:37,0 ,0 ,0 ,473 ,5 ,18.75 ,41.19 ,1004.11 ,76.36
01:08:38,0 ,0 ,0 ,473 ,5 ,18.75 ,41.18 ,1004.11 ,76.41
01:08:40,0 ,0 ,0 ,473 ,5 ,18.75 ,41.19 ,1004.09 ,76.55
01:08:41,0 ,0 ,0 ,473 ,5 ,18.75 ,41.18 ,1004.09 ,76.55
01:08:42,0 ,0 ,0 ,473 ,5 ,18.75 ,41.20 ,1004.10 ,76.48
01:08:43,0 ,0 ,0 ,473 ,5 ,18.74 ,41.18 ,1004.10 ,76.47
01:08:44,0 ,0 ,0 ,473 ,5 ,18.75 ,41.18 ,1004.08 ,76.64
01:08:45,0 ,0 ,0 ,473 ,5 ,18.75 ,41.19 ,1004.11 ,76.37
01:08:47,0 ,0 ,0 ,473 ,5 ,18.75 ,41.20 ,1004.10 ,76.47
01:08:48,0 ,0 ,0 ,473 ,5 ,18.75 ,41.19 ,1004.11 ,76.37
01:08:49,0 ,0 ,0 ,474 ,5 ,18.74 ,41.19 ,1004.10 ,76.47
01:08:50,0 ,0 ,0 ,474 ,5 ,18.75 ,41.19 ,1004.11 ,76.38
01:08:51,0 ,0 ,0 ,474 ,5 ,18.75 ,41.19 ,1004.10 ,76.42
01:08:52,0 ,0 ,0 ,474 ,5 ,18.75 ,41.21 ,1004.10 ,76.49
01:08:54,0 ,0 ,0 ,474 ,5 ,18.75 ,41.19 ,1004.13 ,76.18
01:08:55,0 ,0 ,0 ,474 ,5 ,18.76 ,41.20 ,1004.13 ,76.21
01:08:56,0 ,0 ,0 ,474 ,5 ,18.75 ,41.19 ,1004.15 ,76.05
01:08:57,0 ,0 ,0 ,474 ,5 ,18.75 ,41.19 ,1004.11 ,76.37
01:08:58,0 ,0 ,0 ,474 ,5 ,18.74 ,41.18 ,1004.12 ,76.27
01:08:59,0 ,0 ,0 ,474 ,5 ,18.74 ,41.19 ,1004.13 ,76.23
01:09:01,0 ,0 ,0 ,474 ,5 ,18.75 ,41.19 ,1004.13 ,76.21
01:09:02,0 ,0 ,0 ,474 ,5 ,18.75 ,41.20 ,1004.15 ,76.03
01:09:03,0 ,0 ,0 ,474 ,5 ,18.74 ,41.18 ,1004.11 ,76.37
01:09:04,0 ,0 ,0 ,474 ,5 ,18.74 ,41.19 ,1004.12 ,76.32
01:09:05,0 ,0 ,0 ,474 ,5 ,18.74 ,41.19 ,1004.10 ,76.49
01:09:06,0 ,0 ,0 ,474 ,5 ,18.74 ,41.19 ,1004.12 ,76.32
01:09:08,0 ,0 ,0 ,475 ,5 ,18.75 ,41.18 ,1004.10 ,76.48
01:09:09,0 ,0 ,0 ,475 ,5 ,18.75 ,41.18 ,1004.10 ,76.46
01:09:10,0 ,0 ,0 ,475 ,5 ,18.75 ,41.18 ,1004.13 ,76.21
01:09:11,0 ,0 ,0 ,474 ,5 ,18.75 ,41.18 ,1004.12 ,76.25
01:09:12,0 ,0 ,0 ,474 ,5 ,18.74 ,41.18 ,1004.11 ,76.40
01:09:13,0 ,0 ,0 ,475 ,5 ,18.75 ,41.18 ,1004.14 ,76.16
01:09:15,0 ,0 ,0 ,475 ,5 ,18.74 ,41.17 ,1004.13 ,76.21
01:09:16,0 ,0 ,0 ,474 ,5 ,18.75 ,41.17 ,1004.13 ,76.21
01:09:17,0 ,0 ,0 ,475 ,5 ,18.74 ,41.22 ,1004.11 ,76.40
01:09:18,0 ,0 ,0 ,474 ,5 ,18.74 ,41.15 ,1004.13 ,76.17
01:09:19,0 ,0 ,0 ,474 ,5 ,18.74 ,41.17 ,1004.13 ,76.25
01:09:20,0 ,0 ,0 ,474 ,5 ,18.75 ,41.17 ,1004.13 ,76.18
01:09:22,0 ,0 ,0 ,474 ,5 ,18.75 ,41.18 ,1004.12 ,76.31
01:09:23,0 ,0 ,0 ,474 ,5 ,18.75 ,41.18 ,1004.14 ,76.14
01:09:24,0 ,0 ,0 ,475 ,5 ,18.74 ,41.17 ,1004.15 ,76.06
01:09:25,0 ,0 ,0 ,475 ,5 ,18.75 ,41.17 ,1004.14 ,76.16
01:09:26,0 ,0 ,0 ,475 ,5 ,18.74 ,41.17 ,1004.13 ,76.23
01:09:27,0 ,0 ,0 ,475 ,5 ,18.76 ,41.18 ,1004.14 ,76.12
01:09:29,0 ,0 ,0 ,475 ,5 ,18.75 ,41.17 ,1004.13 ,76.20
01:09:30,0 ,0 ,0 ,475 ,5 ,18.75 ,41.18 ,1004.13 ,76.23
01:09:31,0 ,0 ,0 ,475 ,5 ,18.75 ,41.19 ,1004.13 ,76.18
01:09:32,0 ,0 ,0 ,475 ,5 ,18.75 ,41.18 ,1004.14 ,76.11
01:09:33,0 ,0 ,0 ,475 ,5 ,18.75 ,41.20 ,1004.13 ,76.21
01:09:34,0 ,0 ,0 ,475 ,5 ,18.74 ,41.18 ,1004.12 ,76.25
01:09:36,0 ,0 ,0 ,475 ,5 ,18.74 ,41.18 ,1004.14 ,76.11
01:09:37,0 ,0 ,0 ,475 ,5 ,18.74 ,41.17 ,1004.12 ,76.26
01:09:38,0 ,0 ,0 ,475 ,5 ,18.74 ,41.17 ,1004.16 ,75.99
01:09:39,0 ,0 ,0 ,475 ,5 ,18.74 ,41.15 ,1004.14 ,76.12
01:09:40,0 ,0 ,0 ,475 ,5 ,18.74 ,41.17 ,1004.11 ,76.37
01:09:41,0 ,0 ,0 ,475 ,5 ,18.74 ,41.18 ,1004.11 ,76.41
01:09:43,0 ,0 ,0 ,475 ,5 ,18.73 ,41.19 ,1004.09 ,76.54
01:09:44,0 ,0 ,0 ,475 ,5 ,18.74 ,41.19 ,1004.13 ,76.22
01:09:45,0 ,0 ,0 ,475 ,5 ,18.73 ,41.17 ,1004.11 ,76.37
01:09:46,0 ,0 ,0 ,476 ,5 ,18.74 ,41.15 ,1004.15 ,76.04
01:09:47,0 ,0 ,0 ,475 ,5 ,18.74 ,41.17 ,1004.15 ,76.08
01:09:48,0 ,0 ,0 ,475 ,5 ,18.74 ,41.18 ,1004.11 ,76.37
01:09:50,0 ,0 ,0 ,475 ,5 ,18.75 ,41.18 ,1004.13 ,76.18
01:09:51,0 ,0 ,0 ,475 ,5 ,18.74 ,41.18 ,1004.12 ,76.28
01:09:52,0 ,0 ,0 ,475 ,5 ,18.74 ,41.18 ,1004.15 ,76.08
01:09:53,0 ,0 ,0 ,475 ,5 ,18.74 ,41.18 ,1004.09 ,76.56
01:09:54,0 ,0 ,0 ,475 ,5 ,18.74 ,41.17 ,1004.14 ,76.10
01:09:55,0 ,0 ,0 ,475 ,5 ,18.74 ,41.17 ,1004.14 ,76.13
01:09:57,0 ,0 ,0 ,475 ,5 ,18.74 ,41.17 ,1004.13 ,76.20
01:09:58,0 ,0 ,0 ,475 ,5 ,18.74 ,41.17 ,1004.12 ,76.30
01:09:59,0 ,0 ,0 ,475 ,5 ,18.74 ,41.18 ,1004.14 ,76.14
01:10:00,0 ,0 ,0 ,475 ,5 ,18.74 ,41.19 ,1004.15 ,76.03
01:10:01,0 ,0 ,0 ,476 ,5 ,18.74 ,41.19 ,1004.15 ,76.03
01:10:02,0 ,0 ,0 ,475 ,5 ,18.74 ,41.19 ,1004.13 ,76.22
01:10:04,0 ,0 ,0 ,475 ,5 ,18.74 ,41.19 ,1004.14 ,76.15
01:10:05,0 ,0 ,0 ,476 ,5 ,18.74 ,41.20 ,1004.11 ,76.34
01:10:06,0 ,0 ,0 ,476 ,5 ,18.74 ,41.19 ,1004.13 ,76.17
01:10:07,0 ,0 ,0 ,475 ,5 ,18.73 ,41.18 ,1004.13 ,76.23
01:10:08,0 ,0 ,0 ,475 ,5 ,18.74 ,41.18 ,1004.13 ,76.22
01:10:09,0 ,0 ,0 ,475 ,5 ,18.73 ,41.19 ,1004.13 ,76.17
01:10:11,0 ,0 ,0 ,475 ,5 ,18.73 ,41.17 ,1004.13 ,76.25
01:10:12,0 ,0 ,0 ,475 ,5 ,18.73 ,41.16 ,1004.13 ,76.21
01:10:13,0 ,0 ,0 ,475 ,5 ,18.74 ,41.17 ,1004.12 ,76.33
01:10:14,0 ,0 ,0 ,475 ,5 ,18.73 ,41.18 ,1004.13 ,76.20
01:10:15,0 ,0 ,0 ,476 ,5 ,18.73 ,41.19 ,1004.15 ,76.01
01:10:16,0 ,0 ,0 ,475 ,5 ,18.73 ,41.19 ,1004.12 ,76.26
01:10:18,0 ,0 ,0 ,475 ,5 ,18.73 ,41.19 ,1004.13 ,76.21
01:10:19,0 ,0 ,0 ,475 ,5 ,18.73 ,41.18 ,1004.12 ,76.33
01:10:20,0 ,0 ,0 ,475 ,5 ,18.73 ,41.19 ,1004.14 ,76.15
01:10:21,0 ,0 ,0 ,475 ,5 ,18.73 ,41.18 ,1004.17 ,75.89
01:10:22,0 ,0 ,0 ,475 ,5 ,18.73 ,41.16 ,1004.14 ,76.09
01:10:23,0 ,0 ,0 ,475 ,5 ,18.73 ,41.19 ,1004.13 ,76.23
01:11:25,0 ,0 ,0 ,473 ,5 ,18.73 ,41.20 ,1004.14 ,76.16
01:11:26,0 ,0 ,0 ,473 ,5 ,18.73 ,41.22 ,1004.11 ,76.38
01:11:27,0 ,0 ,0 ,473 ,5 ,18.74 ,41.20 ,1004.12 ,76.32
01:11:28,0 ,0 ,0 ,473 ,5 ,18.74 ,41.20 ,1004.17 ,75.89
01:11:29,0 ,0 ,0 ,474 ,5 ,18.73 ,41.19 ,1004.12 ,76.28
01:11:30,0 ,0 ,0 ,474 ,5 ,18.73 ,41.20 ,1004.12 ,76.30
01:11:32,0 ,0 ,0 ,474 ,5 ,18.73 ,41.19 ,1004.14 ,76.13
01:11:33,0 ,0 ,0 ,474 ,5 ,18.73 ,41.19 ,1004.13 ,76.23
01:11:34,0 ,0 ,0 ,474 ,5 ,18.74 ,41.21 ,1004.15 ,76.03
01:11:35,0 ,0 ,0 ,474 ,5 ,18.73 ,41.19 ,1004.16 ,76.17
01:11:36,0 ,0 ,0 ,474 ,5 ,18.73 ,41.18 ,1004.15 ,76.04
01:11:37,0 ,0 ,0 ,474 ,5 ,18.73 ,41.20 ,1004.15 ,76.07
01:11:39,0 ,0 ,0 ,474 ,5 ,18.73 ,41.18 ,1004.16 ,75.98
01:11:40,0 ,0 ,0 ,474 ,5 ,18.73 ,41.18 ,1004.14 ,76.09
01:11:41,0 ,0 ,0 ,474 ,5 ,18.74 ,41.17 ,1004.17 ,75.86
01:11:42,0 ,0 ,0 ,474 ,5 ,18.73 ,41.19 ,1004.16 ,75.98
01:11:43,0 ,0 ,0 ,475 ,5 ,18.73 ,41.18 ,1004.15 ,76.02
01:11:44,0 ,0 ,0 ,475 ,5 ,18.73 ,41.18 ,1004.14 ,76.09
01:11:46,0 ,0 ,0 ,474 ,5 ,18.74 ,41.18 ,1004.16 ,75.97
01:11:47,0 ,0 ,0 ,475 ,5 ,18.73 ,41.18 ,1004.18 ,75.78
01:11:48,0 ,0 ,0 ,475 ,5 ,18.73 ,41.18 ,1004.18 ,75.82
01:11:49,0 ,0 ,0 ,474 ,5 ,18.73 ,41.20 ,1004.14 ,76.09
01:11:50,0 ,0 ,0 ,474 ,5 ,18.73 ,41.19 ,1004.15 ,76.08
01:11:51,0 ,0 ,0 ,474 ,5 ,18.73 ,41.19 ,1004.18 ,75.82
01:11:53,0 ,0 ,0 ,475 ,5 ,18.73 ,41.18 ,1004.12 ,76.33
01:11:54,0 ,0 ,0 ,475 ,5 ,18.74 ,41.19 ,1004.16 ,75.97
01:11:55,0 ,0 ,0 ,474 ,5 ,18.73 ,41.18 ,1004.15 ,76.04
01:11:56,0 ,0 ,0 ,475 ,5 ,18.73 ,41.18 ,1004.15 ,76.05
01:11:57,0 ,0 ,0 ,475 ,5 ,18.73 ,41.18 ,1004.17 ,75.90
01:11:58,0 ,0 ,0 ,475 ,5 ,18.73 ,41.15 ,1004.16 ,75.98
01:12:00,0 ,0 ,0 ,475 ,5 ,18.74 ,41.19 ,1004.15 ,76.03
01:12:01,0 ,0 ,0 ,475 ,5 ,18.74 ,41.19 ,1004.14 ,76.13
01:12:02,0 ,0 ,0 ,475 ,5 ,18.74 ,41.19 ,1004.14 ,76.10
01:12:03,0 ,0 ,0 ,475 ,5 ,18.74 ,41.18 ,1004.17 ,75.84
01:12:04,0 ,0 ,0 ,475 ,5 ,18.74 ,41.19 ,1004.15 ,76.06
01:12:05,0 ,0 ,0 ,475 ,5 ,18.73 ,41.21 ,1004.15 ,76.08
01:12:07,0 ,0 ,0 ,475 ,5 ,18.74 ,41.19 ,1004.17 ,75.87
01:12:08,0 ,0 ,0 ,475 ,5 ,18.73 ,41.19 ,1004.17 ,75.86
01:12:09,0 ,0 ,0 ,475 ,5 ,18.74 ,41.21 ,1004.16 ,76.00
01:12:10,0 ,0 ,0 ,475 ,5 ,18.74 ,41.19 ,1004.17 ,75.88
01:12:11,0 ,0 ,0 ,475 ,5 ,18.74 ,41.19 ,1004.19 ,75.67
01:12:12,0 ,0 ,0 ,475 ,5 ,18.74 ,41.19 ,1004.18 ,75.80
01:12:14,0 ,0 ,0 ,475 ,5 ,18.73 ,41.19 ,1004.15 ,76.06
01:12:15,0 ,0 ,0 ,475 ,5 ,18.73 ,41.18 ,1004.15 ,76.05
01:12:16,0 ,0 ,0 ,476 ,5 ,18.73 ,41.19 ,1004.15 ,76.04
01:12:17,0 ,0 ,0 ,476 ,5 ,18.73 ,41.18 ,1004.19 ,75.68
01:12:18,0 ,0 ,0 ,476 ,5 ,18.74 ,41.19 ,1004.16 ,75.98
01:12:19,0 ,0 ,0 ,476 ,5 ,18.74 ,41.19 ,1004.17 ,75.86
01:12:21,0 ,0 ,0 ,476 ,5 ,18.73 ,41.19 ,1004.15 ,76.08
01:12:22,0 ,0 ,0 ,476 ,5 ,18.73 ,41.18 ,1004.16 ,75.94
01:12:23,0 ,0 ,0 ,476 ,5 ,18.73 ,41.18 ,1004.16 ,75.95
01:12:24,0 ,0 ,0 ,476 ,5 ,18.73 ,41.20 ,1004.16 ,75.97
01:12:25,0 ,0 ,0 ,476 ,5 ,18.72 ,41.17 ,1004.13 ,76.21
01:12:26,0 ,0 ,0 ,476 ,5 ,18.73 ,41.19 ,1004.17 ,75.90
01:12:28,0 ,0 ,0 ,477 ,5 ,18.73 ,41.18 ,1004.13 ,76.19
01:12:29,0 ,0 ,0 ,477 ,5 ,18.73 ,41.18 ,1004.18 ,75.82
01:12:30,0 ,0 ,0 ,477 ,5 ,18.72 ,41.19 ,1004.16 ,75.96
01:12:31,0 ,0 ,0 ,477 ,5 ,18.72 ,41.20 ,1004.17 ,75.89
01:12:32,0 ,0 ,0 ,477 ,5 ,18.73 ,41.20 ,1004.16 ,75.97
01:12:33,0 ,0 ,0 ,477 ,5 ,18.72 ,41.21 ,1004.16 ,75.94
01:12:35,0 ,0 ,0 ,477 ,5 ,18.72 ,41.22 ,1004.15 ,76.01
01:12:36,0 ,0 ,0 ,477 ,5 ,18.72 ,41.23 ,1004.14 ,76.14
01:12:37,0 ,0 ,0 ,477 ,5 ,18.72 ,41.27 ,1004.18 ,75.77
01:12:38,0 ,0 ,0 ,477 ,5 ,18.72 ,41.27 ,1004.13 ,76.18
01:12:39,0 ,0 ,0 ,477 ,5 ,18.71 ,41.23 ,1004.13 ,76.24
01:12:40,0 ,0 ,0 ,477 ,5 ,18.71 ,41.21 ,1004.16 ,76.00
01:12:42,0 ,0 ,0 ,477 ,5 ,18.71 ,41.23 ,1004.14 ,76.11
01:12:43,0 ,0 ,0 ,477 ,5 ,18.70 ,41.21 ,1004.13 ,76.21
01:12:44,0 ,0 ,0 ,477 ,5 ,18.71 ,41.21 ,1004.15 ,76.03
01:12:45,0 ,0 ,0 ,477 ,5 ,18.72 ,41.22 ,1004.14 ,76.11
01:12:46,0 ,0 ,0 ,477 ,5 ,18.72 ,41.21 ,1004.15 ,76.06
01:12:47,0 ,0 ,0 ,477 ,5 ,18.72 ,41.22 ,1004.15 ,76.00
01:12:49,0 ,0 ,0 ,477 ,5 ,18.71 ,41.23 ,1004.15 ,76.06
01:12:50,0 ,0 ,0 ,477 ,5 ,18.71 ,41.23 ,1004.12 ,76.28
01:12:51,0 ,0 ,0 ,477 ,5 ,18.71 ,41.24 ,1004.17 ,75.87
01:12:52,0 ,0 ,0 ,477 ,5 ,18.71 ,41.22 ,1004.16 ,75.99
01:12:53,0 ,0 ,0 ,477 ,5 ,18.72 ,41.23 ,1004.16 ,75.91
01:12:54,0 ,0 ,0 ,477 ,5 ,18.72 ,41.22 ,1004.16 ,75.97
01:12:56,0 ,0 ,0 ,477 ,5 ,18.72 ,41.23 ,1004.17 ,75.91
01:12:57,0 ,0 ,0 ,477 ,5 ,18.72 ,41.26 ,1004.17 ,75.69
01:12:58,0 ,0 ,0 ,477 ,5 ,18.72 ,41.21 ,1004.19 ,75.67
01:12:59,0 ,0 ,0 ,477 ,5 ,18.72 ,41.21 ,1004.16 ,75.99
01:13:00,0 ,0 ,0 ,477 ,5 ,18.71 ,41.21 ,1004.16 ,76.00
01:13:01,0 ,0 ,0 ,477 ,5 ,18.72 ,41.22 ,1004.16 ,75.93
01:13:03,0 ,0 ,0 ,477 ,5 ,18.71 ,41.21 ,1004.16 ,75.98
01:13:04,0 ,0 ,0 ,477 ,5 ,18.72 ,41.23 ,1004.17 ,75.84
01:13:05,0 ,0 ,0 ,477 ,5 ,18.72 ,41.22 ,1004.19 ,75.68
01:13:06,0 ,0 ,0 ,477 ,5 ,18.72 ,41.21 ,1004.16 ,75.94
01:13:07,0 ,0 ,0 ,476 ,5 ,18.72 ,41.22 ,1004.16 ,75.99
01:13:08,0 ,0 ,0 ,476 ,5 ,18.71 ,41.23 ,1004.16 ,75.96
01:13:10,0 ,0 ,0 ,476 ,5 ,18.72 ,41.23 ,1004.13 ,76.22
01:13:11,0 ,0 ,0 ,476 ,5 ,18.72 ,41.24 ,1004.17 ,75.89
01:13:12,0 ,0 ,0 ,476 ,5 ,18.72 ,41.24 ,1004.16 ,75.98
01:13:13,0 ,0 ,0 ,476 ,5 ,18.71 ,41.24 ,1004.17 ,75.87
01:13:14,0 ,0 ,0 ,475 ,5 ,18.72 ,41.24 ,1004.16 ,75.95
01:13:15,0 ,0 ,0 ,475 ,5 ,18.71 ,41.24 ,1004.16 ,75.92
01:13:17,0 ,0 ,0 ,475 ,5 ,18.71 ,41.23 ,1004.14 ,76.10
01:13:18,0 ,0 ,0 ,476 ,5 ,18.71 ,41.22 ,1004.18 ,75.82
01:13:19,0 ,0 ,0 ,475 ,5 ,18.72 ,41.22 ,1004.18 ,75.82
01:13:20,0 ,0 ,0 ,475 ,5 ,18.72 ,41.21 ,1004.20 ,75.62
01:13:21,0 ,0 ,0 ,475 ,5 ,18.71 ,41.20 ,1004.18 ,75.79
01:14:22,0 ,0 ,0 ,474 ,5 ,18.71 ,41.22 ,1004.19 ,75.72
01:14:24,0 ,0 ,0 ,473 ,5 ,18.70 ,41.21 ,1004.19 ,75.74
01:14:25,0 ,0 ,0 ,474 ,5 ,18.71 ,41.21 ,1004.20 ,75.63
01:14:26,0 ,0 ,0 ,474 ,5 ,18.71 ,41.21 ,1004.19 ,75.66
01:14:27,0 ,0 ,0 ,474 ,5 ,18.70 ,41.21 ,1004.18 ,75.80
01:14:28,0 ,0 ,0 ,474 ,5 ,18.70 ,41.22 ,1004.20 ,75.66
01:14:29,0 ,0 ,0 ,474 ,5 ,18.70 ,41.22 ,1004.18 ,75.79
01:14:31,0 ,0 ,0 ,473 ,5 ,18.70 ,41.23 ,1004.20 ,75.61
01:14:32,0 ,0 ,0 ,474 ,5 ,18.70 ,41.22 ,1004.20 ,75.66
01:14:33,0 ,0 ,0 ,474 ,5 ,18.71 ,41.22 ,1004.21 ,75.51
01:14:34,0 ,0 ,0 ,473 ,5 ,18.69 ,41.23 ,1004.16 ,75.96
01:14:35,0 ,0 ,0 ,474 ,5 ,18.69 ,41.25 ,1004.14 ,76.10
01:14:36,0 ,0 ,0 ,474 ,5 ,18.70 ,41.22 ,1004.19 ,75.69
01:14:38,0 ,0 ,0 ,474 ,5 ,18.70 ,41.24 ,1004.16 ,75.94
01:14:39,0 ,0 ,0 ,474 ,5 ,18.71 ,41.25 ,1004.21 ,75.56
01:14:40,0 ,0 ,0 ,474 ,5 ,18.71 ,41.24 ,1004.17 ,75.90
01:14:41,0 ,0 ,0 ,474 ,5 ,18.71 ,41.24 ,1004.17 ,75.86
01:14:42,0 ,0 ,0 ,474 ,5 ,18.70 ,41.27 ,1004.20 ,75.62
01:14:43,0 ,0 ,0 ,474 ,5 ,18.70 ,41.24 ,1004.18 ,75.82
01:14:45,0 ,0 ,0 ,474 ,5 ,18.70 ,41.25 ,1004.18 ,75.77
01:14:46,0 ,0 ,0 ,474 ,5 ,18.70 ,41.25 ,1004.19 ,75.68
01:14:47,0 ,0 ,0 ,474 ,5 ,18.70 ,41.24 ,1004.22 ,75.48
01:14:48,0 ,0 ,0 ,474 ,5 ,18.70 ,41.27 ,1004.20 ,75.60
01:14:49,0 ,0 ,0 ,474 ,5 ,18.71 ,41.24 ,1004.22 ,75.48
01:14:50,0 ,0 ,0 ,474 ,5 ,18.70 ,41.22 ,1004.20 ,75.64
01:14:52,0 ,0 ,0 ,474 ,5 ,18.71 ,41.24 ,1004.18 ,75.81
01:14:53,0 ,0 ,0 ,474 ,5 ,18.71 ,41.22 ,1004.21 ,75.52
01:14:54,0 ,0 ,0 ,474 ,5 ,18.71 ,41.21 ,1004.21 ,75.52
01:14:55,0 ,0 ,0 ,474 ,5 ,18.70 ,41.21 ,1004.20 ,75.64
01:14:56,0 ,0 ,0 ,474 ,5 ,18.69 ,41.20 ,1004.19 ,75.70
01:14:57,0 ,0 ,0 ,475 ,5 ,18.70 ,41.22 ,1004.20 ,75.62
01:14:59,0 ,0 ,0 ,474 ,5 ,18.70 ,41.23 ,1004.20 ,75.64
01:15:00,0 ,0 ,0 ,474 ,5 ,18.70 ,41.25 ,1004.21 ,75.50
01:15:01,0 ,0 ,0 ,475 ,5 ,18.70 ,41.25 ,1004.21 ,75.50
01:15:02,0 ,0 ,0 ,475 ,5 ,18.70 ,41.24 ,1004.21 ,75.54
01:15:03,0 ,0 ,0 ,474 ,5 ,18.70 ,41.25 ,1004.22 ,75.48
01:15:04,0 ,0 ,0 ,474 ,5 ,18.70 ,41.25 ,1004.19 ,75.73
01:15:06,0 ,0 ,0 ,474 ,5 ,18.70 ,41.24 ,1004.20 ,75.64
01:15:07,0 ,0 ,0 ,474 ,5 ,18.71 ,41.24 ,1004.20 ,75.60
01:15:08,0 ,0 ,0 ,474 ,5 ,18.70 ,41.23 ,1004.18 ,75.80
01:15:09,0 ,0 ,0 ,474 ,5 ,18.70 ,41.23 ,1004.19 ,75.70
01:15:10,0 ,0 ,0 ,474 ,5 ,18.70 ,41.22 ,1004.21 ,75.56
01:15:11,0 ,0 ,0 ,474 ,5 ,18.70 ,41.23 ,1004.19 ,75.70
01:15:13,0 ,0 ,0 ,474 ,5 ,18.70 ,41.23 ,1004.20 ,75.58
01:15:14,0 ,0 ,0 ,474 ,5 ,18.71 ,41.25 ,1004.20 ,75.61
01:15:15,0 ,0 ,0 ,474 ,5 ,18.71 ,41.24 ,1004.21 ,75.56
01:15:16,0 ,0 ,0 ,474 ,5 ,18.70 ,41.23 ,1004.21 ,75.54
01:15:17,0 ,0 ,0 ,474 ,5 ,18.71 ,41.23 ,1004.21 ,75.58
01:15:18,0 ,0 ,0 ,474 ,5 ,18.70 ,41.24 ,1004.22 ,75.47
01:15:20,0 ,0 ,0 ,474 ,5 ,18.70 ,41.22 ,1004.22 ,75.41
01:15:21,0 ,0 ,0 ,474 ,5 ,18.70 ,41.22 ,1004.20 ,75.61
01:15:22,0 ,0 ,0 ,474 ,5 ,18.69 ,41.21 ,1004.20 ,75.59
01:15:23,0 ,0 ,0 ,474 ,5 ,18.70 ,41.21 ,1004.23 ,75.33
01:15:24,0 ,0 ,0 ,474 ,5 ,18.69 ,41.22 ,1004.20 ,75.58
01:15:25,0 ,0 ,0 ,474 ,5 ,18.70 ,41.21 ,1004.22 ,75.44
01:15:27,0 ,0 ,0 ,474 ,5 ,18.70 ,41.22 ,1004.23 ,75.34
01:15:28,0 ,0 ,0 ,474 ,5 ,18.70 ,41.21 ,1004.21 ,75.51
01:15:29,0 ,0 ,0 ,474 ,5 ,18.70 ,41.16 ,1004.19 ,75.68
01:15:30,0 ,0 ,0 ,474 ,5 ,18.70 ,41.23 ,1004.21 ,75.51
01:15:31,0 ,0 ,0 ,474 ,5 ,18.70 ,41.23 ,1004.19 ,75.70
01:15:32,0 ,0 ,0 ,474 ,5 ,18.70 ,41.21 ,1004.19 ,75.69
01:15:34,0 ,0 ,0 ,474 ,5 ,18.70 ,41.22 ,1004.23 ,75.36
01:15:35,0 ,0 ,0 ,474 ,5 ,18.70 ,41.21 ,1004.22 ,75.44
01:15:36,0 ,0 ,0 ,474 ,5 ,18.70 ,41.20 ,1004.23 ,75.35
01:15:37,0 ,0 ,0 ,474 ,5 ,18.69 ,41.21 ,1004.23 ,75.40
01:15:38,0 ,0 ,0 ,474 ,5 ,18.69 ,41.21 ,1004.23 ,75.33
01:15:39,0 ,0 ,0 ,474 ,5 ,18.69 ,41.21 ,1004.22 ,75.47
01:15:41,0 ,0 ,0 ,474 ,5 ,18.69 ,41.21 ,1004.21 ,75.53
01:15:42,0 ,0 ,0 ,474 ,5 ,18.69 ,41.22 ,1004.22 ,75.49
01:15:43,0 ,0 ,0 ,474 ,5 ,18.69 ,41.21 ,1004.21 ,75.58
01:15:44,0 ,0 ,0 ,474 ,5 ,18.69 ,41.22 ,1004.21 ,75.50
01:15:45,0 ,0 ,0 ,474 ,5 ,18.70 ,41.21 ,1004.19 ,75.67
01:15:46,0 ,0 ,0 ,474 ,5 ,18.69 ,41.21 ,1004.17 ,75.85
01:15:48,0 ,0 ,0 ,474 ,5 ,18.69 ,41.21 ,1004.20 ,75.64
01:15:49,0 ,0 ,0 ,474 ,5 ,18.69 ,41.22 ,1004.22 ,75.43
01:15:50,0 ,0 ,0 ,474 ,5 ,18.69 ,41.23 ,1004.23 ,75.36
01:15:51,0 ,0 ,0 ,474 ,5 ,18.69 ,41.24 ,1004.23 ,75.34
01:15:52,0 ,0 ,0 ,474 ,5 ,18.69 ,41.22 ,1004.22 ,75.47
01:15:54,0 ,0 ,0 ,474 ,5 ,18.69 ,41.24 ,1004.20 ,75.64
01:15:55,0 ,0 ,0 ,474 ,5 ,18.69 ,41.21 ,1004.21 ,75.50
01:15:56,0 ,0 ,0 ,474 ,5 ,18.69 ,41.21 ,1004.20 ,75.65
01:15:57,0 ,0 ,0 ,474 ,5 ,18.69 ,41.22 ,1004.20 ,75.66
01:15:58,0 ,0 ,0 ,474 ,5 ,18.70 ,41.21 ,1004.23 ,75.41
01:15:59,0 ,0 ,0 ,474 ,5 ,18.69 ,41.22 ,1004.19 ,75.68
01:16:01,0 ,0 ,0 ,474 ,5 ,18.70 ,41.22 ,1004.21 ,75.51
01:16:02,0 ,0 ,0 ,474 ,5 ,18.69 ,41.23 ,1004.21 ,75.54
01:16:03,0 ,0 ,0 ,474 ,5 ,18.69 ,41.26 ,1004.20 ,75.63
01:16:04,0 ,0 ,0 ,474 ,5 ,18.70 ,41.23 ,1004.23 ,75.38
01:16:05,0 ,0 ,0 ,474 ,5 ,18.70 ,41.23 ,1004.22 ,75.43
01:16:06,0 ,0 ,0 ,474 ,5 ,18.69 ,41.23 ,1004.20 ,75.63
01:16:08,0 ,0 ,0 ,474 ,5 ,18.70 ,41.26 ,1004.21 ,75.52
01:16:09,0 ,0 ,0 ,474 ,5 ,18.71 ,41.23 ,1004.22 ,75.45
01:16:10,0 ,0 ,0 ,474 ,5 ,18.71 ,41.23 ,1004.19 ,75.69
01:16:11,0 ,0 ,0 ,474 ,5 ,18.70 ,41.22 ,1004.19 ,75.74
01:16:12,0 ,0 ,0 ,475 ,5 ,18.69 ,41.24 ,1004.21 ,75.57
01:16:13,0 ,0 ,0 ,474 ,5 ,18.70 ,41.22 ,1004.21 ,75.53
01:16:15,0 ,0 ,0 ,475 ,5 ,18.70 ,41.24 ,1004.23 ,75.34
01:16:16,0 ,0 ,0 ,474 ,5 ,18.70 ,41.24 ,1004.23 ,75.41
01:16:17,0 ,0 ,0 ,474 ,5 ,18.70 ,41.24 ,1004.21 ,75.58
01:16:18,0 ,0 ,0 ,475 ,5 ,18.69 ,41.23 ,1004.22 ,75.47
01:16:19,0 ,0 ,0 ,475 ,5 ,18.70 ,41.22 ,1004.18 ,75.75
01:17:20,0 ,0 ,0 ,478 ,5 ,18.68 ,41.23 ,1004.21 ,75.50
01:17:22,0 ,0 ,0 ,478 ,5 ,18.67 ,41.23 ,1004.21 ,75.56
01:17:23,0 ,0 ,0 ,478 ,5 ,18.68 ,41.23 ,1004.23 ,75.34
01:17:24,0 ,0 ,0 ,478 ,5 ,18.67 ,41.24 ,1004.21 ,75.56
01:17:25,0 ,0 ,0 ,478 ,5 ,18.67 ,41.23 ,1004.23 ,75.38
01:17:26,0 ,0 ,0 ,478 ,5 ,18.67 ,41.24 ,1004.21 ,75.55
01:17:27,0 ,0 ,0 ,478 ,5 ,18.66 ,41.22 ,1004.20 ,75.60
01:17:29,0 ,0 ,0 ,477 ,5 ,18.67 ,41.22 ,1004.24 ,75.32
01:17:30,0 ,0 ,0 ,478 ,5 ,18.67 ,41.23 ,1004.22 ,75.46
01:17:31,0 ,0 ,0 ,478 ,5 ,18.67 ,41.24 ,1004.24 ,75.32
01:17:32,0 ,0 ,0 ,478 ,5 ,18.67 ,41.24 ,1004.22 ,75.44
01:17:33,0 ,0 ,0 ,478 ,5 ,18.67 ,41.24 ,1004.20 ,75.66
01:17:34,0 ,0 ,0 ,478 ,5 ,18.67 ,41.24 ,1004.22 ,75.48
01:17:36,0 ,0 ,0 ,478 ,5 ,18.67 ,41.24 ,1004.20 ,75.59
01:17:37,0 ,0 ,0 ,478 ,5 ,18.67 ,41.24 ,1004.22 ,75.47
01:17:38,0 ,0 ,0 ,477 ,5 ,18.68 ,41.24 ,1004.24 ,75.24
01:17:39,0 ,0 ,0 ,477 ,5 ,18.68 ,41.23 ,1004.24 ,75.27
01:17:40,0 ,0 ,0 ,478 ,5 ,18.68 ,41.23 ,1004.19 ,75.73
01:17:41,0 ,0 ,0 ,478 ,5 ,18.68 ,41.22 ,1004.24 ,75.32
01:17:43,0 ,0 ,0 ,478 ,5 ,18.68 ,41.22 ,1004.23 ,75.37
01:17:44,0 ,0 ,0 ,478 ,5 ,18.68 ,41.22 ,1004.25 ,75.23
01:17:45,0 ,0 ,0 ,478 ,5 ,18.68 ,41.23 ,1004.24 ,75.24
01:17:46,0 ,0 ,0 ,478 ,5 ,18.68 ,41.26 ,1004.22 ,75.49
01:17:47,0 ,0 ,0 ,477 ,5 ,18.68 ,41.22 ,1004.23 ,75.38
01:17:48,0 ,0 ,0 ,477 ,5 ,18.68 ,41.19 ,1004.21 ,75.54
01:17:50,0 ,0 ,0 ,477 ,5 ,18.68 ,41.21 ,1004.22 ,75.45
01:17:51,0 ,0 ,0 ,477 ,5 ,18.67 ,41.19 ,1004.18 ,75.82
01:17:52,0 ,0 ,0 ,477 ,5 ,18.68 ,41.21 ,1004.24 ,75.28
01:17:53,0 ,0 ,0 ,477 ,5 ,18.68 ,41.21 ,1004.23 ,75.40
01:17:54,0 ,0 ,0 ,477 ,5 ,18.68 ,41.19 ,1004.22 ,75.43
01:17:55,0 ,0 ,0 ,477 ,5 ,18.67 ,41.21 ,1004.21 ,75.51
01:17:57,0 ,0 ,0 ,477 ,5 ,18.68 ,41.19 ,1004.24 ,75.28
01:17:58,0 ,0 ,0 ,477 ,5 ,18.68 ,41.19 ,1004.23 ,75.39
01:17:59,0 ,0 ,0 ,477 ,5 ,18.67 ,41.19 ,1004.22 ,75.46
01:18:00,0 ,0 ,0 ,477 ,5 ,18.68 ,41.18 ,1004.25 ,75.19
01:18:01,0 ,0 ,0 ,477 ,5 ,18.68 ,41.18 ,1004.25 ,75.17
01:18:02,0 ,0 ,0 ,477 ,5 ,18.67 ,41.19 ,1004.23 ,75.38
01:18:04,0 ,0 ,0 ,477 ,5 ,18.67 ,41.19 ,1004.21 ,75.53
01:18:05,0 ,0 ,0 ,476 ,5 ,18.67 ,41.19 ,1004.19 ,75.72
01:18:06,0 ,0 ,0 ,476 ,5 ,18.67 ,41.18 ,1004.23 ,75.38
01:18:07,0 ,0 ,0 ,476 ,5 ,18.67 ,41.18 ,1004.24 ,75.29
01:18:08,0 ,0 ,0 ,476 ,5 ,18.67 ,41.19 ,1004.20 ,75.64
01:18:09,0 ,0 ,0 ,476 ,5 ,18.67 ,41.21 ,1004.20 ,75.64
01:18:11,0 ,0 ,0 ,476 ,5 ,18.67 ,41.21 ,1004.20 ,75.60
01:18:12,0 ,0 ,0 ,476 ,5 ,18.67 ,41.19 ,1004.20 ,75.60
01:18:13,0 ,0 ,0 ,476 ,5 ,18.68 ,41.19 ,1004.23 ,75.41
01:18:14,0 ,0 ,0 ,476 ,5 ,18.68 ,41.19 ,1004.23 ,75.39
01:18:15,0 ,0 ,0 ,476 ,5 ,18.68 ,41.19 ,1004.20 ,75.63
01:18:16,0 ,0 ,0 ,476 ,5 ,18.68 ,41.19 ,1004.20 ,75.66
01:18:18,0 ,0 ,0 ,476 ,5 ,18.68 ,41.21 ,1004.23 ,75.56
01:18:19,0 ,0 ,0 ,476 ,5 ,18.68 ,41.19 ,1004.23 ,75.36
01:18:20,0 ,0 ,0 ,476 ,5 ,18.68 ,41.19 ,1004.22 ,75.42
01:18:21,0 ,0 ,0 ,476 ,5 ,18.68 ,41.19 ,1004.20 ,75.64
01:18:22,0 ,0 ,0 ,476 ,5 ,18.68 ,41.19 ,1004.22 ,75.49
01:18:23,0 ,0 ,0 ,476 ,5 ,18.68 ,41.19 ,1004.20 ,75.61
01:18:25,0 ,0 ,0 ,476 ,5 ,18.68 ,41.21 ,1004.22 ,75.47
01:18:26,0 ,0 ,0 ,476 ,5 ,18.68 ,41.19 ,1004.23 ,75.37
01:18:27,0 ,0 ,0 ,475 ,5 ,18.68 ,41.20 ,1004.22 ,75.43
01:18:28,0 ,0 ,0 ,475 ,5 ,18.67 ,41.19 ,1004.21 ,75.51
01:18:29,0 ,0 ,0 ,475 ,5 ,18.67 ,41.18 ,1004.21 ,75.51
01:18:30,0 ,0 ,0 ,475 ,5 ,18.67 ,41.21 ,1004.21 ,75.53
01:18:32,0 ,0 ,0 ,475 ,5 ,18.67 ,41.19 ,1004.23 ,75.35
01:18:33,0 ,0 ,0 ,475 ,5 ,18.67 ,41.19 ,1004.21 ,75.58
01:18:34,0 ,0 ,0 ,475 ,5 ,18.68 ,41.18 ,1004.20 ,75.63
01:18:35,0 ,0 ,0 ,475 ,5 ,18.67 ,41.18 ,1004.20 ,75.61
01:18:36,0 ,0 ,0 ,475 ,5 ,18.67 ,41.18 ,1004.19 ,75.68
01:18:37,0 ,0 ,0 ,475 ,5 ,18.67 ,41.18 ,1004.19 ,75.73
01:18:39,0 ,0 ,0 ,475 ,5 ,18.67 ,41.18 ,1004.20 ,75.61
01:18:40,0 ,0 ,0 ,475 ,5 ,18.67 ,41.19 ,1004.20 ,75.61
01:18:41,0 ,0 ,0 ,475 ,5 ,18.67 ,41.18 ,1004.20 ,75.65
01:18:42,0 ,0 ,0 ,475 ,5 ,18.67 ,41.18 ,1004.19 ,75.67
01:18:43,0 ,0 ,0 ,475 ,5 ,18.68 ,41.18 ,1004.23 ,75.36
01:18:44,0 ,0 ,0 ,475 ,5 ,18.67 ,41.19 ,1004.22 ,75.48
01:18:46,0 ,0 ,0 ,475 ,5 ,18.67 ,41.19 ,1004.21 ,75.58
01:18:47,0 ,0 ,0 ,474 ,5 ,18.67 ,41.17 ,1004.21 ,75.61
01:18:48,0 ,0 ,0 ,474 ,5 ,18.67 ,41.19 ,1004.21 ,75.51
01:18:49,0 ,0 ,0 ,474 ,5 ,18.67 ,41.19 ,1004.21 ,75.57
01:18:50,0 ,0 ,0 ,474 ,5 ,18.68 ,41.19 ,1004.22 ,75.42
01:18:51,0 ,0 ,0 ,474 ,5 ,18.68 ,41.22 ,1004.21 ,75.54
01:18:53,0 ,0 ,0 ,474 ,5 ,18.68 ,41.19 ,1004.23 ,75.39
01:18:54,0 ,0 ,0 ,474 ,5 ,18.67 ,41.21 ,1004.20 ,75.61
01:18:55,0 ,0 ,0 ,474 ,5 ,18.67 ,41.21 ,1004.22 ,75.44
01:18:56,0 ,0 ,0 ,474 ,5 ,18.67 ,41.19 ,1004.20 ,75.59
01:18:57,0 ,0 ,0 ,474 ,5 ,18.67 ,41.21 ,1004.22 ,75.48
01:18:58,0 ,0 ,0 ,474 ,5 ,18.68 ,41.23 ,1004.22 ,75.49
01:19:00,0 ,0 ,0 ,474 ,5 ,18.67 ,41.21 ,1004.23 ,75.35
01:19:01,0 ,0 ,0 ,474 ,5 ,18.67 ,41.21 ,1004.22 ,75.45
01:19:02,0 ,0 ,0 ,474 ,5 ,18.67 ,41.22 ,1004.23 ,75.34
01:19:03,0 ,0 ,0 ,474 ,5 ,18.67 ,41.21 ,1004.22 ,75.43
01:19:04,0 ,0 ,0 ,474 ,5 ,18.67 ,41.22 ,1004.19 ,75.73
01:19:05,0 ,0 ,0 ,474 ,5 ,18.67 ,41.22 ,1004.23 ,75.35
01:19:07,0 ,0 ,0 ,474 ,5 ,18.67 ,41.22 ,1004.21 ,75.52
01:19:08,0 ,0 ,0 ,474 ,5 ,18.67 ,41.22 ,1004.21 ,75.51
01:19:09,0 ,0 ,0 ,474 ,5 ,18.67 ,41.21 ,1004.21 ,75.54
01:19:10,0 ,0 ,0 ,474 ,5 ,18.67 ,41.22 ,1004.21 ,75.50
01:19:11,0 ,0 ,0 ,474 ,5 ,18.67 ,41.19 ,1004.20 ,75.63
01:19:12,0 ,0 ,0 ,474 ,5 ,18.67 ,41.20 ,1004.21 ,75.53
01:19:14,0 ,0 ,0 ,474 ,5 ,18.67 ,41.22 ,1004.20 ,75.59
01:19:15,0 ,0 ,0 ,474 ,5 ,18.66 ,41.19 ,1004.19 ,75.80
01:19:16,0 ,0 ,0 ,474 ,5 ,18.67 ,41.20 ,1004.21 ,75.56
01:19:17,0 ,0 ,0 ,474 ,5 ,18.67 ,41.19 ,1004.20 ,75.60
01:20:18,0 ,0 ,0 ,473 ,5 ,18.65 ,41.29 ,1004.19 ,75.71
01:20:19,0 ,0 ,0 ,473 ,5 ,18.65 ,41.28 ,1004.21 ,75.58
01:20:21,0 ,0 ,0 ,473 ,5 ,18.65 ,41.27 ,1004.19 ,75.71
01:20:22,0 ,0 ,0 ,473 ,5 ,18.65 ,41.27 ,1004.20 ,75.63
01:20:23,0 ,0 ,0 ,473 ,5 ,18.65 ,41.26 ,1004.21 ,75.52
01:20:24,0 ,0 ,0 ,473 ,5 ,18.65 ,41.26 ,1004.23 ,75.37
01:20:25,0 ,0 ,0 ,473 ,5 ,18.64 ,41.26 ,1004.20 ,75.62
01:20:26,0 ,0 ,0 ,473 ,5 ,18.64 ,41.26 ,1004.18 ,75.82
01:20:28,0 ,0 ,0 ,473 ,5 ,18.64 ,41.25 ,1004.18 ,75.76
01:20:29,0 ,0 ,0 ,473 ,5 ,18.65 ,41.24 ,1004.21 ,75.51
01:20:30,0 ,0 ,0 ,473 ,5 ,18.64 ,41.27 ,1004.24 ,75.31
01:20:31,0 ,0 ,0 ,473 ,5 ,18.64 ,41.25 ,1004.21 ,75.54
01:20:32,0 ,0 ,0 ,473 ,5 ,18.64 ,41.26 ,1004.20 ,75.65
01:20:33,0 ,0 ,0 ,473 ,5 ,18.63 ,41.26 ,1004.23 ,75.36
01:20:35,0 ,0 ,0 ,473 ,5 ,18.63 ,41.26 ,1004.20 ,75.63
01:20:36,0 ,0 ,0 ,473 ,5 ,18.64 ,41.27 ,1004.21 ,75.51
01:20:37,0 ,0 ,0 ,473 ,5 ,18.64 ,41.26 ,1004.22 ,75.49
01:20:38,0 ,0 ,0 ,473 ,5 ,18.64 ,41.26 ,1004.24 ,75.29
01:20:39,0 ,0 ,0 ,473 ,5 ,18.64 ,41.27 ,1004.21 ,75.58
01:20:40,0 ,0 ,0 ,473 ,5 ,18.64 ,41.26 ,1004.23 ,75.34
01:20:42,0 ,0 ,0 ,473 ,5 ,18.64 ,41.28 ,1004.20 ,75.64
01:20:43,0 ,0 ,0 ,473 ,5 ,18.64 ,41.26 ,1004.21 ,75.54
01:20:44,0 ,0 ,0 ,473 ,5 ,18.64 ,41.26 ,1004.20 ,75.64
01:20:45,0 ,0 ,0 ,473 ,5 ,18.64 ,41.25 ,1004.17 ,75.86
01:20:46,0 ,0 ,0 ,473 ,5 ,18.64 ,41.25 ,1004.22 ,75.49
01:20:47,0 ,0 ,0 ,473 ,5 ,18.65 ,41.25 ,1004.24 ,75.27
01:20:49,0 ,0 ,0 ,473 ,5 ,18.64 ,41.27 ,1004.19 ,75.70
01:20:50,0 ,0 ,0 ,473 ,5 ,18.64 ,41.24 ,1004.19 ,75.67
01:20:51,0 ,0 ,0 ,473 ,5 ,18.63 ,41.26 ,1004.17 ,75.88
01:20:52,0 ,0 ,0 ,474 ,5 ,18.63 ,41.25 ,1004.19 ,75.74
01:20:53,0 ,0 ,0 ,474 ,5 ,18.64 ,41.25 ,1004.19 ,75.68
01:20:54,0 ,0 ,0 ,474 ,5 ,18.65 ,41.26 ,1004.19 ,75.72
01:20:56,0 ,0 ,0 ,473 ,5 ,18.65 ,41.25 ,1004.18 ,75.75
01:20:57,0 ,0 ,0 ,473 ,5 ,18.64 ,41.26 ,1004.18 ,75.82
01:20:58,0 ,0 ,0 ,474 ,5 ,18.65 ,41.26 ,1004.20 ,75.66
01:20:59,0 ,0 ,0 ,474 ,5 ,18.65 ,41.27 ,1004.20 ,75.61
01:21:00,0 ,0 ,0 ,473 ,5 ,18.64 ,41.27 ,1004.24 ,75.31
01:21:01,0 ,0 ,0 ,473 ,5 ,18.63 ,41.27 ,1004.21 ,75.57
01:21:03,0 ,0 ,0 ,473 ,5 ,18.65 ,41.28 ,1004.22 ,75.44
01:21:04,0 ,0 ,0 ,473 ,5 ,18.64 ,41.26 ,1004.21 ,75.52
01:21:05,0 ,0 ,0 ,473 ,5 ,18.65 ,41.25 ,1004.22 ,75.47
01:21:06,0 ,0 ,0 ,473 ,5 ,18.65 ,41.26 ,1004.18 ,75.82
01:21:07,0 ,0 ,0 ,473 ,5 ,18.64 ,41.25 ,1004.18 ,75.77
01:21:08,0 ,0 ,0 ,473 ,5 ,18.64 ,41.31 ,1004.17 ,75.80
01:21:10,0 ,0 ,0 ,473 ,5 ,18.65 ,41.26 ,1004.17 ,75.90
01:21:11,0 ,0 ,0 ,473 ,5 ,18.65 ,41.25 ,1004.18 ,75.79
01:21:12,0 ,0 ,0 ,473 ,5 ,18.65 ,41.25 ,1004.20 ,75.64
01:21:13,0 ,0 ,0 ,473 ,5 ,18.65 ,41.26 ,1004.18 ,75.81
01:21:14,0 ,0 ,0 ,473 ,5 ,18.66 ,41.26 ,1004.19 ,75.69
01:21:15,0 ,0 ,0 ,473 ,5 ,18.66 ,41.25 ,1004.16 ,75.92
01:21:17,0 ,0 ,0 ,473 ,5 ,18.66 ,41.27 ,1004.19 ,75.72
01:21:18,0 ,0 ,0 ,473 ,5 ,18.65 ,41.25 ,1004.19 ,75.71
01:21:19,0 ,0 ,0 ,473 ,5 ,18.65 ,41.26 ,1004.15 ,76.01
01:21:20,0 ,0 ,0 ,474 ,5 ,18.66 ,41.25 ,1004.18 ,75.78
01:21:21,0 ,0 ,0 ,474 ,5 ,18.66 ,41.25 ,1004.17 ,75.86
01:21:22,0 ,0 ,0 ,474 ,5 ,18.65 ,41.26 ,1004.19 ,75.70
01:21:24,0 ,0 ,0 ,474 ,5 ,18.66 ,41.24 ,1004.17 ,75.85
01:21:25,0 ,0 ,0 ,474 ,5 ,18.66 ,41.24 ,1004.20 ,75.60
01:21:26,0 ,0 ,0 ,474 ,5 ,18.66 ,41.24 ,1004.20 ,75.60
01:21:27,0 ,0 ,0 ,473 ,5 ,18.66 ,41.24 ,1004.20 ,75.58
01:21:28,0 ,0 ,0 ,473 ,5 ,18.66 ,41.24 ,1004.19 ,75.74
01:21:29,0 ,0 ,0 ,474 ,5 ,18.66 ,41.24 ,1004.20 ,75.65
01:21:31,0 ,0 ,0 ,474 ,5 ,18.67 ,41.24 ,1004.19 ,75.72
01:21:32,0 ,0 ,0 ,474 ,5 ,18.67 ,41.23 ,1004.20 ,75.64
01:21:33,0 ,0 ,0 ,474 ,5 ,18.66 ,41.25 ,1004.18 ,75.80
01:21:34,0 ,0 ,0 ,474 ,5 ,18.66 ,41.24 ,1004.19 ,75.75
01:21:35,0 ,0 ,0 ,474 ,5 ,18.66 ,41.24 ,1004.18 ,75.77
01:21:36,0 ,0 ,0 ,474 ,5 ,18.67 ,41.17 ,1004.18 ,75.78
01:21:38,0 ,0 ,0 ,474 ,5 ,18.67 ,41.25 ,1004.19 ,75.72
01:21:39,0 ,0 ,0 ,474 ,5 ,18.67 ,41.24 ,1004.18 ,75.82
01:21:40,0 ,0 ,0 ,474 ,5 ,18.67 ,41.24 ,1004.22 ,75.48
01:21:41,0 ,0 ,0 ,474 ,5 ,18.66 ,41.25 ,1004.21 ,75.53
01:21:42,0 ,0 ,0 ,473 ,5 ,18.66 ,41.25 ,1004.19 ,75.67
01:21:43,0 ,0 ,0 ,473 ,5 ,18.66 ,41.27 ,1004.19 ,75.71
01:21:45,0 ,0 ,0 ,473 ,5 ,18.66 ,41.26 ,1004.18 ,75.75
01:21:46,0 ,0 ,0 ,473 ,5 ,18.66 ,41.27 ,1004.18 ,75.83
01:21:47,0 ,0 ,0 ,473 ,5 ,18.65 ,41.27 ,1004.20 ,75.63
01:21:48,0 ,0 ,0 ,473 ,5 ,18.66 ,41.28 ,1004.21 ,75.57
01:21:49,0 ,0 ,0 ,473 ,5 ,18.66 ,41.26 ,1004.19 ,75.70
01:21:50,0 ,0 ,0 ,473 ,5 ,18.65 ,41.26 ,1004.18 ,75.83
01:21:52,0 ,0 ,0 ,473 ,5 ,18.66 ,41.25 ,1004.19 ,75.67
01:21:53,0 ,0 ,0 ,473 ,5 ,18.66 ,41.28 ,1004.17 ,75.86
01:21:54,0 ,0 ,0 ,473 ,5 ,18.66 ,41.26 ,1004.17 ,75.91
01:21:55,0 ,0 ,0 ,473 ,5 ,18.66 ,41.26 ,1004.17 ,75.84
01:21:56,0 ,0 ,0 ,473 ,5 ,18.67 ,41.25 ,1004.19 ,75.70
01:21:57,0 ,0 ,0 ,474 ,5 ,18.67 ,41.23 ,1004.18 ,75.78
01:21:59,0 ,0 ,0 ,473 ,5 ,18.67 ,41.25 ,1004.17 ,75.87
01:22:00,0 ,0 ,0 ,474 ,5 ,18.67 ,41.25 ,1004.19 ,75.67
01:22:01,0 ,0 ,0 ,474 ,5 ,18.66 ,41.22 ,1004.14 ,76.08
01:22:02,0 ,0 ,0 ,474 ,5 ,18.66 ,41.23 ,1004.18 ,75.79
01:22:03,0 ,0 ,0 ,474 ,5 ,18.66 ,41.22 ,1004.20 ,75.64
01:22:04,0 ,0 ,0 ,474 ,5 ,18.66 ,41.23 ,1004.20 ,75.65
01:22:06,0 ,0 ,0 ,474 ,5 ,18.66 ,41.22 ,1004.18 ,75.79
01:22:07,0 ,0 ,0 ,474 ,5 ,18.66 ,41.23 ,1004.17 ,75.88
01:22:08,0 ,0 ,0 ,474 ,5 ,18.66 ,41.25 ,1004.21 ,75.51
01:22:09,0 ,0 ,0 ,474 ,5 ,18.66 ,41.30 ,1004.18 ,75.82
01:22:10,0 ,0 ,0 ,474 ,5 ,18.66 ,41.33 ,1004.18 ,75.75
01:22:11,0 ,0 ,0 ,474 ,5 ,18.66 ,41.53 ,1004.17 ,75.90
01:22:13,0 ,0 ,0 ,474 ,5 ,18.66 ,41.79 ,1004.19 ,75.75
01:22:14,0 ,0 ,0 ,474 ,5 ,18.67 ,41.85 ,1004.16 ,75.96
01:22:15,0 ,0 ,0 ,474 ,5 ,18.67 ,41.78 ,1004.19 ,75.75
01:23:16,0 ,0 ,0 ,477 ,5 ,18.64 ,41.28 ,1004.14 ,76.11
01:23:17,0 ,0 ,0 ,478 ,5 ,18.64 ,41.31 ,1004.14 ,76.14
01:23:18,0 ,0 ,0 ,478 ,5 ,18.64 ,41.29 ,1004.15 ,76.02
01:23:20,0 ,0 ,0 ,478 ,5 ,18.64 ,41.32 ,1004.15 ,76.04
01:23:21,0 ,0 ,0 ,478 ,5 ,18.64 ,41.29 ,1004.15 ,76.01
01:23:22,0 ,0 ,0 ,478 ,5 ,18.63 ,41.29 ,1004.15 ,76.06
01:23:23,0 ,0 ,0 ,478 ,5 ,18.65 ,41.31 ,1004.17 ,75.89
01:23:24,0 ,0 ,0 ,478 ,5 ,18.64 ,41.29 ,1004.15 ,76.02
01:23:25,0 ,0 ,0 ,478 ,5 ,18.64 ,41.29 ,1004.12 ,76.26
01:23:27,0 ,0 ,0 ,478 ,5 ,18.64 ,41.29 ,1004.15 ,76.00
01:23:28,0 ,0 ,0 ,478 ,5 ,18.65 ,41.32 ,1004.15 ,76.04
01:23:29,0 ,0 ,0 ,478 ,5 ,18.64 ,41.33 ,1004.12 ,76.31
01:23:30,0 ,0 ,0 ,478 ,5 ,18.64 ,41.32 ,1004.14 ,76.14
01:23:31,0 ,0 ,0 ,478 ,5 ,18.64 ,41.32 ,1004.13 ,76.17
01:23:32,0 ,0 ,0 ,478 ,5 ,18.64 ,41.31 ,1004.16 ,76.00
01:23:34,0 ,0 ,0 ,478 ,5 ,18.65 ,41.29 ,1004.13 ,76.24
01:23:35,0 ,0 ,0 ,478 ,5 ,18.64 ,41.29 ,1004.16 ,75.95
01:23:36,0 ,0 ,0 ,478 ,5 ,18.65 ,41.29 ,1004.14 ,76.15
01:23:37,0 ,0 ,0 ,478 ,5 ,18.65 ,41.29 ,1004.15 ,76.04
01:23:38,0 ,0 ,0 ,478 ,5 ,18.65 ,41.31 ,1004.13 ,76.17
01:23:39,0 ,0 ,0 ,478 ,5 ,18.65 ,41.29 ,1004.14 ,76.09
01:23:41,0 ,0 ,0 ,478 ,5 ,18.65 ,41.32 ,1004.16 ,75.93
01:23:42,0 ,0 ,0 ,478 ,5 ,18.66 ,41.32 ,1004.17 ,75.90
01:23:43,0 ,0 ,0 ,478 ,5 ,18.66 ,41.30 ,1004.15 ,76.08
01:23:44,0 ,0 ,0 ,478 ,5 ,18.66 ,41.31 ,1004.14 ,76.15
01:23:45,0 ,0 ,0 ,478 ,5 ,18.66 ,41.33 ,1004.10 ,76.43
01:23:47,0 ,0 ,0 ,478 ,5 ,18.65 ,41.29 ,1004.13 ,76.23
01:23:48,0 ,0 ,0 ,478 ,5 ,18.65 ,41.32 ,1004.13 ,76.18
01:23:49,0 ,0 ,0 ,478 ,5 ,18.65 ,41.29 ,1004.15 ,76.02
01:23:50,0 ,0 ,0 ,478 ,5 ,18.65 ,41.21 ,1004.14 ,76.17
01:23:51,0 ,0 ,0 ,478 ,5 ,18.65 ,41.28 ,1004.17 ,75.86
01:23:52,0 ,0 ,0 ,478 ,5 ,18.66 ,41.32 ,1004.13 ,76.18
01:23:54,0 ,0 ,0 ,477 ,5 ,18.65 ,41.28 ,1004.16 ,75.97
01:23:55,0 ,0 ,0 ,477 ,5 ,18.64 ,41.31 ,1004.14 ,76.11
01:23:56,0 ,0 ,0 ,477 ,5 ,18.66 ,41.28 ,1004.14 ,76.09
01:23:57,0 ,0 ,0 ,477 ,5 ,18.65 ,41.27 ,1004.18 ,75.77
01:23:58,0 ,0 ,0 ,477 ,5 ,18.65 ,41.26 ,1004.12 ,76.32
01:23:59,0 ,0 ,0 ,477 ,5 ,18.65 ,41.26 ,1004.16 ,75.97
01:24:01,0 ,0 ,0 ,477 ,5 ,18.65 ,41.28 ,1004.14 ,76.12
01:24:02,0 ,0 ,0 ,477 ,5 ,18.65 ,41.27 ,1004.13 ,76.18
01:24:03,0 ,0 ,0 ,477 ,5 ,18.65 ,41.27 ,1004.14 ,76.16
01:24:04,0 ,0 ,0 ,476 ,5 ,18.64 ,41.25 ,1004.13 ,76.22
01:24:05,0 ,0 ,0 ,476 ,5 ,18.64 ,41.27 ,1004.16 ,75.99
01:24:06,0 ,0 ,0 ,476 ,5 ,18.65 ,41.28 ,1004.15 ,76.03
01:24:08,0 ,0 ,0 ,476 ,5 ,18.64 ,41.27 ,1004.14 ,76.10
01:24:09,0 ,0 ,0 ,477 ,5 ,18.64 ,41.28 ,1004.16 ,76.00
01:24:10,0 ,0 ,0 ,476 ,5 ,18.64 ,41.26 ,1004.15 ,76.05
01:24:11,0 ,0 ,0 ,476 ,5 ,18.64 ,41.26 ,1004.14 ,76.14
01:24:12,0 ,0 ,0 ,476 ,5 ,18.64 ,41.26 ,1004.14 ,76.09
01:24:13,0 ,0 ,0 ,476 ,5 ,18.64 ,41.26 ,1004.16 ,75.97
01:24:15,0 ,0 ,0 ,477 ,5 ,18.64 ,41.27 ,1004.15 ,76.02
01:24:16,0 ,0 ,0 ,476 ,5 ,18.65 ,41.28 ,1004.15 ,76.06
01:24:17,0 ,0 ,0 ,476 ,5 ,18.65 ,41.35 ,1004.17 ,75.91
01:24:18,0 ,0 ,0 ,476 ,5 ,18.65 ,41.40 ,1004.18 ,75.75
01:24:19,0 ,0 ,0 ,476 ,5 ,18.65 ,41.33 ,1004.18 ,75.81
01:24:20,0 ,0 ,0 ,476 ,5 ,18.65 ,41.37 ,1004.13 ,75.92
01:24:22,0 ,0 ,0 ,476 ,5 ,18.65 ,41.29 ,1004.13 ,76.24
01:24:23,0 ,0 ,0 ,476 ,5 ,18.64 ,41.32 ,1004.19 ,75.71
01:24:24,0 ,0 ,0 ,476 ,5 ,18.64 ,41.34 ,1004.18 ,75.75
01:24:25,0 ,0 ,0 ,476 ,5 ,18.65 ,41.35 ,1004.17 ,75.90
01:24:26,0 ,0 ,0 ,476 ,5 ,18.65 ,41.35 ,1004.17 ,75.88
01:24:27,0 ,0 ,0 ,476 ,5 ,18.64 ,41.32 ,1004.18 ,75.82
01:24:29,0 ,0 ,0 ,476 ,5 ,18.64 ,41.29 ,1004.13 ,76.21
01:24:30,0 ,0 ,0 ,476 ,5 ,18.63 ,41.30 ,1004.14 ,76.13
01:24:31,0 ,0 ,0 ,476 ,5 ,18.64 ,41.30 ,1004.16 ,75.94
01:24:32,0 ,0 ,0 ,476 ,5 ,18.62 ,41.32 ,1004.14 ,76.14
01:24:33,0 ,0 ,0 ,476 ,5 ,18.63 ,41.32 ,1004.14 ,76.12
01:24:34,0 ,0 ,0 ,476 ,5 ,18.63 ,41.33 ,1004.17 ,75.86
01:24:36,0 ,0 ,0 ,476 ,5 ,18.63 ,41.32 ,1004.19 ,75.74
01:24:37,0 ,0 ,0 ,476 ,5 ,18.63 ,41.32 ,1004.14 ,76.09
01:24:38,0 ,0 ,0 ,476 ,5 ,18.63 ,41.32 ,1004.16 ,75.99
01:24:39,0 ,0 ,0 ,476 ,5 ,18.63 ,41.33 ,1004.12 ,76.26
01:24:40,0 ,0 ,0 ,476 ,5 ,18.63 ,41.32 ,1004.17 ,75.91
01:24:41,0 ,0 ,0 ,476 ,5 ,18.63 ,41.32 ,1004.15 ,76.05
01:24:43,0 ,0 ,0 ,476 ,5 ,18.63 ,41.33 ,1004.18 ,75.78
01:24:44,0 ,0 ,0 ,476 ,5 ,18.63 ,41.30 ,1004.16 ,75.96
01:24:45,0 ,0 ,0 ,476 ,5 ,18.63 ,41.29 ,1004.16 ,75.94
01:24:46,0 ,0 ,0 ,476 ,5 ,18.63 ,41.32 ,1004.17 ,75.86
01:24:47,0 ,0 ,0 ,477 ,5 ,18.63 ,41.30 ,1004.14 ,76.08
01:24:48,0 ,0 ,0 ,477 ,5 ,18.63 ,41.30 ,1004.15 ,76.02
01:24:50,0 ,0 ,0 ,477 ,5 ,18.63 ,41.30 ,1004.14 ,76.09
01:24:51,0 ,0 ,0 ,477 ,5 ,18.63 ,41.32 ,1004.14 ,76.14
01:24:52,0 ,0 ,0 ,477 ,5 ,18.63 ,41.33 ,1004.16 ,75.96
01:24:53,0 ,0 ,0 ,477 ,5 ,18.63 ,41.33 ,1004.15 ,76.08
01:24:54,0 ,0 ,0 ,477 ,5 ,18.63 ,41.35 ,1004.16 ,75.94
01:24:55,0 ,0 ,0 ,477 ,5 ,18.62 ,41.33 ,1004.17 ,75.89
01:24:57,0 ,0 ,0 ,477 ,5 ,18.63 ,41.32 ,1004.16 ,75.94
01:24:58,0 ,0 ,0 ,477 ,5 ,18.62 ,41.32 ,1004.17 ,75.86
01:24:59,0 ,0 ,0 ,477 ,5 ,18.62 ,41.32 ,1004.19 ,75.67
01:25:00,0 ,0 ,0 ,477 ,5 ,18.62 ,41.29 ,1004.18 ,75.75
01:25:01,0 ,0 ,0 ,478 ,5 ,18.63 ,41.32 ,1004.19 ,75.71
01:25:02,0 ,0 ,0 ,477 ,5 ,18.63 ,41.32 ,1004.17 ,75.87
01:25:04,0 ,0 ,0 ,477 ,5 ,18.62 ,41.33 ,1004.17 ,75.85
01:25:05,0 ,0 ,0 ,478 ,5 ,18.62 ,41.34 ,1004.14 ,76.14
01:25:06,0 ,0 ,0 ,477 ,5 ,18.63 ,41.33 ,1004.17 ,75.86
01:25:07,0 ,0 ,0 ,478 ,5 ,18.63 ,41.32 ,1004.17 ,75.86
01:25:08,0 ,0 ,0 ,478 ,5 ,18.62 ,41.32 ,1004.19 ,75.68
01:25:09,0 ,0 ,0 ,477 ,5 ,18.62 ,41.32 ,1004.18 ,75.81
01:25:11,0 ,0 ,0 ,478 ,5 ,18.62 ,41.29 ,1004.18 ,75.78
01:25:12,0 ,0 ,0 ,478 ,5 ,18.62 ,41.32 ,1004.18 ,75.79
01:25:13,0 ,0 ,0 ,478 ,5 ,18.63 ,41.32 ,1004.20 ,75.64
01:26:14,0 ,0 ,0 ,478 ,5 ,18.60 ,41.34 ,1004.15 ,76.03
01:26:15,0 ,0 ,0 ,478 ,5 ,18.61 ,41.34 ,1004.18 ,75.80
01:26:16,0 ,0 ,0 ,478 ,5 ,18.61 ,41.34 ,1004.15 ,76.00
01:26:18,0 ,0 ,0 ,478 ,5 ,18.60 ,41.34 ,1004.16 ,75.97
01:26:19,0 ,0 ,0 ,477 ,5 ,18.59 ,41.34 ,1004.14 ,76.12
01:26:20,0 ,0 ,0 ,477 ,5 ,18.60 ,41.34 ,1004.15 ,76.07
01:26:21,0 ,0 ,0 ,478 ,5 ,18.59 ,41.34 ,1004.13 ,76.19
01:26:22,0 ,0 ,0 ,478 ,5 ,18.61 ,41.36 ,1004.15 ,76.01
01:26:23,0 ,0 ,0 ,477 ,5 ,18.61 ,41.35 ,1004.15 ,76.04
01:26:25,0 ,0 ,0 ,477 ,5 ,18.61 ,41.35 ,1004.17 ,75.87
01:26:26,0 ,0 ,0 ,477 ,5 ,18.61 ,41.35 ,1004.16 ,75.96
01:26:27,0 ,0 ,0 ,477 ,5 ,18.61 ,41.34 ,1004.17 ,75.87
01:26:28,0 ,0 ,0 ,477 ,5 ,18.60 ,41.34 ,1004.17 ,75.86
01:26:29,0 ,0 ,0 ,477 ,5 ,18.61 ,41.33 ,1004.18 ,75.80
01:26:30,0 ,0 ,0 ,477 ,5 ,18.61 ,41.34 ,1004.17 ,75.85
01:26:32,0 ,0 ,0 ,476 ,5 ,18.61 ,41.34 ,1004.17 ,75.86
01:26:33,0 ,0 ,0 ,476 ,5 ,18.61 ,41.35 ,1004.16 ,75.92
01:26:34,0 ,0 ,0 ,477 ,5 ,18.61 ,41.36 ,1004.14 ,76.15
01:26:35,0 ,0 ,0 ,477 ,5 ,18.60 ,41.36 ,1004.16 ,75.92
01:26:36,0 ,0 ,0 ,477 ,5 ,18.60 ,41.36 ,1004.16 ,76.00
01:26:37,0 ,0 ,0 ,477 ,5 ,18.60 ,41.37 ,1004.17 ,75.86
01:26:39,0 ,0 ,0 ,477 ,5 ,18.60 ,41.36 ,1004.18 ,75.81
01:26:40,0 ,0 ,0 ,476 ,5 ,18.60 ,41.37 ,1004.17 ,75.90
01:26:41,0 ,0 ,0 ,477 ,5 ,18.59 ,41.34 ,1004.21 ,75.56
01:26:42,0 ,0 ,0 ,477 ,5 ,18.59 ,41.34 ,1004.17 ,75.84
01:26:43,0 ,0 ,0 ,477 ,5 ,18.59 ,41.34 ,1004.18 ,75.81
01:26:44,0 ,0 ,0 ,477 ,5 ,18.59 ,41.36 ,1004.21 ,75.58
01:26:46,0 ,0 ,0 ,477 ,5 ,18.58 ,41.36 ,1004.19 ,75.72
01:26:47,0 ,0 ,0 ,477 ,5 ,18.59 ,41.35 ,1004.16 ,75.93
01:26:48,0 ,0 ,0 ,477 ,5 ,18.59 ,41.36 ,1004.18 ,75.78
01:26:49,0 ,0 ,0 ,477 ,5 ,18.59 ,41.35 ,1004.18 ,75.80
01:26:50,0 ,0 ,0 ,477 ,5 ,18.59 ,41.34 ,1004.20 ,75.66
01:26:51,0 ,0 ,0 ,476 ,5 ,18.59 ,41.35 ,1004.21 ,75.56
01:26:53,0 ,0 ,0 ,477 ,5 ,18.58 ,41.35 ,1004.18 ,75.77
01:26:54,0 ,0 ,0 ,477 ,5 ,18.58 ,41.35 ,1004.18 ,75.82
01:26:55,0 ,0 ,0 ,477 ,5 ,18.58 ,41.37 ,1004.20 ,75.64
01:26:56,0 ,0 ,0 ,477 ,5 ,18.58 ,41.35 ,1004.22 ,75.44
01:26:57,0 ,0 ,0 ,477 ,5 ,18.58 ,41.35 ,1004.19 ,75.71
01:26:58,0 ,0 ,0 ,477 ,5 ,18.58 ,41.37 ,1004.20 ,75.60
01:27:00,0 ,0 ,0 ,477 ,5 ,18.58 ,41.36 ,1004.21 ,75.55
01:27:01,0 ,0 ,0 ,476 ,5 ,18.58 ,41.36 ,1004.17 ,75.85
01:27:02,0 ,0 ,0 ,476 ,5 ,18.59 ,41.35 ,1004.20 ,75.65
01:27:03,0 ,0 ,0 ,476 ,5 ,18.59 ,41.35 ,1004.18 ,75.77
01:27:04,0 ,0 ,0 ,476 ,5 ,18.58 ,41.38 ,1004.16 ,75.93
01:27:05,0 ,0 ,0 ,476 ,5 ,18.58 ,41.40 ,1004.19 ,75.75
01:27:07,0 ,0 ,0 ,476 ,5 ,18.58 ,41.36 ,1004.17 ,75.83
01:27:08,0 ,0 ,0 ,476 ,5 ,18.59 ,41.37 ,1004.17 ,75.91
01:27:09,0 ,0 ,0 ,476 ,5 ,18.59 ,41.36 ,1004.16 ,75.97
01:27:10,0 ,0 ,0 ,476 ,5 ,18.59 ,41.37 ,1004.19 ,75.69
01:27:11,0 ,0 ,0 ,476 ,5 ,18.59 ,41.36 ,1004.17 ,75.87
01:27:12,0 ,0 ,0 ,476 ,5 ,18.58 ,41.37 ,1004.15 ,76.02
01:27:14,0 ,0 ,0 ,476 ,5 ,18.58 ,41.37 ,1004.16 ,75.97
01:27:15,0 ,0 ,0 ,476 ,5 ,18.59 ,41.37 ,1004.21 ,75.53
01:27:16,0 ,0 ,0 ,476 ,5 ,18.59 ,41.36 ,1004.17 ,75.90
01:27:17,0 ,0 ,0 ,476 ,5 ,18.60 ,41.37 ,1004.18 ,75.76
01:27:18,0 ,0 ,0 ,476 ,5 ,18.59 ,41.37 ,1004.21 ,75.53
01:27:19,0 ,0 ,0 ,476 ,5 ,18.59 ,41.37 ,1004.20 ,75.65
01:27:21,0 ,0 ,0 ,476 ,5 ,18.59 ,41.36 ,1004.16 ,75.95
01:27:22,0 ,0 ,0 ,476 ,5 ,18.58 ,41.37 ,1004.21 ,75.57
01:27:23,0 ,0 ,0 ,476 ,5 ,18.58 ,41.37 ,1004.18 ,75.77
01:27:24,0 ,0 ,0 ,477 ,5 ,18.59 ,41.39 ,1004.19 ,75.74
01:27:25,0 ,0 ,0 ,477 ,5 ,18.59 ,41.37 ,1004.22 ,75.49
01:27:26,0 ,0 ,0 ,477 ,5 ,18.59 ,41.35 ,1004.19 ,75.76
01:27:28,0 ,0 ,0 ,476 ,5 ,18.60 ,41.37 ,1004.21 ,75.54
01:27:29,0 ,0 ,0 ,477 ,5 ,18.60 ,41.37 ,1004.19 ,75.69
01:27:30,0 ,0 ,0 ,477 ,5 ,18.59 ,41.37 ,1004.22 ,75.49
01:27:31,0 ,0 ,0 ,476 ,5 ,18.59 ,41.39 ,1004.21 ,75.57
01:27:32,0 ,0 ,0 ,476 ,5 ,18.59 ,41.37 ,1004.20 ,75.63
01:27:33,0 ,0 ,0 ,476 ,5 ,18.60 ,41.36 ,1004.20 ,75.64
01:27:35,0 ,0 ,0 ,477 ,5 ,18.59 ,41.36 ,1004.17 ,75.87
01:27:36,0 ,0 ,0 ,477 ,5 ,18.59 ,41.37 ,1004.21 ,75.56
01:27:37,0 ,0 ,0 ,477 ,5 ,18.59 ,41.35 ,1004.17 ,75.85
01:27:38,0 ,0 ,0 ,477 ,5 ,18.59 ,41.34 ,1004.19 ,75.70
01:27:39,0 ,0 ,0 ,477 ,5 ,18.59 ,41.36 ,1004.23 ,75.41
01:27:40,0 ,0 ,0 ,477 ,5 ,18.59 ,41.35 ,1004.21 ,75.51
01:27:42,0 ,0 ,0 ,477 ,5 ,18.59 ,41.35 ,1004.22 ,75.44
01:27:43,0 ,0 ,0 ,477 ,5 ,18.59 ,41.36 ,1004.22 ,75.48
01:27:44,0 ,0 ,0 ,477 ,5 ,18.59 ,41.36 ,1004.22 ,75.42
01:27:45,0 ,0 ,0 ,477 ,5 ,18.59 ,41.36 ,1004.19 ,75.70
01:27:46,0 ,0 ,0 ,477 ,5 ,18.59 ,41.36 ,1004.20 ,75.65
01:27:47,0 ,0 ,0 ,477 ,5 ,18.58 ,41.36 ,1004.22 ,75.49
01:27:49,0 ,0 ,0 ,477 ,5 ,18.58 ,41.36 ,1004.19 ,75.68
01:27:50,0 ,0 ,0 ,477 ,5 ,18.59 ,41.36 ,1004.17 ,75.65
01:27:51,0 ,0 ,0 ,477 ,5 ,18.59 ,41.36 ,1004.22 ,75.46
01:27:52,0 ,0 ,0 ,477 ,5 ,18.59 ,41.36 ,1004.17 ,75.84
01:27:53,0 ,0 ,0 ,476 ,5 ,18.59 ,41.37 ,1004.20 ,75.60
01:27:54,0 ,0 ,0 ,477 ,5 ,18.58 ,41.37 ,1004.20 ,75.63
01:27:56,0 ,0 ,0 ,477 ,5 ,18.59 ,41.38 ,1004.21 ,75.56
01:27:57,0 ,0 ,0 ,477 ,5 ,18.59 ,41.36 ,1004.20 ,75.61
01:27:58,0 ,0 ,0 ,477 ,5 ,18.59 ,41.36 ,1004.17 ,75.90
01:27:59,0 ,0 ,0 ,477 ,5 ,18.59 ,41.38 ,1004.20 ,75.66
01:28:00,0 ,0 ,0 ,477 ,5 ,18.59 ,41.39 ,1004.17 ,75.89
01:28:01,0 ,0 ,0 ,477 ,5 ,18.60 ,41.38 ,1004.23 ,75.37
01:28:03,0 ,0 ,0 ,477 ,5 ,18.59 ,41.37 ,1004.19 ,75.70
01:28:04,0 ,0 ,0 ,477 ,5 ,18.59 ,41.36 ,1004.18 ,75.82
01:28:05,0 ,0 ,0 ,477 ,5 ,18.59 ,41.36 ,1004.24 ,75.29
01:28:06,0 ,0 ,0 ,477 ,5 ,18.59 ,41.37 ,1004.23 ,75.39
01:28:07,0 ,0 ,0 ,477 ,5 ,18.59 ,41.37 ,1004.21 ,75.51
01:28:08,0 ,0 ,0 ,477 ,5 ,18.59 ,41.37 ,1004.23 ,75.40
01:28:10,0 ,0 ,0 ,477 ,5 ,18.59 ,41.37 ,1004.22 ,75.44
01:28:11,0 ,0 ,0 ,476 ,5 ,18.59 ,41.36 ,1004.23 ,75.36
01:29:12,0 ,0 ,0 ,475 ,5 ,18.57 ,41.38 ,1004.23 ,75.35
01:29:13,0 ,0 ,0 ,476 ,5 ,18.57 ,41.37 ,1004.23 ,75.40
01:29:14,0 ,0 ,0 ,475 ,5 ,18.58 ,41.37 ,1004.23 ,75.39
01:29:15,0 ,0 ,0 ,475 ,5 ,18.58 ,41.37 ,1004.27 ,75.07
01:29:17,0 ,0 ,0 ,476 ,5 ,18.58 ,41.37 ,1004.22 ,75.46
01:29:18,0 ,0 ,0 ,476 ,5 ,18.57 ,41.37 ,1004.22 ,75.43
01:29:19,0 ,0 ,0 ,476 ,5 ,18.57 ,41.40 ,1004.23 ,75.39
01:29:20,0 ,0 ,0 ,476 ,5 ,18.58 ,41.38 ,1004.24 ,75.30
01:29:21,0 ,0 ,0 ,476 ,5 ,18.58 ,41.38 ,1004.25 ,75.24
01:29:22,0 ,0 ,0 ,476 ,5 ,18.59 ,41.37 ,1004.24 ,75.27
01:29:24,0 ,0 ,0 ,476 ,5 ,18.58 ,41.38 ,1004.24 ,75.27
01:29:25,0 ,0 ,0 ,476 ,5 ,18.57 ,41.38 ,1004.21 ,75.51
01:29:26,0 ,0 ,0 ,476 ,5 ,18.58 ,41.38 ,1004.24 ,75.29
01:29:27,0 ,0 ,0 ,476 ,5 ,18.58 ,41.38 ,1004.24 ,75.28
01:29:28,0 ,0 ,0 ,476 ,5 ,18.58 ,41.38 ,1004.22 ,75.44
01:29:29,0 ,0 ,0 ,476 ,5 ,18.59 ,41.37 ,1004.23 ,75.33
01:29:31,0 ,0 ,0 ,476 ,5 ,18.58 ,41.38 ,1004.23 ,75.41
01:29:32,0 ,0 ,0 ,476 ,5 ,18.59 ,41.36 ,1004.20 ,75.63
01:29:33,0 ,0 ,0 ,476 ,5 ,18.58 ,41.38 ,1004.21 ,75.53
01:29:34,0 ,0 ,0 ,476 ,5 ,18.59 ,41.37 ,1004.25 ,75.19
01:29:35,0 ,0 ,0 ,476 ,5 ,18.59 ,41.39 ,1004.22 ,75.45
01:29:36,0 ,0 ,0 ,476 ,5 ,18.58 ,41.38 ,1004.22 ,75.44
01:29:38,0 ,0 ,0 ,476 ,5 ,18.59 ,41.37 ,1004.22 ,75.42
01:29:39,0 ,0 ,0 ,476 ,5 ,18.59 ,41.37 ,1004.23 ,75.37
01:29:40,0 ,0 ,0 ,476 ,5 ,18.60 ,41.37 ,1004.26 ,75.08
01:29:41,0 ,0 ,0 ,476 ,5 ,18.60 ,41.36 ,1004.26 ,75.11
01:29:42,0 ,0 ,0 ,476 ,5 ,18.59 ,41.37 ,1004.20 ,75.66
01:29:43,0 ,0 ,0 ,476 ,5 ,18.59 ,41.36 ,1004.25 ,75.18
01:29:45,0 ,0 ,0 ,476 ,5 ,18.59 ,41.36 ,1004.21 ,75.54
01:29:46,0 ,0 ,0 ,476 ,5 ,18.59 ,41.36 ,1004.21 ,75.53
01:29:47,0 ,0 ,0 ,476 ,5 ,18.60 ,41.37 ,1004.20 ,75.61
01:29:48,0 ,0 ,0 ,476 ,5 ,18.60 ,41.37 ,1004.25 ,75.30
01:29:49,0 ,0 ,0 ,476 ,5 ,18.60 ,41.39 ,1004.24 ,75.31
01:29:50,0 ,0 ,0 ,476 ,5 ,18.59 ,41.38 ,1004.21 ,75.52
01:29:52,0 ,0 ,0 ,476 ,5 ,18.59 ,41.37 ,1004.22 ,75.43
01:29:53,0 ,0 ,0 ,476 ,5 ,18.59 ,41.37 ,1004.24 ,75.29
01:29:54,0 ,0 ,0 ,477 ,5 ,18.59 ,41.37 ,1004.21 ,75.54
01:29:55,0 ,0 ,0 ,477 ,5 ,18.59 ,41.38 ,1004.24 ,75.26
01:29:56,0 ,0 ,0 ,477 ,5 ,18.59 ,41.37 ,1004.24 ,75.27
01:29:57,0 ,0 ,0 ,477 ,5 ,18.59 ,41.38 ,1004.21 ,75.58
01:29:59,0 ,0 ,0 ,477 ,5 ,18.59 ,41.36 ,1004.26 ,75.12
01:30:00,0 ,0 ,0 ,477 ,5 ,18.59 ,41.36 ,1004.23 ,75.39
01:30:01,0 ,0 ,0 ,477 ,5 ,18.59 ,41.36 ,1004.25 ,75.21
01:30:02,0 ,0 ,0 ,477 ,5 ,18.58 ,41.37 ,1004.26 ,75.15
01:30:03,0 ,0 ,0 ,477 ,5 ,18.59 ,41.38 ,1004.25 ,75.20
01:30:04,0 ,0 ,0 ,477 ,5 ,18.59 ,41.36 ,1004.21 ,75.51
01:30:06,0 ,0 ,0 ,477 ,5 ,18.59 ,41.37 ,1004.26 ,75.09
01:30:07,0 ,0 ,0 ,477 ,5 ,18.59 ,41.37 ,1004.26 ,75.11
01:30:08,0 ,0 ,0 ,477 ,5 ,18.59 ,41.37 ,1004.22 ,75.48
01:30:09,0 ,0 ,0 ,477 ,5 ,18.59 ,41.36 ,1004.25 ,75.20
01:30:10,0 ,0 ,0 ,476 ,5 ,18.59 ,41.37 ,1004.24 ,75.24
01:30:12,0 ,0 ,0 ,477 ,5 ,18.59 ,41.37 ,1004.22 ,75.45
01:30:13,0 ,0 ,0 ,477 ,5 ,18.59 ,41.38 ,1004.25 ,75.20
01:30:14,0 ,0 ,0 ,477 ,5 ,18.59 ,41.35 ,1004.26 ,75.08
01:30:15,0 ,0 ,0 ,477 ,5 ,18.59 ,41.36 ,1004.25 ,75.18
01:30:16,0 ,0 ,0 ,477 ,5 ,18.60 ,41.37 ,1004.25 ,75.18
01:30:17,0 ,0 ,0 ,477 ,5 ,18.59 ,41.37 ,1004.25 ,75.22
01:30:18,0 ,0 ,0 ,477 ,5 ,18.59 ,41.37 ,1004.26 ,75.12
01:30:20,0 ,0 ,0 ,477 ,5 ,18.59 ,41.36 ,1004.22 ,75.43
01:30:21,0 ,0 ,0 ,477 ,5 ,18.59 ,41.36 ,1004.25 ,75.16
01:30:22,0 ,0 ,0 ,476 ,5 ,18.59 ,41.37 ,1004.27 ,75.05
01:30:23,0 ,0 ,0 ,476 ,5 ,18.59 ,41.39 ,1004.27 ,75.06
01:30:24,0 ,0 ,0 ,477 ,5 ,18.59 ,41.37 ,1004.24 ,75.29
01:30:25,0 ,0 ,0 ,477 ,5 ,18.59 ,41.37 ,1004.25 ,75.20
01:30:27,0 ,0 ,0 ,477 ,5 ,18.58 ,41.38 ,1004.21 ,75.55
01:30:28,0 ,0 ,0 ,477 ,5 ,18.59 ,41.37 ,1004.22 ,75.45
01:30:29,0 ,0 ,0 ,477 ,5 ,18.58 ,41.39 ,1004.25 ,75.22
01:30:30,0 ,0 ,0 ,477 ,5 ,18.58 ,41.39 ,1004.24 ,75.31
01:30:31,0 ,0 ,0 ,477 ,5 ,18.58 ,41.38 ,1004.23 ,75.34
01:30:33,0 ,0 ,0 ,477 ,5 ,18.59 ,41.38 ,1004.26 ,75.11
01:30:34,0 ,0 ,0 ,477 ,5 ,18.59 ,41.37 ,1004.25 ,75.23
01:30:35,0 ,0 ,0 ,477 ,5 ,18.59 ,41.38 ,1004.27 ,75.02
01:30:36,0 ,0 ,0 ,477 ,5 ,18.58 ,41.37 ,1004.27 ,75.03
01:30:37,0 ,0 ,0 ,477 ,5 ,18.58 ,41.38 ,1004.25 ,75.19
01:30:38,0 ,0 ,0 ,477 ,5 ,18.57 ,41.36 ,1004.25 ,75.17
01:30:40,0 ,0 ,0 ,477 ,5 ,18.58 ,41.37 ,1004.23 ,75.41
01:30:41,0 ,0 ,0 ,477 ,5 ,18.58 ,41.38 ,1004.23 ,75.36
01:30:42,0 ,0 ,0 ,477 ,5 ,18.58 ,41.39 ,1004.22 ,75.48
01:30:43,0 ,0 ,0 ,477 ,5 ,18.59 ,41.38 ,1004.24 ,75.26
01:30:44,0 ,0 ,0 ,477 ,5 ,18.58 ,41.40 ,1004.24 ,75.32
01:30:45,0 ,0 ,0 ,477 ,5 ,18.58 ,41.38 ,1004.20 ,75.63
01:30:47,0 ,0 ,0 ,477 ,5 ,18.58 ,41.38 ,1004.28 ,74.97
01:30:48,0 ,0 ,0 ,477 ,5 ,18.58 ,41.38 ,1004.22 ,75.48
01:30:49,0 ,0 ,0 ,477 ,5 ,18.58 ,41.38 ,1004.22 ,75.46
01:30:50,0 ,0 ,0 ,477 ,5 ,18.58 ,41.38 ,1004.24 ,75.24
01:30:51,0 ,0 ,0 ,477 ,5 ,18.58 ,41.38 ,1004.25 ,75.23
01:30:52,0 ,0 ,0 ,477 ,5 ,18.58 ,41.38 ,1004.22 ,75.45
01:30:54,0 ,0 ,0 ,477 ,5 ,18.57 ,41.42 ,1004.25 ,75.20
01:30:55,0 ,0 ,0 ,478 ,5 ,18.58 ,41.39 ,1004.25 ,75.21
01:30:56,0 ,0 ,0 ,478 ,5 ,18.58 ,41.38 ,1004.28 ,74.94
01:30:57,0 ,0 ,0 ,478 ,5 ,18.58 ,41.39 ,1004.23 ,75.41
01:30:58,0 ,0 ,0 ,478 ,5 ,18.58 ,41.39 ,1004.23 ,75.36
01:30:59,0 ,0 ,0 ,478 ,5 ,18.58 ,41.39 ,1004.24 ,75.27
01:31:01,0 ,0 ,0 ,478 ,5 ,18.57 ,41.39 ,1004.19 ,75.73
01:31:02,0 ,0 ,0 ,478 ,5 ,18.57 ,41.40 ,1004.25 ,75.18
01:31:03,0 ,0 ,0 ,478 ,5 ,18.57 ,41.40 ,1004.23 ,75.40
01:31:04,0 ,0 ,0 ,478 ,5 ,18.57 ,41.41 ,1004.21 ,75.50
01:31:05,0 ,0 ,0 ,478 ,5 ,18.57 ,41.40 ,1004.20 ,75.66
01:31:06,0 ,0 ,0 ,478 ,5 ,18.57 ,41.44 ,1004.24 ,75.31
01:31:08,0 ,0 ,0 ,478 ,5 ,18.57 ,41.42 ,1004.22 ,75.45
01:31:09,0 ,0 ,0 ,478 ,5 ,18.57 ,41.40 ,1004.24 ,75.25
01:32:10,0 ,0 ,0 ,481 ,5 ,18.59 ,41.44 ,1004.22 ,75.43
01:32:11,0 ,0 ,0 ,481 ,5 ,18.59 ,41.39 ,1004.23 ,75.40
01:32:12,0 ,0 ,0 ,481 ,5 ,18.59 ,41.38 ,1004.23 ,75.36
01:32:13,0 ,0 ,0 ,481 ,5 ,18.60 ,41.38 ,1004.25 ,75.21
01:32:15,0 ,0 ,0 ,481 ,5 ,18.59 ,41.38 ,1004.25 ,75.18
01:32:16,0 ,0 ,0 ,481 ,5 ,18.59 ,41.38 ,1004.26 ,75.11
01:32:17,0 ,0 ,0 ,482 ,5 ,18.59 ,41.37 ,1004.26 ,75.13
01:32:18,0 ,0 ,0 ,482 ,5 ,18.59 ,41.39 ,1004.26 ,75.10
01:32:19,0 ,0 ,0 ,482 ,5 ,18.59 ,41.38 ,1004.26 ,75.14
01:32:20,0 ,0 ,0 ,482 ,5 ,18.58 ,41.40 ,1004.26 ,75.11
01:32:22,0 ,0 ,0 ,482 ,5 ,18.58 ,41.38 ,1004.24 ,75.32
01:32:23,0 ,0 ,0 ,482 ,5 ,18.57 ,41.38 ,1004.23 ,75.41
01:32:24,0 ,0 ,0 ,482 ,5 ,18.57 ,41.38 ,1004.25 ,75.20
01:32:25,0 ,0 ,0 ,482 ,5 ,18.57 ,41.39 ,1004.25 ,75.22
01:32:26,0 ,0 ,0 ,482 ,5 ,18.57 ,41.39 ,1004.19 ,75.70
01:32:27,0 ,0 ,0 ,482 ,5 ,18.57 ,41.39 ,1004.23 ,75.33
01:32:29,0 ,0 ,0 ,482 ,5 ,18.57 ,41.40 ,1004.23 ,75.37
01:32:30,0 ,0 ,0 ,482 ,5 ,18.57 ,41.40 ,1004.25 ,75.18
01:32:31,0 ,0 ,0 ,482 ,5 ,18.57 ,41.41 ,1004.24 ,75.25
01:32:32,0 ,0 ,0 ,482 ,5 ,18.57 ,41.42 ,1004.27 ,75.03
01:32:33,0 ,0 ,0 ,482 ,5 ,18.56 ,41.40 ,1004.21 ,75.50
01:32:34,0 ,0 ,0 ,482 ,5 ,18.56 ,41.41 ,1004.24 ,75.30
01:32:36,0 ,0 ,0 ,482 ,5 ,18.56 ,41.45 ,1004.26 ,75.15
01:32:37,0 ,0 ,0 ,482 ,5 ,18.57 ,41.40 ,1004.26 ,75.11
01:32:38,0 ,0 ,0 ,482 ,5 ,18.57 ,41.40 ,1004.23 ,75.36
01:32:39,0 ,0 ,0 ,482 ,5 ,18.56 ,41.41 ,1004.26 ,75.15
01:32:40,0 ,0 ,0 ,482 ,5 ,18.56 ,41.44 ,1004.26 ,75.12
01:32:41,0 ,0 ,0 ,482 ,5 ,18.56 ,41.41 ,1004.27 ,75.05
01:32:43,0 ,0 ,0 ,482 ,5 ,18.56 ,41.41 ,1004.22 ,75.47
01:32:44,0 ,0 ,0 ,482 ,5 ,18.56 ,41.42 ,1004.26 ,75.14
01:32:45,0 ,0 ,0 ,482 ,5 ,18.56 ,41.42 ,1004.25 ,75.20
01:32:46,0 ,0 ,0 ,482 ,5 ,18.56 ,41.41 ,1004.24 ,75.29
01:32:47,0 ,0 ,0 ,482 ,5 ,18.56 ,41.41 ,1004.25 ,75.17
01:32:48,0 ,0 ,0 ,482 ,5 ,18.56 ,41.41 ,1004.26 ,75.12
01:32:50,0 ,0 ,0 ,482 ,5 ,18.56 ,41.41 ,1004.29 ,74.87
01:32:51,0 ,0 ,0 ,482 ,5 ,18.56 ,41.41 ,1004.25 ,75.19
01:32:52,0 ,0 ,0 ,482 ,5 ,18.56 ,41.41 ,1004.27 ,75.03
01:32:53,0 ,0 ,0 ,482 ,5 ,18.56 ,41.41 ,1004.26 ,75.08
01:32:54,0 ,0 ,0 ,482 ,5 ,18.56 ,41.41 ,1004.25 ,75.20
01:32:55,0 ,0 ,0 ,482 ,5 ,18.57 ,41.44 ,1004.28 ,74.95
01:32:57,0 ,0 ,0 ,482 ,5 ,18.56 ,41.41 ,1004.25 ,75.18
01:32:58,0 ,0 ,0 ,482 ,5 ,18.56 ,41.44 ,1004.25 ,75.18
01:32:59,0 ,0 ,0 ,482 ,5 ,18.56 ,41.44 ,1004.23 ,75.34
01:33:00,0 ,0 ,0 ,482 ,5 ,18.55 ,41.44 ,1004.24 ,75.25
01:33:01,0 ,0 ,0 ,482 ,5 ,18.56 ,41.45 ,1004.24 ,75.25
01:33:02,0 ,0 ,0 ,482 ,5 ,18.56 ,41.45 ,1004.27 ,75.07
01:33:04,0 ,0 ,0 ,482 ,5 ,18.56 ,41.44 ,1004.24 ,75.30
01:33:05,0 ,0 ,0 ,482 ,5 ,18.56 ,41.44 ,1004.25 ,75.17
01:33:06,0 ,0 ,0 ,482 ,5 ,18.56 ,41.44 ,1004.26 ,75.13
01:33:07,0 ,0 ,0 ,482 ,5 ,18.56 ,41.45 ,1004.27 ,75.08
01:33:08,0 ,0 ,0 ,482 ,5 ,18.56 ,41.44 ,1004.24 ,75.29
01:33:09,0 ,0 ,0 ,482 ,5 ,18.57 ,41.41 ,1004.26 ,75.12
01:33:11,0 ,0 ,0 ,482 ,5 ,18.56 ,41.42 ,1004.25 ,75.21
01:33:12,0 ,0 ,0 ,482 ,5 ,18.57 ,41.42 ,1004.23 ,75.40
01:33:13,0 ,0 ,0 ,482 ,5 ,18.57 ,41.43 ,1004.24 ,75.30
01:33:14,0 ,0 ,0 ,482 ,5 ,18.57 ,41.43 ,1004.23 ,75.38
01:33:15,0 ,0 ,0 ,482 ,5 ,18.56 ,41.41 ,1004.24 ,75.31
01:33:16,0 ,0 ,0 ,482 ,5 ,18.57 ,41.41 ,1004.22 ,75.42
01:33:18,0 ,0 ,0 ,482 ,5 ,18.56 ,41.40 ,1004.22 ,75.47
01:33:19,0 ,0 ,0 ,481 ,5 ,18.57 ,41.41 ,1004.22 ,75.47
01:33:20,0 ,0 ,0 ,481 ,5 ,18.57 ,41.41 ,1004.26 ,75.08
01:33:21,0 ,0 ,0 ,481 ,5 ,18.57 ,41.44 ,1004.21 ,75.53
01:33:22,0 ,0 ,0 ,481 ,5 ,18.57 ,41.45 ,1004.26 ,75.14
01:33:23,0 ,0 ,0 ,481 ,5 ,18.56 ,41.44 ,1004.25 ,75.24
01:33:25,0 ,0 ,0 ,481 ,5 ,18.56 ,41.44 ,1004.26 ,75.14
01:33:26,0 ,0 ,0 ,481 ,5 ,18.56 ,41.45 ,1004.26 ,75.10
01:33:27,0 ,0 ,0 ,481 ,5 ,18.56 ,41.45 ,1004.25 ,75.23
01:33:28,0 ,0 ,0 ,481 ,5 ,18.56 ,41.46 ,1004.24 ,75.32
01:33:29,0 ,0 ,0 ,481 ,5 ,18.56 ,41.46 ,1004.27 ,75.01
01:33:30,0 ,0 ,0 ,481 ,5 ,18.56 ,41.45 ,1004.27 ,75.07
01:33:32,0 ,0 ,0 ,481 ,5 ,18.57 ,41.45 ,1004.25 ,75.19
01:33:33,0 ,0 ,0 ,481 ,5 ,18.57 ,41.47 ,1004.22 ,75.38
01:33:34,0 ,0 ,0 ,481 ,5 ,18.57 ,41.46 ,1004.25 ,75.23
01:33:35,0 ,0 ,0 ,481 ,5 ,18.57 ,41.46 ,1004.28 ,74.98
01:33:36,0 ,0 ,0 ,481 ,5 ,18.57 ,41.46 ,1004.23 ,75.33
01:33:37,0 ,0 ,0 ,481 ,5 ,18.57 ,41.45 ,1004.23 ,75.37
01:33:39,0 ,0 ,0 ,481 ,5 ,18.57 ,41.44 ,1004.25 ,75.24
01:33:40,0 ,0 ,0 ,481 ,5 ,18.57 ,41.45 ,1004.23 ,75.37
01:33:41,0 ,0 ,0 ,481 ,5 ,18.57 ,41.45 ,1004.26 ,75.14
01:33:42,0 ,0 ,0 ,481 ,5 ,18.58 ,41.46 ,1004.28 ,74.91
01:33:43,0 ,0 ,0 ,482 ,5 ,18.57 ,41.45 ,1004.23 ,75.36
01:33:44,0 ,0 ,0 ,482 ,5 ,18.56 ,41.46 ,1004.22 ,75.47
01:33:46,0 ,0 ,0 ,482 ,5 ,18.57 ,41.45 ,1004.22 ,75.45
01:33:47,0 ,0 ,0 ,482 ,5 ,18.57 ,41.46 ,1004.23 ,75.40
01:33:48,0 ,0 ,0 ,482 ,5 ,18.58 ,41.45 ,1004.24 ,75.27
01:33:49,0 ,0 ,0 ,482 ,5 ,18.58 ,41.46 ,1004.23 ,75.34
01:33:50,0 ,0 ,0 ,482 ,5 ,18.58 ,41.45 ,1004.23 ,75.39
01:33:51,0 ,0 ,0 ,482 ,5 ,18.58 ,41.46 ,1004.25 ,75.19
01:33:53,0 ,0 ,0 ,482 ,5 ,18.58 ,41.44 ,1004.20 ,75.62
01:33:54,0 ,0 ,0 ,482 ,5 ,18.57 ,41.43 ,1004.26 ,75.14
01:33:55,0 ,0 ,0 ,482 ,5 ,18.57 ,41.45 ,1004.20 ,75.59
01:33:56,0 ,0 ,0 ,482 ,5 ,18.58 ,41.43 ,1004.25 ,75.20
01:33:57,0 ,0 ,0 ,482 ,5 ,18.58 ,41.43 ,1004.26 ,75.10
01:33:58,0 ,0 ,0 ,482 ,5 ,18.59 ,41.43 ,1004.23 ,75.35
01:34:00,0 ,0 ,0 ,482 ,5 ,18.58 ,41.44 ,1004.22 ,75.47
01:34:01,0 ,0 ,0 ,482 ,5 ,18.58 ,41.44 ,1004.26 ,75.15
01:34:02,0 ,0 ,0 ,482 ,5 ,18.58 ,41.42 ,1004.23 ,75.34
01:34:03,0 ,0 ,0 ,482 ,5 ,18.58 ,41.42 ,1004.20 ,75.63
01:34:04,0 ,0 ,0 ,482 ,5 ,18.59 ,41.40 ,1004.25 ,75.20
01:34:05,0 ,0 ,0 ,482 ,5 ,18.59 ,41.38 ,1004.23 ,75.34
01:34:07,0 ,0 ,0 ,482 ,5 ,18.59 ,41.38 ,1004.26 ,75.08
01:35:08,0 ,0 ,0 ,480 ,5 ,18.60 ,41.33 ,1004.23 ,75.35
01:35:09,0 ,0 ,0 ,480 ,5 ,18.60 ,41.34 ,1004.23 ,75.37
01:35:10,0 ,0 ,0 ,480 ,5 ,18.60 ,41.34 ,1004.24 ,75.31
01:35:11,0 ,0 ,0 ,480 ,5 ,18.60 ,41.33 ,1004.25 ,75.21
01:35:12,0 ,0 ,0 ,480 ,5 ,18.60 ,41.34 ,1004.24 ,75.28
01:35:14,0 ,0 ,0 ,480 ,5 ,18.60 ,41.33 ,1004.20 ,75.64
01:35:15,0 ,0 ,0 ,480 ,5 ,18.60 ,41.34 ,1004.23 ,75.39
01:35:16,0 ,0 ,0 ,480 ,5 ,18.60 ,41.34 ,1004.25 ,75.20
01:35:17,0 ,0 ,0 ,480 ,5 ,18.60 ,41.34 ,1004.25 ,75.20
01:35:18,0 ,0 ,0 ,480 ,5 ,18.60 ,41.35 ,1004.24 ,75.25
01:35:19,0 ,0 ,0 ,480 ,5 ,18.60 ,41.34 ,1004.24 ,75.28
01:35:21,0 ,0 ,0 ,480 ,5 ,18.60 ,41.36 ,1004.25 ,75.22
01:35:22,0 ,0 ,0 ,480 ,5 ,18.59 ,41.35 ,1004.26 ,75.15
01:35:23,0 ,0 ,0 ,480 ,5 ,18.59 ,41.35 ,1004.23 ,75.37
01:35:24,0 ,0 ,0 ,480 ,5 ,18.59 ,41.35 ,1004.24 ,75.29
01:35:25,0 ,0 ,0 ,480 ,5 ,18.59 ,41.35 ,1004.23 ,75.39
01:35:26,0 ,0 ,0 ,480 ,5 ,18.60 ,41.37 ,1004.23 ,75.38
01:35:28,0 ,0 ,0 ,480 ,5 ,18.59 ,41.37 ,1004.24 ,75.32
01:35:29,0 ,0 ,0 ,480 ,5 ,18.59 ,41.37 ,1004.20 ,75.61
01:35:30,0 ,0 ,0 ,480 ,5 ,18.59 ,41.39 ,1004.25 ,75.18
01:35:31,0 ,0 ,0 ,480 ,5 ,18.59 ,41.35 ,1004.25 ,75.21
01:35:32,0 ,0 ,0 ,480 ,5 ,18.59 ,41.38 ,1004.21 ,75.51
01:35:33,0 ,0 ,0 ,480 ,5 ,18.59 ,41.38 ,1004.21 ,75.53
01:35:35,0 ,0 ,0 ,479 ,5 ,18.59 ,41.37 ,1004.23 ,75.41
01:35:36,0 ,0 ,0 ,480 ,5 ,18.60 ,41.37 ,1004.22 ,75.46
01:35:37,0 ,0 ,0 ,480 ,5 ,18.59 ,41.37 ,1004.21 ,75.54
01:35:38,0 ,0 ,0 ,479 ,5 ,18.59 ,41.36 ,1004.21 ,75.50
01:35:39,0 ,0 ,0 ,479 ,5 ,18.59 ,41.37 ,1004.23 ,75.39
01:35:40,0 ,0 ,0 ,479 ,5 ,18.59 ,41.38 ,1004.22 ,75.44
01:35:42,0 ,0 ,0 ,479 ,5 ,18.59 ,41.39 ,1004.21 ,75.50
01:35:43,0 ,0 ,0 ,479 ,5 ,18.60 ,41.38 ,1004.21 ,75.54
01:35:44,0 ,0 ,0 ,479 ,5 ,18.60 ,41.38 ,1004.19 ,75.68
01:35:45,0 ,0 ,0 ,479 ,5 ,18.60 ,41.37 ,1004.21 ,75.52
01:35:46,0 ,0 ,0 ,479 ,5 ,18.60 ,41.37 ,1004.24 ,75.31
01:35:47,0 ,0 ,0 ,479 ,5 ,18.60 ,41.38 ,1004.20 ,75.65
01:35:49,0 ,0 ,0 ,479 ,5 ,18.59 ,41.38 ,1004.17 ,75.90
01:35:50,0 ,0 ,0 ,479 ,5 ,18.59 ,41.38 ,1004.20 ,75.66
01:35:51,0 ,0 ,0 ,479 ,5 ,18.60 ,41.38 ,1004.22 ,75.47
01:35:52,0 ,0 ,0 ,479 ,5 ,18.59 ,41.37 ,1004.17 ,75.85
01:35:53,0 ,0 ,0 ,479 ,5 ,18.60 ,41.36 ,1004.18 ,75.81
01:35:54,0 ,0 ,0 ,479 ,5 ,18.60 ,41.37 ,1004.19 ,75.70
01:35:56,0 ,0 ,0 ,479 ,5 ,18.60 ,41.36 ,1004.19 ,75.69
01:35:57,0 ,0 ,0 ,479 ,5 ,18.59 ,41.34 ,1004.20 ,75.66
01:35:58,0 ,0 ,0 ,479 ,5 ,18.60 ,41.34 ,1004.23 ,75.41
01:35:59,0 ,0 ,0 ,479 ,5 ,18.60 ,41.36 ,1004.20 ,75.65
01:36:00,0 ,0 ,0 ,479 ,5 ,18.60 ,41.45 ,1004.20 ,75.64
01:36:01,0 ,0 ,0 ,479 ,5 ,18.60 ,41.42 ,1004.20 ,75.64
01:36:03,0 ,0 ,0 ,479 ,5 ,18.61 ,41.38 ,1004.20 ,75.62
01:36:04,0 ,0 ,0 ,480 ,5 ,18.61 ,41.38 ,1004.23 ,75.36
01:36:05,0 ,0 ,0 ,480 ,5 ,18.61 ,41.39 ,1004.18 ,75.79
01:36:06,0 ,0 ,0 ,480 ,5 ,18.61 ,41.39 ,1004.21 ,75.57
01:36:07,0 ,0 ,0 ,479 ,5 ,18.61 ,41.42 ,1004.21 ,75.56
01:36:08,0 ,0 ,0 ,479 ,5 ,18.61 ,41.48 ,1004.20 ,75.61
01:36:10,0 ,0 ,0 ,479 ,5 ,18.61 ,41.48 ,1004.22 ,75.42
01:36:11,0 ,0 ,0 ,479 ,5 ,18.61 ,41.43 ,1004.24 ,75.31
01:36:12,0 ,0 ,0 ,479 ,5 ,18.61 ,41.38 ,1004.17 ,75.90
01:36:13,0 ,0 ,0 ,479 ,5 ,18.61 ,41.37 ,1004.20 ,75.58
01:36:14,0 ,0 ,0 ,479 ,5 ,18.61 ,41.36 ,1004.19 ,75.68
01:36:15,0 ,0 ,0 ,480 ,5 ,18.61 ,41.35 ,1004.20 ,75.61
01:36:17,0 ,0 ,0 ,479 ,5 ,18.61 ,41.37 ,1004.23 ,75.33
01:36:18,0 ,0 ,0 ,479 ,5 ,18.60 ,41.36 ,1004.21 ,75.53
01:36:19,0 ,0 ,0 ,479 ,5 ,18.61 ,41.34 ,1004.23 ,75.37
01:36:20,0 ,0 ,0 ,479 ,5 ,18.61 ,41.34 ,1004.21 ,75.58
01:36:21,0 ,0 ,0 ,479 ,5 ,18.61 ,41.34 ,1004.17 ,75.84
01:36:22,0 ,0 ,0 ,479 ,5 ,18.61 ,41.35 ,1004.19 ,75.74
01:36:24,0 ,0 ,0 ,479 ,5 ,18.61 ,41.35 ,1004.17 ,75.87
01:36:25,0 ,0 ,0 ,479 ,5 ,18.61 ,41.35 ,1004.20 ,75.61
01:36:26,0 ,0 ,0 ,479 ,5 ,18.61 ,41.34 ,1004.22 ,75.46
01:36:27,0 ,0 ,0 ,479 ,5 ,18.61 ,41.35 ,1004.20 ,75.63
01:36:28,0 ,0 ,0 ,479 ,5 ,18.61 ,41.35 ,1004.20 ,75.62
01:36:29,0 ,0 ,0 ,479 ,5 ,18.61 ,41.34 ,1004.21 ,75.51
01:36:31,0 ,0 ,0 ,479 ,5 ,18.61 ,41.34 ,1004.23 ,75.34
01:36:32,0 ,0 ,0 ,479 ,5 ,18.61 ,41.34 ,1004.22 ,75.44
01:36:33,0 ,0 ,0 ,479 ,5 ,18.61 ,41.34 ,1004.23 ,75.38
01:36:34,0 ,0 ,0 ,479 ,5 ,18.61 ,41.35 ,1004.22 ,75.42
01:36:35,0 ,0 ,0 ,479 ,5 ,18.61 ,41.30 ,1004.21 ,75.53
01:36:36,0 ,0 ,0 ,479 ,5 ,18.61 ,41.34 ,1004.22 ,75.48
01:36:38,0 ,0 ,0 ,479 ,5 ,18.61 ,41.34 ,1004.20 ,75.63
01:36:39,0 ,0 ,0 ,479 ,5 ,18.61 ,41.36 ,1004.21 ,75.52
01:36:40,0 ,0 ,0 ,479 ,5 ,18.61 ,41.34 ,1004.22 ,75.46
01:36:41,0 ,0 ,0 ,479 ,5 ,18.61 ,41.34 ,1004.22 ,75.46
01:36:42,0 ,0 ,0 ,479 ,5 ,18.61 ,41.34 ,1004.20 ,75.65
01:36:43,0 ,0 ,0 ,479 ,5 ,18.61 ,41.34 ,1004.20 ,75.60
01:36:45,0 ,0 ,0 ,479 ,5 ,18.61 ,41.35 ,1004.19 ,75.70
01:36:46,0 ,0 ,0 ,479 ,5 ,18.61 ,41.35 ,1004.21 ,75.51
01:36:47,0 ,0 ,0 ,479 ,5 ,18.60 ,41.35 ,1004.17 ,75.84
01:36:48,0 ,0 ,0 ,479 ,5 ,18.60 ,41.35 ,1004.18 ,75.77
01:36:49,0 ,0 ,0 ,479 ,5 ,18.61 ,41.37 ,1004.24 ,75.24
01:36:50,0 ,0 ,0 ,479 ,5 ,18.60 ,41.34 ,1004.21 ,75.50
01:36:52,0 ,0 ,0 ,479 ,5 ,18.60 ,41.34 ,1004.20 ,75.59
01:36:53,0 ,0 ,0 ,479 ,5 ,18.60 ,41.34 ,1004.22 ,75.45
01:36:54,0 ,0 ,0 ,479 ,5 ,18.61 ,41.34 ,1004.24 ,75.32
01:36:55,0 ,0 ,0 ,479 ,5 ,18.61 ,41.35 ,1004.24 ,75.28
01:36:56,0 ,0 ,0 ,479 ,5 ,18.61 ,41.35 ,1004.21 ,75.57
01:36:57,0 ,0 ,0 ,479 ,5 ,18.61 ,41.34 ,1004.22 ,75.46
01:36:59,0 ,0 ,0 ,479 ,5 ,18.61 ,41.34 ,1004.23 ,75.38
01:37:00,0 ,0 ,0 ,479 ,5 ,18.61 ,41.34 ,1004.22 ,75.43
01:37:01,0 ,0 ,0 ,479 ,5 ,18.61 ,41.27 ,1004.19 ,75.70
01:37:02,0 ,0 ,0 ,479 ,5 ,18.61 ,41.34 ,1004.21 ,75.55
01:37:03,0 ,0 ,0 ,479 ,5 ,18.61 ,41.34 ,1004.19 ,75.72
01:37:04,0 ,0 ,0 ,479 ,5 ,18.60 ,41.35 ,1004.22 ,75.49
01:38:06,0 ,0 ,0 ,478 ,5 ,18.61 ,41.33 ,1004.20 ,75.60
01:38:07,0 ,0 ,0 ,478 ,5 ,18.61 ,41.33 ,1004.18 ,75.78
01:38:08,0 ,0 ,0 ,478 ,5 ,18.61 ,41.33 ,1004.21 ,75.55
01:38:09,0 ,0 ,0 ,478 ,5 ,18.60 ,41.33 ,1004.20 ,75.66
01:38:10,0 ,0 ,0 ,478 ,5 ,18.61 ,41.33 ,1004.20 ,75.64
01:38:11,0 ,0 ,0 ,478 ,5 ,18.61 ,41.33 ,1004.18 ,75.80
01:38:13,0 ,0 ,0 ,478 ,5 ,18.60 ,41.34 ,1004.23 ,75.35
01:38:14,0 ,0 ,0 ,478 ,5 ,18.60 ,41.33 ,1004.18 ,75.76
01:38:15,0 ,0 ,0 ,478 ,5 ,18.60 ,41.33 ,1004.20 ,75.61
01:38:16,0 ,0 ,0 ,478 ,5 ,18.60 ,41.34 ,1004.20 ,75.59
01:38:17,0 ,0 ,0 ,478 ,5 ,18.60 ,41.34 ,1004.23 ,75.39
01:38:18,0 ,0 ,0 ,478 ,5 ,18.60 ,41.35 ,1004.19 ,75.68
01:38:20,0 ,0 ,0 ,479 ,5 ,18.59 ,41.36 ,1004.21 ,75.50
01:38:21,0 ,0 ,0 ,479 ,5 ,18.59 ,41.35 ,1004.22 ,75.44
01:38:22,0 ,0 ,0 ,479 ,5 ,18.59 ,41.35 ,1004.22 ,75.44
01:38:23,0 ,0 ,0 ,479 ,5 ,18.59 ,41.35 ,1004.21 ,75.51
01:38:24,0 ,0 ,0 ,479 ,5 ,18.59 ,41.36 ,1004.23 ,75.37
01:38:25,0 ,0 ,0 ,479 ,5 ,18.59 ,41.34 ,1004.21 ,75.56
01:38:27,0 ,0 ,0 ,479 ,5 ,18.59 ,41.32 ,1004.18 ,75.49
01:38:28,0 ,0 ,0 ,479 ,5 ,18.58 ,41.37 ,1004.17 ,75.85
01:38:29,0 ,0 ,0 ,479 ,5 ,18.58 ,41.35 ,1004.18 ,75.78
01:38:30,0 ,0 ,0 ,479 ,5 ,18.58 ,41.35 ,1004.15 ,76.04
01:38:31,0 ,0 ,0 ,479 ,5 ,18.59 ,41.35 ,1004.20 ,75.66
01:38:32,0 ,0 ,0 ,479 ,5 ,18.59 ,41.36 ,1004.17 ,75.85
01:38:34,0 ,0 ,0 ,479 ,5 ,18.59 ,41.36 ,1004.23 ,75.40
01:38:35,0 ,0 ,0 ,479 ,5 ,18.59 ,41.34 ,1004.20 ,75.60
01:38:36,0 ,0 ,0 ,479 ,5 ,18.58 ,41.35 ,1004.17 ,75.85
01:38:37,0 ,0 ,0 ,479 ,5 ,18.58 ,41.34 ,1004.19 ,75.72
01:38:38,0 ,0 ,0 ,479 ,5 ,18.58 ,41.36 ,1004.21 ,75.53
01:38:39,0 ,0 ,0 ,479 ,5 ,18.58 ,41.35 ,1004.18 ,75.76
01:38:41,0 ,0 ,0 ,479 ,5 ,18.59 ,41.34 ,1004.18 ,75.80
01:38:42,0 ,0 ,0 ,479 ,5 ,18.59 ,41.36 ,1004.22 ,75.43
01:38:43,0 ,0 ,0 ,479 ,5 ,18.59 ,41.35 ,1004.20 ,75.60
01:38:44,0 ,0 ,0 ,479 ,5 ,18.59 ,41.35 ,1004.20 ,75.63
01:38:45,0 ,0 ,0 ,480 ,5 ,18.59 ,41.35 ,1004.18 ,75.76
01:38:46,0 ,0 ,0 ,480 ,5 ,18.59 ,41.35 ,1004.21 ,75.52
01:38:48,0 ,0 ,0 ,480 ,5 ,18.59 ,41.34 ,1004.19 ,75.70
01:38:49,0 ,0 ,0 ,480 ,5 ,18.59 ,41.36 ,1004.20 ,75.61
01:38:50,0 ,0 ,0 ,480 ,5 ,18.59 ,41.37 ,1004.20 ,75.60
01:38:51,0 ,0 ,0 ,480 ,5 ,18.59 ,41.35 ,1004.21 ,75.55
01:38:52,0 ,0 ,0 ,480 ,5 ,18.59 ,41.34 ,1004.20 ,75.66
01:38:53,0 ,0 ,0 ,480 ,5 ,18.59 ,41.35 ,1004.22 ,75.43
01:38:55,0 ,0 ,0 ,480 ,5 ,18.58 ,41.37 ,1004.18 ,75.75
01:38:56,0 ,0 ,0 ,480 ,5 ,18.59 ,41.35 ,1004.22 ,75.46
01:38:57,0 ,0 ,0 ,480 ,5 ,18.58 ,41.34 ,1004.19 ,75.75
01:38:58,0 ,0 ,0 ,480 ,5 ,18.58 ,41.38 ,1004.21 ,75.54
01:38:59,0 ,0 ,0 ,480 ,5 ,18.59 ,41.34 ,1004.22 ,75.46
01:39:00,0 ,0 ,0 ,480 ,5 ,18.59 ,41.35 ,1004.20 ,75.65
01:39:02,0 ,0 ,0 ,480 ,5 ,18.59 ,41.35 ,1004.24 ,75.30
01:39:03,0 ,0 ,0 ,480 ,5 ,18.59 ,41.35 ,1004.21 ,75.54
01:39:04,0 ,0 ,0 ,480 ,5 ,18.59 ,41.35 ,1004.19 ,75.67
01:39:05,0 ,0 ,0 ,480 ,5 ,18.59 ,41.35 ,1004.17 ,75.89
01:39:06,0 ,0 ,0 ,480 ,5 ,18.59 ,41.35 ,1004.22 ,75.47
01:39:07,0 ,0 ,0 ,480 ,5 ,18.59 ,41.35 ,1004.21 ,75.50
01:39:09,0 ,0 ,0 ,480 ,5 ,18.60 ,41.34 ,1004.22 ,75.45
01:39:10,0 ,0 ,0 ,480 ,5 ,18.60 ,41.35 ,1004.22 ,75.49
01:39:11,0 ,0 ,0 ,480 ,5 ,18.60 ,41.36 ,1004.21 ,75.50
01:39:12,0 ,0 ,0 ,480 ,5 ,18.60 ,41.38 ,1004.24 ,75.25
01:39:13,0 ,0 ,0 ,480 ,5 ,18.59 ,41.45 ,1004.19 ,75.68
01:39:14,0 ,0 ,0 ,480 ,5 ,18.59 ,41.52 ,1004.17 ,75.91
01:39:16,0 ,0 ,0 ,480 ,5 ,18.60 ,41.53 ,1004.23 ,75.34
01:39:17,0 ,0 ,0 ,481 ,5 ,18.60 ,41.53 ,1004.18 ,75.78
01:39:18,0 ,0 ,0 ,481 ,5 ,18.60 ,41.50 ,1004.21 ,75.56
01:39:19,0 ,0 ,0 ,480 ,5 ,18.60 ,41.50 ,1004.25 ,75.18
01:39:20,0 ,0 ,0 ,480 ,5 ,18.60 ,41.49 ,1004.19 ,75.72
01:39:22,0 ,0 ,0 ,481 ,5 ,18.60 ,41.50 ,1004.18 ,75.81
01:39:23,0 ,0 ,0 ,481 ,5 ,18.60 ,41.48 ,1004.23 ,75.35
01:39:24,0 ,0 ,0 ,481 ,5 ,18.60 ,41.45 ,1004.20 ,75.62
01:39:25,0 ,0 ,0 ,481 ,5 ,18.60 ,41.44 ,1004.21 ,75.57
01:39:26,0 ,0 ,0 ,481 ,5 ,18.59 ,41.43 ,1004.20 ,75.61
01:39:27,0 ,0 ,0 ,481 ,5 ,18.60 ,41.41 ,1004.24 ,75.31
01:39:29,0 ,0 ,0 ,481 ,5 ,18.60 ,41.38 ,1004.23 ,75.37
01:39:30,0 ,0 ,0 ,481 ,5 ,18.59 ,41.39 ,1004.22 ,75.46
01:39:31,0 ,0 ,0 ,481 ,5 ,18.60 ,41.39 ,1004.22 ,75.49
01:39:32,0 ,0 ,0 ,482 ,5 ,18.60 ,41.52 ,1004.18 ,75.76
01:39:33,0 ,0 ,0 ,481 ,5 ,18.60 ,41.67 ,1004.22 ,75.42
01:39:34,0 ,0 ,0 ,481 ,5 ,18.60 ,41.74 ,1004.23 ,75.31
01:39:36,0 ,0 ,0 ,482 ,5 ,18.60 ,41.74 ,1004.23 ,75.36
01:39:37,0 ,0 ,0 ,482 ,5 ,18.61 ,41.74 ,1004.21 ,75.50
01:39:38,0 ,0 ,0 ,482 ,5 ,18.60 ,41.73 ,1004.21 ,75.54
01:39:39,0 ,0 ,0 ,482 ,5 ,18.61 ,41.71 ,1004.21 ,75.51
01:39:40,0 ,0 ,0 ,482 ,5 ,18.61 ,41.68 ,1004.19 ,75.67
01:39:41,0 ,0 ,0 ,482 ,5 ,18.61 ,41.64 ,1004.22 ,75.49
01:39:43,0 ,0 ,0 ,482 ,5 ,18.61 ,41.66 ,1004.18 ,75.76
01:39:44,0 ,0 ,0 ,481 ,5 ,18.62 ,41.65 ,1004.23 ,75.37
01:39:45,0 ,0 ,0 ,482 ,5 ,18.62 ,41.60 ,1004.21 ,75.54
01:39:46,0 ,0 ,0 ,482 ,5 ,18.62 ,41.57 ,1004.21 ,75.54
01:39:47,0 ,0 ,0 ,482 ,5 ,18.61 ,41.56 ,1004.19 ,75.70
01:39:48,0 ,0 ,0 ,482 ,5 ,18.61 ,41.51 ,1004.22 ,75.48
01:39:50,0 ,0 ,0 ,482 ,5 ,18.62 ,41.50 ,1004.18 ,75.78
01:39:51,0 ,0 ,0 ,482 ,5 ,18.63 ,41.52 ,1004.22 ,75.54
01:39:52,0 ,0 ,0 ,482 ,5 ,18.63 ,41.48 ,1004.22 ,75.46
01:39:53,0 ,0 ,0 ,482 ,5 ,18.63 ,41.49 ,1004.24 ,75.26
01:39:54,0 ,0 ,0 ,482 ,5 ,18.63 ,41.50 ,1004.24 ,75.28
01:39:55,0 ,0 ,0 ,482 ,5 ,18.63 ,41.50 ,1004.20 ,75.61
01:39:57,0 ,0 ,0 ,482 ,5 ,18.62 ,41.51 ,1004.22 ,75.47
01:39:58,0 ,0 ,0 ,482 ,5 ,18.62 ,41.52 ,1004.19 ,75.73
01:39:59,0 ,0 ,0 ,483 ,5 ,18.62 ,41.52 ,1004.23 ,75.36
01:40:00,0 ,0 ,0 ,483 ,5 ,18.62 ,41.49 ,1004.21 ,75.55
01:40:01,0 ,0 ,0 ,483 ,5 ,18.62 ,41.50 ,1004.21 ,75.58
01:40:02,0 ,0 ,0 ,483 ,5 ,18.63 ,41.47 ,1004.22 ,75.44
01:41:04,0 ,0 ,0 ,486 ,5 ,18.61 ,41.34 ,1004.26 ,75.13
01:41:05,0 ,0 ,0 ,486 ,5 ,18.61 ,41.34 ,1004.21 ,75.50
01:41:06,0 ,0 ,0 ,486 ,5 ,18.61 ,41.36 ,1004.24 ,75.29
01:41:07,0 ,0 ,0 ,486 ,5 ,18.61 ,41.35 ,1004.19 ,75.67
01:41:08,0 ,0 ,0 ,486 ,5 ,18.61 ,41.35 ,1004.25 ,75.18
01:41:09,0 ,0 ,0 ,486 ,5 ,18.61 ,41.34 ,1004.21 ,75.52
01:41:11,0 ,0 ,0 ,486 ,5 ,18.60 ,41.34 ,1004.21 ,75.52
01:41:12,0 ,0 ,0 ,487 ,5 ,18.60 ,41.35 ,1004.23 ,75.31
01:41:13,0 ,0 ,0 ,487 ,5 ,18.60 ,41.34 ,1004.24 ,75.25
01:41:14,0 ,0 ,0 ,486 ,5 ,18.61 ,41.35 ,1004.22 ,75.46
01:41:15,0 ,0 ,0 ,486 ,5 ,18.61 ,41.34 ,1004.19 ,75.71
01:41:16,0 ,0 ,0 ,486 ,5 ,18.60 ,41.33 ,1004.21 ,75.53
01:41:18,0 ,0 ,0 ,486 ,5 ,18.59 ,41.34 ,1004.21 ,75.54
01:41:19,0 ,0 ,0 ,487 ,5 ,18.60 ,41.36 ,1004.24 ,75.31
01:41:20,0 ,0 ,0 ,486 ,5 ,18.61 ,41.34 ,1004.23 ,75.34
01:41:21,0 ,0 ,0 ,487 ,5 ,18.61 ,41.34 ,1004.23 ,75.34
01:41:22,0 ,0 ,0 ,486 ,5 ,18.61 ,41.34 ,1004.19 ,75.67
01:41:23,0 ,0 ,0 ,486 ,5 ,18.61 ,41.34 ,1004.21 ,75.50
01:41:25,0 ,0 ,0 ,486 ,5 ,18.61 ,41.34 ,1004.20 ,75.59
01:41:26,0 ,0 ,0 ,486 ,5 ,18.60 ,41.33 ,1004.22 ,75.42
01:41:27,0 ,0 ,0 ,486 ,5 ,18.60 ,41.31 ,1004.21 ,75.55
01:41:28,0 ,0 ,0 ,486 ,5 ,18.60 ,41.33 ,1004.21 ,75.52
01:41:29,0 ,0 ,0 ,486 ,5 ,18.61 ,41.31 ,1004.23 ,75.40
01:41:30,0 ,0 ,0 ,486 ,5 ,18.61 ,41.33 ,1004.23 ,75.40
01:41:32,0 ,0 ,0 ,486 ,5 ,18.61 ,41.33 ,1004.21 ,75.53
01:41:33,0 ,0 ,0 ,486 ,5 ,18.61 ,41.34 ,1004.23 ,75.41
01:41:34,0 ,0 ,0 ,486 ,5 ,18.61 ,41.33 ,1004.21 ,75.51
01:41:35,0 ,0 ,0 ,485 ,5 ,18.60 ,41.31 ,1004.23 ,75.38
01:41:36,0 ,0 ,0 ,486 ,5 ,18.60 ,41.33 ,1004.19 ,75.75
01:41:37,0 ,0 ,0 ,485 ,5 ,18.60 ,41.34 ,1004.21 ,75.54
01:41:39,0 ,0 ,0 ,485 ,5 ,18.61 ,41.33 ,1004.20 ,75.72
01:41:40,0 ,0 ,0 ,485 ,5 ,18.61 ,41.33 ,1004.22 ,75.49
01:41:41,0 ,0 ,0 ,485 ,5 ,18.61 ,41.33 ,1004.23 ,75.35
01:41:42,0 ,0 ,0 ,485 ,5 ,18.61 ,41.35 ,1004.22 ,75.48
01:41:43,0 ,0 ,0 ,485 ,5 ,18.61 ,41.31 ,1004.20 ,75.63
01:41:45,0 ,0 ,0 ,485 ,5 ,18.61 ,41.31 ,1004.20 ,75.62
01:41:46,0 ,0 ,0 ,485 ,5 ,18.61 ,41.33 ,1004.18 ,75.77
01:41:47,0 ,0 ,0 ,485 ,5 ,18.61 ,41.31 ,1004.22 ,75.41
01:41:48,0 ,0 ,0 ,485 ,5 ,18.62 ,41.34 ,1004.20 ,75.66
01:41:49,0 ,0 ,0 ,485 ,5 ,18.62 ,41.30 ,1004.25 ,75.21
01:41:50,0 ,0 ,0 ,484 ,5 ,18.62 ,41.32 ,1004.25 ,75.18
01:41:52,0 ,0 ,0 ,484 ,5 ,18.62 ,41.30 ,1004.23 ,75.37
01:41:53,0 ,0 ,0 ,485 ,5 ,18.61 ,41.30 ,1004.22 ,75.44
01:41:54,0 ,0 ,0 ,484 ,5 ,18.62 ,41.31 ,1004.27 ,75.08
01:41:55,0 ,0 ,0 ,484 ,5 ,18.62 ,41.30 ,1004.24 ,75.29
01:41:56,0 ,0 ,0 ,484 ,5 ,18.61 ,41.33 ,1004.24 ,75.25
01:41:57,0 ,0 ,0 ,484 ,5 ,18.62 ,41.33 ,1004.25 ,75.17
01:41:59,0 ,0 ,0 ,484 ,5 ,18.61 ,41.34 ,1004.25 ,75.21
01:42:00,0 ,0 ,0 ,484 ,5 ,18.61 ,41.33 ,1004.24 ,75.25
01:42:01,0 ,0 ,0 ,484 ,5 ,18.62 ,41.34 ,1004.25 ,75.18
01:42:02,0 ,0 ,0 ,484 ,5 ,18.61 ,41.35 ,1004.22 ,75.42
01:42:03,0 ,0 ,0 ,483 ,5 ,18.61 ,41.34 ,1004.25 ,75.17
01:42:04,0 ,0 ,0 ,484 ,5 ,18.62 ,41.35 ,1004.27 ,75.00
01:42:06,0 ,0 ,0 ,483 ,5 ,18.62 ,41.36 ,1004.25 ,75.22
01:42:07,0 ,0 ,0 ,484 ,5 ,18.62 ,41.35 ,1004.22 ,75.44
01:42:08,0 ,0 ,0 ,483 ,5 ,18.62 ,41.35 ,1004.28 ,74.99
01:42:09,0 ,0 ,0 ,483 ,5 ,18.62 ,41.35 ,1004.27 ,75.08
01:42:10,0 ,0 ,0 ,483 ,5 ,18.62 ,41.35 ,1004.24 ,75.27
01:42:11,0 ,0 ,0 ,483 ,5 ,18.62 ,41.36 ,1004.27 ,75.06
01:42:13,0 ,0 ,0 ,483 ,5 ,18.62 ,41.34 ,1004.21 ,75.50
01:42:14,0 ,0 ,0 ,483 ,5 ,18.61 ,41.36 ,1004.22 ,75.46
01:42:15,0 ,0 ,0 ,482 ,5 ,18.62 ,41.34 ,1004.23 ,75.41
01:42:16,0 ,0 ,0 ,482 ,5 ,18.62 ,41.34 ,1004.20 ,75.63
01:42:17,0 ,0 ,0 ,482 ,5 ,18.61 ,41.34 ,1004.19 ,75.73
01:42:18,0 ,0 ,0 ,482 ,5 ,18.62 ,41.36 ,1004.21 ,75.62
01:42:20,0 ,0 ,0 ,482 ,5 ,18.61 ,41.31 ,1004.20 ,75.66
01:42:21,0 ,0 ,0 ,482 ,5 ,18.61 ,41.33 ,1004.21 ,75.56
01:42:22,0 ,0 ,0 ,482 ,5 ,18.61 ,41.31 ,1004.21 ,75.56
01:42:23,0 ,0 ,0 ,482 ,5 ,18.61 ,41.31 ,1004.22 ,75.44
01:42:24,0 ,0 ,0 ,482 ,5 ,18.61 ,41.33 ,1004.23 ,75.39
01:42:25,0 ,0 ,0 ,482 ,5 ,18.61 ,41.35 ,1004.25 ,75.22
01:42:27,0 ,0 ,0 ,482 ,5 ,18.61 ,41.33 ,1004.24 ,75.31
01:42:28,0 ,0 ,0 ,482 ,5 ,18.60 ,41.33 ,1004.20 ,75.64
01:42:29,0 ,0 ,0 ,482 ,5 ,18.61 ,41.35 ,1004.21 ,75.57
01:42:30,0 ,0 ,0 ,482 ,5 ,18.60 ,41.33 ,1004.18 ,75.76
01:42:31,0 ,0 ,0 ,482 ,5 ,18.61 ,41.34 ,1004.20 ,75.64
01:42:32,0 ,0 ,0 ,482 ,5 ,18.61 ,41.34 ,1004.23 ,75.39
01:42:34,0 ,0 ,0 ,482 ,5 ,18.61 ,41.42 ,1004.24 ,75.32
01:42:35,0 ,0 ,0 ,482 ,5 ,18.61 ,41.45 ,1004.21 ,75.53
01:42:36,0 ,0 ,0 ,481 ,5 ,18.61 ,41.42 ,1004.21 ,75.51
01:42:37,0 ,0 ,0 ,481 ,5 ,18.61 ,41.41 ,1004.24 ,75.27
01:42:38,0 ,0 ,0 ,481 ,5 ,18.61 ,41.43 ,1004.21 ,75.54
01:42:39,0 ,0 ,0 ,481 ,5 ,18.62 ,41.42 ,1004.25 ,75.22
01:42:41,0 ,0 ,0 ,482 ,5 ,18.62 ,41.40 ,1004.23 ,75.39
01:42:42,0 ,0 ,0 ,482 ,5 ,18.62 ,41.38 ,1004.25 ,75.19
01:42:43,0 ,0 ,0 ,482 ,5 ,18.62 ,41.37 ,1004.22 ,75.44
01:42:44,0 ,0 ,0 ,482 ,5 ,18.62 ,41.37 ,1004.25 ,75.17
01:42:45,0 ,0 ,0 ,482 ,5 ,18.61 ,41.36 ,1004.27 ,75.08
01:42:46,0 ,0 ,0 ,482 ,5 ,18.61 ,41.33 ,1004.20 ,75.58
01:42:48,0 ,0 ,0 ,483 ,5 ,18.61 ,41.34 ,1004.24 ,75.30
01:42:49,0 ,0 ,0 ,482 ,5 ,18.62 ,41.34 ,1004.22 ,75.48
01:42:50,0 ,0 ,0 ,482 ,5 ,18.62 ,41.34 ,1004.25 ,75.20
01:42:51,0 ,0 ,0 ,482 ,5 ,18.62 ,41.34 ,1004.24 ,75.30
01:42:52,0 ,0 ,0 ,482 ,5 ,18.61 ,41.33 ,1004.24 ,75.31
01:42:53,0 ,0 ,0 ,482 ,5 ,18.61 ,41.33 ,1004.25 ,75.24
01:42:55,0 ,0 ,0 ,482 ,5 ,18.61 ,41.33 ,1004.24 ,75.32
01:42:56,0 ,0 ,0 ,482 ,5 ,18.61 ,41.34 ,1004.23 ,75.40
01:42:57,0 ,0 ,0 ,482 ,5 ,18.61 ,41.33 ,1004.26 ,75.10
01:42:58,0 ,0 ,0 ,482 ,5 ,18.63 ,41.33 ,1004.27 ,75.02
01:42:59,0 ,0 ,0 ,482 ,5 ,18.62 ,41.33 ,1004.23 ,75.37
01:43:00,0 ,0 ,0 ,482 ,5 ,18.63 ,41.33 ,1004.24 ,75.26
01:44:02,0 ,0 ,0 ,484 ,5 ,18.62 ,41.30 ,1004.25 ,75.18
01:44:03,0 ,0 ,0 ,484 ,5 ,18.63 ,41.29 ,1004.26 ,75.11
01:44:04,0 ,0 ,0 ,484 ,5 ,18.62 ,41.30 ,1004.26 ,75.08
01:44:05,0 ,0 ,0 ,484 ,5 ,18.62 ,41.28 ,1004.25 ,75.17
01:44:06,0 ,0 ,0 ,484 ,5 ,18.62 ,41.29 ,1004.27 ,75.03
01:44:07,0 ,0 ,0 ,484 ,5 ,18.62 ,41.30 ,1004.26 ,75.11
01:44:09,0 ,0 ,0 ,483 ,5 ,18.63 ,41.29 ,1004.23 ,75.40
01:44:10,0 ,0 ,0 ,484 ,5 ,18.63 ,41.29 ,1004.23 ,75.33
01:44:11,0 ,0 ,0 ,483 ,5 ,18.64 ,41.29 ,1004.29 ,74.83
01:44:12,0 ,0 ,0 ,483 ,5 ,18.64 ,41.27 ,1004.27 ,75.05
01:44:13,0 ,0 ,0 ,483 ,5 ,18.64 ,41.28 ,1004.25 ,75.21
01:44:14,0 ,0 ,0 ,484 ,5 ,18.63 ,41.29 ,1004.28 ,74.95
01:44:16,0 ,0 ,0 ,483 ,5 ,18.64 ,41.28 ,1004.27 ,75.05
01:44:17,0 ,0 ,0 ,483 ,5 ,18.63 ,41.27 ,1004.25 ,75.17
01:44:18,0 ,0 ,0 ,483 ,5 ,18.63 ,41.27 ,1004.24 ,75.31
01:44:19,0 ,0 ,0 ,483 ,5 ,18.63 ,41.27 ,1004.26 ,75.10
01:44:20,0 ,0 ,0 ,483 ,5 ,18.64 ,41.27 ,1004.26 ,75.12
01:44:21,0 ,0 ,0 ,483 ,5 ,18.63 ,41.28 ,1004.25 ,75.23
01:44:23,0 ,0 ,0 ,483 ,5 ,18.64 ,41.28 ,1004.25 ,75.18
01:44:24,0 ,0 ,0 ,483 ,5 ,18.64 ,41.26 ,1004.28 ,74.94
01:44:25,0 ,0 ,0 ,483 ,5 ,18.63 ,41.28 ,1004.29 ,74.89
01:44:26,0 ,0 ,0 ,483 ,5 ,18.64 ,41.26 ,1004.27 ,75.07
01:44:27,0 ,0 ,0 ,483 ,5 ,18.64 ,41.27 ,1004.29 ,74.85
01:44:28,0 ,0 ,0 ,483 ,5 ,18.64 ,41.26 ,1004.29 ,74.90
01:44:30,0 ,0 ,0 ,483 ,5 ,18.64 ,41.27 ,1004.26 ,75.16
01:44:31,0 ,0 ,0 ,483 ,5 ,18.64 ,41.26 ,1004.26 ,75.09
01:44:32,0 ,0 ,0 ,483 ,5 ,18.63 ,41.26 ,1004.22 ,75.46
01:44:33,0 ,0 ,0 ,483 ,5 ,18.63 ,41.26 ,1004.26 ,75.13
01:44:34,0 ,0 ,0 ,483 ,5 ,18.63 ,41.26 ,1004.27 ,75.02
01:44:35,0 ,0 ,0 ,483 ,5 ,18.63 ,41.28 ,1004.28 ,74.97
01:44:37,0 ,0 ,0 ,483 ,5 ,18.64 ,41.26 ,1004.25 ,75.21
01:44:38,0 ,0 ,0 ,483 ,5 ,18.63 ,41.27 ,1004.24 ,75.32
01:44:39,0 ,0 ,0 ,483 ,5 ,18.63 ,41.25 ,1004.27 ,75.03
01:44:40,0 ,0 ,0 ,483 ,5 ,18.63 ,41.26 ,1004.28 ,74.95
01:44:41,0 ,0 ,0 ,483 ,5 ,18.63 ,41.25 ,1004.28 ,74.98
01:44:42,0 ,0 ,0 ,483 ,5 ,18.62 ,41.26 ,1004.30 ,74.82
01:44:44,0 ,0 ,0 ,483 ,5 ,18.63 ,41.26 ,1004.24 ,75.26
01:44:45,0 ,0 ,0 ,483 ,5 ,18.63 ,41.25 ,1004.26 ,75.13
01:44:46,0 ,0 ,0 ,483 ,5 ,18.63 ,41.25 ,1004.25 ,75.19
01:44:47,0 ,0 ,0 ,483 ,5 ,18.63 ,41.26 ,1004.27 ,75.05
01:44:48,0 ,0 ,0 ,483 ,5 ,18.63 ,41.24 ,1004.25 ,75.21
01:44:49,0 ,0 ,0 ,483 ,5 ,18.63 ,41.27 ,1004.26 ,75.13
01:44:51,0 ,0 ,0 ,483 ,5 ,18.63 ,41.26 ,1004.25 ,75.18
01:44:52,0 ,0 ,0 ,483 ,5 ,18.62 ,41.26 ,1004.27 ,75.05
01:44:53,0 ,0 ,0 ,483 ,5 ,18.62 ,41.25 ,1004.25 ,75.17
01:44:54,0 ,0 ,0 ,483 ,5 ,18.62 ,41.25 ,1004.27 ,75.05
01:44:55,0 ,0 ,0 ,483 ,5 ,18.62 ,41.25 ,1004.28 ,74.98
01:44:56,0 ,0 ,0 ,483 ,5 ,18.63 ,41.26 ,1004.30 ,74.76
01:44:58,0 ,0 ,0 ,483 ,5 ,18.63 ,41.26 ,1004.31 ,74.73
01:44:59,0 ,0 ,0 ,483 ,5 ,18.62 ,41.25 ,1004.28 ,74.92
01:45:00,0 ,0 ,0 ,483 ,5 ,18.62 ,41.25 ,1004.30 ,74.77
01:45:01,0 ,0 ,0 ,483 ,5 ,18.62 ,41.26 ,1004.30 ,74.75
01:45:02,0 ,0 ,0 ,483 ,5 ,18.63 ,41.25 ,1004.27 ,75.03
01:45:03,0 ,0 ,0 ,483 ,5 ,18.62 ,41.27 ,1004.28 ,74.91
01:45:05,0 ,0 ,0 ,483 ,5 ,18.63 ,41.25 ,1004.29 ,74.89
01:45:06,0 ,0 ,0 ,482 ,5 ,18.63 ,41.25 ,1004.29 ,74.90
01:45:07,0 ,0 ,0 ,482 ,5 ,18.63 ,41.24 ,1004.28 ,74.97
01:45:08,0 ,0 ,0 ,482 ,5 ,18.63 ,41.27 ,1004.32 ,74.59
01:45:09,0 ,0 ,0 ,482 ,5 ,18.63 ,41.25 ,1004.26 ,75.13
01:45:10,0 ,0 ,0 ,482 ,5 ,18.63 ,41.26 ,1004.26 ,75.13
01:45:12,0 ,0 ,0 ,482 ,5 ,18.63 ,41.26 ,1004.30 ,74.80
01:45:13,0 ,0 ,0 ,482 ,5 ,18.63 ,41.25 ,1004.28 ,74.98
01:45:14,0 ,0 ,0 ,482 ,5 ,18.63 ,41.25 ,1004.29 ,74.84
01:45:15,0 ,0 ,0 ,482 ,5 ,18.63 ,41.25 ,1004.31 ,74.71
01:45:16,0 ,0 ,0 ,482 ,5 ,18.63 ,41.27 ,1004.28 ,74.93
01:45:17,0 ,0 ,0 ,482 ,5 ,18.63 ,41.25 ,1004.25 ,75.23
01:45:19,0 ,0 ,0 ,482 ,5 ,18.62 ,41.25 ,1004.25 ,75.18
01:45:20,0 ,0 ,0 ,482 ,5 ,18.62 ,41.25 ,1004.27 ,75.07
01:45:21,0 ,0 ,0 ,482 ,5 ,18.62 ,41.24 ,1004.28 ,74.94
01:45:22,0 ,0 ,0 ,482 ,5 ,18.62 ,41.25 ,1004.29 ,74.88
01:45:23,0 ,0 ,0 ,482 ,5 ,18.63 ,41.25 ,1004.27 ,75.03
01:45:24,0 ,0 ,0 ,482 ,5 ,18.62 ,41.25 ,1004.29 ,74.86
01:45:26,0 ,0 ,0 ,483 ,5 ,18.62 ,41.26 ,1004.34 ,74.45
01:45:27,0 ,0 ,0 ,482 ,5 ,18.62 ,41.26 ,1004.29 ,74.84
01:45:28,0 ,0 ,0 ,482 ,5 ,18.62 ,41.25 ,1004.28 ,74.91
01:45:29,0 ,0 ,0 ,482 ,5 ,18.62 ,41.29 ,1004.28 ,74.94
01:45:30,0 ,0 ,0 ,482 ,5 ,18.63 ,41.27 ,1004.32 ,74.61
01:45:31,0 ,0 ,0 ,482 ,5 ,18.63 ,41.25 ,1004.27 ,75.05
01:45:33,0 ,0 ,0 ,482 ,5 ,18.63 ,41.26 ,1004.27 ,75.02
01:45:34,0 ,0 ,0 ,482 ,5 ,18.62 ,41.25 ,1004.30 ,74.80
01:45:35,0 ,0 ,0 ,482 ,5 ,18.63 ,41.28 ,1004.28 ,74.97
01:45:36,0 ,0 ,0 ,482 ,5 ,18.63 ,41.28 ,1004.27 ,75.02
01:45:37,0 ,0 ,0 ,482 ,5 ,18.63 ,41.26 ,1004.29 ,74.88
01:45:38,0 ,0 ,0 ,482 ,5 ,18.63 ,41.27 ,1004.25 ,75.19
01:45:40,0 ,0 ,0 ,482 ,5 ,18.64 ,41.27 ,1004.30 ,74.80
01:45:41,0 ,0 ,0 ,482 ,5 ,18.63 ,41.26 ,1004.24 ,75.29
01:45:42,0 ,0 ,0 ,482 ,5 ,18.64 ,41.28 ,1004.26 ,75.12
01:45:43,0 ,0 ,0 ,482 ,5 ,18.64 ,41.28 ,1004.29 ,74.84
01:45:44,0 ,0 ,0 ,482 ,5 ,18.64 ,41.26 ,1004.30 ,74.81
01:45:45,0 ,0 ,0 ,481 ,5 ,18.64 ,41.26 ,1004.29 ,74.85
01:45:47,0 ,0 ,0 ,481 ,5 ,18.64 ,41.26 ,1004.29 ,74.86
01:45:48,0 ,0 ,0 ,482 ,5 ,18.64 ,41.26 ,1004.26 ,75.12
01:45:49,0 ,0 ,0 ,481 ,5 ,18.64 ,41.26 ,1004.27 ,75.05
01:45:50,0 ,0 ,0 ,481 ,5 ,18.65 ,41.25 ,1004.27 ,75.05
01:45:51,0 ,0 ,0 ,481 ,5 ,18.64 ,41.26 ,1004.28 ,74.98
01:45:52,0 ,0 ,0 ,482 ,5 ,18.64 ,41.26 ,1004.30 ,74.75
01:45:54,0 ,0 ,0 ,481 ,5 ,18.64 ,41.25 ,1004.29 ,74.84
01:45:55,0 ,0 ,0 ,482 ,5 ,18.63 ,41.25 ,1004.29 ,74.88
01:45:56,0 ,0 ,0 ,482 ,5 ,18.63 ,41.25 ,1004.31 ,74.69
01:45:57,0 ,0 ,0 ,482 ,5 ,18.64 ,41.26 ,1004.31 ,74.68
01:45:58,0 ,0 ,0 ,482 ,5 ,18.64 ,41.26 ,1004.32 ,74.66
01:46:59,0 ,0 ,0 ,483 ,5 ,18.61 ,41.27 ,1004.33 ,74.54
01:47:01,0 ,0 ,0 ,483 ,5 ,18.61 ,41.28 ,1004.29 ,74.86
01:47:02,0 ,0 ,0 ,482 ,5 ,18.61 ,41.27 ,1004.34 ,74.49
01:47:03,0 ,0 ,0 ,483 ,5 ,18.60 ,41.28 ,1004.30 ,74.81
01:47:04,0 ,0 ,0 ,483 ,5 ,18.61 ,41.28 ,1004.29 ,74.88
01:47:05,0 ,0 ,0 ,483 ,5 ,18.61 ,41.29 ,1004.33 ,74.52
01:47:06,0 ,0 ,0 ,483 ,5 ,18.61 ,41.28 ,1004.29 ,74.87
01:47:08,0 ,0 ,0 ,483 ,5 ,18.61 ,41.28 ,1004.32 ,74.66
01:47:09,0 ,0 ,0 ,482 ,5 ,18.61 ,41.29 ,1004.33 ,74.52
01:47:10,0 ,0 ,0 ,483 ,5 ,18.61 ,41.29 ,1004.30 ,74.75
01:47:11,0 ,0 ,0 ,482 ,5 ,18.61 ,41.30 ,1004.30 ,74.74
01:47:12,0 ,0 ,0 ,483 ,5 ,18.60 ,41.28 ,1004.25 ,75.24
01:47:13,0 ,0 ,0 ,483 ,5 ,18.61 ,41.29 ,1004.33 ,74.51
01:47:15,0 ,0 ,0 ,483 ,5 ,18.61 ,41.29 ,1004.33 ,74.54
01:47:16,0 ,0 ,0 ,483 ,5 ,18.61 ,41.30 ,1004.30 ,74.74
01:47:17,0 ,0 ,0 ,483 ,5 ,18.62 ,41.28 ,1004.29 ,74.87
01:47:18,0 ,0 ,0 ,483 ,5 ,18.62 ,41.28 ,1004.32 ,74.59
01:47:19,0 ,0 ,0 ,483 ,5 ,18.61 ,41.30 ,1004.31 ,74.70
01:47:20,0 ,0 ,0 ,483 ,5 ,18.61 ,41.29 ,1004.32 ,74.59
01:47:22,0 ,0 ,0 ,483 ,5 ,18.61 ,41.29 ,1004.31 ,74.68
01:47:23,0 ,0 ,0 ,483 ,5 ,18.62 ,41.29 ,1004.31 ,74.74
01:47:24,0 ,0 ,0 ,483 ,5 ,18.62 ,41.29 ,1004.32 ,74.61
01:47:25,0 ,0 ,0 ,483 ,5 ,18.61 ,41.29 ,1004.30 ,74.76
01:47:26,0 ,0 ,0 ,483 ,5 ,18.62 ,41.29 ,1004.36 ,74.29
01:47:27,0 ,0 ,0 ,483 ,5 ,18.62 ,41.28 ,1004.34 ,74.42
01:47:29,0 ,0 ,0 ,483 ,5 ,18.62 ,41.30 ,1004.32 ,74.56
01:47:30,0 ,0 ,0 ,483 ,5 ,18.62 ,41.30 ,1004.32 ,74.65
01:47:31,0 ,0 ,0 ,482 ,5 ,18.62 ,41.29 ,1004.29 ,74.86
01:47:32,0 ,0 ,0 ,482 ,5 ,18.62 ,41.30 ,1004.32 ,74.61
01:47:33,0 ,0 ,0 ,482 ,5 ,18.62 ,41.30 ,1004.34 ,74.46
01:47:34,0 ,0 ,0 ,483 ,5 ,18.62 ,41.30 ,1004.32 ,74.64
01:47:36,0 ,0 ,0 ,483 ,5 ,18.62 ,41.29 ,1004.35 ,74.33
01:47:37,0 ,0 ,0 ,483 ,5 ,18.62 ,41.28 ,1004.34 ,74.44
01:47:38,0 ,0 ,0 ,483 ,5 ,18.61 ,41.27 ,1004.34 ,74.49
01:47:39,0 ,0 ,0 ,482 ,5 ,18.63 ,41.27 ,1004.35 ,74.36
01:47:40,0 ,0 ,0 ,482 ,5 ,18.62 ,41.29 ,1004.32 ,74.57
01:47:41,0 ,0 ,0 ,483 ,5 ,18.63 ,41.29 ,1004.34 ,74.46
01:47:43,0 ,0 ,0 ,482 ,5 ,18.63 ,41.30 ,1004.34 ,74.47
01:47:44,0 ,0 ,0 ,482 ,5 ,18.63 ,41.29 ,1004.38 ,74.13
01:47:45,0 ,0 ,0 ,482 ,5 ,18.63 ,41.30 ,1004.35 ,74.36
01:47:46,0 ,0 ,0 ,482 ,5 ,18.62 ,41.29 ,1004.33 ,74.51
01:47:47,0 ,0 ,0 ,482 ,5 ,18.62 ,41.30 ,1004.34 ,74.43
01:47:48,0 ,0 ,0 ,482 ,5 ,18.62 ,41.30 ,1004.35 ,74.37
01:47:50,0 ,0 ,0 ,482 ,5 ,18.62 ,41.29 ,1004.34 ,74.45
01:47:51,0 ,0 ,0 ,482 ,5 ,18.62 ,41.29 ,1004.37 ,74.20
01:47:52,0 ,0 ,0 ,482 ,5 ,18.63 ,41.24 ,1004.37 ,74.21
01:47:53,0 ,0 ,0 ,482 ,5 ,18.62 ,41.28 ,1004.36 ,74.25
01:47:54,0 ,0 ,0 ,482 ,5 ,18.63 ,41.29 ,1004.33 ,74.52
01:47:55,0 ,0 ,0 ,482 ,5 ,18.62 ,41.29 ,1004.37 ,74.16
01:47:57,0 ,0 ,0 ,482 ,5 ,18.62 ,41.32 ,1004.34 ,74.48
01:47:58,0 ,0 ,0 ,482 ,5 ,18.62 ,41.29 ,1004.31 ,74.73
01:47:59,0 ,0 ,0 ,482 ,5 ,18.62 ,41.29 ,1004.34 ,74.45
01:48:00,0 ,0 ,0 ,482 ,5 ,18.63 ,41.28 ,1004.36 ,74.27
01:48:01,0 ,0 ,0 ,482 ,5 ,18.63 ,41.28 ,1004.32 ,74.61
01:48:02,0 ,0 ,0 ,482 ,5 ,18.62 ,41.28 ,1004.36 ,74.32
01:48:04,0 ,0 ,0 ,482 ,5 ,18.63 ,41.27 ,1004.36 ,74.24
01:48:05,0 ,0 ,0 ,482 ,5 ,18.62 ,41.26 ,1004.33 ,74.56
01:48:06,0 ,0 ,0 ,482 ,5 ,18.62 ,41.27 ,1004.32 ,74.62
01:48:07,0 ,0 ,0 ,482 ,5 ,18.62 ,41.26 ,1004.34 ,74.48
01:48:08,0 ,0 ,0 ,482 ,5 ,18.62 ,41.27 ,1004.35 ,74.39
01:48:09,0 ,0 ,0 ,482 ,5 ,18.62 ,41.25 ,1004.35 ,74.35
01:48:11,0 ,0 ,0 ,482 ,5 ,18.62 ,41.25 ,1004.35 ,74.33
01:48:12,0 ,0 ,0 ,482 ,5 ,18.62 ,41.27 ,1004.32 ,74.61
01:48:13,0 ,0 ,0 ,482 ,5 ,18.62 ,41.27 ,1004.33 ,74.57
01:48:14,0 ,0 ,0 ,482 ,5 ,18.62 ,41.27 ,1004.31 ,74.74
01:48:15,0 ,0 ,0 ,482 ,5 ,18.62 ,41.27 ,1004.35 ,74.38
01:48:16,0 ,0 ,0 ,482 ,5 ,18.62 ,41.27 ,1004.34 ,74.47
01:48:18,0 ,0 ,0 ,482 ,5 ,18.62 ,41.27 ,1004.36 ,74.28
01:48:19,0 ,0 ,0 ,482 ,5 ,18.63 ,41.28 ,1004.32 ,74.61
01:48:20,0 ,0 ,0 ,482 ,5 ,18.63 ,41.27 ,1004.35 ,74.40
01:48:21,0 ,0 ,0 ,482 ,5 ,18.63 ,41.27 ,1004.32 ,74.59
01:48:22,0 ,0 ,0 ,482 ,5 ,18.63 ,41.27 ,1004.35 ,74.40
01:48:23,0 ,0 ,0 ,482 ,5 ,18.63 ,41.32 ,1004.36 ,74.37
01:48:25,0 ,0 ,0 ,482 ,5 ,18.62 ,41.26 ,1004.34 ,74.41
01:48:26,0 ,0 ,0 ,482 ,5 ,18.62 ,41.26 ,1004.37 ,74.24
01:48:27,0 ,0 ,0 ,482 ,5 ,18.62 ,41.28 ,1004.34 ,74.41
01:48:28,0 ,0 ,0 ,482 ,5 ,18.62 ,41.26 ,1004.34 ,74.42
01:48:29,0 ,0 ,0 ,482 ,5 ,18.63 ,41.26 ,1004.32 ,74.61
01:48:30,0 ,0 ,0 ,482 ,5 ,18.63 ,41.27 ,1004.30 ,74.82
01:48:32,0 ,0 ,0 ,482 ,5 ,18.62 ,41.27 ,1004.33 ,74.52
01:48:33,0 ,0 ,0 ,482 ,5 ,18.62 ,41.26 ,1004.35 ,74.38
01:48:34,0 ,0 ,0 ,482 ,5 ,18.61 ,41.27 ,1004.32 ,74.59
01:48:35,0 ,0 ,0 ,482 ,5 ,18.62 ,41.28 ,1004.36 ,74.31
01:48:36,0 ,0 ,0 ,482 ,5 ,18.62 ,41.28 ,1004.35 ,74.35
01:48:37,0 ,0 ,0 ,482 ,5 ,18.62 ,41.27 ,1004.38 ,74.11
01:48:39,0 ,0 ,0 ,482 ,5 ,18.62 ,41.26 ,1004.35 ,74.35
01:48:40,0 ,0 ,0 ,482 ,5 ,18.62 ,41.27 ,1004.35 ,74.35
01:48:41,0 ,0 ,0 ,482 ,5 ,18.62 ,41.28 ,1004.39 ,74.06
01:48:42,0 ,0 ,0 ,482 ,5 ,18.61 ,41.28 ,1004.35 ,74.39
01:48:43,0 ,0 ,0 ,481 ,5 ,18.61 ,41.26 ,1004.38 ,74.09
01:48:44,0 ,0 ,0 ,481 ,5 ,18.61 ,41.26 ,1004.35 ,74.36
01:48:46,0 ,0 ,0 ,481 ,5 ,18.62 ,41.27 ,1004.35 ,74.33
01:48:47,0 ,0 ,0 ,481 ,5 ,18.61 ,41.27 ,1004.38 ,74.13
01:48:48,0 ,0 ,0 ,481 ,5 ,18.61 ,41.28 ,1004.37 ,74.23
01:48:49,0 ,0 ,0 ,481 ,5 ,18.61 ,41.28 ,1004.34 ,74.45
01:48:50,0 ,0 ,0 ,481 ,5 ,18.61 ,41.27 ,1004.35 ,74.39
01:48:51,0 ,0 ,0 ,482 ,5 ,18.60 ,41.28 ,1004.36 ,74.29
01:48:53,0 ,0 ,0 ,482 ,5 ,18.60 ,41.35 ,1004.35 ,74.18
01:48:54,0 ,0 ,0 ,482 ,5 ,18.61 ,41.29 ,1004.35 ,74.35
01:48:55,0 ,0 ,0 ,482 ,5 ,18.60 ,41.29 ,1004.36 ,74.26
01:48:56,0 ,0 ,0 ,482 ,5 ,18.61 ,41.29 ,1004.37 ,74.21
01:49:57,0 ,0 ,0 ,481 ,5 ,18.61 ,41.29 ,1004.35 ,74.32
01:49:58,0 ,0 ,0 ,481 ,5 ,18.61 ,41.29 ,1004.34 ,74.41
01:50:00,0 ,0 ,0 ,481 ,5 ,18.61 ,41.30 ,1004.34 ,74.41
01:50:01,0 ,0 ,0 ,481 ,5 ,18.60 ,41.29 ,1004.35 ,74.38
01:50:02,0 ,0 ,0 ,481 ,5 ,18.61 ,41.31 ,1004.36 ,74.26
01:50:03,0 ,0 ,0 ,481 ,5 ,18.61 ,41.31 ,1004.36 ,74.27
01:50:04,0 ,0 ,0 ,481 ,5 ,18.61 ,41.30 ,1004.36 ,74.30
01:50:05,0 ,0 ,0 ,481 ,5 ,18.61 ,41.31 ,1004.38 ,74.13
01:50:07,0 ,0 ,0 ,481 ,5 ,18.61 ,41.30 ,1004.38 ,74.13
01:50:08,0 ,0 ,0 ,481 ,5 ,18.62 ,41.30 ,1004.39 ,73.99
01:50:09,0 ,0 ,0 ,481 ,5 ,18.61 ,41.31 ,1004.33 ,74.52
01:50:10,0 ,0 ,0 ,481 ,5 ,18.61 ,41.30 ,1004.37 ,74.21
01:50:11,0 ,0 ,0 ,481 ,5 ,18.60 ,41.29 ,1004.38 ,74.12
01:50:12,0 ,0 ,0 ,481 ,5 ,18.61 ,41.30 ,1004.39 ,74.00
01:50:14,0 ,0 ,0 ,481 ,5 ,18.61 ,41.30 ,1004.38 ,74.13
01:50:15,0 ,0 ,0 ,481 ,5 ,18.61 ,41.30 ,1004.40 ,73.99
01:50:16,0 ,0 ,0 ,481 ,5 ,18.61 ,41.26 ,1004.36 ,74.14
01:50:17,0 ,0 ,0 ,481 ,5 ,18.61 ,41.31 ,1004.41 ,73.89
01:50:18,0 ,0 ,0 ,481 ,5 ,18.61 ,41.30 ,1004.37 ,74.22
01:50:20,0 ,0 ,0 ,481 ,5 ,18.61 ,41.29 ,1004.41 ,73.86
01:50:21,0 ,0 ,0 ,481 ,5 ,18.60 ,41.28 ,1004.37 ,74.17
01:50:22,0 ,0 ,0 ,481 ,5 ,18.61 ,41.28 ,1004.35 ,74.32
01:50:23,0 ,0 ,0 ,481 ,5 ,18.61 ,41.29 ,1004.38 ,74.08
01:50:24,0 ,0 ,0 ,481 ,5 ,18.61 ,41.29 ,1004.39 ,74.01
01:50:25,0 ,0 ,0 ,481 ,5 ,18.61 ,41.30 ,1004.38 ,74.08
01:50:27,0 ,0 ,0 ,481 ,5 ,18.61 ,41.29 ,1004.38 ,74.15
01:50:28,0 ,0 ,0 ,481 ,5 ,18.60 ,41.28 ,1004.34 ,74.44
01:50:29,0 ,0 ,0 ,481 ,5 ,18.61 ,41.30 ,1004.39 ,74.04
01:50:30,0 ,0 ,0 ,481 ,5 ,18.61 ,41.29 ,1004.36 ,74.28
01:50:31,0 ,0 ,0 ,481 ,5 ,18.61 ,41.29 ,1004.38 ,74.09
01:50:32,0 ,0 ,0 ,481 ,5 ,18.61 ,41.29 ,1004.38 ,74.12
01:50:34,0 ,0 ,0 ,480 ,5 ,18.61 ,41.27 ,1004.40 ,73.92
01:50:35,0 ,0 ,0 ,480 ,5 ,18.61 ,41.27 ,1004.36 ,74.30
01:50:36,0 ,0 ,0 ,480 ,5 ,18.61 ,41.27 ,1004.38 ,74.11
01:50:37,0 ,0 ,0 ,480 ,5 ,18.61 ,41.27 ,1004.36 ,74.28
01:50:38,0 ,0 ,0 ,480 ,5 ,18.61 ,41.29 ,1004.40 ,73.96
01:50:39,0 ,0 ,0 ,480 ,5 ,18.61 ,41.53 ,1004.41 ,73.89
01:50:41,0 ,0 ,0 ,480 ,5 ,18.61 ,41.58 ,1004.39 ,74.06
01:50:42,0 ,0 ,0 ,480 ,5 ,18.62 ,41.81 ,1004.40 ,73.92
01:50:43,0 ,0 ,0 ,480 ,5 ,18.62 ,41.72 ,1004.40 ,73.91
01:50:44,0 ,0 ,0 ,480 ,5 ,18.62 ,41.58 ,1004.41 ,73.87
01:50:45,0 ,0 ,0 ,480 ,5 ,18.62 ,41.50 ,1004.40 ,73.97
01:50:46,0 ,0 ,0 ,480 ,5 ,18.62 ,41.46 ,1004.39 ,74.06
01:50:48,0 ,0 ,0 ,480 ,5 ,18.62 ,41.41 ,1004.36 ,74.26
01:50:49,0 ,0 ,0 ,480 ,5 ,18.62 ,41.37 ,1004.40 ,73.93
01:50:50,0 ,0 ,0 ,480 ,5 ,18.62 ,41.35 ,1004.42 ,73.78
01:50:51,0 ,0 ,0 ,480 ,5 ,18.62 ,41.33 ,1004.39 ,74.03
01:50:52,0 ,0 ,0 ,480 ,5 ,18.62 ,41.33 ,1004.41 ,73.86
01:50:53,0 ,0 ,0 ,480 ,5 ,18.63 ,41.33 ,1004.36 ,74.29
01:50:55,0 ,0 ,0 ,480 ,5 ,18.62 ,41.33 ,1004.34 ,74.47
01:50:56,0 ,0 ,0 ,480 ,5 ,18.62 ,41.34 ,1004.39 ,74.04
01:50:57,0 ,0 ,0 ,480 ,5 ,18.62 ,41.30 ,1004.38 ,74.14
01:50:58,0 ,0 ,0 ,480 ,5 ,18.62 ,41.32 ,1004.40 ,73.98
01:50:59,0 ,0 ,0 ,480 ,5 ,18.62 ,41.30 ,1004.37 ,74.18
01:51:00,0 ,0 ,0 ,480 ,5 ,18.63 ,41.30 ,1004.35 ,74.40
01:51:02,0 ,0 ,0 ,480 ,5 ,18.63 ,41.30 ,1004.39 ,74.02
01:51:03,0 ,0 ,0 ,480 ,5 ,18.62 ,41.29 ,1004.37 ,74.20
01:51:04,0 ,0 ,0 ,480 ,5 ,18.62 ,41.30 ,1004.39 ,74.04
01:51:05,0 ,0 ,0 ,480 ,5 ,18.63 ,41.29 ,1004.38 ,74.14
01:51:06,0 ,0 ,0 ,480 ,5 ,18.62 ,41.34 ,1004.40 ,73.95
01:51:07,0 ,0 ,0 ,480 ,5 ,18.63 ,41.37 ,1004.41 ,73.90
01:51:09,0 ,0 ,0 ,480 ,5 ,18.63 ,41.37 ,1004.37 ,74.23
01:51:10,0 ,0 ,0 ,480 ,5 ,18.63 ,41.36 ,1004.37 ,74.18
01:51:11,0 ,0 ,0 ,480 ,5 ,18.64 ,41.35 ,1004.38 ,74.09
01:51:12,0 ,0 ,0 ,480 ,5 ,18.64 ,41.37 ,1004.36 ,74.25
01:51:13,0 ,0 ,0 ,480 ,5 ,18.64 ,41.42 ,1004.40 ,73.97
01:51:14,0 ,0 ,0 ,480 ,5 ,18.64 ,41.41 ,1004.41 ,73.85
01:51:16,0 ,0 ,0 ,480 ,5 ,18.64 ,41.39 ,1004.37 ,74.18
01:51:17,0 ,0 ,0 ,480 ,5 ,18.64 ,41.37 ,1004.37 ,74.18
01:51:18,0 ,0 ,0 ,480 ,5 ,18.64 ,41.35 ,1004.37 ,74.16
01:51:19,0 ,0 ,0 ,479 ,5 ,18.65 ,41.31 ,1004.40 ,73.95
01:51:20,0 ,0 ,0 ,479 ,5 ,18.65 ,41.31 ,1004.34 ,74.49
01:51:21,0 ,0 ,0 ,479 ,5 ,18.64 ,41.28 ,1004.40 ,73.99
01:51:23,0 ,0 ,0 ,480 ,5 ,18.64 ,41.28 ,1004.38 ,74.15
01:51:24,0 ,0 ,0 ,480 ,5 ,18.64 ,41.28 ,1004.34 ,74.45
01:51:25,0 ,0 ,0 ,480 ,5 ,18.64 ,41.27 ,1004.39 ,74.04
01:51:26,0 ,0 ,0 ,480 ,5 ,18.65 ,41.26 ,1004.36 ,74.26
01:51:27,0 ,0 ,0 ,480 ,5 ,18.64 ,41.26 ,1004.40 ,73.99
01:51:28,0 ,0 ,0 ,480 ,5 ,18.64 ,41.26 ,1004.36 ,74.24
01:51:30,0 ,0 ,0 ,480 ,5 ,18.64 ,41.27 ,1004.38 ,74.14
01:51:31,0 ,0 ,0 ,480 ,5 ,18.64 ,41.27 ,1004.38 ,74.14
01:51:32,0 ,0 ,0 ,480 ,5 ,18.64 ,41.28 ,1004.37 ,74.20
01:51:33,0 ,0 ,0 ,480 ,5 ,18.64 ,41.26 ,1004.37 ,74.23
01:51:34,0 ,0 ,0 ,480 ,5 ,18.64 ,41.28 ,1004.35 ,74.37
01:51:35,0 ,0 ,0 ,480 ,5 ,18.64 ,41.26 ,1004.39 ,74.05
01:51:37,0 ,0 ,0 ,480 ,5 ,18.64 ,41.25 ,1004.42 ,73.76
01:51:38,0 ,0 ,0 ,480 ,5 ,18.64 ,41.27 ,1004.41 ,73.90
01:51:39,0 ,0 ,0 ,480 ,5 ,18.65 ,41.33 ,1004.42 ,73.80
01:51:40,0 ,0 ,0 ,480 ,5 ,18.64 ,41.48 ,1004.38 ,74.13
01:51:41,0 ,0 ,0 ,480 ,5 ,18.64 ,41.46 ,1004.34 ,74.45
01:51:42,0 ,0 ,0 ,480 ,5 ,18.64 ,41.43 ,1004.36 ,74.27
01:51:44,0 ,0 ,0 ,480 ,5 ,18.64 ,41.42 ,1004.36 ,74.26
01:51:45,0 ,0 ,0 ,480 ,5 ,18.65 ,41.36 ,1004.35 ,74.38
01:51:46,0 ,0 ,0 ,480 ,5 ,18.65 ,41.33 ,1004.41 ,73.85
01:51:47,0 ,0 ,0 ,480 ,5 ,18.64 ,41.27 ,1004.36 ,74.28
01:51:48,0 ,0 ,0 ,480 ,5 ,18.64 ,41.28 ,1004.38 ,74.11
01:51:49,0 ,0 ,0 ,480 ,5 ,18.65 ,41.28 ,1004.38 ,74.08
01:51:51,0 ,0 ,0 ,480 ,5 ,18.64 ,41.27 ,1004.38 ,74.10
01:51:52,0 ,0 ,0 ,480 ,5 ,18.64 ,41.27 ,1004.39 ,74.05
01:51:53,0 ,0 ,0 ,480 ,5 ,18.64 ,41.27 ,1004.37 ,74.16
01:51:54,0 ,0 ,0 ,481 ,5 ,18.64 ,41.26 ,1004.40 ,73.92
01:52:55,0 ,0 ,0 ,481 ,5 ,18.65 ,41.27 ,1004.41 ,73.87
01:52:56,0 ,0 ,0 ,481 ,5 ,18.66 ,41.25 ,1004.41 ,73.89
01:52:58,0 ,0 ,0 ,481 ,5 ,18.66 ,41.24 ,1004.42 ,73.80
01:52:59,0 ,0 ,0 ,481 ,5 ,18.66 ,41.24 ,1004.43 ,73.69
01:53:00,0 ,0 ,0 ,481 ,5 ,18.66 ,41.25 ,1004.37 ,74.17
01:53:01,0 ,0 ,0 ,481 ,5 ,18.66 ,41.25 ,1004.40 ,73.92
01:53:02,0 ,0 ,0 ,481 ,5 ,18.66 ,41.26 ,1004.43 ,73.65
01:53:03,0 ,0 ,0 ,481 ,5 ,18.66 ,41.25 ,1004.38 ,74.13
01:53:05,0 ,0 ,0 ,481 ,5 ,18.66 ,41.24 ,1004.37 ,74.19
01:53:06,0 ,0 ,0 ,481 ,5 ,18.66 ,41.25 ,1004.36 ,74.32
01:53:07,0 ,0 ,0 ,481 ,5 ,18.66 ,41.25 ,1004.37 ,74.22
01:53:08,0 ,0 ,0 ,481 ,5 ,18.66 ,41.27 ,1004.37 ,74.17
01:53:09,0 ,0 ,0 ,481 ,5 ,18.66 ,41.32 ,1004.37 ,74.21
01:53:10,0 ,0 ,0 ,480 ,5 ,18.67 ,41.37 ,1004.38 ,74.13
01:53:12,0 ,0 ,0 ,480 ,5 ,18.67 ,41.57 ,1004.35 ,74.35
01:53:13,0 ,0 ,0 ,480 ,5 ,18.67 ,41.69 ,1004.37 ,74.19
01:53:14,0 ,0 ,0 ,481 ,5 ,18.67 ,41.78 ,1004.40 ,73.91
01:53:15,0 ,0 ,0 ,481 ,5 ,18.67 ,41.77 ,1004.37 ,74.21
01:53:16,0 ,0 ,0 ,481 ,5 ,18.67 ,41.74 ,1004.35 ,74.33
01:53:17,0 ,0 ,0 ,481 ,5 ,18.68 ,41.97 ,1004.37 ,74.21
01:53:19,0 ,0 ,0 ,481 ,5 ,18.68 ,42.06 ,1004.37 ,74.33
01:53:20,0 ,0 ,0 ,481 ,5 ,18.67 ,42.05 ,1004.35 ,74.40
01:53:21,0 ,0 ,0 ,481 ,5 ,18.68 ,42.00 ,1004.38 ,74.09
01:53:22,0 ,0 ,0 ,481 ,5 ,18.68 ,41.84 ,1004.37 ,74.18
01:53:23,0 ,0 ,0 ,481 ,5 ,18.68 ,41.74 ,1004.35 ,74.39
01:53:24,0 ,0 ,0 ,481 ,5 ,18.69 ,41.64 ,1004.34 ,74.42
01:53:26,0 ,0 ,0 ,481 ,5 ,18.68 ,41.57 ,1004.38 ,74.08
01:53:27,0 ,0 ,0 ,481 ,5 ,18.68 ,41.48 ,1004.38 ,74.09
01:53:28,0 ,0 ,0 ,481 ,5 ,18.68 ,41.44 ,1004.38 ,74.12
01:53:29,0 ,0 ,0 ,481 ,5 ,18.68 ,41.40 ,1004.36 ,74.29
01:53:30,0 ,0 ,0 ,481 ,5 ,18.68 ,41.37 ,1004.37 ,74.21
01:53:31,0 ,0 ,0 ,481 ,5 ,18.67 ,41.33 ,1004.37 ,74.20
01:53:33,0 ,0 ,0 ,481 ,5 ,18.67 ,41.32 ,1004.36 ,74.30
01:53:34,0 ,0 ,0 ,481 ,5 ,18.67 ,41.32 ,1004.36 ,74.27
01:53:35,0 ,0 ,0 ,481 ,5 ,18.67 ,41.32 ,1004.36 ,74.26
01:53:36,0 ,0 ,0 ,481 ,5 ,18.67 ,41.31 ,1004.34 ,74.44
01:53:37,0 ,0 ,0 ,481 ,5 ,18.67 ,41.30 ,1004.36 ,74.32
01:53:38,0 ,0 ,0 ,482 ,5 ,18.67 ,41.27 ,1004.38 ,74.13
01:53:40,0 ,0 ,0 ,482 ,5 ,18.67 ,41.25 ,1004.37 ,74.21
01:53:41,0 ,0 ,0 ,482 ,5 ,18.67 ,41.27 ,1004.37 ,74.18
01:53:42,0 ,0 ,0 ,482 ,5 ,18.67 ,41.25 ,1004.36 ,74.30
01:53:43,0 ,0 ,0 ,482 ,5 ,18.67 ,41.26 ,1004.35 ,74.40
01:53:44,0 ,0 ,0 ,482 ,5 ,18.67 ,41.23 ,1004.39 ,74.04
01:53:45,0 ,0 ,0 ,482 ,5 ,18.67 ,41.22 ,1004.37 ,74.20
01:53:47,0 ,0 ,0 ,482 ,5 ,18.67 ,41.21 ,1004.37 ,74.23
01:53:48,0 ,0 ,0 ,482 ,5 ,18.67 ,41.21 ,1004.37 ,74.17
01:53:49,0 ,0 ,0 ,482 ,5 ,18.67 ,41.22 ,1004.36 ,74.27
01:53:50,0 ,0 ,0 ,482 ,5 ,18.67 ,41.24 ,1004.37 ,74.23
01:53:51,0 ,0 ,0 ,483 ,5 ,18.67 ,41.23 ,1004.37 ,74.22
01:53:52,0 ,0 ,0 ,483 ,5 ,18.67 ,41.22 ,1004.34 ,74.44
01:53:54,0 ,0 ,0 ,483 ,5 ,18.66 ,41.23 ,1004.37 ,74.22
01:53:55,0 ,0 ,0 ,483 ,5 ,18.67 ,41.25 ,1004.32 ,74.62
01:53:56,0 ,0 ,0 ,483 ,5 ,18.67 ,41.22 ,1004.37 ,74.21
01:53:57,0 ,0 ,0 ,483 ,5 ,18.67 ,41.22 ,1004.38 ,74.09
01:53:58,0 ,0 ,0 ,483 ,5 ,18.67 ,41.23 ,1004.37 ,74.16
01:53:59,0 ,0 ,0 ,483 ,5 ,18.67 ,41.22 ,1004.35 ,74.38
01:54:01,0 ,0 ,0 ,483 ,5 ,18.67 ,41.20 ,1004.36 ,74.24
01:54:02,0 ,0 ,0 ,483 ,5 ,18.67 ,41.20 ,1004.38 ,74.08
01:54:03,0 ,0 ,0 ,483 ,5 ,18.66 ,41.22 ,1004.36 ,74.31
01:54:04,0 ,0 ,0 ,483 ,5 ,18.66 ,41.19 ,1004.37 ,74.16
01:54:05,0 ,0 ,0 ,483 ,5 ,18.66 ,41.20 ,1004.39 ,74.01
01:54:06,0 ,0 ,0 ,483 ,5 ,18.66 ,41.20 ,1004.34 ,74.45
01:54:08,0 ,0 ,0 ,484 ,5 ,18.66 ,41.22 ,1004.37 ,74.18
01:54:09,0 ,0 ,0 ,484 ,5 ,18.66 ,41.22 ,1004.36 ,74.26
01:54:10,0 ,0 ,0 ,484 ,5 ,18.66 ,41.20 ,1004.37 ,74.23
01:54:11,0 ,0 ,0 ,484 ,5 ,18.66 ,41.20 ,1004.36 ,74.30
01:54:12,0 ,0 ,0 ,484 ,5 ,18.66 ,41.20 ,1004.36 ,74.25
01:54:13,0 ,0 ,0 ,484 ,5 ,18.66 ,41.20 ,1004.36 ,74.28
01:54:15,0 ,0 ,0 ,485 ,5 ,18.66 ,41.22 ,1004.39 ,74.03
01:54:16,0 ,0 ,0 ,485 ,5 ,18.66 ,41.22 ,1004.34 ,74.46
01:54:17,0 ,0 ,0 ,485 ,5 ,18.67 ,41.20 ,1004.37 ,74.16
01:54:18,0 ,0 ,0 ,485 ,5 ,18.66 ,41.22 ,1004.35 ,74.36
01:54:19,0 ,0 ,0 ,485 ,5 ,18.66 ,41.20 ,1004.36 ,74.27
01:54:20,0 ,0 ,0 ,485 ,5 ,18.66 ,41.19 ,1004.37 ,74.19
01:54:22,0 ,0 ,0 ,485 ,5 ,18.66 ,41.23 ,1004.33 ,74.54
01:54:23,0 ,0 ,0 ,485 ,5 ,18.67 ,41.19 ,1004.40 ,73.91
01:54:24,0 ,0 ,0 ,485 ,5 ,18.67 ,41.19 ,1004.38 ,74.14
01:54:25,0 ,0 ,0 ,485 ,5 ,18.67 ,41.19 ,1004.35 ,74.32
01:54:26,0 ,0 ,0 ,485 ,5 ,18.67 ,41.18 ,1004.37 ,74.23
01:54:27,0 ,0 ,0 ,485 ,5 ,18.66 ,41.18 ,1004.37 ,74.22
01:54:29,0 ,0 ,0 ,485 ,5 ,18.67 ,41.19 ,1004.37 ,74.21
01:54:30,0 ,0 ,0 ,485 ,5 ,18.66 ,41.18 ,1004.38 ,74.14
01:54:31,0 ,0 ,0 ,485 ,5 ,18.67 ,41.20 ,1004.40 ,73.97
01:54:32,0 ,0 ,0 ,485 ,5 ,18.66 ,41.19 ,1004.37 ,74.22
01:54:33,0 ,0 ,0 ,485 ,5 ,18.67 ,41.19 ,1004.34 ,74.41
01:54:34,0 ,0 ,0 ,486 ,5 ,18.67 ,41.19 ,1004.38 ,74.14
01:54:36,0 ,0 ,0 ,486 ,5 ,18.66 ,41.20 ,1004.37 ,74.19
01:54:37,0 ,0 ,0 ,485 ,5 ,18.66 ,41.22 ,1004.38 ,74.11
01:54:38,0 ,0 ,0 ,485 ,5 ,18.66 ,41.20 ,1004.32 ,74.60
01:54:39,0 ,0 ,0 ,486 ,5 ,18.66 ,41.20 ,1004.35 ,74.38
01:54:40,0 ,0 ,0 ,486 ,5 ,18.67 ,41.20 ,1004.39 ,74.03
01:54:41,0 ,0 ,0 ,486 ,5 ,18.66 ,41.24 ,1004.34 ,74.46
01:54:43,0 ,0 ,0 ,486 ,5 ,18.66 ,41.25 ,1004.34 ,74.42
01:54:44,0 ,0 ,0 ,486 ,5 ,18.66 ,41.26 ,1004.37 ,74.21
01:54:45,0 ,0 ,0 ,486 ,5 ,18.66 ,41.30 ,1004.36 ,74.21
01:54:46,0 ,0 ,0 ,486 ,5 ,18.66 ,41.26 ,1004.38 ,74.13
01:54:47,0 ,0 ,0 ,486 ,5 ,18.66 ,41.25 ,1004.36 ,74.31
01:54:48,0 ,0 ,0 ,486 ,5 ,18.66 ,41.23 ,1004.36 ,74.27
01:54:50,0 ,0 ,0 ,487 ,5 ,18.66 ,41.23 ,1004.34 ,74.47
01:54:51,0 ,0 ,0 ,487 ,5 ,18.67 ,41.24 ,1004.36 ,74.30
01:54:52,0 ,0 ,0 ,487 ,5 ,18.66 ,41.22 ,1004.32 ,74.63
01:55:53,0 ,0 ,0 ,485 ,5 ,18.66 ,41.17 ,1004.38 ,74.13
01:55:54,0 ,0 ,0 ,485 ,5 ,18.66 ,41.17 ,1004.36 ,74.25
01:55:55,0 ,0 ,0 ,485 ,5 ,18.66 ,41.17 ,1004.39 ,74.06
01:55:57,0 ,0 ,0 ,485 ,5 ,18.66 ,41.17 ,1004.40 ,73.97
01:55:58,0 ,0 ,0 ,485 ,5 ,18.66 ,41.18 ,1004.37 ,74.23
01:55:59,0 ,0 ,0 ,485 ,5 ,18.66 ,41.19 ,1004.39 ,74.06
01:56:00,0 ,0 ,0 ,485 ,5 ,18.66 ,41.19 ,1004.35 ,74.32
01:56:01,0 ,0 ,0 ,485 ,5 ,18.66 ,41.17 ,1004.38 ,74.14
01:56:02,0 ,0 ,0 ,485 ,5 ,18.66 ,41.19 ,1004.37 ,74.19
01:56:04,0 ,0 ,0 ,485 ,5 ,18.66 ,41.17 ,1004.35 ,74.37
01:56:05,0 ,0 ,0 ,485 ,5 ,18.65 ,41.19 ,1004.35 ,74.37
01:56:06,0 ,0 ,0 ,485 ,5 ,18.66 ,41.19 ,1004.38 ,74.12
01:56:07,0 ,0 ,0 ,485 ,5 ,18.66 ,41.20 ,1004.36 ,74.24
01:56:08,0 ,0 ,0 ,485 ,5 ,18.66 ,41.20 ,1004.37 ,74.23
01:56:09,0 ,0 ,0 ,485 ,5 ,18.66 ,41.18 ,1004.39 ,73.99
01:56:11,0 ,0 ,0 ,485 ,5 ,18.66 ,41.17 ,1004.39 ,74.06
01:56:12,0 ,0 ,0 ,485 ,5 ,18.66 ,41.19 ,1004.40 ,73.95
01:56:13,0 ,0 ,0 ,485 ,5 ,18.67 ,41.19 ,1004.38 ,74.10
01:56:14,0 ,0 ,0 ,485 ,5 ,18.67 ,41.19 ,1004.38 ,74.10
01:56:15,0 ,0 ,0 ,485 ,5 ,18.66 ,41.18 ,1004.38 ,74.13
01:56:16,0 ,0 ,0 ,485 ,5 ,18.66 ,41.18 ,1004.39 ,74.01
01:56:18,0 ,0 ,0 ,485 ,5 ,18.66 ,41.17 ,1004.39 ,74.04
01:56:19,0 ,0 ,0 ,485 ,5 ,18.67 ,41.17 ,1004.42 ,73.75
01:56:20,0 ,0 ,0 ,485 ,5 ,18.67 ,41.18 ,1004.41 ,73.87
01:56:21,0 ,0 ,0 ,484 ,5 ,18.67 ,41.18 ,1004.37 ,74.21
01:56:22,0 ,0 ,0 ,484 ,5 ,18.67 ,41.18 ,1004.39 ,74.04
01:56:23,0 ,0 ,0 ,484 ,5 ,18.67 ,41.18 ,1004.39 ,74.06
01:56:25,0 ,0 ,0 ,484 ,5 ,18.67 ,41.17 ,1004.39 ,74.03
01:56:26,0 ,0 ,0 ,484 ,5 ,18.67 ,41.19 ,1004.40 ,73.94
01:56:27,0 ,0 ,0 ,484 ,5 ,18.67 ,41.17 ,1004.38 ,74.10
01:56:28,0 ,0 ,0 ,484 ,5 ,18.67 ,41.17 ,1004.41 ,73.87
01:56:29,0 ,0 ,0 ,484 ,5 ,18.67 ,41.17 ,1004.39 ,74.02
01:56:30,0 ,0 ,0 ,483 ,5 ,18.67 ,41.19 ,1004.40 ,73.95
01:56:32,0 ,0 ,0 ,483 ,5 ,18.66 ,41.19 ,1004.35 ,74.35
01:56:33,0 ,0 ,0 ,483 ,5 ,18.66 ,41.17 ,1004.37 ,74.18
01:56:34,0 ,0 ,0 ,483 ,5 ,18.67 ,41.17 ,1004.38 ,74.08
01:56:35,0 ,0 ,0 ,483 ,5 ,18.67 ,41.18 ,1004.35 ,74.32
01:56:36,0 ,0 ,0 ,483 ,5 ,18.67 ,41.17 ,1004.34 ,74.45
01:56:37,0 ,0 ,0 ,482 ,5 ,18.67 ,41.17 ,1004.37 ,74.16
01:56:39,0 ,0 ,0 ,482 ,5 ,18.67 ,41.17 ,1004.38 ,74.12
01:56:40,0 ,0 ,0 ,482 ,5 ,18.67 ,41.17 ,1004.37 ,74.20
01:56:41,0 ,0 ,0 ,482 ,5 ,18.67 ,41.23 ,1004.40 ,74.14
01:56:42,0 ,0 ,0 ,482 ,5 ,18.67 ,41.17 ,1004.36 ,74.25
01:56:43,0 ,0 ,0 ,482 ,5 ,18.67 ,41.17 ,1004.36 ,74.28
01:56:44,0 ,0 ,0 ,482 ,5 ,18.67 ,41.17 ,1004.36 ,74.25
01:56:46,0 ,0 ,0 ,482 ,5 ,18.67 ,41.17 ,1004.36 ,74.32
01:56:47,0 ,0 ,0 ,482 ,5 ,18.67 ,41.16 ,1004.40 ,73.97
01:56:48,0 ,0 ,0 ,482 ,5 ,18.66 ,41.17 ,1004.38 ,74.13
01:56:49,0 ,0 ,0 ,482 ,5 ,18.67 ,41.18 ,1004.38 ,74.09
01:56:50,0 ,0 ,0 ,482 ,5 ,18.67 ,41.18 ,1004.36 ,74.25
01:56:51,0 ,0 ,0 ,482 ,5 ,18.67 ,41.18 ,1004.37 ,74.19
01:56:53,0 ,0 ,0 ,482 ,5 ,18.67 ,41.18 ,1004.39 ,74.06
01:56:54,0 ,0 ,0 ,482 ,5 ,18.67 ,41.21 ,1004.37 ,74.21
01:56:55,0 ,0 ,0 ,482 ,5 ,18.67 ,41.19 ,1004.35 ,74.39
01:56:56,0 ,0 ,0 ,481 ,5 ,18.68 ,41.21 ,1004.39 ,74.02
01:56:57,0 ,0 ,0 ,481 ,5 ,18.67 ,41.22 ,1004.34 ,74.45
01:56:58,0 ,0 ,0 ,481 ,5 ,18.67 ,41.18 ,1004.39 ,74.04
01:57:00,0 ,0 ,0 ,481 ,5 ,18.67 ,41.17 ,1004.35 ,74.34
01:57:01,0 ,0 ,0 ,481 ,5 ,18.67 ,41.17 ,1004.39 ,74.06
01:57:02,0 ,0 ,0 ,481 ,5 ,18.67 ,41.17 ,1004.37 ,74.18
01:57:03,0 ,0 ,0 ,481 ,5 ,18.66 ,41.18 ,1004.35 ,74.34
01:57:04,0 ,0 ,0 ,481 ,5 ,18.67 ,41.19 ,1004.41 ,73.89
01:57:05,0 ,0 ,0 ,481 ,5 ,18.67 ,41.18 ,1004.38 ,74.09
01:57:07,0 ,0 ,0 ,481 ,5 ,18.67 ,41.21 ,1004.38 ,74.14
01:57:08,0 ,0 ,0 ,481 ,5 ,18.67 ,41.18 ,1004.35 ,74.35
01:57:09,0 ,0 ,0 ,481 ,5 ,18.67 ,41.17 ,1004.38 ,74.10
01:57:10,0 ,0 ,0 ,481 ,5 ,18.67 ,41.26 ,1004.39 ,73.96
01:57:11,0 ,0 ,0 ,481 ,5 ,18.67 ,41.18 ,1004.37 ,74.16
01:57:12,0 ,0 ,0 ,481 ,5 ,18.67 ,41.18 ,1004.41 ,73.84
01:57:14,0 ,0 ,0 ,481 ,5 ,18.67 ,41.17 ,1004.38 ,74.13
01:57:15,0 ,0 ,0 ,481 ,5 ,18.67 ,41.17 ,1004.38 ,74.11
01:57:16,0 ,0 ,0 ,481 ,5 ,18.68 ,41.17 ,1004.39 ,74.00
01:57:17,0 ,0 ,0 ,481 ,5 ,18.67 ,41.18 ,1004.39 ,74.01
01:57:18,0 ,0 ,0 ,480 ,5 ,18.67 ,41.16 ,1004.42 ,73.80
01:57:19,0 ,0 ,0 ,480 ,5 ,18.67 ,41.16 ,1004.38 ,74.08
01:57:21,0 ,0 ,0 ,480 ,5 ,18.67 ,41.17 ,1004.35 ,74.40
01:57:22,0 ,0 ,0 ,480 ,5 ,18.67 ,41.18 ,1004.39 ,74.01
01:57:23,0 ,0 ,0 ,480 ,5 ,18.67 ,41.18 ,1004.38 ,74.07
01:57:24,0 ,0 ,0 ,480 ,5 ,18.67 ,41.16 ,1004.38 ,74.12
01:57:25,0 ,0 ,0 ,480 ,5 ,18.67 ,41.18 ,1004.39 ,74.06
01:57:26,0 ,0 ,0 ,480 ,5 ,18.67 ,41.16 ,1004.39 ,74.02
01:57:28,0 ,0 ,0 ,480 ,5 ,18.67 ,41.16 ,1004.39 ,74.05
01:57:29,0 ,0 ,0 ,480 ,5 ,18.67 ,41.16 ,1004.40 ,73.91
01:57:30,0 ,0 ,0 ,480 ,5 ,18.67 ,41.17 ,1004.37 ,74.18
01:57:31,0 ,0 ,0 ,480 ,5 ,18.67 ,41.16 ,1004.37 ,74.19
01:57:32,0 ,0 ,0 ,480 ,5 ,18.67 ,41.16 ,1004.43 ,73.69
01:57:33,0 ,0 ,0 ,480 ,5 ,18.67 ,41.15 ,1004.40 ,73.94
01:57:35,0 ,0 ,0 ,480 ,5 ,18.67 ,41.15 ,1004.37 ,74.21
01:57:36,0 ,0 ,0 ,480 ,5 ,18.66 ,41.15 ,1004.39 ,74.06
01:57:37,0 ,0 ,0 ,480 ,5 ,18.67 ,41.15 ,1004.40 ,73.96
01:57:38,0 ,0 ,0 ,480 ,5 ,18.66 ,41.15 ,1004.42 ,73.75
01:57:39,0 ,0 ,0 ,480 ,5 ,18.67 ,41.15 ,1004.38 ,74.13
01:57:40,0 ,0 ,0 ,480 ,5 ,18.66 ,41.16 ,1004.40 ,73.92
01:57:42,0 ,0 ,0 ,479 ,5 ,18.66 ,41.17 ,1004.41 ,73.89
01:57:43,0 ,0 ,0 ,479 ,5 ,18.67 ,41.16 ,1004.41 ,73.90
01:57:44,0 ,0 ,0 ,479 ,5 ,18.67 ,41.15 ,1004.40 ,73.93
01:57:45,0 ,0 ,0 ,479 ,5 ,18.66 ,41.16 ,1004.40 ,73.98
01:57:46,0 ,0 ,0 ,479 ,5 ,18.66 ,41.16 ,1004.43 ,73.71
01:57:47,0 ,0 ,0 ,479 ,5 ,18.66 ,41.16 ,1004.35 ,74.33
01:57:49,0 ,0 ,0 ,479 ,5 ,18.67 ,41.16 ,1004.40 ,73.97
01:57:50,0 ,0 ,0 ,479 ,5 ,18.67 ,41.16 ,1004.40 ,73.92
01:58:51,0 ,0 ,0 ,480 ,5 ,18.67 ,41.15 ,1004.41 ,73.88
01:58:52,0 ,0 ,0 ,480 ,5 ,18.67 ,41.15 ,1004.39 ,74.01
01:58:53,0 ,0 ,0 ,480 ,5 ,18.67 ,41.15 ,1004.36 ,74.28
01:58:54,0 ,0 ,0 ,480 ,5 ,18.67 ,41.15 ,1004.38 ,74.12
01:58:56,0 ,0 ,0 ,480 ,5 ,18.66 ,41.15 ,1004.40 ,73.95
01:58:57,0 ,0 ,0 ,480 ,5 ,18.66 ,41.15 ,1004.40 ,73.94
01:58:58,0 ,0 ,0 ,480 ,5 ,18.66 ,41.15 ,1004.41 ,73.82
01:58:59,0 ,0 ,0 ,480 ,5 ,18.66 ,41.15 ,1004.39 ,73.99
01:59:00,0 ,0 ,0 ,480 ,5 ,18.66 ,41.15 ,1004.40 ,73.97
01:59:01,0 ,0 ,0 ,480 ,5 ,18.67 ,41.15 ,1004.42 ,73.77
01:59:03,0 ,0 ,0 ,480 ,5 ,18.67 ,41.15 ,1004.43 ,73.72
01:59:04,0 ,0 ,0 ,480 ,5 ,18.67 ,41.15 ,1004.41 ,73.82
01:59:05,0 ,0 ,0 ,480 ,5 ,18.67 ,41.15 ,1004.43 ,73.65
01:59:06,0 ,0 ,0 ,480 ,5 ,18.67 ,41.14 ,1004.43 ,73.72
01:59:07,0 ,0 ,0 ,480 ,5 ,18.67 ,41.15 ,1004.42 ,73.78
01:59:08,0 ,0 ,0 ,480 ,5 ,18.67 ,41.16 ,1004.42 ,73.80
01:59:10,0 ,0 ,0 ,480 ,5 ,18.67 ,41.16 ,1004.43 ,73.65
01:59:11,0 ,0 ,0 ,480 ,5 ,18.68 ,41.18 ,1004.44 ,73.58
01:59:12,0 ,0 ,0 ,480 ,5 ,18.67 ,41.15 ,1004.45 ,73.53
01:59:13,0 ,0 ,0 ,480 ,5 ,18.67 ,41.15 ,1004.42 ,73.81
01:59:14,0 ,0 ,0 ,480 ,5 ,18.67 ,41.15 ,1004.44 ,73.64
01:59:15,0 ,0 ,0 ,480 ,5 ,18.67 ,41.14 ,1004.43 ,73.73
01:59:17,0 ,0 ,0 ,480 ,5 ,18.67 ,41.15 ,1004.41 ,73.85
01:59:18,0 ,0 ,0 ,480 ,5 ,18.68 ,41.15 ,1004.44 ,73.60
01:59:19,0 ,0 ,0 ,480 ,5 ,18.68 ,41.16 ,1004.41 ,73.87
01:59:20,0 ,0 ,0 ,480 ,5 ,18.67 ,41.14 ,1004.42 ,73.75
01:59:21,0 ,0 ,0 ,480 ,5 ,18.67 ,41.16 ,1004.39 ,73.99
01:59:22,0 ,0 ,0 ,480 ,5 ,18.67 ,41.15 ,1004.45 ,73.56
01:59:24,0 ,0 ,0 ,480 ,5 ,18.67 ,41.17 ,1004.44 ,73.58
01:59:25,0 ,0 ,0 ,480 ,5 ,18.67 ,41.16 ,1004.42 ,73.82
01:59:26,0 ,0 ,0 ,480 ,5 ,18.67 ,41.16 ,1004.42 ,73.74
01:59:27,0 ,0 ,0 ,480 ,5 ,18.67 ,41.16 ,1004.43 ,73.71
01:59:28,0 ,0 ,0 ,480 ,5 ,18.67 ,41.15 ,1004.41 ,73.87
01:59:29,0 ,0 ,0 ,480 ,5 ,18.67 ,41.15 ,1004.45 ,73.53
01:59:31,0 ,0 ,0 ,480 ,5 ,18.67 ,41.15 ,1004.46 ,73.44
01:59:32,0 ,0 ,0 ,480 ,5 ,18.67 ,41.15 ,1004.44 ,73.61
01:59:33,0 ,0 ,0 ,480 ,5 ,18.67 ,41.14 ,1004.44 ,73.60
01:59:34,0 ,0 ,0 ,480 ,5 ,18.67 ,41.15 ,1004.42 ,73.74
01:59:35,0 ,0 ,0 ,480 ,5 ,18.67 ,41.16 ,1004.43 ,73.65
01:59:36,0 ,0 ,0 ,480 ,5 ,18.67 ,41.15 ,1004.41 ,73.84
01:59:38,0 ,0 ,0 ,480 ,5 ,18.67 ,41.15 ,1004.43 ,73.70
01:59:39,0 ,0 ,0 ,480 ,5 ,18.67 ,41.15 ,1004.40 ,73.97
01:59:40,0 ,0 ,0 ,480 ,5 ,18.67 ,41.17 ,1004.44 ,73.64
01:59:41,0 ,0 ,0 ,480 ,5 ,18.67 ,41.13 ,1004.44 ,73.62
01:59:42,0 ,0 ,0 ,480 ,5 ,18.67 ,41.14 ,1004.44 ,73.59
01:59:43,0 ,0 ,0 ,480 ,5 ,18.67 ,41.15 ,1004.43 ,73.70
01:59:45,0 ,0 ,0 ,480 ,5 ,18.67 ,41.15 ,1004.45 ,73.56
01:59:46,0 ,0 ,0 ,480 ,5 ,18.67 ,41.15 ,1004.44 ,73.63
01:59:47,0 ,0 ,0 ,480 ,5 ,18.67 ,41.14 ,1004.45 ,73.51
01:59:48,0 ,0 ,0 ,480 ,5 ,18.67 ,41.12 ,1004.47 ,73.39
01:59:49,0 ,0 ,0 ,480 ,5 ,18.66 ,41.13 ,1004.43 ,73.65
01:59:50,0 ,0 ,0 ,480 ,5 ,18.67 ,41.13 ,1004.45 ,73.51
01:59:52,0 ,0 ,0 ,481 ,5 ,18.67 ,41.16 ,1004.41 ,73.84
01:59:53,0 ,0 ,0 ,480 ,5 ,18.67 ,41.15 ,1004.44 ,73.60
01:59:54,0 ,0 ,0 ,480 ,5 ,18.66 ,41.15 ,1004.41 ,73.82
01:59:55,0 ,0 ,0 ,480 ,5 ,18.67 ,41.16 ,1004.45 ,73.56
01:59:56,0 ,0 ,0 ,480 ,5 ,18.66 ,41.15 ,1004.40 ,73.93
01:59:57,0 ,0 ,0 ,481 ,5 ,18.67 ,41.15 ,1004.44 ,73.63
01:59:59,0 ,0 ,0 ,481 ,5 ,18.67 ,41.15 ,1004.42 ,73.76
02:00:00,0 ,0 ,0 ,481 ,5 ,18.66 ,41.15 ,1004.43 ,73.70
02:00:01,0 ,0 ,0 ,481 ,5 ,18.67 ,41.16 ,1004.43 ,73.67
02:00:02,0 ,0 ,0 ,481 ,5 ,18.67 ,41.15 ,1004.45 ,73.55
02:00:03,0 ,0 ,0 ,481 ,5 ,18.66 ,41.16 ,1004.43 ,73.72
02:00:04,0 ,0 ,0 ,481 ,5 ,18.67 ,41.08 ,1004.43 ,73.76
02:00:06,0 ,0 ,0 ,481 ,5 ,18.66 ,41.13 ,1004.47 ,73.40
02:00:07,0 ,0 ,0 ,481 ,5 ,18.66 ,41.16 ,1004.45 ,73.52
02:00:08,0 ,0 ,0 ,481 ,5 ,18.66 ,41.16 ,1004.43 ,73.69
02:00:09,0 ,0 ,0 ,481 ,5 ,18.65 ,41.15 ,1004.40 ,73.92
02:00:10,0 ,0 ,0 ,481 ,5 ,18.66 ,41.16 ,1004.44 ,73.65
02:00:11,0 ,0 ,0 ,481 ,5 ,18.65 ,41.16 ,1004.45 ,73.54
02:00:13,0 ,0 ,0 ,481 ,5 ,18.66 ,41.16 ,1004.47 ,73.40
02:00:14,0 ,0 ,0 ,481 ,5 ,18.66 ,41.17 ,1004.42 ,73.74
02:00:15,0 ,0 ,0 ,481 ,5 ,18.66 ,41.17 ,1004.44 ,73.62
02:00:16,0 ,0 ,0 ,481 ,5 ,18.66 ,41.17 ,1004.44 ,73.60
02:00:17,0 ,0 ,0 ,481 ,5 ,18.65 ,41.18 ,1004.45 ,73.56
02:00:18,0 ,0 ,0 ,480 ,5 ,18.66 ,41.17 ,1004.46 ,73.43
02:00:20,0 ,0 ,0 ,480 ,5 ,18.66 ,41.18 ,1004.42 ,73.81
02:00:21,0 ,0 ,0 ,480 ,5 ,18.66 ,41.17 ,1004.46 ,73.43
02:00:22,0 ,0 ,0 ,481 ,5 ,18.66 ,41.16 ,1004.44 ,73.61
02:00:23,0 ,0 ,0 ,480 ,5 ,18.66 ,41.17 ,1004.47 ,73.36
02:00:24,0 ,0 ,0 ,481 ,5 ,18.66 ,41.16 ,1004.44 ,73.64
02:00:25,0 ,0 ,0 ,480 ,5 ,18.65 ,41.17 ,1004.46 ,73.48
02:00:27,0 ,0 ,0 ,480 ,5 ,18.65 ,41.18 ,1004.45 ,73.53
02:00:28,0 ,0 ,0 ,481 ,5 ,18.66 ,41.18 ,1004.44 ,73.59
02:00:29,0 ,0 ,0 ,481 ,5 ,18.65 ,41.18 ,1004.42 ,73.75
02:00:30,0 ,0 ,0 ,481 ,5 ,18.65 ,41.20 ,1004.44 ,73.63
02:00:31,0 ,0 ,0 ,481 ,5 ,18.65 ,41.20 ,1004.42 ,73.78
02:00:32,0 ,0 ,0 ,481 ,5 ,18.65 ,41.20 ,1004.43 ,73.67
02:00:34,0 ,0 ,0 ,481 ,5 ,18.65 ,41.16 ,1004.43 ,73.67
02:00:35,0 ,0 ,0 ,481 ,5 ,18.65 ,41.17 ,1004.43 ,73.70
02:00:36,0 ,0 ,0 ,481 ,5 ,18.64 ,41.19 ,1004.42 ,73.75
02:00:37,0 ,0 ,0 ,481 ,5 ,18.65 ,41.20 ,1004.41 ,73.82
02:00:38,0 ,0 ,0 ,481 ,5 ,18.64 ,41.18 ,1004.44 ,73.63
02:00:39,0 ,0 ,0 ,481 ,5 ,18.65 ,41.18 ,1004.42 ,73.74
02:00:41,0 ,0 ,0 ,481 ,5 ,18.64 ,41.18 ,1004.42 ,73.77
02:00:42,0 ,0 ,0 ,481 ,5 ,18.65 ,41.19 ,1004.45 ,73.56
02:00:43,0 ,0 ,0 ,481 ,5 ,18.65 ,41.19 ,1004.44 ,73.58
02:00:44,0 ,0 ,0 ,481 ,5 ,18.64 ,41.19 ,1004.45 ,73.55
02:00:45,0 ,0 ,0 ,481 ,5 ,18.64 ,41.20 ,1004.44 ,73.57
02:00:46,0 ,0 ,0 ,481 ,5 ,18.65 ,41.19 ,1004.42 ,73.78
02:00:48,0 ,0 ,0 ,481 ,5 ,18.65 ,41.19 ,1004.44 ,73.57
02:01:49,0 ,0 ,0 ,481 ,5 ,18.67 ,41.37 ,1004.43 ,73.68
02:01:50,0 ,0 ,0 ,481 ,5 ,18.67 ,41.40 ,1004.41 ,73.82
02:01:51,0 ,0 ,0 ,481 ,5 ,18.67 ,41.38 ,1004.42 ,73.82
02:01:52,0 ,0 ,0 ,481 ,5 ,18.67 ,41.39 ,1004.45 ,73.54
02:01:53,0 ,0 ,0 ,480 ,5 ,18.68 ,41.44 ,1004.42 ,73.75
02:01:55,0 ,0 ,0 ,481 ,5 ,18.67 ,41.45 ,1004.45 ,73.54
02:01:56,0 ,0 ,0 ,481 ,5 ,18.67 ,41.38 ,1004.43 ,73.70
02:01:57,0 ,0 ,0 ,481 ,5 ,18.67 ,41.32 ,1004.44 ,73.60
02:01:58,0 ,0 ,0 ,481 ,5 ,18.67 ,41.29 ,1004.44 ,73.61
02:01:59,0 ,0 ,0 ,481 ,5 ,18.68 ,41.27 ,1004.47 ,73.39
02:02:00,0 ,0 ,0 ,482 ,5 ,18.68 ,41.24 ,1004.42 ,73.76
02:02:02,0 ,0 ,0 ,482 ,5 ,18.67 ,41.21 ,1004.42 ,73.75
02:02:03,0 ,0 ,0 ,481 ,5 ,18.68 ,41.18 ,1004.44 ,73.59
02:02:04,0 ,0 ,0 ,482 ,5 ,18.67 ,41.20 ,1004.44 ,73.59
02:02:05,0 ,0 ,0 ,481 ,5 ,18.67 ,41.17 ,1004.45 ,73.55
02:02:06,0 ,0 ,0 ,482 ,5 ,18.68 ,41.16 ,1004.40 ,73.92
02:02:07,0 ,0 ,0 ,482 ,5 ,18.68 ,41.15 ,1004.37 ,74.22
02:02:09,0 ,0 ,0 ,482 ,5 ,18.68 ,41.15 ,1004.40 ,73.96
02:02:10,0 ,0 ,0 ,482 ,5 ,18.68 ,41.13 ,1004.42 ,73.80
02:02:11,0 ,0 ,0 ,482 ,5 ,18.68 ,41.10 ,1004.41 ,73.87
02:02:12,0 ,0 ,0 ,482 ,5 ,18.68 ,41.08 ,1004.42 ,73.75
02:02:13,0 ,0 ,0 ,482 ,5 ,18.69 ,41.07 ,1004.44 ,73.60
02:02:14,0 ,0 ,0 ,482 ,5 ,18.68 ,41.08 ,1004.45 ,73.55
02:02:16,0 ,0 ,0 ,482 ,5 ,18.69 ,41.06 ,1004.41 ,73.84
02:02:17,0 ,0 ,0 ,483 ,5 ,18.68 ,41.06 ,1004.40 ,73.96
02:02:18,0 ,0 ,0 ,482 ,5 ,18.69 ,41.04 ,1004.42 ,73.74
02:02:19,0 ,0 ,0 ,483 ,5 ,18.69 ,41.03 ,1004.45 ,73.54
02:02:20,0 ,0 ,0 ,483 ,5 ,18.69 ,41.02 ,1004.42 ,73.74
02:02:21,0 ,0 ,0 ,483 ,5 ,18.69 ,41.01 ,1004.44 ,73.64
02:02:23,0 ,0 ,0 ,483 ,5 ,18.69 ,41.02 ,1004.41 ,73.87
02:02:24,0 ,0 ,0 ,483 ,5 ,18.70 ,41.01 ,1004.43 ,73.65
02:02:25,0 ,0 ,0 ,484 ,5 ,18.69 ,41.01 ,1004.41 ,73.84
02:02:26,0 ,0 ,0 ,484 ,5 ,18.70 ,41.03 ,1004.46 ,73.45
02:02:27,0 ,0 ,0 ,484 ,5 ,18.70 ,41.00 ,1004.41 ,73.84
02:02:28,0 ,0 ,0 ,484 ,5 ,18.70 ,41.01 ,1004.44 ,73.58
02:02:30,0 ,0 ,0 ,484 ,5 ,18.70 ,41.01 ,1004.45 ,73.54
02:02:31,0 ,0 ,0 ,484 ,5 ,18.70 ,41.00 ,1004.39 ,74.05
02:02:32,0 ,0 ,0 ,484 ,5 ,18.70 ,41.00 ,1004.41 ,73.89
02:02:33,0 ,0 ,0 ,484 ,5 ,18.71 ,41.00 ,1004.44 ,73.59
02:02:34,0 ,0 ,0 ,484 ,5 ,18.71 ,40.99 ,1004.46 ,73.45
02:02:35,0 ,0 ,0 ,484 ,5 ,18.72 ,41.00 ,1004.44 ,73.65
02:02:37,0 ,0 ,0 ,484 ,5 ,18.71 ,40.97 ,1004.41 ,73.89
02:02:38,0 ,0 ,0 ,484 ,5 ,18.71 ,41.01 ,1004.45 ,73.50
02:02:39,0 ,0 ,0 ,485 ,5 ,18.71 ,40.99 ,1004.45 ,73.51
02:02:40,0 ,0 ,0 ,484 ,5 ,18.71 ,40.98 ,1004.44 ,73.60
02:02:41,0 ,0 ,0 ,485 ,5 ,18.71 ,40.97 ,1004.41 ,73.86
02:02:42,0 ,0 ,0 ,485 ,5 ,18.72 ,40.98 ,1004.44 ,73.65
02:02:44,0 ,0 ,0 ,485 ,5 ,18.72 ,40.94 ,1004.42 ,73.74
02:02:45,0 ,0 ,0 ,485 ,5 ,18.71 ,40.85 ,1004.42 ,73.74
02:02:46,0 ,0 ,0 ,485 ,5 ,18.71 ,40.82 ,1004.46 ,73.46
02:02:47,0 ,0 ,0 ,485 ,5 ,18.71 ,40.81 ,1004.45 ,73.54
02:02:48,0 ,0 ,0 ,485 ,5 ,18.70 ,40.78 ,1004.42 ,73.78
02:02:49,0 ,0 ,0 ,486 ,5 ,18.71 ,40.74 ,1004.45 ,73.57
02:02:51,0 ,0 ,0 ,486 ,5 ,18.71 ,40.74 ,1004.46 ,73.47
02:02:52,0 ,0 ,0 ,486 ,5 ,18.72 ,40.74 ,1004.47 ,73.40
02:02:53,0 ,0 ,0 ,486 ,5 ,18.71 ,40.74 ,1004.46 ,73.47
02:02:54,0 ,0 ,0 ,486 ,5 ,18.71 ,40.74 ,1004.46 ,73.44
02:02:55,0 ,0 ,0 ,486 ,5 ,18.71 ,40.74 ,1004.45 ,73.55
02:02:56,0 ,0 ,0 ,486 ,5 ,18.71 ,40.75 ,1004.44 ,73.59
02:02:58,0 ,0 ,0 ,486 ,5 ,18.70 ,40.77 ,1004.44 ,73.60
02:02:59,0 ,0 ,0 ,486 ,5 ,18.71 ,40.78 ,1004.42 ,73.74
02:03:00,0 ,0 ,0 ,486 ,5 ,18.71 ,40.76 ,1004.44 ,73.59
02:03:01,0 ,0 ,0 ,486 ,5 ,18.71 ,40.76 ,1004.47 ,73.33
02:03:02,0 ,0 ,0 ,486 ,5 ,18.71 ,40.76 ,1004.44 ,73.57
02:03:03,0 ,0 ,0 ,486 ,5 ,18.71 ,40.75 ,1004.43 ,73.65
02:03:05,0 ,0 ,0 ,486 ,5 ,18.71 ,40.78 ,1004.45 ,73.55
02:03:06,0 ,0 ,0 ,486 ,5 ,18.71 ,40.74 ,1004.41 ,73.82
02:03:07,0 ,0 ,0 ,486 ,5 ,18.71 ,40.75 ,1004.46 ,73.47
02:03:08,0 ,0 ,0 ,486 ,5 ,18.70 ,40.75 ,1004.47 ,73.35
02:03:09,0 ,0 ,0 ,486 ,5 ,18.71 ,40.75 ,1004.48 ,73.27
02:03:10,0 ,0 ,0 ,485 ,5 ,18.71 ,40.75 ,1004.46 ,73.45
02:03:12,0 ,0 ,0 ,486 ,5 ,18.71 ,40.75 ,1004.44 ,73.62
02:03:13,0 ,0 ,0 ,486 ,5 ,18.70 ,40.74 ,1004.45 ,73.50
02:03:14,0 ,0 ,0 ,486 ,5 ,18.70 ,40.72 ,1004.44 ,73.63
02:03:15,0 ,0 ,0 ,486 ,5 ,18.70 ,40.71 ,1004.46 ,73.46
02:03:16,0 ,0 ,0 ,486 ,5 ,18.69 ,40.72 ,1004.40 ,73.92
02:03:17,0 ,0 ,0 ,485 ,5 ,18.70 ,40.72 ,1004.44 ,73.60
02:03:19,0 ,0 ,0 ,486 ,5 ,18.70 ,40.72 ,1004.43 ,73.72
02:03:20,0 ,0 ,0 ,486 ,5 ,18.71 ,40.72 ,1004.44 ,73.59
02:03:21,0 ,0 ,0 ,485 ,5 ,18.70 ,40.71 ,1004.43 ,73.73
02:03:22,0 ,0 ,0 ,485 ,5 ,18.70 ,40.74 ,1004.43 ,73.72
02:03:23,0 ,0 ,0 ,485 ,5 ,18.71 ,40.74 ,1004.45 ,73.56
02:03:24,0 ,0 ,0 ,485 ,5 ,18.71 ,40.74 ,1004.44 ,73.58
02:03:26,0 ,0 ,0 ,486 ,5 ,18.71 ,40.72 ,1004.43 ,73.70
02:03:27,0 ,0 ,0 ,485 ,5 ,18.71 ,40.71 ,1004.42 ,73.74
02:03:28,0 ,0 ,0 ,486 ,5 ,18.71 ,40.72 ,1004.43 ,73.67
02:03:29,0 ,0 ,0 ,486 ,5 ,18.71 ,40.71 ,1004.46 ,73.46
02:03:30,0 ,0 ,0 ,486 ,5 ,18.71 ,40.70 ,1004.44 ,73.62
02:03:32,0 ,0 ,0 ,486 ,5 ,18.71 ,40.71 ,1004.45 ,73.56
02:03:33,0 ,0 ,0 ,486 ,5 ,18.71 ,40.70 ,1004.43 ,73.66
02:03:34,0 ,0 ,0 ,486 ,5 ,18.72 ,40.72 ,1004.44 ,73.63
02:03:35,0 ,0 ,0 ,486 ,5 ,18.72 ,40.71 ,1004.45 ,73.53
02:03:36,0 ,0 ,0 ,486 ,5 ,18.73 ,40.70 ,1004.46 ,73.41
02:03:37,0 ,0 ,0 ,486 ,5 ,18.73 ,40.70 ,1004.44 ,73.65
02:03:38,0 ,0 ,0 ,486 ,5 ,18.72 ,40.69 ,1004.46 ,73.41
02:03:40,0 ,0 ,0 ,486 ,5 ,18.71 ,40.67 ,1004.44 ,73.62
02:03:41,0 ,0 ,0 ,487 ,5 ,18.72 ,40.64 ,1004.45 ,73.51
02:03:42,0 ,0 ,0 ,487 ,5 ,18.72 ,40.62 ,1004.46 ,73.44
02:03:43,0 ,0 ,0 ,487 ,5 ,18.71 ,40.60 ,1004.45 ,73.50
02:03:44,0 ,0 ,0 ,487 ,5 ,18.72 ,40.60 ,1004.44 ,73.60
02:03:45,0 ,0 ,0 ,487 ,5 ,18.72 ,40.55 ,1004.46 ,73.46
02:04:47,0 ,0 ,0 ,480 ,5 ,18.70 ,40.31 ,1004.49 ,73.17
02:04:48,0 ,0 ,0 ,480 ,5 ,18.70 ,40.34 ,1004.48 ,73.24
02:04:49,0 ,0 ,0 ,480 ,5 ,18.71 ,40.34 ,1004.49 ,73.23
02:04:50,0 ,0 ,0 ,480 ,5 ,18.70 ,40.38 ,1004.50 ,73.14
02:04:51,0 ,0 ,0 ,480 ,5 ,18.70 ,40.38 ,1004.50 ,73.14
02:04:52,0 ,0 ,0 ,480 ,5 ,18.70 ,40.40 ,1004.49 ,73.22
02:04:54,0 ,0 ,0 ,480 ,5 ,18.70 ,40.38 ,1004.49 ,73.19
02:04:55,0 ,0 ,0 ,480 ,5 ,18.71 ,40.39 ,1004.51 ,73.02
02:04:56,0 ,0 ,0 ,480 ,5 ,18.70 ,40.39 ,1004.49 ,73.15
02:04:57,0 ,0 ,0 ,480 ,5 ,18.71 ,40.40 ,1004.53 ,72.89
02:04:58,0 ,0 ,0 ,480 ,5 ,18.70 ,40.40 ,1004.49 ,73.17
02:05:00,0 ,0 ,0 ,479 ,5 ,18.70 ,40.39 ,1004.48 ,73.24
02:05:01,0 ,0 ,0 ,480 ,5 ,18.71 ,40.41 ,1004.51 ,73.04
02:05:02,0 ,0 ,0 ,480 ,5 ,18.70 ,40.40 ,1004.52 ,72.98
02:05:03,0 ,0 ,0 ,480 ,5 ,18.71 ,40.40 ,1004.50 ,73.08
02:05:04,0 ,0 ,0 ,480 ,5 ,18.71 ,40.44 ,1004.51 ,73.01
02:05:05,0 ,0 ,0 ,480 ,5 ,18.70 ,40.46 ,1004.46 ,73.42
02:05:07,0 ,0 ,0 ,480 ,5 ,18.71 ,40.45 ,1004.51 ,73.03
02:05:08,0 ,0 ,0 ,480 ,5 ,18.70 ,40.41 ,1004.49 ,73.18
02:05:09,0 ,0 ,0 ,480 ,5 ,18.70 ,40.41 ,1004.48 ,73.29
02:05:10,0 ,0 ,0 ,480 ,5 ,18.70 ,40.40 ,1004.49 ,73.23
02:05:11,0 ,0 ,0 ,480 ,5 ,18.69 ,40.41 ,1004.46 ,73.41
02:05:12,0 ,0 ,0 ,480 ,5 ,18.70 ,40.41 ,1004.49 ,73.22
02:05:14,0 ,0 ,0 ,480 ,5 ,18.70 ,40.41 ,1004.50 ,73.07
02:05:15,0 ,0 ,0 ,480 ,5 ,18.70 ,40.39 ,1004.50 ,73.07
02:05:16,0 ,0 ,0 ,480 ,5 ,18.69 ,40.40 ,1004.49 ,73.17
02:05:17,0 ,0 ,0 ,480 ,5 ,18.70 ,40.39 ,1004.47 ,73.36
02:05:18,0 ,0 ,0 ,480 ,5 ,18.70 ,40.39 ,1004.49 ,73.15
02:05:19,0 ,0 ,0 ,480 ,5 ,18.70 ,40.38 ,1004.51 ,73.02
02:05:21,0 ,0 ,0 ,480 ,5 ,18.70 ,40.36 ,1004.49 ,73.16
02:05:22,0 ,0 ,0 ,480 ,5 ,18.70 ,40.34 ,1004.51 ,73.03
02:05:23,0 ,0 ,0 ,480 ,5 ,18.71 ,40.30 ,1004.53 ,72.88
02:05:24,0 ,0 ,0 ,480 ,5 ,18.71 ,40.28 ,1004.50 ,73.09
02:05:25,0 ,0 ,0 ,480 ,5 ,18.70 ,40.27 ,1004.51 ,73.03
02:05:26,0 ,0 ,0 ,480 ,5 ,18.70 ,40.26 ,1004.49 ,73.21
02:05:28,0 ,0 ,0 ,480 ,5 ,18.70 ,40.25 ,1004.49 ,73.19
02:05:29,0 ,0 ,0 ,480 ,5 ,18.70 ,40.24 ,1004.47 ,73.34
02:05:30,0 ,0 ,0 ,480 ,5 ,18.70 ,40.21 ,1004.50 ,73.13
02:05:31,0 ,0 ,0 ,480 ,5 ,18.70 ,40.21 ,1004.53 ,72.88
02:05:32,0 ,0 ,0 ,480 ,5 ,18.70 ,40.19 ,1004.52 ,72.97
02:05:33,0 ,0 ,0 ,480 ,5 ,18.71 ,40.22 ,1004.47 ,73.35
02:05:35,0 ,0 ,0 ,480 ,5 ,18.71 ,40.21 ,1004.50 ,73.11
02:05:36,0 ,0 ,0 ,480 ,5 ,18.71 ,40.21 ,1004.48 ,73.24
02:05:37,0 ,0 ,0 ,480 ,5 ,18.71 ,40.23 ,1004.51 ,73.06
02:05:38,0 ,0 ,0 ,480 ,5 ,18.71 ,40.22 ,1004.47 ,73.32
02:05:39,0 ,0 ,0 ,480 ,5 ,18.71 ,40.22 ,1004.51 ,73.03
02:05:40,0 ,0 ,0 ,480 ,5 ,18.71 ,40.23 ,1004.48 ,73.26
02:05:42,0 ,0 ,0 ,479 ,5 ,18.71 ,40.24 ,1004.51 ,73.01
02:05:43,0 ,0 ,0 ,479 ,5 ,18.71 ,40.23 ,1004.57 ,72.53
02:05:44,0 ,0 ,0 ,479 ,5 ,18.71 ,40.23 ,1004.54 ,72.79
02:05:45,0 ,0 ,0 ,479 ,5 ,18.71 ,40.25 ,1004.54 ,72.78
02:05:46,0 ,0 ,0 ,479 ,5 ,18.71 ,40.24 ,1004.51 ,73.04
02:05:47,0 ,0 ,0 ,479 ,5 ,18.71 ,40.19 ,1004.52 ,72.92
02:05:49,0 ,0 ,0 ,479 ,5 ,18.71 ,40.16 ,1004.52 ,72.96
02:05:50,0 ,0 ,0 ,479 ,5 ,18.71 ,40.14 ,1004.50 ,73.14
02:05:51,0 ,0 ,0 ,478 ,5 ,18.72 ,40.16 ,1004.55 ,72.69
02:05:52,0 ,0 ,0 ,478 ,5 ,18.72 ,40.16 ,1004.53 ,72.83
02:05:53,0 ,0 ,0 ,478 ,5 ,18.72 ,40.18 ,1004.53 ,72.82
02:05:54,0 ,0 ,0 ,478 ,5 ,18.71 ,40.21 ,1004.49 ,73.20
02:05:56,0 ,0 ,0 ,478 ,5 ,18.71 ,40.19 ,1004.49 ,73.18
02:05:57,0 ,0 ,0 ,478 ,5 ,18.71 ,40.18 ,1004.55 ,72.72
02:05:58,0 ,0 ,0 ,478 ,5 ,18.72 ,40.17 ,1004.51 ,73.00
02:05:59,0 ,0 ,0 ,478 ,5 ,18.72 ,40.18 ,1004.55 ,72.71
02:06:00,0 ,0 ,0 ,478 ,5 ,18.72 ,40.18 ,1004.51 ,72.98
02:06:01,0 ,0 ,0 ,477 ,5 ,18.72 ,40.16 ,1004.52 ,72.69
02:06:03,0 ,0 ,0 ,477 ,5 ,18.72 ,40.18 ,1004.51 ,73.04
02:06:04,0 ,0 ,0 ,477 ,5 ,18.71 ,40.19 ,1004.50 ,73.10
02:06:05,0 ,0 ,0 ,477 ,5 ,18.72 ,40.17 ,1004.48 ,73.24
02:06:06,0 ,0 ,0 ,477 ,5 ,18.72 ,40.17 ,1004.48 ,73.29
02:06:07,0 ,0 ,0 ,477 ,5 ,18.72 ,40.15 ,1004.49 ,73.23
02:06:08,0 ,0 ,0 ,477 ,5 ,18.72 ,40.11 ,1004.53 ,72.89
02:06:10,0 ,0 ,0 ,477 ,5 ,18.72 ,40.10 ,1004.52 ,72.92
02:06:11,0 ,0 ,0 ,476 ,5 ,18.71 ,40.09 ,1004.53 ,72.87
02:06:12,0 ,0 ,0 ,476 ,5 ,18.72 ,40.09 ,1004.51 ,73.06
02:06:13,0 ,0 ,0 ,476 ,5 ,18.72 ,40.10 ,1004.51 ,73.05
02:06:14,0 ,0 ,0 ,476 ,5 ,18.72 ,40.11 ,1004.52 ,72.93
02:06:15,0 ,0 ,0 ,476 ,5 ,18.72 ,40.10 ,1004.51 ,73.03
02:06:17,0 ,0 ,0 ,476 ,5 ,18.72 ,40.08 ,1004.55 ,72.69
02:06:18,0 ,0 ,0 ,476 ,5 ,18.72 ,40.09 ,1004.53 ,72.87
02:06:19,0 ,0 ,0 ,476 ,5 ,18.72 ,40.09 ,1004.53 ,72.83
02:06:20,0 ,0 ,0 ,476 ,5 ,18.72 ,40.08 ,1004.51 ,73.05
02:06:21,0 ,0 ,0 ,476 ,5 ,18.71 ,40.09 ,1004.52 ,72.94
02:06:22,0 ,0 ,0 ,475 ,5 ,18.71 ,40.10 ,1004.52 ,72.94
02:06:24,0 ,0 ,0 ,475 ,5 ,18.72 ,40.09 ,1004.54 ,72.81
02:06:25,0 ,0 ,0 ,475 ,5 ,18.72 ,40.08 ,1004.51 ,73.01
02:06:26,0 ,0 ,0 ,475 ,5 ,18.72 ,40.08 ,1004.53 ,72.83
02:06:27,0 ,0 ,0 ,475 ,5 ,18.71 ,40.08 ,1004.49 ,73.21
02:06:28,0 ,0 ,0 ,475 ,5 ,18.71 ,40.14 ,1004.53 ,72.87
02:06:29,0 ,0 ,0 ,475 ,5 ,18.70 ,40.09 ,1004.53 ,72.89
02:06:31,0 ,0 ,0 ,475 ,5 ,18.71 ,40.12 ,1004.52 ,72.91
02:06:32,0 ,0 ,0 ,475 ,5 ,18.71 ,40.10 ,1004.55 ,72.70
02:06:33,0 ,0 ,0 ,474 ,5 ,18.71 ,40.10 ,1004.55 ,72.72
02:06:34,0 ,0 ,0 ,474 ,5 ,18.71 ,40.14 ,1004.52 ,72.94
02:06:35,0 ,0 ,0 ,474 ,5 ,18.71 ,40.12 ,1004.53 ,72.89
02:06:36,0 ,0 ,0 ,474 ,5 ,18.72 ,40.12 ,1004.53 ,72.87
02:06:38,0 ,0 ,0 ,473 ,5 ,18.71 ,40.15 ,1004.52 ,72.96
02:06:39,0 ,0 ,0 ,473 ,5 ,18.71 ,40.12 ,1004.53 ,72.88
02:06:40,0 ,0 ,0 ,473 ,5 ,18.71 ,40.11 ,1004.55 ,72.72
02:06:41,0 ,0 ,0 ,473 ,5 ,18.71 ,40.15 ,1004.51 ,72.99
02:06:42,0 ,0 ,0 ,473 ,5 ,18.71 ,40.12 ,1004.52 ,72.95
02:06:43,0 ,0 ,0 ,473 ,5 ,18.71 ,40.15 ,1004.52 ,72.96
02:07:45,0 ,0 ,0 ,469 ,5 ,18.71 ,40.16 ,1004.58 ,72.41
02:07:46,0 ,0 ,0 ,470 ,5 ,18.71 ,40.18 ,1004.59 ,72.39
02:07:47,0 ,0 ,0 ,470 ,5 ,18.71 ,40.16 ,1004.54 ,72.80
02:07:48,0 ,0 ,0 ,470 ,5 ,18.70 ,40.17 ,1004.55 ,72.67
02:07:49,0 ,0 ,0 ,470 ,5 ,18.71 ,40.17 ,1004.57 ,72.55
02:07:50,0 ,0 ,0 ,470 ,5 ,18.70 ,40.18 ,1004.54 ,72.76
02:07:52,0 ,0 ,0 ,470 ,5 ,18.70 ,40.17 ,1004.53 ,72.86
02:07:53,0 ,0 ,0 ,470 ,5 ,18.71 ,40.18 ,1004.57 ,72.51
02:07:54,0 ,0 ,0 ,470 ,5 ,18.71 ,40.19 ,1004.57 ,72.55
02:07:55,0 ,0 ,0 ,470 ,5 ,18.71 ,40.21 ,1004.59 ,72.36
02:07:56,0 ,0 ,0 ,470 ,5 ,18.71 ,40.19 ,1004.54 ,72.76
02:07:57,0 ,0 ,0 ,470 ,5 ,18.71 ,40.17 ,1004.52 ,72.93
02:07:59,0 ,0 ,0 ,470 ,5 ,18.71 ,40.21 ,1004.56 ,72.61
02:08:00,0 ,0 ,0 ,470 ,5 ,18.71 ,40.21 ,1004.56 ,72.63
02:08:01,0 ,0 ,0 ,470 ,5 ,18.70 ,40.21 ,1004.55 ,72.70
02:08:02,0 ,0 ,0 ,470 ,5 ,18.71 ,40.19 ,1004.57 ,72.55
02:08:03,0 ,0 ,0 ,470 ,5 ,18.71 ,40.22 ,1004.54 ,72.74
02:08:04,0 ,0 ,0 ,470 ,5 ,18.71 ,40.19 ,1004.57 ,72.54
02:08:06,0 ,0 ,0 ,470 ,5 ,18.71 ,40.18 ,1004.55 ,72.68
02:08:07,0 ,0 ,0 ,470 ,5 ,18.71 ,40.19 ,1004.55 ,72.71
02:08:08,0 ,0 ,0 ,470 ,5 ,18.71 ,40.18 ,1004.54 ,72.80
02:08:09,0 ,0 ,0 ,470 ,5 ,18.71 ,40.18 ,1004.56 ,72.63
02:08:10,0 ,0 ,0 ,470 ,5 ,18.71 ,40.19 ,1004.53 ,72.86
02:08:11,0 ,0 ,0 ,470 ,5 ,18.72 ,40.18 ,1004.55 ,72.70
02:08:13,0 ,0 ,0 ,470 ,5 ,18.71 ,40.19 ,1004.52 ,72.98
02:08:14,0 ,0 ,0 ,470 ,5 ,18.71 ,40.18 ,1004.52 ,72.94
02:08:15,0 ,0 ,0 ,470 ,5 ,18.72 ,40.19 ,1004.55 ,72.73
02:08:16,0 ,0 ,0 ,470 ,5 ,18.72 ,40.19 ,1004.55 ,72.68
02:08:17,0 ,0 ,0 ,470 ,5 ,18.71 ,40.21 ,1004.53 ,72.85
02:08:18,0 ,0 ,0 ,470 ,5 ,18.71 ,40.21 ,1004.54 ,72.78
02:08:20,0 ,0 ,0 ,470 ,5 ,18.71 ,40.25 ,1004.55 ,72.66
02:08:21,0 ,0 ,0 ,471 ,5 ,18.71 ,40.24 ,1004.55 ,72.68
02:08:22,0 ,0 ,0 ,471 ,5 ,18.72 ,40.22 ,1004.55 ,72.68
02:08:23,0 ,0 ,0 ,471 ,5 ,18.71 ,40.21 ,1004.52 ,72.92
02:08:24,0 ,0 ,0 ,471 ,5 ,18.71 ,40.19 ,1004.52 ,72.91
02:08:25,0 ,0 ,0 ,471 ,5 ,18.70 ,40.19 ,1004.52 ,72.93
02:08:27,0 ,0 ,0 ,471 ,5 ,18.71 ,40.19 ,1004.52 ,72.93
02:08:28,0 ,0 ,0 ,471 ,5 ,18.71 ,40.19 ,1004.54 ,72.81
02:08:29,0 ,0 ,0 ,471 ,5 ,18.71 ,40.21 ,1004.53 ,72.74
02:08:30,0 ,0 ,0 ,471 ,5 ,18.70 ,40.23 ,1004.55 ,72.69
02:08:31,0 ,0 ,0 ,471 ,5 ,18.71 ,40.25 ,1004.56 ,72.61
02:08:32,0 ,0 ,0 ,471 ,5 ,18.70 ,40.25 ,1004.52 ,72.91
02:08:34,0 ,0 ,0 ,470 ,5 ,18.70 ,40.26 ,1004.52 ,72.95
02:08:35,0 ,0 ,0 ,471 ,5 ,18.71 ,40.26 ,1004.52 ,72.92
02:08:36,0 ,0 ,0 ,470 ,5 ,18.71 ,40.28 ,1004.53 ,72.88
02:08:37,0 ,0 ,0 ,471 ,5 ,18.72 ,40.25 ,1004.57 ,72.51
02:08:38,0 ,0 ,0 ,470 ,5 ,18.72 ,40.25 ,1004.54 ,72.80
02:08:39,0 ,0 ,0 ,470 ,5 ,18.71 ,40.24 ,1004.51 ,72.99
02:08:41,0 ,0 ,0 ,470 ,5 ,18.72 ,40.23 ,1004.56 ,72.61
02:08:42,0 ,0 ,0 ,470 ,5 ,18.71 ,40.24 ,1004.54 ,72.78
02:08:43,0 ,0 ,0 ,470 ,5 ,18.71 ,40.25 ,1004.54 ,72.80
02:08:44,0 ,0 ,0 ,470 ,5 ,18.71 ,40.24 ,1004.57 ,72.48
02:08:45,0 ,0 ,0 ,471 ,5 ,18.72 ,40.25 ,1004.55 ,72.68
02:08:46,0 ,0 ,0 ,470 ,5 ,18.71 ,40.26 ,1004.56 ,72.63
02:08:48,0 ,0 ,0 ,470 ,5 ,18.71 ,40.26 ,1004.54 ,72.73
02:08:49,0 ,0 ,0 ,470 ,5 ,18.72 ,40.26 ,1004.53 ,72.83
02:08:50,0 ,0 ,0 ,471 ,5 ,18.72 ,40.26 ,1004.56 ,72.57
02:08:51,0 ,0 ,0 ,471 ,5 ,18.71 ,40.26 ,1004.54 ,72.73
02:08:52,0 ,0 ,0 ,471 ,5 ,18.72 ,40.23 ,1004.54 ,72.76
02:08:53,0 ,0 ,0 ,471 ,5 ,18.71 ,40.23 ,1004.57 ,72.54
02:08:55,0 ,0 ,0 ,471 ,5 ,18.72 ,40.21 ,1004.56 ,72.84
02:08:56,0 ,0 ,0 ,471 ,5 ,18.71 ,40.24 ,1004.54 ,72.76
02:08:57,0 ,0 ,0 ,471 ,5 ,18.72 ,40.26 ,1004.56 ,72.62
02:08:58,0 ,0 ,0 ,471 ,5 ,18.71 ,40.23 ,1004.55 ,72.71
02:08:59,0 ,0 ,0 ,470 ,5 ,18.71 ,40.24 ,1004.55 ,72.68
02:09:00,0 ,0 ,0 ,471 ,5 ,18.71 ,40.26 ,1004.53 ,72.82
02:09:02,0 ,0 ,0 ,471 ,5 ,18.71 ,40.26 ,1004.54 ,72.74
02:09:03,0 ,0 ,0 ,471 ,5 ,18.71 ,40.28 ,1004.55 ,72.67
02:09:04,0 ,0 ,0 ,471 ,5 ,18.71 ,40.28 ,1004.53 ,72.85
02:09:05,0 ,0 ,0 ,471 ,5 ,18.72 ,40.29 ,1004.56 ,72.63
02:09:06,0 ,0 ,0 ,471 ,5 ,18.71 ,40.24 ,1004.54 ,72.80
02:09:07,0 ,0 ,0 ,471 ,5 ,18.72 ,40.24 ,1004.55 ,72.72
02:09:09,0 ,0 ,0 ,471 ,5 ,18.71 ,40.23 ,1004.54 ,72.75
02:09:10,0 ,0 ,0 ,471 ,5 ,18.71 ,40.24 ,1004.54 ,72.81
02:09:11,0 ,0 ,0 ,471 ,5 ,18.71 ,40.24 ,1004.57 ,72.53
02:09:12,0 ,0 ,0 ,471 ,5 ,18.71 ,40.23 ,1004.57 ,72.54
02:09:13,0 ,0 ,0 ,471 ,5 ,18.72 ,40.21 ,1004.56 ,72.58
02:09:14,0 ,0 ,0 ,471 ,5 ,18.71 ,40.16 ,1004.55 ,72.68
02:09:16,0 ,0 ,0 ,471 ,5 ,18.71 ,40.15 ,1004.54 ,72.74
02:09:17,0 ,0 ,0 ,471 ,5 ,18.71 ,40.12 ,1004.57 ,72.53
02:09:18,0 ,0 ,0 ,471 ,5 ,18.71 ,40.11 ,1004.57 ,72.54
02:09:19,0 ,0 ,0 ,471 ,5 ,18.71 ,40.10 ,1004.55 ,72.71
02:09:20,0 ,0 ,0 ,471 ,5 ,18.71 ,40.10 ,1004.58 ,72.44
02:09:21,0 ,0 ,0 ,471 ,5 ,18.72 ,40.10 ,1004.60 ,72.26
02:09:23,0 ,0 ,0 ,471 ,5 ,18.72 ,40.10 ,1004.59 ,72.34
02:09:24,0 ,0 ,0 ,471 ,5 ,18.72 ,40.12 ,1004.57 ,72.52
02:09:25,0 ,0 ,0 ,471 ,5 ,18.72 ,40.10 ,1004.59 ,72.32
02:09:26,0 ,0 ,0 ,471 ,5 ,18.72 ,40.09 ,1004.60 ,72.26
02:09:27,0 ,0 ,0 ,471 ,5 ,18.71 ,40.11 ,1004.58 ,72.42
02:09:28,0 ,0 ,0 ,471 ,5 ,18.71 ,40.14 ,1004.55 ,72.66
02:09:30,0 ,0 ,0 ,471 ,5 ,18.71 ,40.14 ,1004.56 ,72.58
02:09:31,0 ,0 ,0 ,471 ,5 ,18.71 ,40.15 ,1004.57 ,72.48
02:09:32,0 ,0 ,0 ,471 ,5 ,18.72 ,40.15 ,1004.57 ,72.49
02:09:33,0 ,0 ,0 ,471 ,5 ,18.71 ,40.17 ,1004.52 ,72.91
02:09:34,0 ,0 ,0 ,471 ,5 ,18.72 ,40.16 ,1004.56 ,72.58
02:09:35,0 ,0 ,0 ,471 ,5 ,18.72 ,40.18 ,1004.56 ,72.57
02:09:37,0 ,0 ,0 ,471 ,5 ,18.72 ,40.17 ,1004.57 ,72.50
02:09:38,0 ,0 ,0 ,471 ,5 ,18.72 ,40.19 ,1004.56 ,72.64
02:09:39,0 ,0 ,0 ,471 ,5 ,18.71 ,40.17 ,1004.54 ,72.78
02:09:40,0 ,0 ,0 ,471 ,5 ,18.72 ,40.16 ,1004.56 ,72.61
02:09:41,0 ,0 ,0 ,471 ,5 ,18.72 ,40.16 ,1004.55 ,72.72
02:10:42,0 ,0 ,0 ,469 ,5 ,18.74 ,40.19 ,1004.58 ,72.46
02:10:44,0 ,0 ,0 ,469 ,5 ,18.74 ,40.17 ,1004.60 ,72.24
02:10:45,0 ,0 ,0 ,469 ,5 ,18.74 ,40.17 ,1004.58 ,72.40
02:10:46,0 ,0 ,0 ,469 ,5 ,18.74 ,40.19 ,1004.61 ,72.18
02:10:47,0 ,0 ,0 ,469 ,5 ,18.74 ,40.19 ,1004.59 ,72.35
02:10:48,0 ,0 ,0 ,469 ,5 ,18.73 ,40.19 ,1004.60 ,72.29
02:10:49,0 ,0 ,0 ,469 ,5 ,18.74 ,40.19 ,1004.62 ,72.12
02:10:51,0 ,0 ,0 ,469 ,5 ,18.74 ,40.20 ,1004.59 ,72.33
02:10:52,0 ,0 ,0 ,469 ,5 ,18.74 ,40.17 ,1004.58 ,72.42
02:10:53,0 ,0 ,0 ,469 ,5 ,18.74 ,40.17 ,1004.59 ,72.35
02:10:54,0 ,0 ,0 ,469 ,5 ,18.74 ,40.21 ,1004.58 ,72.46
02:10:55,0 ,0 ,0 ,469 ,5 ,18.74 ,40.17 ,1004.57 ,72.53
02:10:56,0 ,0 ,0 ,469 ,5 ,18.74 ,40.19 ,1004.59 ,72.38
02:10:58,0 ,0 ,0 ,469 ,5 ,18.74 ,40.19 ,1004.54 ,72.76
02:10:59,0 ,0 ,0 ,469 ,5 ,18.74 ,40.17 ,1004.61 ,72.22
02:11:00,0 ,0 ,0 ,469 ,5 ,18.74 ,40.19 ,1004.62 ,72.12
02:11:01,0 ,0 ,0 ,469 ,5 ,18.74 ,40.20 ,1004.59 ,72.37
02:11:02,0 ,0 ,0 ,469 ,5 ,18.74 ,40.19 ,1004.59 ,72.39
02:11:03,0 ,0 ,0 ,469 ,5 ,18.74 ,40.19 ,1004.61 ,72.22
02:11:05,0 ,0 ,0 ,469 ,5 ,18.74 ,40.22 ,1004.58 ,72.47
02:11:06,0 ,0 ,0 ,469 ,5 ,18.73 ,40.20 ,1004.58 ,72.46
02:11:07,0 ,0 ,0 ,469 ,5 ,18.74 ,40.19 ,1004.60 ,72.26
02:11:08,0 ,0 ,0 ,469 ,5 ,18.75 ,40.20 ,1004.60 ,72.24
02:11:09,0 ,0 ,0 ,469 ,5 ,18.74 ,40.20 ,1004.62 ,72.11
02:11:10,0 ,0 ,0 ,469 ,5 ,18.74 ,40.20 ,1004.60 ,72.30
02:11:12,0 ,0 ,0 ,469 ,5 ,18.74 ,40.22 ,1004.59 ,72.17
02:11:13,0 ,0 ,0 ,470 ,5 ,18.74 ,40.21 ,1004.61 ,72.20
02:11:14,0 ,0 ,0 ,470 ,5 ,18.75 ,40.22 ,1004.62 ,72.11
02:11:15,0 ,0 ,0 ,470 ,5 ,18.74 ,40.21 ,1004.57 ,72.50
02:11:16,0 ,0 ,0 ,470 ,5 ,18.75 ,40.23 ,1004.62 ,72.10
02:11:17,0 ,0 ,0 ,470 ,5 ,18.75 ,40.21 ,1004.61 ,72.20
02:11:19,0 ,0 ,0 ,470 ,5 ,18.75 ,40.21 ,1004.61 ,72.22
02:11:20,0 ,0 ,0 ,470 ,5 ,18.74 ,40.21 ,1004.60 ,72.27
02:11:21,0 ,0 ,0 ,470 ,5 ,18.74 ,40.21 ,1004.61 ,72.17
02:11:22,0 ,0 ,0 ,470 ,5 ,18.74 ,40.21 ,1004.61 ,72.20
02:11:23,0 ,0 ,0 ,470 ,5 ,18.74 ,40.21 ,1004.61 ,72.15
02:11:24,0 ,0 ,0 ,470 ,5 ,18.74 ,40.21 ,1004.59 ,72.32
02:11:26,0 ,0 ,0 ,470 ,5 ,18.74 ,40.20 ,1004.64 ,71.96
02:11:27,0 ,0 ,0 ,470 ,5 ,18.74 ,40.19 ,1004.63 ,72.02
02:11:28,0 ,0 ,0 ,470 ,5 ,18.74 ,40.19 ,1004.63 ,72.02
02:11:29,0 ,0 ,0 ,470 ,5 ,18.74 ,40.17 ,1004.59 ,72.36
02:11:30,0 ,0 ,0 ,470 ,5 ,18.74 ,40.16 ,1004.61 ,72.18
02:11:31,0 ,0 ,0 ,470 ,5 ,18.74 ,40.19 ,1004.59 ,72.34
02:11:33,0 ,0 ,0 ,470 ,5 ,18.74 ,40.19 ,1004.63 ,72.01
02:11:34,0 ,0 ,0 ,470 ,5 ,18.73 ,40.18 ,1004.61 ,72.20
02:11:35,0 ,0 ,0 ,470 ,5 ,18.73 ,40.18 ,1004.61 ,72.18
02:11:36,0 ,0 ,0 ,470 ,5 ,18.74 ,40.16 ,1004.63 ,72.17
02:11:37,0 ,0 ,0 ,470 ,5 ,18.73 ,40.17 ,1004.62 ,72.09
02:11:38,0 ,0 ,0 ,470 ,5 ,18.73 ,40.18 ,1004.60 ,72.23
02:11:40,0 ,0 ,0 ,470 ,5 ,18.73 ,40.20 ,1004.60 ,72.25
02:11:41,0 ,0 ,0 ,470 ,5 ,18.73 ,40.20 ,1004.62 ,72.10
02:11:42,0 ,0 ,0 ,470 ,5 ,18.73 ,40.21 ,1004.62 ,72.12
02:11:43,0 ,0 ,0 ,470 ,5 ,18.74 ,40.21 ,1004.64 ,71.94
02:11:44,0 ,0 ,0 ,470 ,5 ,18.74 ,40.22 ,1004.63 ,72.05
02:11:45,0 ,0 ,0 ,470 ,5 ,18.73 ,40.21 ,1004.63 ,72.03
02:11:47,0 ,0 ,0 ,470 ,5 ,18.74 ,40.20 ,1004.64 ,71.94
02:11:48,0 ,0 ,0 ,470 ,5 ,18.74 ,40.19 ,1004.61 ,72.15
02:11:49,0 ,0 ,0 ,471 ,5 ,18.73 ,40.18 ,1004.60 ,72.29
02:11:50,0 ,0 ,0 ,471 ,5 ,18.73 ,40.20 ,1004.57 ,72.53
02:11:51,0 ,0 ,0 ,471 ,5 ,18.73 ,40.20 ,1004.59 ,72.38
02:11:52,0 ,0 ,0 ,471 ,5 ,18.73 ,40.22 ,1004.60 ,72.23
02:11:54,0 ,0 ,0 ,470 ,5 ,18.73 ,40.21 ,1004.59 ,72.34
02:11:55,0 ,0 ,0 ,470 ,5 ,18.73 ,40.23 ,1004.61 ,72.19
02:11:56,0 ,0 ,0 ,471 ,5 ,18.73 ,40.21 ,1004.60 ,72.27
02:11:57,0 ,0 ,0 ,471 ,5 ,18.73 ,40.21 ,1004.59 ,72.33
02:11:58,0 ,0 ,0 ,471 ,5 ,18.73 ,40.23 ,1004.62 ,72.11
02:11:59,0 ,0 ,0 ,471 ,5 ,18.73 ,40.22 ,1004.61 ,72.18
02:12:01,0 ,0 ,0 ,471 ,5 ,18.73 ,40.24 ,1004.62 ,72.12
02:12:02,0 ,0 ,0 ,471 ,5 ,18.73 ,40.22 ,1004.60 ,72.27
02:12:03,0 ,0 ,0 ,471 ,5 ,18.73 ,40.21 ,1004.61 ,72.22
02:12:04,0 ,0 ,0 ,470 ,5 ,18.72 ,40.22 ,1004.61 ,72.18
02:12:05,0 ,0 ,0 ,471 ,5 ,18.73 ,40.22 ,1004.62 ,72.12
02:12:06,0 ,0 ,0 ,471 ,5 ,18.73 ,40.23 ,1004.63 ,72.06
02:12:08,0 ,0 ,0 ,471 ,5 ,18.73 ,40.24 ,1004.60 ,72.23
02:12:09,0 ,0 ,0 ,470 ,5 ,18.73 ,40.25 ,1004.61 ,72.16
02:12:10,0 ,0 ,0 ,470 ,5 ,18.73 ,40.25 ,1004.62 ,72.11
02:12:11,0 ,0 ,0 ,471 ,5 ,18.73 ,40.24 ,1004.61 ,72.21
02:12:12,0 ,0 ,0 ,471 ,5 ,18.73 ,40.22 ,1004.61 ,72.15
02:12:13,0 ,0 ,0 ,471 ,5 ,18.72 ,40.23 ,1004.61 ,72.17
02:12:15,0 ,0 ,0 ,471 ,5 ,18.73 ,40.22 ,1004.63 ,72.06
02:12:16,0 ,0 ,0 ,471 ,5 ,18.73 ,40.22 ,1004.63 ,72.04
02:12:17,0 ,0 ,0 ,471 ,5 ,18.73 ,40.20 ,1004.61 ,72.19
02:12:18,0 ,0 ,0 ,471 ,5 ,18.73 ,40.21 ,1004.62 ,72.06
02:12:19,0 ,0 ,0 ,471 ,5 ,18.73 ,40.21 ,1004.60 ,72.24
02:12:21,0 ,0 ,0 ,471 ,5 ,18.73 ,40.21 ,1004.62 ,72.13
02:12:22,0 ,0 ,0 ,471 ,5 ,18.73 ,40.22 ,1004.60 ,72.24
02:12:23,0 ,0 ,0 ,471 ,5 ,18.72 ,40.23 ,1004.60 ,72.23
02:12:24,0 ,0 ,0 ,471 ,5 ,18.73 ,40.23 ,1004.62 ,72.11
02:12:25,0 ,0 ,0 ,471 ,5 ,18.73 ,40.21 ,1004.57 ,72.54
02:12:26,0 ,0 ,0 ,471 ,5 ,18.72 ,40.22 ,1004.59 ,72.34
02:12:28,0 ,0 ,0 ,471 ,5 ,18.72 ,40.20 ,1004.63 ,71.99
02:12:29,0 ,0 ,0 ,471 ,5 ,18.73 ,40.20 ,1004.61 ,72.20
02:12:30,0 ,0 ,0 ,471 ,5 ,18.73 ,40.22 ,1004.59 ,72.31
02:12:31,0 ,0 ,0 ,471 ,5 ,18.73 ,40.22 ,1004.60 ,72.23
02:12:32,0 ,0 ,0 ,471 ,5 ,18.73 ,40.21 ,1004.60 ,72.23
02:12:33,0 ,0 ,0 ,471 ,5 ,18.74 ,40.21 ,1004.60 ,72.24
02:12:35,0 ,0 ,0 ,471 ,5 ,18.73 ,40.19 ,1004.64 ,71.95
02:12:36,0 ,0 ,0 ,472 ,5 ,18.73 ,40.20 ,1004.63 ,72.03
02:12:37,0 ,0 ,0 ,471 ,5 ,18.73 ,40.18 ,1004.61 ,72.21
02:12:38,0 ,0 ,0 ,471 ,5 ,18.74 ,40.16 ,1004.62 ,72.10
02:12:39,0 ,0 ,0 ,471 ,5 ,18.73 ,40.16 ,1004.60 ,72.29
02:13:40,0 ,0 ,0 ,471 ,5 ,18.74 ,40.17 ,1004.60 ,72.27
02:13:42,0 ,0 ,0 ,471 ,5 ,18.74 ,40.19 ,1004.64 ,71.91
02:13:43,0 ,0 ,0 ,471 ,5 ,18.74 ,40.21 ,1004.63 ,72.02
02:13:44,0 ,0 ,0 ,471 ,5 ,18.74 ,40.22 ,1004.63 ,72.04
02:13:45,0 ,0 ,0 ,471 ,5 ,18.74 ,40.23 ,1004.62 ,72.12
02:13:46,0 ,0 ,0 ,471 ,5 ,18.74 ,40.22 ,1004.62 ,72.07
02:13:47,0 ,0 ,0 ,471 ,5 ,18.73 ,40.23 ,1004.63 ,72.05
02:13:49,0 ,0 ,0 ,471 ,5 ,18.73 ,40.20 ,1004.63 ,72.00
02:13:50,0 ,0 ,0 ,471 ,5 ,18.74 ,40.16 ,1004.64 ,71.91
02:13:51,0 ,0 ,0 ,471 ,5 ,18.73 ,40.17 ,1004.61 ,72.14
02:13:52,0 ,0 ,0 ,471 ,5 ,18.73 ,40.17 ,1004.61 ,72.17
02:13:53,0 ,0 ,0 ,471 ,5 ,18.74 ,40.15 ,1004.64 ,71.97
02:13:54,0 ,0 ,0 ,471 ,5 ,18.73 ,40.15 ,1004.63 ,72.05
02:13:56,0 ,0 ,0 ,471 ,5 ,18.73 ,40.16 ,1004.61 ,72.15
02:13:57,0 ,0 ,0 ,471 ,5 ,18.74 ,40.22 ,1004.65 ,71.88
02:13:58,0 ,0 ,0 ,471 ,5 ,18.73 ,40.15 ,1004.61 ,72.22
02:13:59,0 ,0 ,0 ,471 ,5 ,18.74 ,40.13 ,1004.66 ,71.77
02:14:00,0 ,0 ,0 ,471 ,5 ,18.74 ,40.12 ,1004.62 ,72.08
02:14:01,0 ,0 ,0 ,471 ,5 ,18.74 ,40.12 ,1004.61 ,72.22
02:14:03,0 ,0 ,0 ,471 ,5 ,18.73 ,40.12 ,1004.59 ,72.31
02:14:04,0 ,0 ,0 ,471 ,5 ,18.74 ,40.12 ,1004.62 ,72.07
02:14:05,0 ,0 ,0 ,471 ,5 ,18.73 ,40.12 ,1004.59 ,72.33
02:14:06,0 ,0 ,0 ,470 ,5 ,18.73 ,40.10 ,1004.63 ,71.98
02:14:07,0 ,0 ,0 ,470 ,5 ,18.74 ,40.10 ,1004.64 ,71.94
02:14:08,0 ,0 ,0 ,471 ,5 ,18.74 ,40.12 ,1004.62 ,72.07
02:14:10,0 ,0 ,0 ,470 ,5 ,18.74 ,40.12 ,1004.61 ,72.19
02:14:11,0 ,0 ,0 ,470 ,5 ,18.74 ,40.12 ,1004.60 ,72.29
02:14:12,0 ,0 ,0 ,470 ,5 ,18.73 ,40.10 ,1004.61 ,72.22
02:14:13,0 ,0 ,0 ,470 ,5 ,18.73 ,40.13 ,1004.57 ,72.07
02:14:14,0 ,0 ,0 ,470 ,5 ,18.74 ,40.12 ,1004.62 ,72.10
02:14:15,0 ,0 ,0 ,470 ,5 ,18.73 ,40.13 ,1004.63 ,72.03
02:14:17,0 ,0 ,0 ,470 ,5 ,18.74 ,40.10 ,1004.64 ,71.90
02:14:18,0 ,0 ,0 ,470 ,5 ,18.73 ,40.08 ,1004.65 ,71.88
02:14:19,0 ,0 ,0 ,470 ,5 ,18.74 ,40.09 ,1004.61 ,72.17
02:14:20,0 ,0 ,0 ,470 ,5 ,18.74 ,40.08 ,1004.61 ,72.21
02:14:21,0 ,0 ,0 ,470 ,5 ,18.73 ,40.08 ,1004.62 ,72.08
02:14:22,0 ,0 ,0 ,470 ,5 ,18.74 ,40.10 ,1004.61 ,72.17
02:14:24,0 ,0 ,0 ,470 ,5 ,18.73 ,40.13 ,1004.64 ,71.93
02:14:25,0 ,0 ,0 ,470 ,5 ,18.74 ,40.15 ,1004.64 ,71.89
02:14:26,0 ,0 ,0 ,470 ,5 ,18.74 ,40.14 ,1004.63 ,72.05
02:14:27,0 ,0 ,0 ,470 ,5 ,18.74 ,40.13 ,1004.64 ,71.92
02:14:28,0 ,0 ,0 ,470 ,5 ,18.73 ,40.15 ,1004.64 ,71.95
02:14:29,0 ,0 ,0 ,470 ,5 ,18.72 ,40.11 ,1004.61 ,72.20
02:14:31,0 ,0 ,0 ,470 ,5 ,18.73 ,40.13 ,1004.63 ,72.05
02:14:32,0 ,0 ,0 ,470 ,5 ,18.74 ,40.14 ,1004.61 ,72.21
02:14:33,0 ,0 ,0 ,470 ,5 ,18.73 ,40.12 ,1004.61 ,72.16
02:14:34,0 ,0 ,0 ,470 ,5 ,18.74 ,40.12 ,1004.67 ,71.71
02:14:35,0 ,0 ,0 ,470 ,5 ,18.73 ,40.13 ,1004.60 ,72.23
02:14:36,0 ,0 ,0 ,470 ,5 ,18.73 ,40.13 ,1004.62 ,72.07
02:14:38,0 ,0 ,0 ,470 ,5 ,18.73 ,40.14 ,1004.63 ,72.05
02:14:39,0 ,0 ,0 ,470 ,5 ,18.73 ,40.14 ,1004.60 ,72.26
02:14:40,0 ,0 ,0 ,470 ,5 ,18.73 ,40.15 ,1004.63 ,72.05
02:14:41,0 ,0 ,0 ,470 ,5 ,18.73 ,40.17 ,1004.59 ,72.38
02:14:42,0 ,0 ,0 ,470 ,5 ,18.74 ,40.17 ,1004.65 ,71.85
02:14:43,0 ,0 ,0 ,470 ,5 ,18.74 ,40.12 ,1004.66 ,72.05
02:14:45,0 ,0 ,0 ,470 ,5 ,18.75 ,40.16 ,1004.65 ,71.88
02:14:46,0 ,0 ,0 ,470 ,5 ,18.74 ,40.16 ,1004.66 ,71.78
02:14:47,0 ,0 ,0 ,470 ,5 ,18.74 ,40.17 ,1004.63 ,72.03
02:14:48,0 ,0 ,0 ,470 ,5 ,18.74 ,40.16 ,1004.64 ,71.96
02:14:49,0 ,0 ,0 ,470 ,5 ,18.74 ,40.15 ,1004.65 ,71.83
02:14:50,0 ,0 ,0 ,470 ,5 ,18.74 ,40.14 ,1004.67 ,71.68
02:14:52,0 ,0 ,0 ,470 ,5 ,18.74 ,40.15 ,1004.65 ,71.84
02:14:53,0 ,0 ,0 ,470 ,5 ,18.75 ,40.14 ,1004.63 ,72.01
02:14:54,0 ,0 ,0 ,470 ,5 ,18.74 ,40.13 ,1004.64 ,71.91
02:14:55,0 ,0 ,0 ,470 ,5 ,18.74 ,40.13 ,1004.62 ,72.10
02:14:56,0 ,0 ,0 ,470 ,5 ,18.74 ,40.12 ,1004.62 ,72.09
02:14:57,0 ,0 ,0 ,470 ,5 ,18.75 ,40.13 ,1004.61 ,72.18
02:14:59,0 ,0 ,0 ,470 ,5 ,18.75 ,40.15 ,1004.63 ,72.01
02:15:00,0 ,0 ,0 ,470 ,5 ,18.75 ,40.15 ,1004.65 ,71.88
02:15:01,0 ,0 ,0 ,470 ,5 ,18.74 ,40.14 ,1004.67 ,71.68
02:15:02,0 ,0 ,0 ,470 ,5 ,18.75 ,40.14 ,1004.64 ,71.93
02:15:03,0 ,0 ,0 ,470 ,5 ,18.75 ,40.15 ,1004.64 ,71.95
02:15:04,0 ,0 ,0 ,470 ,5 ,18.75 ,40.16 ,1004.61 ,72.15
02:15:06,0 ,0 ,0 ,470 ,5 ,18.75 ,40.11 ,1004.63 ,71.98
02:15:07,0 ,0 ,0 ,470 ,5 ,18.75 ,40.19 ,1004.64 ,71.89
02:15:08,0 ,0 ,0 ,470 ,5 ,18.75 ,40.16 ,1004.65 ,71.88
02:15:09,0 ,0 ,0 ,470 ,5 ,18.76 ,40.19 ,1004.66 ,71.76
02:15:10,0 ,0 ,0 ,470 ,5 ,18.75 ,40.17 ,1004.63 ,72.04
02:15:11,0 ,0 ,0 ,470 ,5 ,18.75 ,40.16 ,1004.63 ,72.00
02:15:13,0 ,0 ,0 ,470 ,5 ,18.75 ,40.14 ,1004.62 ,72.06
02:15:14,0 ,0 ,0 ,470 ,5 ,18.75 ,40.15 ,1004.63 ,72.05
02:15:15,0 ,0 ,0 ,470 ,5 ,18.76 ,40.15 ,1004.64 ,71.93
02:15:16,0 ,0 ,0 ,470 ,5 ,18.76 ,40.19 ,1004.63 ,71.99
02:15:17,0 ,0 ,0 ,470 ,5 ,18.76 ,40.15 ,1004.65 ,71.82
02:15:18,0 ,0 ,0 ,470 ,5 ,18.76 ,40.19 ,1004.66 ,71.79
02:15:20,0 ,0 ,0 ,470 ,5 ,18.76 ,40.16 ,1004.65 ,71.88
02:15:21,0 ,0 ,0 ,470 ,5 ,18.75 ,40.19 ,1004.62 ,72.06
02:15:22,0 ,0 ,0 ,470 ,5 ,18.74 ,40.16 ,1004.60 ,72.30
02:15:23,0 ,0 ,0 ,470 ,5 ,18.76 ,40.16 ,1004.63 ,72.00
02:15:24,0 ,0 ,0 ,470 ,5 ,18.75 ,40.15 ,1004.62 ,72.08
02:15:25,0 ,0 ,0 ,471 ,5 ,18.76 ,40.12 ,1004.63 ,72.00
02:15:27,0 ,0 ,0 ,470 ,5 ,18.75 ,40.14 ,1004.61 ,72.15
02:15:28,0 ,0 ,0 ,470 ,5 ,18.75 ,40.13 ,1004.62 ,72.09
02:15:29,0 ,0 ,0 ,470 ,5 ,18.76 ,40.13 ,1004.63 ,72.02
02:15:30,0 ,0 ,0 ,471 ,5 ,18.76 ,40.15 ,1004.64 ,71.93
02:15:31,0 ,0 ,0 ,470 ,5 ,18.75 ,40.13 ,1004.65 ,71.85
02:15:32,0 ,0 ,0 ,470 ,5 ,18.76 ,40.13 ,1004.62 ,72.08
02:15:34,0 ,0 ,0 ,471 ,5 ,18.76 ,40.16 ,1004.66 ,71.77
02:15:35,0 ,0 ,0 ,471 ,5 ,18.75 ,40.15 ,1004.63 ,71.99
02:15:36,0 ,0 ,0 ,471 ,5 ,18.76 ,40.14 ,1004.66 ,71.73
02:15:37,0 ,0 ,0 ,471 ,5 ,18.75 ,40.13 ,1004.65 ,71.87
02:16:38,0 ,0 ,0 ,470 ,5 ,18.75 ,40.14 ,1004.65 ,71.83
02:16:39,0 ,0 ,0 ,470 ,5 ,18.76 ,40.15 ,1004.63 ,71.99
02:16:41,0 ,0 ,0 ,470 ,5 ,18.75 ,40.13 ,1004.63 ,72.01
02:16:42,0 ,0 ,0 ,470 ,5 ,18.75 ,40.13 ,1004.61 ,72.15
02:16:43,0 ,0 ,0 ,470 ,5 ,18.75 ,40.13 ,1004.64 ,71.89
02:16:44,0 ,0 ,0 ,470 ,5 ,18.74 ,40.16 ,1004.62 ,72.10
02:16:45,0 ,0 ,0 ,470 ,5 ,18.74 ,40.16 ,1004.61 ,72.15
02:16:46,0 ,0 ,0 ,470 ,5 ,18.74 ,40.16 ,1004.62 ,72.10
02:16:48,0 ,0 ,0 ,470 ,5 ,18.75 ,40.17 ,1004.65 ,71.86
02:16:49,0 ,0 ,0 ,470 ,5 ,18.75 ,40.17 ,1004.62 ,72.08
02:16:50,0 ,0 ,0 ,470 ,5 ,18.74 ,40.16 ,1004.62 ,72.07
02:16:51,0 ,0 ,0 ,470 ,5 ,18.75 ,40.15 ,1004.62 ,72.10
02:16:52,0 ,0 ,0 ,470 ,5 ,18.74 ,40.15 ,1004.63 ,71.98
02:16:53,0 ,0 ,0 ,470 ,5 ,18.74 ,40.14 ,1004.64 ,71.97
02:16:55,0 ,0 ,0 ,470 ,5 ,18.74 ,40.16 ,1004.64 ,71.90
02:16:56,0 ,0 ,0 ,470 ,5 ,18.74 ,40.15 ,1004.64 ,71.92
02:16:57,0 ,0 ,0 ,470 ,5 ,18.75 ,40.16 ,1004.65 ,71.88
02:16:58,0 ,0 ,0 ,470 ,5 ,18.74 ,40.16 ,1004.64 ,71.89
02:16:59,0 ,0 ,0 ,470 ,5 ,18.75 ,40.17 ,1004.63 ,72.01
02:17:00,0 ,0 ,0 ,470 ,5 ,18.75 ,40.16 ,1004.67 ,71.72
02:17:02,0 ,0 ,0 ,470 ,5 ,18.74 ,40.17 ,1004.65 ,71.88
02:17:03,0 ,0 ,0 ,470 ,5 ,18.75 ,40.17 ,1004.62 ,72.10
02:17:04,0 ,0 ,0 ,470 ,5 ,18.75 ,40.15 ,1004.62 ,72.11
02:17:05,0 ,0 ,0 ,469 ,5 ,18.74 ,40.14 ,1004.62 ,72.13
02:17:06,0 ,0 ,0 ,469 ,5 ,18.74 ,40.15 ,1004.64 ,71.95
02:17:07,0 ,0 ,0 ,470 ,5 ,18.74 ,40.16 ,1004.64 ,71.97
02:17:09,0 ,0 ,0 ,469 ,5 ,18.75 ,40.16 ,1004.64 ,71.93
02:17:10,0 ,0 ,0 ,470 ,5 ,18.74 ,40.16 ,1004.64 ,71.91
02:17:11,0 ,0 ,0 ,470 ,5 ,18.74 ,40.16 ,1004.65 ,71.88
02:17:12,0 ,0 ,0 ,470 ,5 ,18.75 ,40.16 ,1004.66 ,71.72
02:17:13,0 ,0 ,0 ,470 ,5 ,18.75 ,40.16 ,1004.69 ,71.53
02:17:14,0 ,0 ,0 ,470 ,5 ,18.75 ,40.15 ,1004.63 ,71.98
02:17:16,0 ,0 ,0 ,470 ,5 ,18.75 ,40.14 ,1004.66 ,71.75
02:17:17,0 ,0 ,0 ,469 ,5 ,18.74 ,40.14 ,1004.60 ,72.24
02:17:18,0 ,0 ,0 ,470 ,5 ,18.74 ,40.17 ,1004.67 ,71.69
02:17:19,0 ,0 ,0 ,469 ,5 ,18.74 ,40.16 ,1004.61 ,72.17
02:17:20,0 ,0 ,0 ,470 ,5 ,18.74 ,40.17 ,1004.65 ,71.85
02:17:21,0 ,0 ,0 ,469 ,5 ,18.74 ,40.17 ,1004.65 ,71.84
02:17:23,0 ,0 ,0 ,470 ,5 ,18.74 ,40.17 ,1004.62 ,72.09
02:17:24,0 ,0 ,0 ,469 ,5 ,18.74 ,40.17 ,1004.65 ,71.86
02:17:25,0 ,0 ,0 ,469 ,5 ,18.73 ,40.19 ,1004.64 ,71.96
02:17:26,0 ,0 ,0 ,469 ,5 ,18.74 ,40.19 ,1004.68 ,71.57
02:17:27,0 ,0 ,0 ,470 ,5 ,18.74 ,40.17 ,1004.64 ,71.97
02:17:28,0 ,0 ,0 ,470 ,5 ,18.73 ,40.16 ,1004.63 ,71.98
02:17:30,0 ,0 ,0 ,470 ,5 ,18.73 ,40.15 ,1004.65 ,71.88
02:17:31,0 ,0 ,0 ,470 ,5 ,18.74 ,40.14 ,1004.62 ,72.10
02:17:32,0 ,0 ,0 ,470 ,5 ,18.74 ,40.14 ,1004.64 ,71.97
02:17:33,0 ,0 ,0 ,470 ,5 ,18.74 ,40.13 ,1004.65 ,71.82
02:17:34,0 ,0 ,0 ,470 ,5 ,18.74 ,40.13 ,1004.65 ,71.84
02:17:35,0 ,0 ,0 ,470 ,5 ,18.74 ,40.14 ,1004.63 ,72.05
02:17:37,0 ,0 ,0 ,470 ,5 ,18.74 ,40.16 ,1004.66 ,71.76
02:17:38,0 ,0 ,0 ,470 ,5 ,18.74 ,40.17 ,1004.64 ,71.93
02:17:39,0 ,0 ,0 ,470 ,5 ,18.74 ,40.20 ,1004.64 ,71.90
02:17:40,0 ,0 ,0 ,470 ,5 ,18.73 ,40.17 ,1004.62 ,72.08
02:17:41,0 ,0 ,0 ,470 ,5 ,18.74 ,40.21 ,1004.65 ,71.88
02:17:42,0 ,0 ,0 ,470 ,5 ,18.74 ,40.20 ,1004.63 ,72.00
02:17:44,0 ,0 ,0 ,470 ,5 ,18.74 ,40.20 ,1004.64 ,71.95
02:17:45,0 ,0 ,0 ,470 ,5 ,18.73 ,40.21 ,1004.62 ,72.12
02:17:46,0 ,0 ,0 ,471 ,5 ,18.74 ,40.22 ,1004.66 ,71.80
02:17:47,0 ,0 ,0 ,471 ,5 ,18.74 ,40.21 ,1004.64 ,71.97
02:17:48,0 ,0 ,0 ,471 ,5 ,18.74 ,40.21 ,1004.65 ,71.82
02:17:49,0 ,0 ,0 ,471 ,5 ,18.74 ,40.19 ,1004.64 ,71.92
02:17:51,0 ,0 ,0 ,470 ,5 ,18.75 ,40.19 ,1004.64 ,71.94
02:17:52,0 ,0 ,0 ,471 ,5 ,18.74 ,40.17 ,1004.65 ,71.82
02:17:53,0 ,0 ,0 ,471 ,5 ,18.74 ,40.19 ,1004.66 ,71.73
02:17:54,0 ,0 ,0 ,471 ,5 ,18.74 ,40.20 ,1004.63 ,72.00
02:17:55,0 ,0 ,0 ,471 ,5 ,18.74 ,40.21 ,1004.67 ,71.71
02:17:56,0 ,0 ,0 ,471 ,5 ,18.74 ,40.17 ,1004.66 ,71.78
02:17:58,0 ,0 ,0 ,471 ,5 ,18.74 ,40.21 ,1004.65 ,71.81
02:17:59,0 ,0 ,0 ,471 ,5 ,18.74 ,40.20 ,1004.64 ,71.89
02:18:00,0 ,0 ,0 ,471 ,5 ,18.75 ,40.24 ,1004.66 ,71.77
02:18:01,0 ,0 ,0 ,471 ,5 ,18.74 ,40.23 ,1004.64 ,71.93
02:18:02,0 ,0 ,0 ,471 ,5 ,18.74 ,40.24 ,1004.65 ,71.88
02:18:03,0 ,0 ,0 ,471 ,5 ,18.74 ,40.24 ,1004.65 ,71.84
02:18:05,0 ,0 ,0 ,471 ,5 ,18.75 ,40.23 ,1004.67 ,71.66
02:18:06,0 ,0 ,0 ,471 ,5 ,18.74 ,40.22 ,1004.66 ,71.74
02:18:07,0 ,0 ,0 ,471 ,5 ,18.74 ,40.21 ,1004.66 ,71.77
02:18:08,0 ,0 ,0 ,471 ,5 ,18.74 ,40.21 ,1004.66 ,71.76
02:18:09,0 ,0 ,0 ,471 ,5 ,18.74 ,40.23 ,1004.64 ,71.92
02:18:10,0 ,0 ,0 ,471 ,5 ,18.74 ,40.27 ,1004.63 ,71.99
02:18:12,0 ,0 ,0 ,471 ,5 ,18.74 ,40.24 ,1004.64 ,71.91
02:18:13,0 ,0 ,0 ,471 ,5 ,18.74 ,40.23 ,1004.66 ,71.81
02:18:14,0 ,0 ,0 ,471 ,5 ,18.74 ,40.21 ,1004.65 ,71.83
02:18:15,0 ,0 ,0 ,471 ,5 ,18.74 ,40.22 ,1004.63 ,71.98
02:18:16,0 ,0 ,0 ,471 ,5 ,18.75 ,40.20 ,1004.63 ,71.99
02:18:17,0 ,0 ,0 ,471 ,5 ,18.75 ,40.20 ,1004.67 ,71.71
02:18:19,0 ,0 ,0 ,471 ,5 ,18.74 ,40.19 ,1004.66 ,71.78
02:18:20,0 ,0 ,0 ,471 ,5 ,18.75 ,40.19 ,1004.65 ,71.81
02:18:21,0 ,0 ,0 ,471 ,5 ,18.74 ,40.19 ,1004.67 ,71.71
02:18:22,0 ,0 ,0 ,471 ,5 ,18.74 ,40.20 ,1004.69 ,71.54
02:18:23,0 ,0 ,0 ,471 ,5 ,18.75 ,40.19 ,1004.63 ,72.04
02:18:24,0 ,0 ,0 ,472 ,5 ,18.74 ,40.12 ,1004.65 ,71.84
02:18:26,0 ,0 ,0 ,472 ,5 ,18.75 ,40.14 ,1004.66 ,71.72
02:18:27,0 ,0 ,0 ,472 ,5 ,18.75 ,40.14 ,1004.63 ,71.99
02:18:28,0 ,0 ,0 ,472 ,5 ,18.75 ,40.12 ,1004.65 ,71.83
02:18:29,0 ,0 ,0 ,472 ,5 ,18.75 ,40.12 ,1004.66 ,71.74
02:18:30,0 ,0 ,0 ,472 ,5 ,18.75 ,40.12 ,1004.65 ,71.88
02:18:32,0 ,0 ,0 ,472 ,5 ,18.75 ,40.13 ,1004.62 ,72.06
02:18:33,0 ,0 ,0 ,472 ,5 ,18.75 ,40.13 ,1004.66 ,71.79
02:18:34,0 ,0 ,0 ,472 ,5 ,18.75 ,40.14 ,1004.66 ,71.74
02:18:35,0 ,0 ,0 ,472 ,5 ,18.75 ,40.15 ,1004.65 ,71.87
02:19:36,0 ,0 ,0 ,471 ,5 ,18.77 ,40.11 ,1004.66 ,71.75
02:19:37,0 ,0 ,0 ,471 ,5 ,18.76 ,40.08 ,1004.62 ,72.08
02:19:39,0 ,0 ,0 ,471 ,5 ,18.77 ,40.10 ,1004.66 ,71.76
02:19:40,0 ,0 ,0 ,471 ,5 ,18.76 ,40.11 ,1004.65 ,71.84
02:19:41,0 ,0 ,0 ,471 ,5 ,18.77 ,40.08 ,1004.66 ,71.77
02:19:42,0 ,0 ,0 ,471 ,5 ,18.77 ,40.08 ,1004.63 ,72.03
02:19:43,0 ,0 ,0 ,471 ,5 ,18.77 ,40.10 ,1004.67 ,71.71
02:19:44,0 ,0 ,0 ,471 ,5 ,18.77 ,40.11 ,1004.65 ,71.85
02:19:46,0 ,0 ,0 ,471 ,5 ,18.77 ,40.08 ,1004.65 ,71.86
02:19:47,0 ,0 ,0 ,471 ,5 ,18.77 ,40.11 ,1004.64 ,71.91
02:19:48,0 ,0 ,0 ,471 ,5 ,18.77 ,40.08 ,1004.64 ,71.93
02:19:49,0 ,0 ,0 ,471 ,5 ,18.77 ,40.08 ,1004.66 ,71.77
02:19:50,0 ,0 ,0 ,472 ,5 ,18.76 ,40.08 ,1004.64 ,71.96
02:19:51,0 ,0 ,0 ,471 ,5 ,18.77 ,40.08 ,1004.63 ,72.01
02:19:53,0 ,0 ,0 ,471 ,5 ,18.78 ,40.08 ,1004.65 ,71.87
02:19:54,0 ,0 ,0 ,471 ,5 ,18.77 ,40.08 ,1004.61 ,72.19
02:19:55,0 ,0 ,0 ,471 ,5 ,18.77 ,40.11 ,1004.65 ,71.86
02:19:56,0 ,0 ,0 ,471 ,5 ,18.78 ,40.10 ,1004.63 ,71.99
02:19:57,0 ,0 ,0 ,471 ,5 ,18.78 ,40.10 ,1004.63 ,72.04
02:19:58,0 ,0 ,0 ,471 ,5 ,18.77 ,40.11 ,1004.62 ,72.08
02:20:00,0 ,0 ,0 ,471 ,5 ,18.77 ,40.10 ,1004.63 ,71.99
02:20:01,0 ,0 ,0 ,471 ,5 ,18.77 ,40.10 ,1004.63 ,71.99
02:20:02,0 ,0 ,0 ,471 ,5 ,18.77 ,40.10 ,1004.64 ,71.95
02:20:03,0 ,0 ,0 ,471 ,5 ,18.77 ,40.11 ,1004.61 ,72.15
02:20:04,0 ,0 ,0 ,471 ,5 ,18.78 ,40.08 ,1004.62 ,72.09
02:20:05,0 ,0 ,0 ,471 ,5 ,18.78 ,40.08 ,1004.63 ,72.04
02:20:07,0 ,0 ,0 ,471 ,5 ,18.77 ,40.08 ,1004.63 ,72.05
02:20:08,0 ,0 ,0 ,471 ,5 ,18.77 ,40.10 ,1004.63 ,71.99
02:20:09,0 ,0 ,0 ,471 ,5 ,18.77 ,40.10 ,1004.66 ,71.73
02:20:10,0 ,0 ,0 ,470 ,5 ,18.77 ,40.11 ,1004.66 ,71.74
02:20:11,0 ,0 ,0 ,470 ,5 ,18.77 ,40.11 ,1004.64 ,71.90
02:20:12,0 ,0 ,0 ,471 ,5 ,18.77 ,40.11 ,1004.62 ,72.10
02:20:14,0 ,0 ,0 ,470 ,5 ,18.78 ,40.10 ,1004.66 ,71.77
02:20:15,0 ,0 ,0 ,471 ,5 ,18.77 ,40.07 ,1004.66 ,71.80
02:20:16,0 ,0 ,0 ,470 ,5 ,18.77 ,40.06 ,1004.63 ,71.98
02:20:17,0 ,0 ,0 ,471 ,5 ,18.77 ,40.07 ,1004.65 ,71.86
02:20:18,0 ,0 ,0 ,471 ,5 ,18.77 ,40.10 ,1004.64 ,71.92
02:20:19,0 ,0 ,0 ,471 ,5 ,18.77 ,40.11 ,1004.65 ,71.84
02:20:21,0 ,0 ,0 ,471 ,5 ,18.77 ,40.08 ,1004.63 ,72.05
02:20:22,0 ,0 ,0 ,471 ,5 ,18.77 ,40.11 ,1004.66 ,71.74
02:20:23,0 ,0 ,0 ,471 ,5 ,18.77 ,40.10 ,1004.67 ,71.69
02:20:24,0 ,0 ,0 ,470 ,5 ,18.77 ,40.08 ,1004.65 ,71.85
02:20:25,0 ,0 ,0 ,470 ,5 ,18.76 ,40.09 ,1004.62 ,72.08
02:20:26,0 ,0 ,0 ,470 ,5 ,18.76 ,40.09 ,1004.61 ,72.17
02:20:28,0 ,0 ,0 ,470 ,5 ,18.76 ,40.09 ,1004.68 ,71.59
02:20:29,0 ,0 ,0 ,470 ,5 ,18.76 ,40.11 ,1004.63 ,72.00
02:20:30,0 ,0 ,0 ,470 ,5 ,18.78 ,40.11 ,1004.66 ,71.78
02:20:31,0 ,0 ,0 ,470 ,5 ,18.77 ,40.12 ,1004.60 ,72.23
02:20:32,0 ,0 ,0 ,470 ,5 ,18.78 ,40.11 ,1004.61 ,72.18
02:20:33,0 ,0 ,0 ,470 ,5 ,18.78 ,40.10 ,1004.63 ,71.98
02:20:35,0 ,0 ,0 ,470 ,5 ,18.78 ,40.10 ,1004.63 ,71.99
02:20:36,0 ,0 ,0 ,470 ,5 ,18.77 ,40.10 ,1004.64 ,71.93
02:20:37,0 ,0 ,0 ,470 ,5 ,18.78 ,40.08 ,1004.63 ,71.98
02:20:38,0 ,0 ,0 ,470 ,5 ,18.78 ,40.09 ,1004.63 ,71.98
02:20:39,0 ,0 ,0 ,470 ,5 ,18.78 ,40.07 ,1004.64 ,71.94
02:20:40,0 ,0 ,0 ,470 ,5 ,18.78 ,40.07 ,1004.62 ,72.07
02:20:42,0 ,0 ,0 ,470 ,5 ,18.77 ,40.08 ,1004.65 ,71.86
02:20:43,0 ,0 ,0 ,470 ,5 ,18.78 ,40.08 ,1004.64 ,71.97
02:20:44,0 ,0 ,0 ,470 ,5 ,18.78 ,40.07 ,1004.66 ,71.72
02:20:45,0 ,0 ,0 ,470 ,5 ,18.78 ,40.07 ,1004.61 ,72.21
02:20:46,0 ,0 ,0 ,470 ,5 ,18.77 ,40.10 ,1004.63 ,71.95
02:20:47,0 ,0 ,0 ,470 ,5 ,18.78 ,40.07 ,1004.67 ,71.72
02:20:49,0 ,0 ,0 ,470 ,5 ,18.78 ,40.07 ,1004.64 ,71.91
02:20:50,0 ,0 ,0 ,470 ,5 ,18.78 ,40.07 ,1004.66 ,71.78
02:20:51,0 ,0 ,0 ,470 ,5 ,18.78 ,40.08 ,1004.62 ,72.08
02:20:52,0 ,0 ,0 ,470 ,5 ,18.78 ,40.08 ,1004.64 ,71.89
02:20:53,0 ,0 ,0 ,470 ,5 ,18.78 ,40.08 ,1004.62 ,72.13
02:20:54,0 ,0 ,0 ,470 ,5 ,18.78 ,40.10 ,1004.66 ,71.74
02:20:56,0 ,0 ,0 ,470 ,5 ,18.78 ,40.08 ,1004.64 ,71.93
02:20:57,0 ,0 ,0 ,470 ,5 ,18.78 ,40.10 ,1004.65 ,71.88
02:20:58,0 ,0 ,0 ,470 ,5 ,18.78 ,40.10 ,1004.63 ,72.03
02:20:59,0 ,0 ,0 ,470 ,5 ,18.78 ,40.11 ,1004.66 ,71.80
02:21:00,0 ,0 ,0 ,470 ,5 ,18.78 ,40.12 ,1004.63 ,72.04
02:21:01,0 ,0 ,0 ,470 ,5 ,18.78 ,40.11 ,1004.61 ,72.15
02:21:03,0 ,0 ,0 ,470 ,5 ,18.78 ,40.12 ,1004.65 ,71.85
02:21:04,0 ,0 ,0 ,470 ,5 ,18.78 ,40.11 ,1004.64 ,71.91
02:21:05,0 ,0 ,0 ,470 ,5 ,18.78 ,40.12 ,1004.65 ,71.84
02:21:06,0 ,0 ,0 ,470 ,5 ,18.78 ,40.11 ,1004.65 ,71.83
02:21:07,0 ,0 ,0 ,470 ,5 ,18.79 ,40.12 ,1004.65 ,71.84
02:21:08,0 ,0 ,0 ,470 ,5 ,18.78 ,40.11 ,1004.65 ,71.81
02:21:10,0 ,0 ,0 ,470 ,5 ,18.78 ,40.12 ,1004.65 ,71.82
02:21:11,0 ,0 ,0 ,470 ,5 ,18.77 ,40.14 ,1004.63 ,72.02
02:21:12,0 ,0 ,0 ,470 ,5 ,18.78 ,40.13 ,1004.62 ,72.06
02:21:13,0 ,0 ,0 ,470 ,5 ,18.78 ,40.13 ,1004.63 ,72.00
02:21:14,0 ,0 ,0 ,470 ,5 ,18.78 ,40.11 ,1004.64 ,71.93
02:21:15,0 ,0 ,0 ,470 ,5 ,18.78 ,40.12 ,1004.63 ,72.03
02:21:17,0 ,0 ,0 ,470 ,5 ,18.78 ,40.11 ,1004.63 ,72.05
02:21:18,0 ,0 ,0 ,470 ,5 ,18.78 ,40.10 ,1004.64 ,71.96
02:21:19,0 ,0 ,0 ,470 ,5 ,18.78 ,40.11 ,1004.65 ,71.86
02:21:20,0 ,0 ,0 ,470 ,5 ,18.78 ,40.10 ,1004.63 ,72.05
02:21:21,0 ,0 ,0 ,470 ,5 ,18.77 ,40.11 ,1004.61 ,72.15
02:21:22,0 ,0 ,0 ,470 ,5 ,18.78 ,40.10 ,1004.65 ,71.84
02:21:24,0 ,0 ,0 ,470 ,5 ,18.78 ,40.11 ,1004.62 ,72.07
02:21:25,0 ,0 ,0 ,470 ,5 ,18.78 ,40.11 ,1004.61 ,72.17
02:21:26,0 ,0 ,0 ,470 ,5 ,18.77 ,40.11 ,1004.58 ,72.46
02:21:27,0 ,0 ,0 ,470 ,5 ,18.77 ,40.07 ,1004.67 ,71.66
02:21:28,0 ,0 ,0 ,470 ,5 ,18.78 ,40.07 ,1004.64 ,71.91
02:21:29,0 ,0 ,0 ,470 ,5 ,18.77 ,40.06 ,1004.62 ,72.14
02:21:31,0 ,0 ,0 ,469 ,5 ,18.78 ,40.04 ,1004.69 ,71.52
02:21:32,0 ,0 ,0 ,469 ,5 ,18.78 ,40.05 ,1004.65 ,71.84
02:21:33,0 ,0 ,0 ,469 ,5 ,18.78 ,40.05 ,1004.64 ,71.92
02:22:34,0 ,0 ,0 ,470 ,5 ,18.79 ,40.05 ,1004.66 ,71.73
02:22:35,0 ,0 ,0 ,470 ,5 ,18.79 ,40.07 ,1004.66 ,71.80
02:22:36,0 ,0 ,0 ,470 ,5 ,18.79 ,40.06 ,1004.66 ,71.80
02:22:38,0 ,0 ,0 ,470 ,5 ,18.79 ,40.07 ,1004.64 ,71.89
02:22:39,0 ,0 ,0 ,470 ,5 ,18.78 ,40.06 ,1004.67 ,71.67
02:22:40,0 ,0 ,0 ,470 ,5 ,18.78 ,40.04 ,1004.67 ,71.68
02:22:41,0 ,0 ,0 ,470 ,5 ,18.78 ,40.06 ,1004.65 ,71.86
02:22:42,0 ,0 ,0 ,470 ,5 ,18.78 ,40.06 ,1004.66 ,71.79
02:22:43,0 ,0 ,0 ,470 ,5 ,18.79 ,40.06 ,1004.70 ,71.45
02:22:45,0 ,0 ,0 ,470 ,5 ,18.78 ,40.09 ,1004.65 ,71.82
02:22:46,0 ,0 ,0 ,470 ,5 ,18.78 ,40.10 ,1004.68 ,71.61
02:22:47,0 ,0 ,0 ,470 ,5 ,18.79 ,40.12 ,1004.66 ,71.79
02:22:48,0 ,0 ,0 ,470 ,5 ,18.78 ,40.10 ,1004.68 ,71.60
02:22:49,0 ,0 ,0 ,470 ,5 ,18.78 ,40.09 ,1004.64 ,71.95
02:22:50,0 ,0 ,0 ,470 ,5 ,18.78 ,40.09 ,1004.66 ,71.75
02:22:52,0 ,0 ,0 ,470 ,5 ,18.79 ,40.06 ,1004.67 ,71.65
02:22:53,0 ,0 ,0 ,470 ,5 ,18.79 ,40.09 ,1004.66 ,71.79
02:22:54,0 ,0 ,0 ,470 ,5 ,18.79 ,40.06 ,1004.67 ,71.70
02:22:55,0 ,0 ,0 ,470 ,5 ,18.78 ,40.06 ,1004.66 ,71.79
02:22:56,0 ,0 ,0 ,470 ,5 ,18.78 ,40.05 ,1004.64 ,71.96
02:22:57,0 ,0 ,0 ,470 ,5 ,18.79 ,40.07 ,1004.68 ,71.59
02:22:59,0 ,0 ,0 ,470 ,5 ,18.79 ,40.06 ,1004.67 ,71.67
02:23:00,0 ,0 ,0 ,470 ,5 ,18.79 ,40.05 ,1004.67 ,71.72
02:23:01,0 ,0 ,0 ,470 ,5 ,18.79 ,40.07 ,1004.68 ,71.56
02:23:02,0 ,0 ,0 ,470 ,5 ,18.79 ,40.06 ,1004.69 ,71.48
02:23:03,0 ,0 ,0 ,470 ,5 ,18.79 ,40.06 ,1004.70 ,71.47
02:23:04,0 ,0 ,0 ,470 ,5 ,18.79 ,40.04 ,1004.69 ,71.51
02:23:06,0 ,0 ,0 ,470 ,5 ,18.79 ,40.04 ,1004.67 ,71.69
02:23:07,0 ,0 ,0 ,470 ,5 ,18.78 ,40.07 ,1004.67 ,71.64
02:23:08,0 ,0 ,0 ,470 ,5 ,18.79 ,40.06 ,1004.66 ,71.74
02:23:09,0 ,0 ,0 ,470 ,5 ,18.79 ,40.06 ,1004.66 ,71.74
02:23:10,0 ,0 ,0 ,470 ,5 ,18.80 ,40.05 ,1004.68 ,71.60
02:23:11,0 ,0 ,0 ,470 ,5 ,18.79 ,40.04 ,1004.67 ,71.65
02:23:13,0 ,0 ,0 ,470 ,5 ,18.79 ,40.03 ,1004.71 ,71.37
02:23:14,0 ,0 ,0 ,470 ,5 ,18.79 ,40.03 ,1004.67 ,71.65
02:23:15,0 ,0 ,0 ,470 ,5 ,18.79 ,40.03 ,1004.69 ,71.49
02:23:16,0 ,0 ,0 ,470 ,5 ,18.80 ,40.05 ,1004.69 ,71.52
02:23:17,0 ,0 ,0 ,470 ,5 ,18.79 ,40.02 ,1004.67 ,71.69
02:23:18,0 ,0 ,0 ,470 ,5 ,18.80 ,40.04 ,1004.70 ,71.47
02:23:20,0 ,0 ,0 ,470 ,5 ,18.80 ,40.05 ,1004.67 ,71.66
02:23:21,0 ,0 ,0 ,470 ,5 ,18.80 ,40.05 ,1004.64 ,71.91
02:23:22,0 ,0 ,0 ,470 ,5 ,18.80 ,40.08 ,1004.70 ,71.43
02:23:23,0 ,0 ,0 ,470 ,5 ,18.80 ,40.06 ,1004.73 ,71.20
02:23:24,0 ,0 ,0 ,470 ,5 ,18.80 ,40.09 ,1004.66 ,71.73
02:23:25,0 ,0 ,0 ,470 ,5 ,18.80 ,40.06 ,1004.67 ,71.71
02:23:27,0 ,0 ,0 ,470 ,5 ,18.80 ,40.06 ,1004.70 ,71.46
02:23:28,0 ,0 ,0 ,470 ,5 ,18.81 ,40.08 ,1004.72 ,71.28
02:23:29,0 ,0 ,0 ,470 ,5 ,18.81 ,40.05 ,1004.70 ,71.40
02:23:30,0 ,0 ,0 ,470 ,5 ,18.80 ,40.05 ,1004.67 ,71.69
02:23:31,0 ,0 ,0 ,470 ,5 ,18.80 ,40.05 ,1004.71 ,71.37
02:23:32,0 ,0 ,0 ,470 ,5 ,18.80 ,40.04 ,1004.67 ,71.68
02:23:34,0 ,0 ,0 ,470 ,5 ,18.80 ,40.04 ,1004.68 ,71.63
02:23:35,0 ,0 ,0 ,470 ,5 ,18.80 ,40.06 ,1004.68 ,71.59
02:23:36,0 ,0 ,0 ,470 ,5 ,18.80 ,40.04 ,1004.68 ,71.61
02:23:37,0 ,0 ,0 ,470 ,5 ,18.80 ,40.04 ,1004.66 ,71.77
02:23:38,0 ,0 ,0 ,470 ,5 ,18.80 ,40.04 ,1004.71 ,71.31
02:23:39,0 ,0 ,0 ,470 ,5 ,18.80 ,40.04 ,1004.68 ,71.60
02:23:41,0 ,0 ,0 ,470 ,5 ,18.80 ,40.04 ,1004.68 ,71.58
02:23:42,0 ,0 ,0 ,471 ,5 ,18.80 ,40.08 ,1004.67 ,71.65
02:23:43,0 ,0 ,0 ,471 ,5 ,18.80 ,40.04 ,1004.67 ,71.64
02:23:44,0 ,0 ,0 ,471 ,5 ,18.80 ,40.05 ,1004.69 ,71.55
02:23:45,0 ,0 ,0 ,470 ,5 ,18.80 ,40.06 ,1004.68 ,71.61
02:23:46,0 ,0 ,0 ,470 ,5 ,18.80 ,40.03 ,1004.70 ,71.45
02:23:48,0 ,0 ,0 ,470 ,5 ,18.80 ,40.04 ,1004.70 ,71.40
02:23:49,0 ,0 ,0 ,470 ,5 ,18.80 ,40.04 ,1004.68 ,71.61
02:23:50,0 ,0 ,0 ,471 ,5 ,18.80 ,40.04 ,1004.69 ,71.54
02:23:51,0 ,0 ,0 ,471 ,5 ,18.80 ,40.03 ,1004.72 ,71.27
02:23:52,0 ,0 ,0 ,471 ,5 ,18.80 ,40.02 ,1004.69 ,71.51
02:23:53,0 ,0 ,0 ,471 ,5 ,18.80 ,40.02 ,1004.72 ,71.25
02:23:55,0 ,0 ,0 ,471 ,5 ,18.81 ,40.05 ,1004.68 ,71.64
02:23:56,0 ,0 ,0 ,471 ,5 ,18.80 ,40.03 ,1004.70 ,71.43
02:23:57,0 ,0 ,0 ,471 ,5 ,18.80 ,40.03 ,1004.68 ,71.62
02:23:58,0 ,0 ,0 ,471 ,5 ,18.80 ,40.03 ,1004.70 ,71.45
02:23:59,0 ,0 ,0 ,471 ,5 ,18.80 ,40.04 ,1004.71 ,71.31
02:24:00,0 ,0 ,0 ,471 ,5 ,18.80 ,40.05 ,1004.68 ,71.59
02:24:02,0 ,0 ,0 ,471 ,5 ,18.80 ,40.05 ,1004.68 ,71.57
02:24:03,0 ,0 ,0 ,471 ,5 ,18.80 ,40.05 ,1004.66 ,71.80
02:24:04,0 ,0 ,0 ,471 ,5 ,18.80 ,40.05 ,1004.68 ,71.57
02:24:05,0 ,0 ,0 ,471 ,5 ,18.80 ,40.05 ,1004.69 ,71.53
02:24:06,0 ,0 ,0 ,471 ,5 ,18.80 ,40.06 ,1004.69 ,71.53
02:24:07,0 ,0 ,0 ,471 ,5 ,18.80 ,40.05 ,1004.65 ,71.85
02:24:09,0 ,0 ,0 ,471 ,5 ,18.79 ,40.05 ,1004.68 ,71.59
02:24:10,0 ,0 ,0 ,471 ,5 ,18.79 ,40.04 ,1004.68 ,71.60
02:24:11,0 ,0 ,0 ,471 ,5 ,18.80 ,40.08 ,1004.68 ,71.59
02:24:12,0 ,0 ,0 ,471 ,5 ,18.79 ,40.06 ,1004.67 ,71.72
02:24:13,0 ,0 ,0 ,471 ,5 ,18.79 ,40.03 ,1004.67 ,71.63
02:24:14,0 ,0 ,0 ,471 ,5 ,18.79 ,40.07 ,1004.66 ,71.76
02:24:16,0 ,0 ,0 ,471 ,5 ,18.79 ,40.11 ,1004.69 ,71.54
02:24:17,0 ,0 ,0 ,471 ,5 ,18.79 ,40.10 ,1004.69 ,71.51
02:24:18,0 ,0 ,0 ,471 ,5 ,18.79 ,40.10 ,1004.72 ,71.26
02:24:19,0 ,0 ,0 ,471 ,5 ,18.78 ,40.07 ,1004.69 ,71.55
02:24:20,0 ,0 ,0 ,471 ,5 ,18.79 ,40.07 ,1004.70 ,71.41
02:24:21,0 ,0 ,0 ,471 ,5 ,18.79 ,40.07 ,1004.72 ,71.24
02:24:23,0 ,0 ,0 ,471 ,5 ,18.79 ,40.07 ,1004.70 ,71.42
02:24:24,0 ,0 ,0 ,471 ,5 ,18.80 ,40.08 ,1004.70 ,71.40
02:24:25,0 ,0 ,0 ,471 ,5 ,18.79 ,40.06 ,1004.70 ,71.46
02:24:26,0 ,0 ,0 ,471 ,5 ,18.79 ,40.07 ,1004.69 ,71.52
02:24:27,0 ,0 ,0 ,471 ,5 ,18.79 ,40.07 ,1004.72 ,71.25
02:24:28,0 ,0 ,0 ,471 ,5 ,18.80 ,40.06 ,1004.70 ,71.44
02:24:30,0 ,0 ,0 ,472 ,5 ,18.79 ,40.07 ,1004.69 ,71.49
02:24:31,0 ,0 ,0 ,472 ,5 ,18.80 ,40.08 ,1004.70 ,71.47
02:25:32,0 ,0 ,0 ,471 ,5 ,18.80 ,40.06 ,1004.71 ,71.33
02:25:33,0 ,0 ,0 ,471 ,5 ,18.81 ,40.08 ,1004.71 ,71.37
02:25:34,0 ,0 ,0 ,471 ,5 ,18.80 ,40.08 ,1004.70 ,71.46
02:25:35,0 ,0 ,0 ,471 ,5 ,18.80 ,40.08 ,1004.72 ,71.26
02:25:37,0 ,0 ,0 ,471 ,5 ,18.80 ,40.08 ,1004.71 ,71.31
02:25:38,0 ,0 ,0 ,471 ,5 ,18.79 ,40.10 ,1004.70 ,71.46
02:25:39,0 ,0 ,0 ,471 ,5 ,18.80 ,40.09 ,1004.70 ,71.37
02:25:40,0 ,0 ,0 ,471 ,5 ,18.81 ,40.08 ,1004.71 ,71.31
02:25:41,0 ,0 ,0 ,471 ,5 ,18.80 ,40.08 ,1004.71 ,71.30
02:25:42,0 ,0 ,0 ,471 ,5 ,18.80 ,40.10 ,1004.72 ,71.26
02:25:44,0 ,0 ,0 ,471 ,5 ,18.80 ,40.09 ,1004.69 ,71.55
02:25:45,0 ,0 ,0 ,471 ,5 ,18.80 ,40.08 ,1004.69 ,71.52
02:25:46,0 ,0 ,0 ,471 ,5 ,18.80 ,40.08 ,1004.70 ,71.40
02:25:47,0 ,0 ,0 ,470 ,5 ,18.80 ,40.05 ,1004.70 ,71.45
02:25:48,0 ,0 ,0 ,471 ,5 ,18.80 ,40.05 ,1004.69 ,71.52
02:25:49,0 ,0 ,0 ,471 ,5 ,18.80 ,40.05 ,1004.68 ,71.59
02:25:51,0 ,0 ,0 ,471 ,5 ,18.80 ,40.04 ,1004.72 ,71.29
02:25:52,0 ,0 ,0 ,471 ,5 ,18.80 ,40.04 ,1004.70 ,71.47
02:25:53,0 ,0 ,0 ,471 ,5 ,18.80 ,40.03 ,1004.67 ,71.68
02:25:54,0 ,0 ,0 ,471 ,5 ,18.80 ,40.04 ,1004.72 ,71.23
02:25:55,0 ,0 ,0 ,471 ,5 ,18.79 ,40.05 ,1004.69 ,71.52
02:25:56,0 ,0 ,0 ,471 ,5 ,18.80 ,40.05 ,1004.71 ,71.38
02:25:58,0 ,0 ,0 ,471 ,5 ,18.79 ,40.06 ,1004.69 ,71.47
02:25:59,0 ,0 ,0 ,471 ,5 ,18.81 ,40.05 ,1004.70 ,71.47
02:26:00,0 ,0 ,0 ,471 ,5 ,18.80 ,40.06 ,1004.70 ,71.45
02:26:01,0 ,0 ,0 ,471 ,5 ,18.80 ,40.06 ,1004.70 ,71.39
02:26:02,0 ,0 ,0 ,471 ,5 ,18.79 ,40.06 ,1004.66 ,71.77
02:26:03,0 ,0 ,0 ,471 ,5 ,18.80 ,40.09 ,1004.71 ,71.34
02:26:05,0 ,0 ,0 ,471 ,5 ,18.80 ,40.08 ,1004.68 ,71.57
02:26:06,0 ,0 ,0 ,470 ,5 ,18.80 ,40.09 ,1004.68 ,71.59
02:26:07,0 ,0 ,0 ,470 ,5 ,18.80 ,40.08 ,1004.69 ,71.50
02:26:08,0 ,0 ,0 ,471 ,5 ,18.81 ,40.08 ,1004.71 ,71.31
02:26:09,0 ,0 ,0 ,471 ,5 ,18.81 ,40.08 ,1004.71 ,71.34
02:26:10,0 ,0 ,0 ,471 ,5 ,18.80 ,40.08 ,1004.69 ,71.47
02:26:12,0 ,0 ,0 ,471 ,5 ,18.81 ,40.08 ,1004.72 ,71.27
02:26:13,0 ,0 ,0 ,471 ,5 ,18.80 ,40.09 ,1004.74 ,71.09
02:26:14,0 ,0 ,0 ,471 ,5 ,18.81 ,40.10 ,1004.69 ,71.51
02:26:15,0 ,0 ,0 ,470 ,5 ,18.81 ,40.10 ,1004.71 ,71.38
02:26:16,0 ,0 ,0 ,471 ,5 ,18.81 ,40.10 ,1004.70 ,71.45
02:26:17,0 ,0 ,0 ,471 ,5 ,18.81 ,40.10 ,1004.72 ,71.28
02:26:19,0 ,0 ,0 ,471 ,5 ,18.81 ,40.10 ,1004.70 ,71.47
02:26:20,0 ,0 ,0 ,471 ,5 ,18.81 ,40.11 ,1004.71 ,71.31
02:26:21,0 ,0 ,0 ,471 ,5 ,18.81 ,40.12 ,1004.71 ,71.31
02:26:22,0 ,0 ,0 ,471 ,5 ,18.81 ,40.11 ,1004.71 ,71.36
02:26:23,0 ,0 ,0 ,472 ,5 ,18.81 ,40.11 ,1004.71 ,71.33
02:26:24,0 ,0 ,0 ,472 ,5 ,18.82 ,40.12 ,1004.73 ,71.19
02:26:26,0 ,0 ,0 ,472 ,5 ,18.80 ,40.12 ,1004.71 ,71.35
02:26:27,0 ,0 ,0 ,471 ,5 ,18.82 ,40.12 ,1004.74 ,71.10
02:26:28,0 ,0 ,0 ,472 ,5 ,18.82 ,40.12 ,1004.68 ,71.57
02:26:29,0 ,0 ,0 ,472 ,5 ,18.81 ,40.12 ,1004.72 ,71.24
02:26:30,0 ,0 ,0 ,472 ,5 ,18.81 ,40.12 ,1004.72 ,71.24
02:26:31,0 ,0 ,0 ,472 ,5 ,18.81 ,40.11 ,1004.72 ,71.24
02:26:33,0 ,0 ,0 ,472 ,5 ,18.81 ,40.11 ,1004.70 ,71.40
02:26:34,0 ,0 ,0 ,472 ,5 ,18.81 ,40.11 ,1004.72 ,71.27
02:26:35,0 ,0 ,0 ,472 ,5 ,18.81 ,40.11 ,1004.71 ,71.33
02:26:36,0 ,0 ,0 ,471 ,5 ,18.82 ,40.11 ,1004.75 ,71.02
