06:12:43,*** ESP32 startup detected ***
06:12:43,*** Logging started ***
06:12:45,"250,642,642,378,0,20.00,39.98,1011.32,16.05"
06:12:47,"240,613,613,378,0,20.02,39.63,1011.36,15.72"
06:12:49,"216,567,567,378,0,20.02,39.48,1011.34,15.94"
06:12:51,"198,537,537,378,0,20.03,39.43,1011.38,15.62"
06:12:53,"181,562,562,378,0,20.04,39.41,1011.36,15.79"
06:12:56,"168,627,627,378,5,20.05,39.39,1011.40,15.67"
06:12:58,"159,715,715,378,5,20.04,39.35,1011.36,15.79"
06:13:00,"156,837,837,378,5,20.04,39.37,1011.35,15.86"
06:13:02,"153,1029,1029,378,5,20.04,39.38,1011.37,15.67"
06:13:05,"153,1122,1122,378,5,20.04,39.37,1011.36,15.79"
06:13:07,"153,1188,1188,378,5,20.04,39.35,1011.34,15.88"
06:13:09,"153,1243,1243,378,5,20.04,39.33,1011.35,15.86"
06:13:11,"151,1275,1275,378,5,20.04,39.34,1011.33,16.01"
06:13:13,"151,1290,1290,378,5,20.04,39.32,1011.36,15.72"
06:13:16,"153,1308,1308,379,5,20.05,39.31,1011.35,15.81"
06:13:18,"154,1317,1317,379,5,20.05,39.27,1011.36,15.78"
06:13:20,"162,1333,1333,379,5,20.05,39.27,1011.36,15.74"
06:13:22,"166,1339,1339,378,5,20.06,39.26,1011.33,15.97"
06:13:25,"174,1341,1341,378,5,20.06,39.24,1011.34,16.08"
06:13:27,"183,1347,1347,379,5,20.06,39.26,1011.35,15.83"
06:13:29,"186,1335,1335,379,5,20.05,39.26,1011.36,15.75"
06:13:31,"193,1326,1326,378,5,20.06,39.21,1011.35,15.80"
06:13:33,"201,1314,1314,378,5,20.06,39.18,1011.36,15.78"
06:13:36,"207,1299,1299,379,5,20.06,39.15,1011.34,15.95"
06:13:38,"213,1276,1276,379,5,20.06,39.15,1011.32,16.06"
06:13:40,"219,1254,1254,379,5,20.07,39.12,1011.33,16.01"
06:13:42,"225,1224,1224,379,5,20.06,39.08,1011.36,15.73"
06:13:44,"231,1192,1192,379,5,20.07,39.09,1011.35,15.81"
06:13:47,"237,1158,1158,379,5,20.07,39.11,1011.36,15.74"
06:13:49,"1126,1126,379,5,20.06,39.15,1011.33,15.98"
06:13:51,"244,1089,1089,379,5,20.07,39.18,1011.32,16.06"
06:13:53,"246,1065,1065,379,5,20.07,39.18,1011.34,15.91"
06:13:56,"249,1042,1042,380,5,20.07,39.15,1011.34,15.92"
06:13:58,"250,1020,1020,380,5,20.07,39.17,1011.32,16.06"
06:14:00,"252,999,999,380,5,20.06,39.16,1011.33,15.99"
06:14:02,"252,973,973,380,5,20.07,39.12,1011.33,16.03"
06:14:04,"252,948,948,380,5,20.07,39.10,1011.28,16.41"
06:14:07,"250,909,909,380,5,20.07,39.13,1011.32,16.07"
06:14:09,"249,882,882,380,5,20.07,39.12,1011.30,16.22"
06:14:11,"247,855,855,380,5,20.08,39.15,1011.34,15.87"
06:14:13,"246,829,829,380,5,20.08,39.16,1011.33,15.97"
06:14:15,"244,804,804,380,5,20.08,39.14,1011.31,16.16"
06:14:18,"243,780,780,380,5,20.08,39.12,1011.30,16.25"
06:14:20,"241,754,754,380,5,20.07,39.10,1011.28,16.39"
06:14:22,"240,718,718,380,5,20.08,39.10,1011.31,16.17"
06:14:24,"237,693,693,380,5,20.09,39.09,1011.35,15.86"
06:14:27,"235,666,666,380,5,20.09,39.07,1011.32,16.09"
06:14:29,"234,642,642,381,5,20.09,39.06,1011.32,16.11"
06:14:31,"234,619,619,381,5,20.09,39.07,1011.32,16.08"
06:14:33,"234,600,600,381,5,20.09,39.07,1011.31,16.13"
06:14:35,"234,580,580,381,5,20.09,39.06,1011.31,16.20"
06:14:38,"234,564,564,381,5,20.08,39.07,1011.31,16.19"
06:14:40,"234,541,541,381,5,20.10,39.09,1011.32,16.05"
06:14:42,"235,528,528,381,5,20.10,39.11,1011.31,16.17"
06:14:44,"235,513,513,381,5,20.10,39.11,1011.29,16.34"
06:14:46,"237,501,501,381,5,20.09,39.10,1011.30,16.27"
06:14:49,"237,490,490,381,5,20.09,39.09,1011.32,16.13"
06:14:51,"238,481,481,381,5,20.09,39.02,1011.33,16.01"
06:14:53,"240,475,475,381,5,20.09,39.00,1011.35,15.86"
06:14:55,"241,468,468,381,5,20.09,38.99,1011.32,16.05"
06:14:58,"244,465,465,381,5,20.10,38.98,1011.34,15.92"
06:15:00,"249,463,463,381,5,20.09,38.97,1011.30,16.21"
06:15:02,"252,460,460,381,5,20.09,38.93,1011.28,16.39"
06:15:04,"255,460,460,381,5,20.10,38.94,1011.31,16.18"
06:15:06,"258,459,459,381,5,20.10,38.99,1011.30,16.29"
06:15:09,"261,459,459,381,5,20.10,39.00,1011.27,16.50"
06:15:11,"264,462,462,380,5,20.11,38.99,1011.29,16.33"
06:15:13,"264,463,463,381,5,20.11,39.00,1011.31,16.20"
06:15:15,"267,465,465,380,5,20.11,38.94,1011.28,16.46"
06:15:17,"270,466,466,380,5,20.10,38.97,1011.29,16.34"
06:15:20,"273,468,468,380,5,20.11,38.98,1011.30,16.23"
06:15:22,"276,469,469,379,5,20.10,39.02,1011.31,16.14"
06:15:24,"280,474,474,379,5,20.11,39.07,1011.30,16.29"
06:15:26,"286,480,480,379,5,20.11,39.08,1011.32,16.12"
06:15:29,"291,483,483,379,5,20.11,39.08,1011.31,16.14"
06:15:31,"294,484,484,379,5,20.11,39.11,1011.32,16.09"
06:15:33,"297,486,486,379,5,20.11,39.11,1011.28,16.39"
06:15:35,"300,486,486,379,5,20.11,39.09,1011.29,16.30"
06:15:37,"303,486,486,379,5,20.11,39.07,1011.28,16.39"
06:15:40,"303,486,486,379,5,20.11,39.07,1011.31,16.17"
06:15:42,"304,489,489,379,5,20.12,39.06,1011.31,16.17"
06:15:44,"304,490,490,379,5,20.11,39.04,1011.30,16.28"
06:15:46,"304,492,492,379,5,20.12,39.03,1011.29,16.33"
06:15:48,"303,495,495,379,5,20.10,39.01,1011.29,16.31"
06:15:51,"303,498,498,379,5,20.11,38.99,1011.31,16.13"
06:15:53,"303,504,504,379,5,20.11,38.97,1011.30,16.24"
06:15:55,"301,505,505,379,5,20.11,38.97,1011.30,16.24"
06:15:57,"300,508,508,378,5,20.11,38.98,1011.30,16.25"
06:16:00,"300,508,508,378,5,20.11,39.00,1011.29,16.32"
06:16:02,"300,505,505,378,5,20.12,39.04,1011.33,16.03"
06:16:04,"298,504,504,378,5,20.11,39.06,1011.30,16.22"
06:16:06,"298,501,501,378,5,20.11,39.08,1011.26,16.57"
06:16:08,"298,499,499,378,5,20.10,39.05,1011.28,16.40"
06:16:11,"298,501,501,377,5,20.11,39.05,1011.29,16.36"
06:16:13,"297,505,505,378,5,20.11,39.02,1011.28,16.39"
06:16:15,"297,508,508,378,5,20.11,39.03,1011.29,16.34"
06:16:17,"297,508,508,378,5,20.10,39.00,1011.28,16.43"
06:16:19,"297,508,508,378,5,20.11,38.97,1011.30,16.27"
06:16:22,"297,507,507,378,5,20.11,38.96,1011.28,16.38"
06:16:24,"295,501,501,377,5,20.11,38.97,1011.31,16.19"
06:16:26,"294,498,498,377,5,20.11,38.99,1011.29,16.29"
06:16:28,"291,492,492,377,5,20.11,39.01,1011.29,16.36"
06:16:31,"288,486,486,377,5,20.12,39.04,1011.30,16.23"
06:16:33,"285,483,483,377,5,20.13,39.05,1011.32,16.12"
06:16:35,"283,480,480,377,5,20.13,39.05,1011.32,16.11"
06:16:37,"282,477,477,377,5,20.12,39.05,1011.29,16.33"
06:16:39,"279,478,478,377,5,20.11,39.06,1011.29,16.36"
06:16:42,"279,483,483,376,5,20.11,39.06,1011.28,16.45"
06:16:44,"276,486,486,376,5,20.11,39.07,1011.26,16.60"
06:16:46,"274,489,489,377,5,20.12,39.06,1011.29,16.34"
06:16:48,"273,489,489,377,5,20.11,39.04,1011.29,16.36"
06:16:51,"271,486,486,377,5,20.11,39.04,1011.27,16.46"
06:16:53,"270,483,483,377,5,20.12,39.05,1011.26,16.61"
06:16:55,"268,481,481,376,5,20.11,39.04,1011.28,16.39"
06:16:57,"265,480,480,376,5,20.11,39.03,1011.31,16.14"
06:16:59,"261,478,478,376,5,20.12,39.00,1011.30,16.29"
06:17:02,"259,477,477,376,5,20.11,38.98,1011.29,16.35"
06:17:04,"258,480,480,376,5,20.12,39.00,1011.29,16.37"
06:17:06,"255,481,481,376,5,20.12,38.99,1011.30,16.28"
06:17:08,"255,483,483,375,5,20.12,38.97,1011.30,16.27"
06:17:10,"252,484,484,375,5,20.12,39.01,1011.27,16.49"
06:17:13,"252,486,486,375,5,20.11,39.03,1011.29,16.34"
06:17:15,"249,489,489,375,5,20.12,39.03,1011.28,16.40"
06:17:17,"246,489,489,375,5,20.12,39.05,1011.30,16.28"
06:17:19,"244,486,486,375,5,20.12,39.04,1011.29,16.30"
06:17:22,"243,483,483,375,5,20.11,39.05,1011.27,16.50"
06:17:24,"241,477,477,375,5,20.12,39.05,1011.30,16.21"
06:17:26,"240,472,472,375,5,20.11,39.05,1011.30,16.24"
06:17:28,"237,471,471,375,5,20.11,39.06,1011.30,16.24"
06:17:30,"234,472,472,375,5,20.12,39.06,1011.28,16.38"
06:17:33,"234,474,474,375,5,20.12,39.04,1011.32,16.11"
06:17:35,"231,478,478,376,5,20.12,39.02,1011.29,16.34"
06:17:37,"231,481,481,375,5,20.12,39.00,1011.28,16.40"
06:17:39,"229,484,484,375,5,20.12,39.03,1011.32,16.11"
06:17:41,"228,486,486,375,5,20.12,39.01,1011.29,16.37"
06:17:44,"226,489,489,375,5,20.12,39.01,1011.27,16.49"
06:17:46,"225,486,486,375,5,20.11,39.03,1011.29,16.34"
06:17:48,"225,486,486,375,5,20.12,39.03,1011.30,16.21"
06:17:50,"225,486,486,375,5,20.12,39.04,1011.30,16.27"
06:17:53,"223,484,484,375,5,20.13,39.03,1011.27,16.46"
06:17:55,"222,483,483,375,5,20.13,39.00,1011.26,16.59"
06:17:57,"222,483,483,375,5,20.13,38.98,1011.25,16.69"
06:17:59,"222,483,483,375,5,20.13,38.98,1011.29,16.30"
06:18:01,"220,487,487,375,5,20.13,38.98,1011.31,16.15"
06:18:04,"219,492,492,375,5,20.13,38.98,1011.27,16.51"
06:18:06,"216,490,490,375,5,20.13,39.00,1011.29,16.35"
06:18:08,"214,489,489,375,5,20.13,38.99,1011.28,16.40"
06:18:10,"213,484,484,375,5,20.13,39.00,1011.32,16.09"
06:18:12,"210,480,480,375,5,20.13,38.99,1011.31,16.17"
06:18:15,"208,477,477,375,5,20.12,38.99,1011.30,16.23"
06:18:17,"207,477,477,375,5,20.12,38.99,1011.29,16.36"
06:18:19,"205,481,481,375,5,20.13,39.02,1011.31,16.15"
06:18:21,"205,487,487,375,5,20.13,39.02,1011.29,16.35"
06:18:24,"204,495,495,375,5,20.12,38.98,1011.29,16.37"
06:18:26,"204,501,501,375,5,20.12,38.99,1011.29,16.35"
06:18:28,"201,505,505,375,5,20.12,38.99,1011.28,16.44"
06:18:30,"199,505,505,375,5,20.12,38.98,1011.29,16.31"
06:18:32,"198,501,501,375,5,20.12,39.02,1011.28,16.40"
06:18:35,"195,493,493,375,5,20.12,39.04,1011.25,16.69"
06:18:37,"193,490,490,376,5,20.13,39.02,1011.27,16.53"
06:18:39,"192,486,486,375,5,20.12,39.00,1011.24,16.71"
06:18:41,"192,480,480,375,5,20.12,39.03,1011.29,16.30"
06:18:43,"192,477,477,375,5,20.12,39.04,1011.27,16.52"
06:18:46,"192,477,477,375,5,20.12,39.06,1011.25,16.70"
06:18:48,"192,480,480,375,5,20.11,39.01,1011.25,16.67"
06:18:50,"190,486,486,375,5,20.12,39.00,1011.28,16.38"
06:18:52,"190,492,492,375,5,20.12,39.03,1011.26,16.57"
06:18:55,"189,499,501,375,5,20.12,38.89,1011.29,16.37"
06:18:57,"189,508,510,375,5,20.12,38.88,1011.27,16.51"
06:18:59,"186,517,519,375,5,20.12,38.92,1011.26,16.57"
06:19:01,"186,522,523,375,5,20.12,38.93,1011.29,16.35"
06:19:03,"183,525,526,375,5,20.12,38.89,1011.27,16.47"
06:19:06,"181,550,552,375,5,20.12,38.87,1011.26,16.55"
06:19:08,"180,571,571,375,5,20.12,38.90,1011.26,16.59"
06:19:10,"177,591,592,374,5,20.13,38.92,1011.28,16.38"
06:19:12,"177,615,615,374,5,20.13,38.95,1011.26,16.60"
06:19:14,"174,636,636,375,5,20.12,38.95,1011.25,16.64"
06:19:17,"174,651,651,375,5,20.12,38.92,1011.24,16.71"
06:19:19,"172,666,666,375,5,20.12,38.92,1011.25,16.66"
06:19:21,"168,681,681,375,5,20.12,38.95,1011.27,16.50"
06:19:23,"165,688,688,375,5,20.12,38.93,1011.26,16.61"
06:19:26,"163,694,694,375,5,20.13,38.93,1011.28,16.45"
06:19:28,"160,700,700,375,5,20.12,38.93,1011.28,16.42"
06:19:30,"159,708,708,375,5,20.12,38.91,1011.25,16.67"
06:19:32,"157,712,712,375,5,20.12,38.91,1011.26,16.54"
06:19:34,"156,714,714,375,5,20.13,38.93,1011.27,16.49"
06:19:37,"156,723,723,375,5,20.13,38.93,1011.26,16.62"
06:19:39,"156,729,729,375,5,20.13,38.95,1011.25,16.68"
06:19:41,"156,741,741,375,5,20.13,38.98,1011.24,16.74"
06:19:43,"153,748,748,376,5,20.13,39.00,1011.25,16.70"
06:19:45,"153,753,753,376,5,20.13,39.02,1011.26,16.60"
06:19:48,"153,738,738,375,5,20.13,39.03,1011.27,16.48"
06:19:50,"153,724,724,375,5,20.13,39.02,1011.26,16.55"
06:19:52,"153,724,724,375,5,20.13,39.03,1011.26,16.61"
06:19:54,"153,727,727,375,5,20.13,39.03,1011.27,16.50"
06:19:57,"153,729,729,375,5,20.14,39.03,1011.28,16.38"
06:19:59,"153,733,733,376,5,20.14,39.00,1011.27,16.53"
06:20:01,"153,745,745,376,5,20.13,38.99,1011.27,16.54"
06:20:03,"153,760,760,376,5,20.14,38.98,1011.26,16.62"
06:20:05,"153,777,777,376,5,20.14,38.99,1011.26,16.60"
06:20:08,"151,787,787,376,5,20.14,39.00,1011.23,16.84"
06:20:10,"151,789,789,376,5,20.15,38.98,1011.25,16.69"
06:20:12,"150,789,789,376,5,20.15,38.97,1011.28,16.44"
06:20:14,"150,789,789,376,5,20.15,38.95,1011.26,16.59"
06:20:16,"150,792,792,376,5,20.15,38.94,1011.23,16.83"
06:20:19,"150,802,802,376,5,20.15,38.95,1011.24,16.71"
06:20:21,"148,822,822,376,5,20.15,38.94,1011.23,16.83"
06:20:23,"147,835,835,376,5,20.15,38.94,1011.26,16.55"
06:20:25,"147,849,849,376,5,20.16,38.93,1011.28,16.45"
06:20:28,"145,864,864,376,5,20.15,38.91,1011.28,16.43"
06:20:30,"144,870,870,376,5,20.15,38.91,1011.28,16.43"
06:20:32,"144,870,870,376,5,20.15,38.90,1011.25,16.67"
06:20:34,"144,868,868,376,5,20.15,38.91,1011.26,16.57"
06:20:36,"144,879,879,376,5,20.15,38.89,1011.28,16.37"
06:20:39,"142,904,904,376,5,20.14,38.87,1011.29,16.36"
06:20:41,"142,918,918,376,5,20.14,38.84,1011.27,16.51"
06:20:43,"142,921,921,376,5,20.15,38.83,1011.28,16.39"
06:20:45,"142,930,930,376,5,20.14,38.76,1011.23,16.80"
06:20:48,"141,930,930,376,5,20.15,38.73,1011.28,16.43"
06:20:50,"141,930,930,377,5,20.14,38.67,1011.30,16.22"
06:20:52,"141,933,933,376,5,20.14,38.63,1011.29,16.34"
06:20:54,"141,924,924,377,5,20.14,38.63,1011.27,16.53"
06:20:56,"142,909,909,377,5,20.14,38.63,1011.26,16.58"
06:20:59,"142,901,901,377,5,20.14,38.65,1011.27,16.50"
06:21:01,"141,895,895,377,5,20.14,38.68,1011.24,16.72"
06:21:03,"141,892,892,377,5,20.14,38.72,1011.30,16.22"
06:21:05,"141,885,885,377,5,20.14,38.66,1011.26,16.56"
06:21:07,"141,879,879,377,5,20.14,38.65,1011.25,16.69"
06:21:10,"141,876,876,377,5,20.14,38.61,1011.29,16.36"
06:21:12,"141,885,885,377,5,20.15,38.60,1011.27,16.46"
06:21:14,"141,903,903,377,5,20.15,38.60,1011.26,16.55"
06:21:16,"138,930,930,377,5,20.15,38.58,1011.26,16.59"
06:21:19,"138,957,957,377,5,20.14,38.57,1011.27,16.50"
06:21:21,"136,1002,1002,377,5,20.14,38.57,1011.26,16.58"
06:21:23,"136,1018,1018,377,5,20.14,38.57,1011.28,16.42"
06:21:25,"136,1047,1047,377,5,20.14,38.57,1011.26,16.56"
06:21:27,"138,1071,1071,377,5,20.15,38.58,1011.26,16.57"
06:21:30,"138,1095,1095,378,5,20.15,38.60,1011.29,16.33"
06:21:32,"138,1116,1116,378,5,20.14,38.62,1011.27,16.54"
06:21:34,"139,1137,1137,378,5,20.13,38.65,1011.28,16.41"
06:21:36,"139,1152,1152,378,5,20.14,38.67,1011.28,16.40"
06:21:38,"139,1179,1179,378,5,20.14,38.65,1011.28,16.40"
06:21:41,"139,1189,1189,378,5,20.14,38.66,1011.29,16.30"
06:21:43,"139,1224,1224,378,5,20.15,38.74,1011.28,16.45"
06:21:45,"138,1234,1234,378,5,20.15,38.79,1011.30,16.25"
06:21:47,"138,1252,1252,378,5,20.16,38.82,1011.28,16.42"
06:21:50,"136,1264,1264,378,5,20.15,38.83,1011.30,16.27"
06:21:52,"135,1273,1273,379,5,20.15,38.84,1011.28,16.45"
06:21:54,"135,1272,1272,379,5,20.15,38.86,1011.27,16.48"
06:21:56,"135,1275,1275,379,5,20.16,38.88,1011.29,16.32"
06:21:58,"136,1279,1279,379,5,20.16,38.84,1011.28,16.39"
06:22:01,"138,1270,1270,379,5,20.15,38.84,1011.28,16.40"
06:22:03,"139,1261,1261,379,5,20.17,38.86,1011.31,16.17"
06:22:05,"139,1263,1263,379,5,20.17,38.86,1011.29,16.30"
06:22:07,"139,1266,1266,379,5,20.17,38.85,1011.28,16.45"
06:22:09,"139,1267,1267,379,5,20.17,38.83,1011.29,16.33"
06:22:12,"139,1266,1266,379,5,20.17,38.83,1011.29,16.31"
06:22:14,"139,1264,1264,379,5,20.18,38.83,1011.29,16.30"
06:22:16,"138,1273,1273,379,5,20.17,38.83,1011.27,16.52"
06:22:18,"138,1296,1296,379,5,20.18,38.83,1011.28,16.37"
06:22:21,"138,1314,1314,379,5,20.17,38.85,1011.28,16.45"
06:22:23,"136,1326,1326,380,5,20.17,38.83,1011.30,16.22"
06:22:25,"136,1332,1332,379,5,20.17,38.85,1011.28,16.44"
06:22:27,"136,1338,1339,379,5,20.18,38.85,1011.29,16.37"
06:22:29,"136,1344,1344,379,5,20.17,38.85,1011.31,16.14"
06:22:32,"136,1344,1344,379,5,20.17,38.85,1011.29,16.32"
06:22:34,"136,1344,1344,380,5,20.17,38.86,1011.28,16.40"
06:22:36,"136,1332,1333,379,5,20.16,38.84,1011.29,16.31"
06:22:38,"136,1312,1312,378,5,20.16,38.86,1011.31,16.20"
06:22:40,"135,1290,1290,379,5,20.16,38.83,1011.30,16.26"
06:22:43,"135,1282,1282,378,5,20.16,38.82,1011.28,16.42"
06:22:45,"138,1288,1288,378,5,20.16,38.81,1011.28,16.40"
06:22:47,"138,1293,1293,379,5,20.17,38.68,1011.31,16.12"
06:22:49,"139,1302,1302,379,5,20.17,38.59,1011.31,16.16"
06:22:52,"141,1317,1317,379,5,20.16,38.53,1011.31,16.19"
06:22:54,"139,1315,1315,378,5,20.16,38.54,1011.31,16.17"
06:22:56,"138,1308,1308,378,5,20.16,38.60,1011.31,16.16"
06:22:58,"138,1296,1296,378,5,20.16,38.61,1011.30,16.23"
06:23:00,"138,1300,1300,378,5,20.15,38.64,1011.28,16.42"
06:23:03,"138,1311,1311,378,5,20.16,38.66,1011.31,16.15"
06:23:05,"138,1329,1329,378,5,20.16,38.65,1011.31,16.20"
06:23:07,"139,1336,1336,378,5,20.15,38.65,1011.31,16.20"
06:23:09,"139,1341,1341,378,5,20.15,38.66,1011.33,15.98"
06:23:11,"141,1339,1339,378,5,20.15,38.61,1011.31,16.16"
06:23:14,"141,1344,1344,377,5,20.15,38.62,1011.31,16.13"
06:23:16,"141,1356,1356,377,5,20.15,38.63,1011.29,16.32"
06:23:18,"141,1365,1365,377,5,20.14,38.63,1011.33,16.02"
06:23:20,"141,1371,1371,377,5,20.14,38.62,1011.32,16.12"
06:23:23,"139,1380,1380,377,5,20.14,38.62,1011.30,16.21"
06:23:25,"138,1377,1377,377,5,20.14,38.62,1011.31,16.17"
06:23:27,"138,1374,1374,377,5,20.14,38.63,1011.28,16.42"
06:23:29,"136,1375,1375,377,5,20.14,38.63,1011.33,16.00"
06:23:31,"135,1371,1371,377,5,20.15,38.66,1011.33,16.01"
06:23:34,"135,1365,1365,377,5,20.14,38.63,1011.33,16.01"
06:23:36,"132,1360,1360,377,5,20.14,38.60,1011.34,15.95"
06:23:38,"132,1354,1354,377,5,20.14,38.59,1011.33,16.00"
06:23:40,"133,1356,1356,376,5,20.14,38.62,1011.34,15.92"
06:23:42,"135,1344,1344,377,5,20.13,38.63,1011.34,15.91"
06:23:45,"135,1333,1333,376,5,20.14,38.67,1011.34,15.88"
06:23:47,"135,1342,1342,377,5,20.14,38.70,1011.33,16.01"
06:23:49,"136,1362,1362,377,5,20.14,38.74,1011.33,16.03"
06:23:51,"135,1377,1377,377,5,20.14,38.75,1011.36,15.78"
06:23:54,"136,1389,1389,377,5,20.13,38.75,1011.32,16.07"
06:23:56,"136,1393,1393,377,5,20.13,38.75,1011.32,16.09"
06:23:58,"136,1405,1405,377,5,20.13,38.75,1011.31,16.13"
06:24:00,"136,1411,1411,377,5,20.12,38.74,1011.33,15.99"
06:24:02,"138,1419,1419,377,5,20.13,38.72,1011.32,16.05"
06:24:05,"138,1428,1428,377,5,20.13,38.73,1011.33,16.02"
06:24:07,"138,1431,1431,377,5,20.13,38.74,1011.31,16.15"
06:24:09,"138,1420,1420,376,5,20.13,38.74,1011.32,16.09"
06:24:11,"136,1413,1413,376,5,20.13,38.74,1011.32,16.12"
06:24:13,"136,1410,1410,376,5,20.13,38.74,1011.34,15.94"
06:24:16,"136,1410,1410,376,5,20.13,38.75,1011.36,15.78"
06:24:18,"138,1402,1402,375,5,20.13,38.74,1011.35,15.82"
06:24:20,"138,1398,1398,375,5,20.13,38.74,1011.33,16.04"
06:24:22,"138,1404,1404,375,5,20.13,38.73,1011.35,15.85"
06:24:25,"9,1414,1414,375,5,20.14,38.75,1011.32,16.05"
06:24:27,"141,1413,1413,375,5,20.13,38.73,1011.30,16.22"
06:24:29,"141,1408,1408,375,5,20.13,38.70,1011.29,16.35"
06:24:31,"141,1399,1399,374,5,20.13,38.69,1011.32,16.09"
06:24:33,"142,1387,1387,374,5,20.14,38.66,1011.34,15.88"
06:24:36,"142,1383,1383,374,5,20.14,38.66,1011.36,15.76"
06:24:38,"142,1380,1380,374,5,20.14,38.63,1011.33,15.98"
06:24:40,"141,1384,1384,374,5,20.14,38.63,1011.37,15.67"
06:24:42,"141,1392,1392,374,5,20.14,38.63,1011.33,16.00"
06:24:45,"138,1393,1393,374,5,20.13,38.61,1011.34,15.93"
06:24:47,"136,1398,1398,374,5,20.13,38.62,1011.36,15.78"
06:24:49,"135,1422,1422,374,5,20.13,38.66,1011.33,15.98"
06:24:51,"135,1428,1428,374,5,20.14,38.67,1011.36,15.74"
06:24:53,"135,1426,1426,374,5,20.14,38.68,1011.33,16.01"
06:24:56,"135,1434,1434,374,5,20.14,38.69,1011.33,15.96"
06:24:58,"136,1450,1450,374,5,20.13,38.73,1011.34,15.92"
06:25:00,"136,1461,1461,373,5,20.13,38.71,1011.34,15.95"
06:25:02,"138,1465,1465,373,5,20.13,38.74,1011.34,15.90"
06:25:04,"138,1461,1461,373,5,20.12,38.77,1011.33,16.02"
06:25:07,"138,1452,1452,373,5,20.12,38.75,1011.31,16.17"
06:25:09,"138,1444,1444,373,5,20.13,38.77,1011.34,15.95"
06:25:11,"139,1446,1446,373,5,20.13,38.76,1011.36,15.71"
06:25:13,"138,1441,1441,373,5,20.13,38.75,1011.35,15.80"
06:25:16,"138,1437,1437,373,5,20.13,38.68,1011.34,15.88"
06:25:18,"138,1437,1437,373,5,20.13,38.75,1011.32,16.08"
06:25:20,"136,1431,1431,373,5,20.13,38.76,1011.37,15.69"
06:25:22,"135,1414,1414,373,5,20.13,38.73,1011.36,15.77"
06:25:24,"135,1417,1417,373,5,20.13,38.73,1011.33,16.01"
06:25:27,"135,1407,1407,373,5,20.13,38.77,1011.34,15.95"
06:25:29,"135,1387,1387,373,5,20.13,38.81,1011.34,15.92"
06:25:31,"135,1381,1381,373,5,20.13,38.82,1011.34,15.92"
06:25:33,"138,1398,1398,372,5,20.13,38.81,1011.32,16.11"
06:25:35,"138,1414,1414,372,5,20.12,38.77,1011.35,15.82"
06:25:38,"139,1429,1429,373,5,20.12,38.76,1011.32,16.07"
06:25:40,"139,1438,1438,373,5,20.13,38.77,1011.36,15.78"
06:25:42,"138,1443,1443,373,5,20.13,38.78,1011.34,15.88"
06:25:44,"138,1443,1443,372,5,20.13,38.71,1011.35,15.86"
06:25:47,"136,1440,1440,373,5,20.13,38.69,1011.32,16.05"
06:25:49,"135,1428,1428,373,5,20.13,38.71,1011.33,16.01"
06:25:51,"133,1407,1407,373,5,20.13,38.70,1011.32,16.12"
06:25:53,"132,1398,1398,373,5,20.12,38.67,1011.30,16.27"
06:25:55,"132,1387,1387,373,5,20.13,38.68,1011.35,15.86"
06:25:58,"132,1374,1374,373,5,20.13,38.69,1011.32,16.11"
06:26:00,"132,1380,1380,373,5,20.13,38.70,1011.31,16.15"
06:26:02,"132,1377,1377,373,5,20.13,38.72,1011.37,15.64"
06:26:04,"130,1362,1362,373,5,20.13,38.71,1011.33,15.97"
06:26:06,"130,1374,1374,373,5,20.13,38.70,1011.34,15.88"
06:26:09,"132,1401,1401,372,5,20.13,38.70,1011.34,15.93"
06:26:11,"132,1420,1420,372,5,20.13,38.74,1011.33,15.96"
06:26:13,"132,1428,1428,372,5,20.13,38.73,1011.33,16.02"
06:26:15,"132,1426,1426,372,5,20.13,38.73,1011.32,16.07"
06:26:18,"133,1422,1422,372,5,20.13,38.73,1011.33,16.03"
06:26:20,"133,1422,1422,372,5,20.13,38.75,1011.36,15.76"
06:26:22,"133,1425,1425,372,5,20.13,38.74,1011.36,15.77"
06:26:24,"135,1434,1434,372,5,20.13,38.73,1011.33,16.00"
06:26:26,"135,1438,1438,372,5,20.13,38.75,1011.35,15.81"
06:26:29,"133,1446,1446,372,5,20.14,38.77,1011.35,15.81"
06:26:31,"135,1438,1438,372,5,20.13,38.77,1011.33,16.01"
06:26:33,"135,1429,1429,372,5,20.13,38.78,1011.31,16.20"
06:26:35,"135,1425,1425,372,5,20.13,38.78,1011.31,16.14"
06:26:37,"136,1408,1408,371,5,20.13,38.80,1011.33,15.97"
06:26:40,"138,1372,1372,372,5,20.14,38.80,1011.33,16.00"
06:26:42,"138,1359,1359,371,5,20.13,38.79,1011.30,16.22"
06:26:44,"138,1351,1351,371,5,20.14,38.77,1011.30,16.22"
06:26:46,"136,1353,1353,371,5,20.14,38.76,1011.33,16.01"
06:26:49,"136,1353,1353,371,5,20.13,38.74,1011.31,16.13"
06:26:51,"135,1362,1362,371,5,20.14,38.72,1011.31,16.14"
06:26:53,"135,1371,1371,371,5,20.13,38.75,1011.31,16.18"
06:26:55,"133,1398,1398,371,5,20.13,38.76,1011.31,16.18"
06:26:57,"133,1408,1408,371,5,20.14,38.73,1011.33,15.98"
06:27:00,"2,1414,1414,371,5,20.13,38.70,1011.30,16.27"
06:27:02,"132,1413,1413,371,5,20.13,38.70,1011.30,16.29"
06:27:04,"132,1408,1408,370,5,20.13,38.65,1011.32,16.06"
06:27:06,"132,1395,1395,370,5,20.13,38.67,1011.28,16.41"
06:27:08,"133,1384,1384,370,5,20.13,38.66,1011.30,16.29"
06:27:11,"135,1389,1389,370,5,20.14,38.61,1011.31,16.18"
06:27:13,"138,1380,1380,370,5,20.14,38.66,1011.29,16.33"
06:27:15,"138,1369,1369,370,5,20.14,38.69,1011.29,16.30"
06:27:17,"138,1384,1384,371,5,20.14,38.69,1011.33,16.01"
06:27:20,"139,1393,1393,371,5,20.14,38.72,1011.32,16.11"
06:27:22,"141,1404,1404,370,5,20.14,38.72,1011.33,15.98"
06:27:24,"141,1405,1405,371,5,20.13,38.69,1011.30,16.24"
06:27:26,"141,1401,1401,371,5,20.14,38.72,1011.31,16.19"
06:27:28,"141,1395,1395,371,5,20.14,38.73,1011.34,15.93"
06:27:31,"139,1398,1398,371,5,20.14,38.74,1011.32,16.11"
06:27:33,"138,1393,1393,371,5,20.13,38.76,1011.32,16.09"
06:27:35,"138,1387,1387,370,5,20.14,38.75,1011.35,15.87"
06:27:37,"138,1383,1383,370,5,20.14,38.74,1011.32,16.11"
06:27:39,"135,1375,1375,370,5,20.14,38.70,1011.29,16.37"
06:27:42,"133,1371,1371,370,5,20.14,38.68,1011.33,15.99"
06:27:44,"133,1369,1369,370,5,20.14,38.67,1011.33,16.03"
06:27:46,"133,1380,1380,371,5,20.14,38.68,1011.34,15.93"
06:27:48,"135,1389,1389,371,5,20.14,38.69,1011.32,16.05"
06:27:51,"135,1401,1401,371,5,20.14,38.74,1011.33,16.01"
06:27:53,"138,1405,1405,371,5,20.14,38.74,1011.30,16.22"
06:27:55,"1408,1408,371,5,20.14,38.74,1011.31,16.17"
06:27:57,"139,1405,1405,371,5,20.14,38.72,1011.30,16.24"
06:27:59,"139,1398,1398,372,5,20.14,38.72,1011.31,16.15"
06:28:02,"139,1395,1395,372,5,20.13,38.73,1011.29,16.33"
06:28:04,"139,1410,1410,372,5,20.15,38.74,1011.34,15.94"
06:28:06,"139,1425,1425,372,5,20.15,38.75,1011.33,15.99"
06:28:08,"138,1429,1429,372,5,20.13,38.75,1011.30,16.27"
06:28:11,"136,1429,1429,372,5,20.14,38.74,1011.34,15.95"
06:28:13,"136,1426,1426,372,5,20.14,38.72,1011.29,16.31"
06:28:15,"136,1422,1422,372,5,20.14,38.67,1011.33,15.99"
06:28:17,"136,1423,1423,372,5,20.14,38.66,1011.32,16.05"
06:28:19,"136,1413,1413,372,5,20.14,38.72,1011.31,16.18"
06:28:22,"136,1401,1401,372,5,20.13,38.71,1011.31,16.16"
06:28:24,"136,1392,1392,372,5,20.13,38.73,1011.32,16.09"
06:28:26,"136,1386,1386,373,5,20.13,38.74,1011.33,16.04"
06:28:28,"135,1374,1374,373,5,20.14,38.76,1011.31,16.19"
06:28:30,"138,1390,1390,373,5,20.14,38.77,1011.33,16.02"
06:28:33,"138,1392,1392,373,5,20.13,38.80,1011.29,16.31"
06:28:35,"138,1389,1389,373,5,20.14,38.79,1011.29,16.36"
06:28:37,"138,1389,1389,373,5,20.14,38.76,1011.30,16.21"
06:28:39,"138,1398,1398,373,5,20.14,38.79,1011.31,16.18"
06:28:42,"138,1401,1401,373,5,20.14,38.79,1011.31,16.18"
06:28:44,"139,1392,1392,374,5,20.14,38.80,1011.34,15.93"
06:28:46,"139,1380,1380,374,5,20.14,38.79,1011.32,16.10"
06:28:48,"139,1378,1378,374,5,20.14,38.80,1011.32,16.10"
06:28:50,"138,1374,1374,374,5,20.14,38.80,1011.30,16.26"
06:28:53,"138,1383,1383,374,5,20.14,38.81,1011.31,16.19"
06:28:55,"138,1395,1395,374,5,20.13,38.79,1011.30,16.24"
06:28:57,"138,1404,1404,374,5,20.14,38.77,1011.31,16.15"
06:28:59,"136,1408,1408,374,5,20.13,38.74,1011.28,16.45"
06:29:01,"136,1402,1402,374,5,20.13,38.70,1011.30,16.26"
06:29:04,"136,1384,1384,373,5,20.14,38.69,1011.31,16.14"
06:29:06,"138,1384,1384,373,5,20.14,38.73,1011.31,16.12"
06:29:08,"8,1374,1374,374,5,20.14,38.77,1011.33,16.02"
06:29:10,"138,1359,1359,373,5,20.14,38.69,1011.32,16.11"
06:29:13,"139,1347,1347,373,5,20.14,38.77,1011.32,16.12"
06:29:15,"141,1347,1347,373,5,20.14,38.75,1011.31,16.15"
06:29:17,"141,1350,1350,374,5,20.13,38.75,1011.29,16.34"
06:29:19,"141,1347,1347,374,5,20.13,38.72,1011.31,16.20"
06:29:21,"141,1339,1339,374,5,20.13,38.68,1011.27,16.47"
06:29:24,"139,1350,1350,374,5,20.13,38.69,1011.31,16.17"
06:29:26,"138,1359,1359,373,5,20.14,38.68,1011.32,16.11"
06:29:28,"135,1374,1374,373,5,20.14,38.70,1011.30,16.25"
06:29:30,"135,1384,1384,373,5,20.14,38.72,1011.29,16.30"
06:29:32,"133,1383,1383,373,5,20.14,38.73,1011.33,15.99"
06:29:35,"133,1380,1380,373,5,20.14,38.71,1011.31,16.15"
06:29:37,"132,1377,1377,373,5,20.14,38.69,1011.32,16.10"
06:29:39,"132,1365,1365,373,5,20.13,38.66,1011.29,16.31"
06:29:41,"132,1371,1371,373,5,20.14,38.67,1011.31,16.12"
06:29:44,"132,1372,1372,373,5,20.13,38.67,1011.31,16.16"
06:29:46,"132,1372,1372,373,5,20.14,38.68,1011.30,16.26"
06:29:48,"132,1393,1393,373,5,20.13,38.68,1011.31,16.14"
06:29:50,"133,1410,1410,373,5,20.14,38.72,1011.33,16.00"
06:29:52,"135,1425,1425,373,5,20.14,38.70,1011.29,16.35"
06:29:55,"135,1425,1425,373,5,20.14,38.73,1011.30,16.26"
06:29:57,"135,1407,1407,373,5,20.14,38.76,1011.29,16.31"
06:29:59,"135,1401,1401,373,5,20.13,38.75,1011.32,16.10"
06:30:01,"135,1389,1389,373,5,20.14,38.77,1011.32,16.06"
06:30:03,"133,1386,1386,373,5,20.13,38.79,1011.30,16.27"
06:30:06,"132,1383,1383,373,5,20.13,38.80,1011.33,16.04"
06:30:08,"132,1384,1384,373,5,20.13,38.81,1011.30,16.23"
06:30:10,"132,1392,1392,373,5,20.12,38.83,1011.29,16.29"
06:30:12,"130,1389,1389,373,5,20.13,38.84,1011.32,16.05"
06:30:15,"132,1377,1377,373,5,20.13,38.85,1011.33,16.03"
06:30:17,"132,1374,1374,373,5,20.14,38.81,1011.31,16.14"
06:30:19,"132,1365,1365,373,5,20.13,38.77,1011.30,16.22"
06:30:21,"132,1350,1350,373,5,20.14,38.79,1011.31,16.20"
06:30:23,"132,1362,1362,373,5,20.14,38.77,1011.33,15.97"
06:30:26,"132,1369,1369,373,5,20.13,38.81,1011.29,16.31"
06:30:28,"132,1381,1381,373,5,20.13,38.82,1011.30,16.23"
06:30:30,"133,1375,1375,373,5,20.12,38.83,1011.31,16.20"
06:30:32,"135,1366,1366,373,5,20.14,38.79,1011.31,16.14"
06:30:34,"135,1359,1359,373,5,20.13,38.69,1011.31,16.13"
06:30:37,"136,1360,1360,373,5,20.14,38.68,1011.35,15.86"
06:30:39,"135,1360,1360,373,5,20.14,38.70,1011.32,16.06"
06:30:41,"135,1362,1362,373,5,20.13,38.68,1011.33,15.96"
06:30:43,"135,1365,1365,373,5,20.13,38.71,1011.33,16.04"
06:30:46,"133,1369,1369,373,5,20.14,38.70,1011.32,16.07"
06:30:48,"132,1371,1371,373,5,20.13,38.68,1011.32,16.11"
06:30:50,"132,1377,1377,373,5,20.13,38.68,1011.32,16.11"
06:30:52,"132,1393,1393,374,5,20.13,38.72,1011.33,16.00"
06:30:54,"132,1395,1395,373,5,20.13,38.67,1011.32,16.07"
06:30:57,"132,1390,1390,373,5,20.13,38.66,1011.34,15.95"
06:30:59,"133,1401,1401,373,5,20.13,38.68,1011.34,15.91"
06:31:01,"135,1410,1410,373,5,20.13,38.71,1011.34,15.93"
06:31:03,"135,1422,1422,374,5,20.14,38.75,1011.34,15.88"
06:31:05,"135,1428,1428,374,5,20.13,38.75,1011.34,15.94"
06:31:08,"135,1434,1434,374,5,20.13,38.79,1011.32,16.12"
06:31:10,"135,1443,1443,373,5,20.14,38.77,1011.36,15.77"
06:31:12,"133,1452,1452,373,5,20.13,38.77,1011.30,16.26"
06:31:14,"133,1446,1446,373,5,20.13,38.76,1011.33,16.00"
06:31:17,"135,1438,1438,373,5,20.13,38.77,1011.34,15.92"
06:31:19,"135,1428,1428,373,5,20.12,38.73,1011.36,15.76"
06:31:21,"135,1416,1416,373,5,20.13,38.70,1011.35,15.79"
06:31:23,"135,1410,1410,373,5,20.14,38.68,1011.38,15.62"
06:31:25,"135,1404,1404,373,5,20.13,38.73,1011.32,16.05"
06:31:28,"135,1411,1411,373,5,20.12,38.73,1011.34,15.90"
06:31:30,"35,1410,1410,374,5,20.13,38.76,1011.34,15.90"
06:31:32,"135,1411,1411,374,5,20.13,38.77,1011.33,16.04"
06:31:34,"135,1419,1419,374,5,20.12,38.75,1011.37,15.64"
06:31:37,"135,1435,1435,374,5,20.12,38.75,1011.35,15.80"
06:31:39,"135,1431,1431,374,5,20.13,38.75,1011.38,15.59"
06:31:41,"135,1419,1419,374,5,20.13,38.77,1011.40,15.41"
06:31:43,"135,1404,1404,374,5,20.13,38.78,1011.34,15.89"
06:31:45,"133,1392,1392,374,5,20.13,38.78,1011.36,15.72"
06:31:48,"135,1390,1390,374,5,20.13,38.80,1011.39,15.47"
06:31:50,"133,1383,1383,375,5,20.14,38.75,1011.38,15.61"
06:31:52,"133,1380,1380,374,5,20.13,38.69,1011.38,15.60"
06:31:54,"133,1374,1374,374,5,20.13,38.69,1011.39,15.50"
06:31:56,"132,1362,1362,374,5,20.13,38.75,1011.39,15.49"
06:31:59,"132,1351,1351,374,5,20.13,38.77,1011.41,15.32"
06:32:01,"132,1344,1344,374,5,20.13,38.78,1011.38,15.57"
06:32:03,"133,1335,1335,374,5,20.13,38.80,1011.39,15.49"
06:32:05,"135,1329,1329,374,5,20.13,38.78,1011.40,15.45"
06:32:08,"135,1314,1314,374,5,20.14,38.79,1011.39,15.48"
06:32:10,"135,1326,1326,374,5,20.13,38.81,1011.41,15.35"
06:32:12,"135,1341,1341,374,5,20.13,38.80,1011.39,15.51"
06:32:14,"135,1350,1350,374,5,20.13,38.80,1011.39,15.53"
06:32:16,"133,1359,1359,374,5,20.12,38.81,1011.38,15.61"
06:32:19,"133,1365,1365,374,5,20.12,38.81,1011.39,15.47"
06:32:21,"132,1372,1372,374,5,20.12,38.81,1011.40,15.45"
06:32:23,"132,1383,1383,374,5,20.12,38.80,1011.41,15.35"
06:32:25,"132,1389,1389,374,5,20.13,38.80,1011.40,15.41"
06:32:27,"132,1392,1392,374,5,20.13,38.78,1011.42,15.24"
06:32:30,"132,1390,1390,374,5,20.12,38.78,1011.41,15.30"
06:32:32,"130,1378,1378,374,5,20.13,38.76,1011.40,15.40"
06:32:34,"129,1368,1368,374,5,20.12,38.77,1011.38,15.60"
06:32:36,"129,1362,1362,374,5,20.12,38.76,1011.39,15.51"
06:32:39,"132,1362,1362,374,5,20.12,38.77,1011.41,15.30"
06:32:41,"132,1356,1356,374,5,20.12,38.78,1011.41,15.31"
06:32:43,"133,1357,1357,374,5,20.12,38.78,1011.37,15.64"
06:32:45,"135,1368,1368,373,5,20.12,38.78,1011.40,15.39"
06:32:47,"135,1378,1378,374,5,20.12,38.81,1011.41,15.36"
06:32:50,"135,1378,1378,374,5,20.12,38.79,1011.40,15.40"
06:32:52,"135,1371,1371,374,5,20.12,38.77,1011.40,15.41"
06:32:54,"5,1366,1366,374,5,20.12,38.77,1011.43,15.14"
06:32:56,"135,1363,1363,374,5,20.13,38.78,1011.46,14.94"
06:32:58,"135,1366,1366,374,5,20.12,38.80,1011.42,15.24"
06:33:01,"133,1365,1365,374,5,20.12,38.79,1011.43,15.19"
06:33:03,"133,1365,1365,374,5,20.11,38.79,1011.42,15.22"
06:33:05,"133,1359,1359,374,5,20.11,38.78,1011.40,15.39"
06:33:07,"133,1353,1353,374,5,20.11,38.79,1011.42,15.29"
06:33:10,"133,1335,1335,374,5,20.11,38.78,1011.43,15.13"
06:33:12,"135,1347,1347,374,5,20.11,38.79,1011.44,15.07"
06:33:14,"136,1350,1350,374,5,20.12,38.83,1011.49,14.66"
06:33:16,"138,1351,1351,374,5,20.11,38.85,1011.47,14.86"
06:33:18,"138,1356,1356,374,5,20.11,38.85,1011.46,14.94"
06:33:21,"138,1356,1356,374,5,20.10,38.82,1011.45,15.00"
06:33:23,"138,1354,1354,374,5,20.11,38.79,1011.42,15.25"
06:33:25,"136,1347,1347,374,5,20.11,38.79,1011.45,15.01"
06:33:27,"135,1329,1329,374,5,20.12,38.84,1011.46,14.95"
06:33:29,"135,1342,1342,374,5,20.12,38.86,1011.47,14.86"
06:33:32,"133,1353,1353,374,5,20.11,38.88,1011.44,15.04"
06:33:34,"133,1365,1365,374,5,20.12,38.85,1011.46,14.92"
06:33:36,"133,1368,1368,374,5,20.11,38.86,1011.46,14.90"
06:33:38,"133,1366,1366,374,5,20.13,38.87,1011.47,14.82"
06:33:41,"132,1363,1363,374,5,20.12,38.81,1011.48,14.75"
06:33:43,"130,1365,1365,374,5,20.12,38.77,1011.48,14.75"
06:33:45,"129,1359,1359,374,5,20.12,38.77,1011.44,15.08"
06:33:47,"129,1377,1377,374,5,20.13,38.80,1011.49,14.67"
06:33:49,"129,1387,1387,374,5,20.12,38.82,1011.48,14.75"
06:33:52,"129,1393,1393,374,5,20.12,38.83,1011.49,14.69"
06:33:54,"130,1399,1399,374,5,20.11,38.84,1011.47,14.85"
06:33:56,"132,1419,1419,374,5,20.12,38.83,1011.47,14.80"
06:33:58,"135,1429,1429,374,5,20.11,38.78,1011.48,14.79"
06:34:00,"136,1419,1419,374,5,20.12,38.81,1011.47,14.80"
06:34:03,"138,1407,1407,374,5,20.12,38.80,1011.50,14.60"
06:34:05,"138,1396,1396,374,5,20.12,38.81,1011.48,14.72"
06:34:07,"138,1386,1386,374,5,20.12,38.81,1011.50,14.58"
06:34:09,"138,1377,1377,374,5,20.12,38.81,1011.49,14.63"
06:34:12,"138,1369,1369,374,5,20.12,38.83,1011.50,14.84"
06:34:14,"138,1356,1356,374,5,20.13,38.81,1011.53,14.37"
06:34:16,"138,1348,1350,373,5,20.12,38.82,1011.50,14.61"
06:34:18,"136,1333,1333,374,5,20.13,38.78,1011.52,14.43"
06:34:20,"135,1323,1323,374,5,20.13,38.77,1011.52,14.39"
06:34:23,"135,1335,1335,373,5,20.12,38.77,1011.50,14.56"
06:34:25,"135,1339,1341,374,5,20.12,38.79,1011.50,14.61"
06:34:27,"135,1341,1341,374,5,20.13,38.80,1011.54,14.26"
06:34:29,"136,1353,1353,373,5,20.12,38.81,1011.51,14.52"
06:34:31,"136,1356,1357,373,5,20.13,38.81,1011.52,14.44"
06:34:34,"136,1365,1365,374,5,20.13,38.78,1011.54,14.23"
06:34:36,"135,1356,1356,373,5,20.13,38.81,1011.52,14.40"
06:34:38,"133,1348,1350,373,5,20.12,38.82,1011.53,14.32"
06:34:40,"132,1353,1353,373,5,20.13,38.81,1011.51,14.53"
06:34:43,"132,1359,1359,373,5,20.13,38.82,1011.52,14.41"
06:34:45,"132,1357,1357,373,5,20.14,38.81,1011.55,14.18"
06:34:47,"132,1363,1363,374,5,20.13,38.75,1011.52,14.41"
06:34:49,"132,1357,1357,373,5,20.14,38.75,1011.52,14.39"
06:34:51,"132,1350,1350,373,5,20.13,38.77,1011.52,14.39"
06:34:54,"132,1341,1341,373,5,20.14,38.77,1011.53,14.48"
06:34:56,"132,1338,1338,373,5,20.14,38.77,1011.52,14.39"
06:34:58,"132,1344,1344,373,5,20.13,38.78,1011.50,14.59"
06:35:00,"133,1332,1332,373,5,20.14,38.76,1011.52,14.38"
06:35:02,"132,1315,1315,373,5,20.14,38.74,1011.54,14.26"
06:35:05,"133,1326,1326,373,5,20.13,38.73,1011.53,14.30"
06:35:07,"133,1336,1336,373,5,20.13,38.73,1011.52,14.42"
06:35:09,"135,1353,1353,373,5,20.12,38.74,1011.51,14.49"
06:35:11,"135,1365,1365,373,5,20.12,38.75,1011.51,14.51"
06:35:14,"135,1380,1380,373,5,20.13,38.75,1011.55,14.14"
06:35:16,"135,1386,1386,373,5,20.12,38.77,1011.52,14.42"
06:35:18,"133,1392,1392,373,5,20.12,38.77,1011.54,14.28"
06:35:20,"132,1390,1390,373,5,20.13,38.78,1011.55,14.15"
06:35:22,"132,1405,1405,373,5,20.13,38.82,1011.56,14.09"
06:35:25,"133,1404,1404,373,5,20.12,38.81,1011.54,14.20"
06:35:27,"135,1386,1386,373,5,20.12,38.81,1011.53,14.34"
06:35:29,"135,1380,1380,373,5,20.12,38.81,1011.56,14.07"
06:35:31,"135,1363,1363,373,5,20.12,38.82,1011.53,14.30"
06:35:34,",1357,1357,373,5,20.12,38.82,1011.56,14.04"
06:35:36,"133,1351,1351,374,5,20.12,38.82,1011.56,14.10"
06:35:38,"132,1339,1339,374,5,20.12,38.82,1011.58,13.95"
06:35:40,"132,1350,1350,374,5,20.12,38.78,1011.59,13.86"
06:35:42,"133,1357,1357,374,5,20.12,38.73,1011.54,14.27"
06:35:45,"135,1362,1362,373,5,20.12,38.74,1011.55,14.13"
06:35:47,"135,1362,1362,373,5,20.12,38.74,1011.59,13.85"
06:35:49,"136,1354,1354,373,5,20.13,38.74,1011.59,13.89"
06:35:51,"136,1350,1350,373,5,20.12,38.76,1011.56,14.06"
06:35:53,"135,1345,1345,373,5,20.12,38.76,1011.57,13.97"
06:35:56,"135,1335,1335,373,5,20.12,38.76,1011.53,14.32"
06:35:58,"135,1344,1344,374,5,20.12,38.77,1011.57,14.04"
06:36:00,"135,1344,1344,374,5,20.12,38.74,1011.55,14.13"
06:36:02,"135,1332,1332,374,5,20.13,38.74,1011.55,14.14"
06:36:05,"136,1341,1341,374,5,20.12,38.75,1011.56,14.11"
06:36:07,"136,1347,1347,374,5,20.12,38.76,1011.53,14.32"
06:36:09,"136,1353,1353,374,5,20.12,38.74,1011.55,14.14"
06:36:11,"138,1350,1350,374,5,20.12,38.74,1011.58,13.92"
06:36:13,"138,1341,1341,374,5,20.13,38.77,1011.58,13.91"
06:36:16,"139,1344,1344,374,5,20.12,38.77,1011.55,14.13"
06:36:18,"139,1356,1356,374,5,20.13,38.75,1011.57,13.99"
06:36:20,"138,1360,1360,374,5,20.13,38.74,1011.59,13.87"
06:36:22,"138,1372,1372,374,5,20.13,38.73,1011.58,13.90"
06:36:24,"138,1381,1381,374,5,20.13,38.73,1011.57,13.99"
06:36:27,"136,1390,1390,374,5,20.13,38.74,1011.59,13.85"
06:36:29,"136,1386,1386,374,5,20.13,38.73,1011.57,13.97"
06:36:31,"136,1381,1381,374,5,20.13,38.77,1011.58,13.91"
06:36:33,"136,1380,1380,374,5,20.13,38.81,1011.59,13.86"
06:36:36,"136,1371,1371,374,5,20.13,38.82,1011.57,14.02"
06:36:38,"135,1360,1360,374,5,20.13,38.81,1011.57,14.02"
06:36:40,"135,1369,1369,374,5,20.13,38.82,1011.59,13.80"
06:36:42,"135,1378,1378,374,5,20.13,38.81,1011.57,14.03"
06:36:44,"136,1392,1392,374,5,20.13,38.82,1011.57,14.04"
06:36:47,"136,1392,1392,374,5,20.13,38.80,1011.61,13.68"
06:36:49,"136,1387,1387,375,5,20.13,38.77,1011.60,13.74"
06:36:51,"136,1386,1386,375,5,20.13,38.77,1011.57,13.98"
06:36:53,"135,1390,1390,374,5,20.13,38.78,1011.61,13.69"
06:36:55,"135,1392,1392,374,5,20.12,38.77,1011.57,13.96"
06:36:58,"135,1392,1392,374,5,20.13,38.77,1011.60,13.99"
06:37:00,"135,1389,1389,374,5,20.12,38.75,1011.61,13.63"
06:37:02,"132,1381,1381,374,5,20.12,38.76,1011.61,13.63"
06:37:04,"132,1371,1371,374,5,20.12,38.77,1011.61,13.66"
06:37:07,"130,1365,1365,375,5,20.12,38.81,1011.59,13.85"
06:37:09,"132,1371,1371,375,5,20.12,38.80,1011.56,14.12"
06:37:11,"132,1359,1359,374,5,20.12,38.77,1011.57,14.03"
06:37:13,"32,1344,1344,375,5,20.11,38.71,1011.54,14.24"
06:37:15,"132,1345,1345,375,5,20.12,38.68,1011.59,13.82"
06:37:18,"132,1344,1344,375,5,20.12,38.68,1011.58,13.91"
06:37:20,"133,1347,1347,375,5,20.13,38.71,1011.60,13.75"
06:37:22,"135,1348,1348,375,5,20.12,38.67,1011.60,13.77"
06:37:24,"135,1350,1350,375,5,20.12,38.65,1011.57,13.97"
06:37:26,"135,1360,1360,375,5,20.13,38.67,1011.58,13.94"
06:37:29,"135,1365,1365,375,5,20.12,38.69,1011.57,13.99"
06:37:31,"136,1362,1362,375,5,20.13,38.69,1011.59,13.80"
06:37:33,"136,1363,1363,375,5,20.12,38.71,1011.58,13.95"
06:37:35,"136,1351,1351,375,5,20.12,38.74,1011.58,13.93"
06:37:38,"135,1341,1341,375,5,20.12,38.76,1011.58,13.90"
06:37:40,"135,1335,1335,375,5,20.11,38.74,1011.56,14.04"
06:37:42,"132,1335,1335,375,5,20.12,38.78,1011.60,13.73"
06:37:44,"132,1339,1339,375,5,20.12,38.77,1011.57,14.00"
06:37:46,"132,1335,1335,375,5,20.08,38.76,1011.61,13.68"
06:37:49,"129,1302,1302,375,5,20.07,38.77,1011.56,14.08"
06:37:51,"117,1197,1197,375,5,20.07,38.76,1011.58,13.95"
06:37:53,"106,1089,1089,375,5,20.10,38.89,1011.57,13.97"
06:37:56,"0,0,0,375,5,20.13,38.78,1011.60,13.76"
06:37:59,"0,0,0,375,5,20.15,38.74,1011.62,13.56"
06:38:01,"10,10,10,375,5,20.17,38.69,1011.61,13.68"
06:38:03,"10,10,10,376,5,20.17,38.68,1011.60,13.76"
06:38:05,"10,10,10,376,5,20.17,38.70,1011.61,13.66"
06:38:07,"10,10,10,376,5,20.17,38.71,1011.60,13.76"
06:38:10,"9,9,9,376,5,20.18,38.73,1011.63,13.49"
06:38:12,"9,9,9,376,0,20.18,38.71,1011.63,13.53"
06:38:14,"9,9,9,376,0,20.18,38.67,1011.61,13.67"
06:38:16,"8,8,8,376,0,20.18,38.68,1011.61,13.65"
06:38:19,"8,8,8,376,0,20.17,38.67,1011.60,13.72"
06:38:21,"8,8,8,376,0,20.17,38.65,1011.60,13.74"
06:38:23,"7,7,7,376,0,20.17,38.64,1011.59,13.81"
06:38:25,"7,7,7,376,5,20.18,38.55,1011.57,14.01"
06:38:27,"7,8,8,376,5,20.18,38.51,1011.63,13.52"
06:38:30,"10,15,15,376,5,20.18,38.49,1011.57,13.98"
06:38:32,"10,24,24,376,5,20.19,38.56,1011.60,13.72"
06:38:34,"15,52,58,376,5,20.19,38.60,1011.60,13.71"
06:38:36,"15,52,58,375,5,20.19,38.64,1011.61,13.65"
06:38:39,"30,84,100,375,5,20.18,38.60,1011.59,13.82"
06:38:41,"30,90,103,375,5,20.18,38.56,1011.59,13.83"
06:38:43,"30,90,103,376,5,20.18,38.58,1011.59,13.83"
06:38:45,"34,126,126,375,5,20.19,38.54,1011.60,13.76"
06:38:47,"34,129,129,375,5,20.19,38.57,1011.61,13.70"
06:38:50,"34,135,135,375,5,20.20,38.61,1011.60,13.77"
06:38:52,"34,135,135,375,5,20.20,38.59,1011.59,13.82"
06:38:54,"39,162,162,374,5,20.20,38.58,1011.58,13.89"
06:38:56,"39,165,165,374,5,20.20,38.58,1011.58,13.92"
06:38:58,"39,165,165,374,5,20.21,38.59,1011.62,13.62"
06:39:01,"45,258,258,373,5,20.21,38.61,1011.60,13.76"
06:39:03,"45,258,258,373,5,20.21,38.61,1011.61,13.67"
06:39:05,"46,300,300,373,5,20.21,38.61,1011.59,13.84"
06:39:07,"49,351,351,373,5,20.22,38.61,1011.63,13.47"
06:39:10,"76,711,711,372,5,20.22,38.61,1011.56,14.08"
06:39:12,"81,759,759,372,5,20.21,38.61,1011.61,13.67"
06:39:14,"87,804,804,372,5,20.22,38.58,1011.60,13.77"
06:39:16,"87,804,804,372,5,20.21,38.57,1011.64,13.43"
06:39:18,"115,952,952,372,5,20.21,38.59,1011.63,13.52"
06:39:21,"141,963,963,371,5,20.21,38.61,1011.58,13.93"
06:39:23,"163,900,900,371,5,20.21,38.57,1011.58,13.91"
06:39:25,"163,900,900,371,5,20.21,38.55,1011.60,13.76"
06:39:27,"177,787,787,371,5,20.21,38.51,1011.61,13.70"
06:39:29,"190,657,657,370,5,20.20,38.49,1011.60,13.71"
06:39:32,"190,657,657,370,5,20.20,38.50,1011.59,13.81"
06:39:34,"195,639,639,370,5,20.20,38.50,1011.61,13.70"
06:39:36,"195,639,639,369,5,20.20,38.51,1011.60,13.78"
06:39:38,"199,621,621,369,5,20.20,38.50,1011.60,13.74"
06:39:41,"204,603,603,369,5,20.20,38.48,1011.61,13.68"
06:39:43,"207,588,588,369,5,20.20,38.47,1011.61,13.65"
06:39:45,"228,543,543,369,5,20.19,38.42,1011.58,13.91"
06:39:47,"228,543,543,368,5,20.20,38.39,1011.62,13.72"
06:39:49,"246,514,514,368,5,20.20,38.42,1011.62,13.61"
06:39:52,"261,495,495,368,5,20.19,38.44,1011.62,13.61"
06:39:54,"264,468,468,368,5,20.19,38.47,1011.60,13.71"
06:39:56,"253,441,441,368,5,20.19,38.48,1011.57,14.02"
06:39:57,PMS7003 checksum failed
06:39:58,"231,405,405,367,5,20.18,38.51,1011.57,13.98"
06:40:01,"225,394,394,367,5,20.19,38.52,1011.58,13.89"
06:40:03,"216,384,384,367,5,20.19,38.52,1011.56,14.07"
06:40:05,"216,384,384,367,5,20.19,38.52,1011.58,13.88"
06:40:07,"207,375,375,367,5,20.19,38.55,1011.59,13.87"
06:40:09,"199,364,364,366,5,20.20,38.56,1011.60,13.76"
06:40:12,"199,364,364,366,5,20.19,38.57,1011.60,13.74"
06:40:14,"162,318,318,366,5,20.19,38.58,1011.61,13.68"
06:40:16,"162,318,318,366,5,20.19,38.54,1011.60,13.72"
06:40:18,"154,310,310,366,5,20.19,38.50,1011.59,13.82"
06:40:20,"148,303,303,366,5,20.19,38.52,1011.59,13.84"
06:40:23,"127,277,277,366,5,20.19,38.54,1011.59,13.83"
06:40:25,"127,277,277,366,5,20.19,38.55,1011.60,13.76"
06:40:27,"99,243,243,366,5,20.19,38.51,1011.62,13.58"
06:40:29,"94,238,238,365,5,20.20,38.54,1011.62,13.54"
06:40:32,"94,238,238,365,5,20.20,38.57,1011.64,13.41"
06:40:34,"81,222,222,365,5,20.18,38.60,1011.57,14.01"
06:40:36,"70,210,210,365,5,20.19,38.61,1011.61,13.65"
06:40:38,"70,210,210,364,5,20.20,38.62,1011.60,13.75"
06:40:40,"61,201,201,364,5,20.20,38.61,1011.61,13.64"
06:40:43,"60,198,198,364,5,20.19,38.58,1011.60,13.74"
06:40:45,"57,196,196,364,5,20.19,38.56,1011.60,13.72"
06:40:47,"57,196,196,364,5,20.19,38.58,1011.60,13.78"
06:40:49,"51,187,187,364,5,20.19,38.56,1011.60,13.75"
06:40:51,"51,187,187,364,5,20.19,38.55,1011.61,13.67"
06:40:54,"49,186,186,364,5,20.19,38.58,1011.59,14.01"
06:40:56,"49,184,184,364,5,20.19,38.56,1011.57,14.03"
06:40:58,"45,178,178,364,5,20.19,38.57,1011.58,13.91"
06:41:00,"45,178,178,365,5,20.20,38.57,1011.60,13.77"
06:41:03,"40,172,172,365,5,20.19,38.58,1011.60,13.71"
06:41:05,"39,171,171,365,5,20.18,38.58,1011.59,13.84"
06:41:07,"39,171,171,365,5,20.18,38.60,1011.59,13.82"
06:41:09,"36,168,168,365,5,20.18,38.60,1011.60,13.72"
06:41:11,"34,168,168,365,5,20.19,38.55,1011.62,13.58"
06:41:14,"34,168,168,366,5,20.19,38.51,1011.62,13.55"
06:41:16,"33,168,168,366,5,20.18,38.52,1011.59,13.87"
06:41:18,"33,168,168,366,5,20.18,38.51,1011.60,13.74"
06:41:20,"33,168,168,366,5,20.19,38.52,1011.60,13.75"
06:41:22,"33,168,168,366,5,20.18,38.52,1011.59,13.86"
06:41:25,"33,165,165,366,5,20.18,38.56,1011.59,13.86"
06:41:27,"33,165,165,366,5,20.19,38.57,1011.59,13.82"
06:41:29,"33,165,165,366,5,20.18,38.56,1011.56,14.05"
06:41:31,"33,165,165,366,5,20.18,38.51,1011.60,13.72"
06:41:34,"33,166,166,367,5,20.18,38.48,1011.56,14.10"
06:41:35,PMS7003 checksum failed
06:41:36,"33,168,168,367,5,20.18,38.42,1011.59,13.83"
06:41:38,"33,168,168,367,5,20.18,38.44,1011.57,13.97"
06:41:40,"33,168,168,367,5,20.18,38.48,1011.61,13.69"
06:41:42,"34,171,171,367,5,20.18,38.52,1011.60,13.72"
06:41:45,"34,171,171,367,5,20.18,38.51,1011.59,13.84"
06:41:47,"34,171,171,367,5,20.18,38.52,1011.60,13.75"
06:41:49,"34,171,171,367,5,20.18,38.52,1011.60,13.79"
06:41:51,"34,171,171,367,5,20.18,38.53,1011.60,13.72"
06:41:54,"34,171,171,367,5,20.18,38.56,1011.61,13.66"
06:41:56,"34,172,172,367,5,20.17,38.57,1011.57,13.98"
06:41:58,"36,172,172,367,5,20.18,38.56,1011.63,13.67"
06:42:00,"36,174,174,367,5,20.18,38.54,1011.61,13.65"
06:42:02,"36,174,174,367,5,20.17,38.53,1011.63,13.52"
06:42:05,"37,175,175,367,5,20.17,38.53,1011.63,13.51"
06:42:07,"39,177,177,367,5,20.18,38.54,1011.61,13.65"
06:42:09,"39,177,177,368,5,20.18,38.54,1011.60,13.75"
06:42:11,"39,178,178,368,5,20.17,38.53,1011.60,13.73"
06:42:13,"39,177,177,368,5,20.18,38.50,1011.62,13.56"
06:42:16,"39,177,177,368,5,20.18,38.50,1011.61,13.67"
06:42:18,"39,177,177,368,5,20.18,38.51,1011.60,13.78"
06:42:20,"39,177,177,368,5,20.18,38.52,1011.60,13.79"
06:42:22,"39,177,177,368,5,20.18,38.53,1011.59,13.81"
06:42:25,"37,177,177,369,5,20.18,38.57,1011.59,13.86"
06:42:27,"37,177,177,368,5,20.18,38.53,1011.60,13.75"
06:42:29,"37,177,177,369,5,20.19,38.58,1011.59,13.82"
06:42:31,"37,177,177,369,5,20.18,38.58,1011.59,13.87"
06:42:33,"37,177,177,368,5,20.18,38.57,1011.59,13.86"
06:42:36,"37,177,177,368,5,20.18,38.56,1011.58,13.91"
06:42:38,"39,178,180,369,5,20.18,38.58,1011.59,13.84"
06:42:40,"39,178,180,368,5,20.18,38.56,1011.61,13.63"
06:42:42,"39,178,180,368,5,20.18,38.55,1011.60,13.72"
06:42:45,"39,178,180,368,5,20.18,38.57,1011.60,13.77"
06:42:47,"39,180,180,368,5,20.19,38.58,1011.60,13.78"
06:42:49,"37,180,180,368,5,20.19,38.52,1011.61,13.65"
06:42:51,"37,180,180,368,5,20.18,38.50,1011.59,13.85"
06:42:53,"37,180,180,368,5,20.18,38.52,1011.59,13.87"
06:42:56,"37,180,180,368,5,20.18,38.56,1011.60,13.72"
06:42:58,"36,180,180,368,5,20.18,38.57,1011.59,13.81"
06:43:00,"36,181,181,368,5,20.18,38.59,1011.60,13.78"
06:43:02,"36,181,181,368,5,20.19,38.56,1011.60,13.75"
06:43:04,"36,181,181,368,5,20.19,38.52,1011.59,13.85"
06:43:07,"36,181,181,368,5,20.19,38.51,1011.63,13.47"
06:43:09,"36,181,181,368,5,20.19,38.51,1011.58,13.91"
06:43:11,"36,181,181,368,5,20.19,38.49,1011.59,13.83"
06:43:13,"36,183,183,368,5,20.19,38.49,1011.61,13.67"
06:43:16,"36,183,183,368,5,20.19,38.48,1011.60,13.73"
06:43:18,"36,183,183,367,5,20.20,38.49,1011.62,13.54"
06:43:20,"36,183,183,368,5,20.20,38.50,1011.60,13.71"
06:43:22,"36,183,183,368,5,20.19,38.50,1011.63,13.48"
06:43:24,"36,183,183,368,5,20.19,38.52,1011.59,13.86"
06:43:27,"36,184,184,368,5,20.20,38.55,1011.62,13.54"
06:43:29,"36,184,184,368,5,20.19,38.55,1011.61,13.68"
06:43:31,"36,184,184,368,5,20.20,38.57,1011.60,13.71"
06:43:33,"36,184,184,368,5,20.20,38.57,1011.60,13.75"
06:43:35,"37,186,186,368,5,20.21,38.59,1011.63,13.48"
06:43:38,"37,186,186,368,5,20.19,38.61,1011.56,14.04"
06:43:40,"37,186,186,368,5,20.20,38.58,1011.61,13.69"
06:43:41,PMS7003 checksum failed
06:43:42,"39,186,186,368,5,20.20,38.58,1011.60,13.72"
06:43:44,"39,186,186,368,5,20.19,38.59,1011.59,13.86"
06:43:47,"37,184,184,368,5,20.19,38.57,1011.60,13.75"
06:43:49,"37,184,184,369,5,20.19,38.57,1011.61,13.68"
06:43:51,"37,184,184,368,5,20.19,38.56,1011.55,14.15"
06:43:53,"36,186,186,368,5,20.20,38.56,1011.58,13.88"
06:43:55,"36,186,186,369,5,20.20,38.56,1011.59,13.83"
06:43:58,"36,186,186,369,5,20.21,38.56,1011.63,13.49"
06:44:00,"36,184,184,369,5,20.20,38.58,1011.62,13.56"
06:44:02,"36,186,186,369,5,20.20,38.52,1011.60,13.74"
06:44:04,"36,186,186,369,5,20.19,38.55,1011.59,13.80"
06:44:07,"36,186,186,368,5,20.20,38.56,1011.61,13.68"
06:44:09,"36,184,186,369,5,20.19,38.56,1011.61,13.63"
06:44:11,"36,184,186,369,5,20.19,38.58,1011.65,13.34"
06:44:13,"36,186,186,369,5,20.19,38.59,1011.60,13.77"
06:44:15,"36,184,186,370,5,20.20,38.58,1011.61,13.70"
06:44:18,"36,184,184,370,5,20.19,38.60,1011.58,13.89"
06:44:20,"36,184,184,370,5,20.19,38.59,1011.60,13.74"
06:44:22,"36,184,184,370,5,20.19,38.58,1011.59,13.80"
06:44:24,"37,184,184,371,5,20.19,38.61,1011.60,13.73"
06:44:26,"37,184,184,371,5,20.19,38.60,1011.61,13.67"
06:44:29,"37,186,186,371,5,20.19,38.63,1011.61,13.61"
06:44:31,"37,186,186,371,5,20.19,38.63,1011.60,13.77"
06:44:33,"37,186,186,371,5,20.20,38.64,1011.63,13.51"
06:44:35,"37,186,186,372,5,20.20,38.65,1011.61,13.65"
06:44:38,"37,186,186,372,5,20.19,38.65,1011.63,13.51"
06:44:40,"37,186,186,372,5,20.18,38.65,1011.58,13.89"
06:44:42,"37,189,189,372,5,20.19,38.66,1011.63,13.51"
06:44:44,"39,189,189,373,5,20.19,38.69,1011.62,13.60"
06:44:46,"39,189,189,373,5,20.19,38.69,1011.58,13.92"
06:44:49,"39,189,189,373,5,20.18,38.68,1011.61,13.70"
06:44:51,"39,189,189,373,5,20.18,38.70,1011.59,13.86"
06:44:53,"39,187,187,373,5,20.19,38.70,1011.57,13.96"
06:44:55,"37,187,187,374,5,20.19,38.67,1011.62,13.55"
06:44:57,"36,189,189,374,5,20.19,38.65,1011.60,13.82"
06:45:00,"36,189,189,374,5,20.20,38.66,1011.61,13.65"
06:45:02,"36,189,189,374,5,20.20,38.66,1011.60,13.72"
06:45:04,"36,189,189,374,5,20.20,38.66,1011.60,13.72"
06:45:06,"36,192,192,374,5,20.20,38.65,1011.61,13.63"
06:45:09,"36,192,192,374,5,20.19,38.65,1011.63,13.49"
06:45:11,"37,192,192,375,5,20.20,38.65,1011.63,13.52"
06:45:12,PMS7003 checksum failed
06:45:13,"36,189,189,375,5,20.20,38.62,1011.63,13.54"
06:45:15,"36,187,187,375,5,20.21,38.61,1011.62,13.55"
06:45:17,"36,187,187,375,5,20.20,38.62,1011.61,13.62"
06:45:20,"36,187,187,375,5,20.20,38.59,1011.61,13.67"
06:45:22,"36,187,187,376,5,20.20,38.63,1011.62,13.60"
06:45:24,"36,187,187,376,5,20.21,38.64,1011.64,13.43"
06:45:26,"36,186,186,375,5,20.20,38.63,1011.61,13.69"
06:45:29,"36,186,186,376,5,20.20,38.64,1011.64,13.45"
06:45:31,"36,186,186,376,5,20.20,38.65,1011.63,13.54"
06:45:33,"36,186,186,376,5,20.20,38.59,1011.61,13.68"
06:45:35,"36,186,186,377,5,20.20,38.66,1011.60,13.75"
06:45:37,"36,186,186,377,5,20.20,38.66,1011.59,13.86"
06:45:40,"36,189,189,377,5,20.20,38.66,1011.61,13.62"
06:45:42,"36,189,189,377,5,20.21,38.65,1011.61,13.62"
06:45:44,"36,189,189,378,5,20.21,38.63,1011.62,13.62"
06:45:46,"36,189,189,377,5,20.21,38.63,1011.61,13.63"
06:45:48,"37,187,187,378,5,20.20,38.63,1011.61,13.62"
06:45:51,"37,189,189,378,5,20.21,38.62,1011.62,13.61"
06:45:53,"37,189,189,378,5,20.21,38.62,1011.63,13.50"
06:45:55,"37,189,189,378,5,20.20,38.59,1011.62,13.58"
06:45:57,"37,189,189,378,5,20.20,38.59,1011.62,13.59"
06:46:00,"39,190,190,378,5,20.20,38.61,1011.62,13.61"
06:46:02,"39,192,192,378,5,20.21,38.59,1011.65,13.33"
06:46:04,"39,192,192,379,5,20.21,38.58,1011.61,13.66"
06:46:06,"39,192,192,379,5,20.21,38.59,1011.62,13.59"
06:46:08,"39,192,192,378,5,20.19,38.61,1011.61,13.63"
06:46:11,"39,192,192,379,5,20.19,38.61,1011.62,13.61"
06:46:13,"39,192,192,379,5,20.20,38.61,1011.62,13.59"
06:46:15,"39,192,192,379,5,20.20,38.67,1011.61,13.67"
06:46:17,"39,192,192,379,5,20.19,38.62,1011.65,13.32"
06:46:19,"39,192,192,379,5,20.20,38.62,1011.61,13.68"
06:46:22,"39,192,192,379,5,20.20,38.59,1011.62,13.57"
06:46:24,"39,192,192,379,5,20.21,38.61,1011.64,13.41"
06:46:26,"39,195,195,379,5,20.21,38.59,1011.64,13.39"
06:46:28,"39,195,195,379,5,20.20,38.59,1011.59,13.81"
06:46:31,"39,195,195,379,5,20.20,38.58,1011.60,13.77"
06:46:33,"39,195,195,379,5,20.20,38.56,1011.60,13.73"
06:46:35,"39,195,195,379,5,20.20,38.57,1011.57,13.99"
06:46:37,"40,195,195,379,5,20.20,38.57,1011.60,13.76"
06:46:39,"40,195,195,379,5,20.21,38.56,1011.62,13.56"
06:46:42,"42,195,195,379,5,20.21,38.57,1011.64,13.42"
06:46:43,PMS7003 checksum failed
06:46:44,"40,195,195,380,5,20.20,38.58,1011.60,13.71"
06:46:46,"40,198,198,380,5,20.20,38.57,1011.64,13.43"
06:46:48,"39,202,202,380,5,20.20,38.57,1011.59,13.82"
06:46:51,"39,202,202,380,5,20.20,38.56,1011.59,13.81"
06:46:53,"39,204,204,380,5,20.21,38.54,1011.61,13.63"
06:46:55,"39,204,204,379,5,20.21,38.53,1011.60,13.74"
06:46:57,"39,201,201,379,5,20.21,38.54,1011.60,13.73"
06:46:59,"39,201,201,379,5,20.20,38.54,1011.61,13.68"
06:47:02,"39,201,201,379,5,20.22,38.53,1011.61,13.69"
06:47:04,"39,199,199,379,5,20.21,38.51,1011.63,13.48"
06:47:06,"39,199,199,379,5,20.21,38.51,1011.62,13.57"
06:47:08,"39,198,198,378,5,20.21,38.50,1011.62,13.61"
06:47:10,"39,201,201,378,5,20.21,38.51,1011.62,13.56"
06:47:13,"39,201,201,378,5,20.21,38.54,1011.64,13.45"
06:47:15,"39,201,201,378,5,20.21,38.51,1011.67,13.19"
06:47:17,"39,201,201,378,5,20.21,38.54,1011.62,13.62"
06:47:19,"39,198,198,378,5,20.21,38.57,1011.62,13.59"
06:47:22,"39,196,196,378,5,20.20,38.58,1011.61,13.68"
06:47:24,"39,198,198,378,5,20.20,38.58,1011.63,13.52"
06:47:26,"39,198,198,377,5,20.19,38.62,1011.60,13.78"
06:47:28,"39,198,198,377,5,20.19,38.64,1011.60,13.77"
06:47:30,"39,199,199,377,5,20.19,38.62,1011.63,13.53"
06:47:33,"39,198,199,377,5,20.19,38.61,1011.62,13.62"
06:47:35,"39,198,199,377,5,20.18,38.55,1011.64,13.39"
06:47:37,"39,198,199,377,5,20.19,38.59,1011.62,13.54"
06:47:39,"39,198,199,377,5,20.19,38.61,1011.63,13.51"
06:47:42,"39,198,199,376,5,20.18,38.59,1011.62,13.56"
06:47:44,"39,199,201,376,5,20.18,38.57,1011.63,13.46"
06:47:46,"39,201,201,376,5,20.18,38.50,1011.63,13.47"
06:47:48,"39,201,202,376,5,20.19,38.43,1011.62,13.60"
06:47:50,"39,201,202,376,5,20.18,38.40,1011.63,13.53"
06:47:53,"39,202,202,376,5,20.19,38.43,1011.61,13.68"
06:47:55,"39,204,204,377,5,20.18,38.45,1011.58,13.94"
06:47:57,"39,205,207,377,5,20.18,38.45,1011.60,13.71"
06:47:59,"39,205,205,376,5,20.18,38.46,1011.61,13.70"
06:48:01,"39,204,205,377,5,20.18,38.43,1011.62,13.56"
06:48:04,"39,204,205,377,5,20.17,38.43,1011.61,13.66"
06:48:06,"39,204,205,377,5,20.16,38.41,1011.58,13.92"
06:48:08,"40,213,213,377,5,20.18,38.39,1011.61,13.62"
06:48:10,"40,214,214,377,5,20.18,38.43,1011.60,13.72"
06:48:13,"40,216,216,377,5,20.18,38.44,1011.60,13.74"
06:48:15,"40,216,216,377,5,20.18,38.43,1011.61,13.70"
06:48:17,"40,213,213,377,5,20.18,38.44,1011.60,13.79"
06:48:19,"40,210,210,377,5,20.18,38.41,1011.58,13.93"
06:48:21,"40,208,208,378,5,20.17,38.39,1011.55,14.15"
06:48:24,"40,208,208,377,5,20.18,38.41,1011.59,13.81"
06:48:26,"40,208,208,378,5,20.18,38.39,1011.61,13.69"
06:48:28,"40,208,208,377,5,20.18,38.38,1011.61,13.65"
06:48:30,"40,207,207,378,5,20.18,38.35,1011.61,13.65"
06:48:32,"40,207,207,378,5,20.18,38.38,1011.62,13.61"
06:48:35,"40,207,207,378,5,20.18,38.33,1011.57,13.96"
06:48:37,"40,207,207,378,5,20.18,38.28,1011.59,13.82"
06:48:39,"40,208,208,378,5,20.18,38.30,1011.59,13.80"
06:48:41,"40,210,210,379,5,20.18,38.31,1011.62,13.54"
06:48:44,"40,210,210,379,5,20.18,38.30,1011.61,13.69"
06:48:46,"40,213,213,379,5,20.18,38.30,1011.61,13.68"
06:48:48,"40,211,211,379,5,20.18,38.31,1011.59,13.82"
06:48:50,"40,210,210,380,5,20.18,38.33,1011.59,13.79"
06:48:51,PMS7003 checksum failed
06:48:52,"40,211,211,379,5,20.18,38.31,1011.59,13.85"
06:48:55,"40,213,213,380,5,20.17,38.30,1011.60,13.78"
06:48:57,"40,213,213,380,5,20.18,38.30,1011.62,13.58"
06:48:59,"42,228,228,379,5,20.18,38.33,1011.60,13.75"
06:49:01,"42,231,231,380,5,20.18,38.30,1011.58,13.88"
06:49:04,"42,229,229,380,5,20.18,38.30,1011.60,13.77"
06:49:06,"43,244,244,379,5,20.18,38.31,1011.58,13.93"
06:49:08,"43,244,244,380,5,20.18,38.33,1011.61,13.70"
06:49:10,"43,252,252,380,5,20.18,38.33,1011.60,13.72"
06:49:12,"45,258,258,380,5,20.18,38.35,1011.59,13.81"
06:49:15,"5,258,258,380,5,20.17,38.35,1011.59,13.83"
06:49:17,"51,375,375,380,5,20.18,38.31,1011.59,13.87"
06:49:19,"63,546,546,379,5,20.18,38.31,1011.61,13.68"
06:49:21,"63,546,546,380,5,20.18,38.31,1011.58,13.89"
06:49:23,"67,586,586,380,5,20.18,38.33,1011.59,13.80"
06:49:26,"69,610,610,380,5,20.18,38.34,1011.59,13.84"
06:49:27,PMS7003 checksum failed
06:49:28,"87,916,916,380,5,20.19,38.34,1011.56,14.06"
06:49:30,"87,916,916,380,5,20.19,38.34,1011.57,13.97"
06:49:32,"87,933,933,380,5,20.19,38.33,1011.61,13.70"
06:49:35,"87,942,942,380,5,20.19,38.32,1011.60,13.73"
06:49:37,"87,925,925,380,5,20.19,38.33,1011.61,13.65"
06:49:39,"82,852,852,380,5,20.20,38.36,1011.62,13.54"
06:49:41,"79,781,781,380,5,20.19,38.35,1011.58,13.89"
06:49:43,"79,781,781,380,5,20.18,38.36,1011.60,13.75"
06:49:46,"81,777,777,380,5,20.18,38.37,1011.61,13.69"
06:49:48,"81,778,778,380,5,20.19,38.37,1011.61,13.63"
06:49:50,"81,778,778,380,5,20.19,38.37,1011.60,13.75"
06:49:52,"87,870,870,380,5,20.18,38.37,1011.57,14.01"
06:49:55,"87,900,900,379,5,20.19,38.37,1011.60,13.72"
06:49:57,"90,931,931,379,5,20.19,38.38,1011.59,13.80"
06:49:59,"90,931,931,379,5,20.19,38.34,1011.59,13.82"
06:50:01,"91,955,955,379,5,20.19,38.34,1011.61,13.70"
06:50:03,"93,981,981,379,5,20.18,38.34,1011.56,14.05"
06:50:04,PMS7003 checksum failed
06:50:06,"102,1173,1173,379,5,20.18,38.34,1011.59,13.87"
06:50:08,"103,1185,1185,379,5,20.18,38.33,1011.57,13.99"
06:50:10,"103,1185,1185,379,5,20.17,38.31,1011.60,13.72"
06:50:12,"105,1194,1194,379,5,20.18,38.33,1011.62,13.56"
06:50:15,"105,1203,1203,379,5,20.17,38.33,1011.54,14.25"
06:50:17,"105,1194,1194,378,5,20.17,38.34,1011.56,14.05"
06:50:19,"102,1140,1140,378,5,20.18,38.34,1011.56,14.08"
06:50:21,"100,1114,1114,378,5,20.18,38.36,1011.59,13.79"
06:50:23,"99,1080,1080,378,5,20.17,38.35,1011.58,13.92"
06:50:26,"99,1080,1080,378,5,20.17,38.33,1011.57,14.03"
06:50:28,"84,865,867,378,5,20.17,38.33,1011.57,14.00"
06:50:30,"72,705,705,377,5,20.17,38.35,1011.59,13.82"
06:50:32,"72,705,705,377,5,20.17,38.31,1011.61,13.64"
06:50:34,"69,670,672,377,5,20.17,38.33,1011.59,13.82"
06:50:37,"67,639,639,377,5,20.17,38.33,1011.58,13.88"
06:50:39,"67,639,639,377,5,20.17,38.33,1011.59,13.80"
06:50:41,"54,474,474,376,5,20.17,38.35,1011.58,13.95"
06:50:43,"52,457,459,376,5,20.17,38.37,1011.59,13.87"
06:50:46,"52,457,459,376,5,20.17,38.39,1011.61,13.68"
06:50:48,"52,442,444,376,5,20.17,38.42,1011.62,13.60"
06:50:50,"51,429,430,376,5,20.17,38.36,1011.62,13.60"
06:50:52,"51,417,417,376,5,20.17,38.35,1011.62,13.61"
06:50:54,"46,351,352,376,5,20.17,38.34,1011.61,13.64"
06:50:57,"46,315,315,376,5,20.17,38.34,1011.60,13.78"
06:50:59,"45,306,307,375,5,20.17,38.31,1011.61,13.68"
06:51:01,",300,300,375,5,20.17,38.36,1011.59,13.80"
06:51:03,"45,300,300,375,5,20.16,38.41,1011.58,13.92"
06:51:05,"43,273,273,375,5,20.16,38.44,1011.58,13.91"
06:51:08,"43,270,270,375,5,20.17,38.45,1011.58,13.91"
06:51:10,"43,267,267,375,5,20.17,38.46,1011.59,13.81"
06:51:12,"42,255,255,374,5,20.17,38.48,1011.59,13.83"
06:51:14,"42,255,255,374,5,20.17,38.49,1011.58,13.88"
06:51:17,"42,246,246,374,5,20.18,38.46,1011.60,13.76"
06:51:19,"42,252,252,374,5,20.17,38.48,1011.59,13.80"
06:51:21,"42,261,261,374,5,20.17,38.45,1011.58,13.93"
06:51:23,"43,270,270,374,5,20.16,38.44,1011.57,14.02"
06:51:25,"45,280,280,374,5,20.17,38.44,1011.61,13.66"
06:51:28,"49,339,339,374,5,20.17,38.45,1011.58,13.88"
06:51:29,PMS7003 checksum failed
06:51:30,"54,402,402,374,5,20.17,38.44,1011.60,13.70"
06:51:32,"57,423,423,374,5,20.16,38.39,1011.60,13.73"
06:51:34,"58,468,468,374,5,20.16,38.39,1011.59,13.85"
06:51:37,"58,468,468,374,5,20.16,38.36,1011.58,13.99"
06:51:39,"78,801,801,374,5,20.17,38.37,1011.61,13.70"
06:51:41,"82,849,849,374,5,20.16,38.39,1011.61,13.68"
06:51:43,"85,900,900,374,5,20.16,38.40,1011.59,13.80"
06:51:45,"85,900,900,374,5,20.17,38.41,1011.61,13.67"
06:51:48,"87,924,924,374,5,20.17,38.42,1011.61,13.70"
06:51:50,"90,948,948,374,5,20.17,38.44,1011.59,13.82"
06:51:52,"90,948,948,374,5,20.17,38.45,1011.60,13.77"
06:51:54,"99,1053,1053,374,5,20.16,38.47,1011.57,14.03"
06:51:56,"99,1066,1066,374,5,20.15,38.46,1011.58,13.92"
06:51:59,"99,1066,1066,374,5,20.16,38.46,1011.58,13.92"
06:52:01,"105,1131,1131,374,5,20.16,38.47,1011.55,14.14"
06:52:03,"105,1164,1164,374,5,20.16,38.47,1011.58,13.89"
06:52:04,PMS7003 checksum failed
06:52:05,"108,1216,1216,374,5,20.16,38.49,1011.59,13.81"
06:52:08,"108,1219,1219,374,5,20.17,38.49,1011.58,13.95"
06:52:10,"108,1219,1219,374,5,20.16,38.49,1011.60,13.74"
06:52:12,"108,1218,1218,374,5,20.17,38.46,1011.58,13.95"
06:52:14,"108,1218,1218,374,5,20.16,38.45,1011.60,13.77"
06:52:16,"108,1218,1218,374,5,20.17,38.46,1011.58,13.87"
06:52:19,"108,1218,1218,374,5,20.17,38.45,1011.59,13.85"
06:52:21,"108,1218,1218,374,5,20.16,38.45,1011.59,13.80"
06:52:23,"108,1216,1216,374,5,20.16,38.43,1011.57,13.97"
06:52:25,"108,1218,1218,374,5,20.17,38.42,1011.55,14.20"
06:52:28,"108,1218,1218,374,5,20.17,38.38,1011.59,13.81"
06:52:30,"106,1200,1200,374,5,20.17,38.36,1011.59,13.86"
06:52:32,"106,1198,1198,374,5,20.16,38.37,1011.59,13.80"
06:52:34,"106,1198,1198,374,5,20.17,38.39,1011.60,13.76"
06:52:36,"105,1197,1197,374,5,20.17,38.42,1011.62,13.55"
06:52:39,"102,1147,1147,374,5,20.17,38.41,1011.59,13.85"
06:52:41,"102,1147,1147,374,5,20.17,38.41,1011.60,13.75"
06:52:43,"91,952,952,374,5,20.17,38.44,1011.58,13.87"
06:52:45,"90,927,927,374,5,20.17,38.45,1011.59,13.85"
06:52:47,"90,927,927,374,5,20.18,38.45,1011.57,13.99"
06:52:50,"84,798,798,374,5,20.17,38.45,1011.60,13.76"
06:52:52,"84,798,798,373,5,20.17,38.45,1011.61,13.64"
06:52:54,"81,766,766,373,5,20.18,38.45,1011.60,13.75"
06:52:56,"79,738,738,373,5,20.18,38.45,1011.59,13.84"
06:52:59,"72,633,633,374,5,20.17,38.46,1011.61,13.64"
06:53:01,"72,633,633,373,5,20.17,38.45,1011.60,13.76"
06:53:03,"63,541,541,374,5,20.18,38.45,1011.62,13.56"
06:53:05,"60,522,522,374,5,20.18,38.45,1011.63,13.48"
06:53:07,"60,504,504,374,5,20.18,38.43,1011.64,13.45"
06:53:10,"60,504,504,374,5,20.17,38.41,1011.59,13.87"
06:53:12,"58,483,483,374,5,20.17,38.41,1011.61,13.70"
06:53:14,"60,486,486,374,5,20.18,38.38,1011.61,13.70"
06:53:16,"60,489,489,374,5,20.18,38.38,1011.60,13.74"
06:53:18,"63,507,507,374,5,20.18,38.42,1011.65,13.33"
06:53:21,"63,507,507,374,5,20.18,38.48,1011.61,13.69"
06:53:23,"63,511,511,374,5,20.18,38.49,1011.61,13.67"
06:53:25,"63,504,504,374,5,20.18,38.46,1011.61,13.62"
06:53:27,"63,502,502,374,5,20.18,38.43,1011.58,13.93"
06:53:30,"64,501,501,374,5,20.18,38.42,1011.62,13.58"
06:53:32,"64,498,498,374,5,20.18,38.43,1011.59,13.79"
06:53:34,"66,486,486,374,5,20.18,38.44,1011.63,13.49"
06:53:36,"66,486,486,374,5,20.18,38.44,1011.62,13.54"
06:53:38,"66,481,481,374,5,20.18,38.43,1011.64,13.41"
06:53:41,"66,481,481,374,5,20.18,38.42,1011.65,13.36"
06:53:43,"66,474,474,375,5,20.18,38.39,1011.62,13.59"
06:53:45,"66,474,474,374,5,20.18,38.40,1011.61,13.68"
06:53:47,"57,423,423,374,5,20.18,38.43,1011.61,13.67"
06:53:50,"57,414,414,375,5,20.18,38.46,1011.62,13.58"
06:53:52,"55,405,405,375,5,20.18,38.49,1011.65,13.31"
06:53:54,"52,363,363,375,5,20.18,38.50,1011.62,13.59"
06:53:56,"52,363,363,375,5,20.17,38.51,1011.62,13.54"
06:53:58,"49,330,330,375,5,20.17,38.52,1011.68,13.07"
06:54:01,"48,310,310,375,5,20.17,38.52,1011.63,13.51"
06:54:03,"48,306,306,375,5,20.17,38.53,1011.63,13.51"
06:54:05,"48,303,303,375,5,20.17,38.53,1011.63,13.52"
06:54:07,"48,298,298,375,5,20.18,38.53,1011.66,13.27"
06:54:09,"46,282,282,375,5,20.17,38.51,1011.65,13.31"
06:54:11,PMS7003 checksum failed
06:54:12,"45,264,264,375,5,20.17,38.52,1011.62,13.61"
06:54:14,"45,259,259,375,5,20.17,38.52,1011.64,13.43"
06:54:16,"45,255,255,375,5,20.17,38.53,1011.64,13.39"
06:54:18,"45,255,255,375,5,20.16,38.51,1011.66,13.25"
06:54:21,"43,243,243,375,5,20.16,38.49,1011.62,13.58"
06:54:23,"43,241,241,374,5,20.16,38.49,1011.59,13.80"
06:54:25,"42,240,240,375,5,20.17,38.49,1011.63,13.47"
06:54:27,"42,240,240,375,5,20.17,38.50,1011.63,13.49"
06:54:29,"42,238,238,375,5,20.17,38.47,1011.62,13.56"
06:54:32,"42,237,237,375,5,20.17,38.49,1011.65,13.31"
06:54:34,"42,237,237,375,5,20.16,38.50,1011.66,13.27"
06:54:36,"42,225,225,375,5,20.17,38.49,1011.65,13.35"
06:54:38,"40,225,225,375,5,20.17,38.51,1011.62,13.54"
06:54:40,"40,225,225,375,5,20.17,38.51,1011.63,13.52"
06:54:43,"42,237,237,375,5,20.17,38.51,1011.64,13.43"
06:54:45,"43,250,250,375,5,20.18,38.54,1011.62,13.55"
06:54:46,PMS7003 checksum failed
06:54:47,"45,264,264,375,5,20.18,38.51,1011.62,13.57"
06:54:49,"45,267,267,375,5,20.18,38.49,1011.62,13.54"
06:54:52,"45,267,267,375,5,20.18,38.41,1011.62,13.61"
06:54:54,"46,276,276,375,5,20.18,38.48,1011.64,13.45"
06:54:56,"46,276,276,375,5,20.19,38.49,1011.62,13.55"
06:54:58,"46,279,279,375,5,20.18,38.49,1011.64,13.45"
06:55:00,"46,280,280,375,5,20.18,38.51,1011.64,13.43"
06:55:03,"46,280,280,375,5,20.18,38.49,1011.63,13.47"
06:55:05,"46,279,279,375,5,20.18,38.49,1011.62,13.58"
06:55:07,"46,279,279,374,5,20.18,38.50,1011.63,13.48"
06:55:09,"46,279,279,374,5,20.18,38.53,1011.62,13.55"
06:55:12,"48,300,300,375,5,20.18,38.52,1011.63,13.46"
06:55:14,"49,307,307,375,5,20.18,38.49,1011.63,13.48"
06:55:16,"49,307,307,375,5,20.18,38.49,1011.64,13.44"
06:55:18,"51,345,345,375,5,20.19,38.50,1011.65,13.33"
06:55:20,"57,411,411,375,5,20.18,38.49,1011.67,13.15"
06:55:22,PMS7003 checksum failed
06:55:23,"72,597,597,375,5,20.17,38.52,1011.63,13.49"
06:55:25,"73,610,610,375,5,20.18,38.53,1011.66,13.23"
06:55:27,"73,610,610,375,5,20.17,38.53,1011.65,13.36"
06:55:29,"84,759,759,375,5,20.17,38.54,1011.63,13.46"
06:55:32,"84,759,759,375,5,20.17,38.53,1011.63,13.49"
06:55:34,"87,796,796,375,5,20.17,38.54,1011.65,13.32"
06:55:36,"88,829,829,375,5,20.17,38.53,1011.66,13.25"
06:55:38,"88,829,829,375,5,20.16,38.56,1011.65,13.33"
06:55:40,"90,864,864,375,5,20.16,38.56,1011.64,13.45"
06:55:43,"93,903,903,376,5,20.16,38.53,1011.63,13.51"
06:55:45,"93,903,903,376,5,20.17,38.54,1011.64,13.45"
06:55:47,"102,1048,1048,376,5,20.17,38.57,1011.64,13.37"
06:55:49,"102,1047,1047,376,5,20.16,38.58,1011.64,13.45"
06:55:51,"102,1047,1047,376,5,20.17,38.58,1011.65,13.35"
06:55:54,"105,1060,1060,376,5,20.17,38.59,1011.62,13.57"
06:55:56,"106,1081,1081,376,5,20.18,38.57,1011.66,13.26"
06:55:57,PMS7003 checksum failed
06:55:58,"105,1077,1077,376,5,20.18,38.58,1011.63,13.51"
06:56:00,"105,1071,1071,376,5,20.18,38.59,1011.64,13.41"
06:56:03,"1,1071,376,5,20.18,38.59,1011.65,13.50"
06:56:05,"108,1044,1044,376,5,20.18,38.57,1011.66,13.28"
06:56:07,"108,1044,1044,376,5,20.18,38.55,1011.64,13.44"
06:56:09,"108,1042,1042,376,5,20.18,38.55,1011.66,13.27"
06:56:11,"109,1041,1041,376,5,20.18,38.53,1011.63,13.48"
06:56:14,"109,1041,1041,376,5,20.19,38.50,1011.64,13.41"
06:56:16,"109,1035,1035,376,5,20.18,38.50,1011.64,13.41"
06:56:18,"109,1029,1029,376,5,20.18,38.51,1011.60,13.71"
06:56:20,"109,1029,1029,376,5,20.18,38.52,1011.61,13.66"
06:56:23,"108,1009,1009,376,5,20.19,38.52,1011.65,13.32"
06:56:25,"109,1014,1014,377,5,20.19,38.52,1011.65,13.37"
06:56:27,"109,1014,1014,377,5,20.19,38.51,1011.64,13.39"
06:56:29,"111,1017,1017,377,5,20.19,38.50,1011.62,13.59"
06:56:31,"109,1009,1009,377,5,20.19,38.51,1011.62,13.60"
06:56:32,PMS7003 checksum failed
06:56:34,"108,1017,1017,377,5,20.20,38.52,1011.62,13.56"
06:56:36,"108,1017,1017,377,5,20.20,38.51,1011.63,13.49"
06:56:38,"108,1017,1017,377,5,20.20,38.49,1011.63,13.51"
06:56:40,"108,1017,1017,377,5,20.19,38.50,1011.61,13.65"
06:56:43,"108,1017,1017,377,5,20.19,38.49,1011.64,13.39"
06:56:45,"109,1020,1020,377,5,20.19,38.49,1011.63,13.51"
06:56:47,"109,1023,1023,377,5,20.20,38.49,1011.64,13.40"
06:56:49,"109,1023,1023,377,5,20.20,38.51,1011.64,13.43"
06:56:51,"111,1027,1027,377,5,20.20,38.46,1011.65,13.33"
06:56:54,"111,1032,1032,377,5,20.20,38.50,1011.64,13.40"
06:56:56,"111,1032,1032,377,5,20.20,38.50,1011.64,13.43"
06:56:58,"111,1026,1026,377,5,20.20,38.50,1011.64,13.37"
06:57:00,"111,1018,1018,377,5,20.19,38.48,1011.64,13.37"
06:57:02,"111,1018,1018,376,5,20.20,38.48,1011.68,13.09"
06:57:05,"111,1000,1000,377,5,20.20,38.50,1011.67,13.18"
06:57:07,"112,1005,1005,377,5,20.20,38.51,1011.65,13.30"
06:57:08,PMS7003 checksum failed
06:57:09,"115,1030,1030,377,5,20.19,38.51,1011.64,13.40"
06:57:11,"117,1035,1035,377,5,20.19,38.54,1011.65,13.37"
06:57:14,"117,1035,1035,377,5,20.18,38.51,1011.62,13.60"
06:57:16,"117,1044,1044,377,5,20.18,38.49,1011.64,13.45"
06:57:18,"117,1044,1044,377,5,20.18,38.50,1011.62,13.59"
06:57:20,"115,1041,1041,377,5,20.18,38.50,1011.64,13.41"
06:57:22,"115,1038,1038,377,5,20.18,38.52,1011.61,13.63"
06:57:25,"115,1038,1038,377,5,20.19,38.52,1011.62,13.61"
06:57:27,"115,1038,1038,377,5,20.18,38.55,1011.61,13.71"
06:57:29,"115,1038,1038,377,5,20.19,38.54,1011.61,13.67"
06:57:31,"115,1038,1038,377,5,20.18,38.51,1011.66,13.22"
06:57:34,"118,1050,1050,378,5,20.19,38.52,1011.67,13.14"
06:57:36,"120,1051,1051,378,5,20.18,38.53,1011.66,13.27"
06:57:38,"120,1056,1056,378,5,20.18,38.56,1011.65,13.29"
06:57:40,"120,1059,1059,377,5,20.17,38.56,1011.64,13.40"
06:57:42,"123,1068,1068,378,5,20.18,38.56,1011.65,13.32"
06:57:43,PMS7003 checksum failed
06:57:45,"123,1062,1062,378,5,20.19,38.56,1011.64,13.41"
06:57:47,"123,1059,1059,378,5,20.18,38.57,1011.63,13.51"
06:57:49,"123,1059,1059,378,5,20.19,38.57,1011.64,13.39"
06:57:51,"121,1038,1038,378,5,20.19,38.57,1011.64,13.44"
06:57:54,"121,1038,1038,378,5,20.19,38.58,1011.65,13.37"
06:57:56,"121,1038,1038,378,5,20.19,38.58,1011.65,13.29"
06:57:58,"120,1035,1035,378,5,20.19,38.57,1011.67,13.17"
06:58:00,"120,1035,1035,378,5,20.18,38.58,1011.64,13.41"
06:58:02,"120,1032,1032,378,5,20.19,38.56,1011.65,13.36"
06:58:05,"120,1030,1030,378,5,20.18,38.52,1011.64,13.40"
06:58:07,"120,1030,1030,379,5,20.18,38.55,1011.62,13.57"
06:58:09,"114,1017,1017,379,5,20.18,38.53,1011.62,13.60"
06:58:11,"114,1014,1014,378,5,20.18,38.52,1011.63,13.48"
06:58:13,"114,1014,1014,378,5,20.18,38.50,1011.63,13.46"
06:58:16,"112,999,999,378,5,20.17,38.48,1011.61,13.65"
06:58:18,"111,994,994,379,5,20.18,38.49,1011.62,13.56"
06:58:19,PMS7003 checksum failed
06:58:20,"111,1014,1014,379,5,20.18,38.50,1011.64,13.39"
06:58:22,"111,1011,1011,379,5,20.18,38.51,1011.63,13.48"
06:58:25,"111,1011,1011,379,5,20.18,38.46,1011.62,13.61"
06:58:27,"111,1002,1002,379,5,20.18,38.41,1011.65,13.32"
06:58:29,"111,1002,1002,379,5,20.18,38.38,1011.63,13.47"
06:58:31,"111,999,999,379,5,20.17,38.37,1011.63,13.50"
06:58:33,"111,1000,1000,379,5,20.18,38.36,1011.64,13.40"
06:58:36,"111,1000,1000,379,5,20.18,38.38,1011.64,13.43"
06:58:38,"111,1002,1002,379,5,20.18,38.41,1011.66,13.23"
06:58:40,"111,1002,1002,378,5,20.18,38.44,1011.64,13.45"
06:58:42,"111,1002,1002,379,5,20.18,38.46,1011.63,13.48"
06:58:45,"111,1020,1020,379,5,20.18,38.46,1011.63,13.50"
06:58:47,"111,1023,1023,379,5,20.18,38.49,1011.65,13.30"
06:58:49,"111,1023,1023,379,5,20.18,38.49,1011.65,13.34"
06:58:51,"112,1047,1047,379,5,20.18,38.51,1011.62,13.54"
06:58:53,"112,1047,1047,379,5,20.18,38.51,1011.64,13.44"
06:58:54,PMS7003 checksum failed
06:58:56,"111,1057,1057,379,5,20.18,38.51,1011.63,13.50"
06:58:58,"111,1063,1063,379,5,20.18,38.52,1011.66,13.29"
06:59:00,"111,1063,1063,379,5,20.18,38.51,1011.65,13.30"
06:59:02,"109,1056,1056,379,5,20.18,38.49,1011.66,13.23"
06:59:05,"109,1056,1056,379,5,20.18,38.49,1011.67,13.19"
06:59:07,"108,1056,1056,379,5,20.18,38.44,1011.67,13.14"
06:59:09,"108,1059,1059,379,5,20.18,38.46,1011.64,13.39"
06:59:11,"108,1059,1059,379,5,20.19,38.47,1011.64,13.43"
06:59:13,"108,1060,1060,379,5,20.19,38.48,1011.64,13.39"
06:59:16,"108,1065,1065,379,5,20.19,38.49,1011.63,13.50"
06:59:18,"108,1065,1065,379,5,20.19,38.52,1011.63,13.48"
06:59:20,"106,1080,1080,379,5,20.18,38.53,1011.67,13.12"
06:59:22,"106,1083,1083,379,5,20.18,38.57,1011.66,13.23"
06:59:24,"106,1083,1083,379,5,20.19,38.56,1011.65,13.29"
06:59:27,"106,1104,1104,379,5,20.18,38.57,1011.67,13.13"
06:59:29,"108,1134,1134,379,5,20.18,38.52,1011.67,13.19"
06:59:31,"108,1134,1134,379,5,20.18,38.49,1011.66,13.26"
06:59:33,"111,1164,1164,379,5,20.18,38.50,1011.64,13.45"
06:59:36,"111,1167,1167,379,5,20.19,38.51,1011.66,13.26"
06:59:38,"111,1167,1167,379,5,20.19,38.49,1011.64,13.44"
06:59:40,"112,1176,1176,379,5,20.19,38.49,1011.69,13.03"
06:59:42,"112,1176,1176,379,5,20.19,38.48,1011.65,13.34"
06:59:44,"112,1179,1179,379,5,20.20,38.48,1011.69,12.98"
06:59:47,"112,1179,1179,379,5,20.20,38.49,1011.67,13.18"
06:59:49,"112,1200,1200,379,5,20.20,38.52,1011.66,13.22"
06:59:51,"112,1200,1200,379,5,20.19,38.51,1011.67,13.18"
06:59:53,"112,1224,1224,379,5,20.20,38.52,1011.67,13.13"
06:59:55,"112,1215,1215,379,5,20.19,38.50,1011.68,13.07"
06:59:58,"111,1209,1209,379,5,20.19,38.54,1011.70,12.93"
07:00:00,"111,1209,1209,379,5,20.19,38.51,1011.67,13.20"
07:00:02,"111,1159,1159,379,5,20.20,38.51,1011.67,13.20"
07:00:04,"111,1152,1152,379,5,20.20,38.51,1011.70,12.95"
07:00:07,"109,1143,1143,379,5,20.20,38.50,1011.69,13.00"
07:00:09,"105,1089,1089,378,5,20.20,38.49,1011.67,13.21"
07:00:11,"105,1089,1089,378,5,20.20,38.49,1011.69,13.00"
07:00:13,"102,1036,1036,378,5,20.20,38.46,1011.69,12.97"
07:00:15,"97,1014,1014,378,5,20.19,38.44,1011.68,13.08"
07:00:18,"97,1014,1014,378,5,20.19,38.42,1011.69,13.02"
07:00:20,"97,1012,1012,378,5,20.18,38.44,1011.67,13.20"
07:00:22,"96,1012,1012,378,5,20.19,38.44,1011.71,12.86"
07:00:24,"97,996,996,378,5,20.18,38.46,1011.69,13.03"
07:00:26,"97,996,996,378,5,20.18,38.49,1011.71,12.84"
07:00:29,"97,954,954,378,5,20.18,38.52,1011.68,13.07"
07:00:31,"97,942,942,378,5,20.18,38.52,1011.72,12.77"
07:00:33,"97,930,930,378,5,20.19,38.50,1011.71,12.84"
07:00:35,"97,930,930,378,5,20.18,38.49,1011.68,13.04"
07:00:38,"90,792,792,378,5,20.18,38.50,1011.72,12.74"
07:00:40,"87,771,771,378,5,20.18,38.45,1011.73,12.69"
07:00:42,"85,750,750,378,5,20.19,38.45,1011.70,12.93"
07:00:44,"79,673,673,378,5,20.18,38.49,1011.72,12.72"
07:00:46,"79,673,673,378,5,20.18,38.46,1011.70,12.93"
07:00:49,"75,613,613,378,5,20.18,38.46,1011.71,12.86"
07:00:51,"72,576,576,378,5,20.18,38.48,1011.71,12.86"
07:00:53,",567,567,378,5,20.18,38.50,1011.71,12.83"
07:00:55,"72,558,558,378,5,20.18,38.50,1011.72,12.79"
07:00:58,"72,552,552,378,5,20.18,38.49,1011.70,12.92"
07:01:00,"69,522,522,378,5,20.18,38.46,1011.68,13.10"
07:01:01,PMS7003 checksum failed
07:01:02,"66,492,492,378,5,20.18,38.48,1011.74,12.60"
07:01:04,"66,489,489,378,5,20.18,38.49,1011.73,12.69"
07:01:06,"64,483,483,378,5,20.17,38.51,1011.68,13.05"
07:01:09,"64,483,483,378,5,20.18,38.51,1011.74,12.57"
07:01:11,"64,463,463,378,5,20.17,38.50,1011.73,12.66"
07:01:13,"66,465,465,378,5,20.17,38.51,1011.72,12.77"
07:01:15,"66,483,483,378,5,20.18,38.50,1011.73,12.70"
07:01:17,"66,483,483,378,5,20.17,38.51,1011.73,12.69"
07:01:20,"67,499,499,378,5,20.18,38.45,1011.72,12.71"
07:01:22,"69,519,519,378,5,20.18,38.49,1011.76,12.41"
07:01:24,"69,519,519,378,5,20.18,38.50,1011.74,12.57"
07:01:26,"85,747,747,378,5,20.17,38.50,1011.74,12.54"
07:01:29,"87,763,763,378,5,20.17,38.52,1011.72,12.76"
07:01:31,"87,763,763,378,5,20.17,38.52,1011.73,12.64"
07:01:33,"91,882,882,378,5,20.17,38.49,1011.74,12.59"
07:01:35,"99,990,990,378,5,20.18,38.46,1011.74,12.60"
07:01:36,PMS7003 checksum failed
07:01:37,"105,1071,1071,378,5,20.17,38.50,1011.73,12.68"
07:01:40,"106,1071,1071,378,5,20.17,38.54,1011.73,12.67"
07:01:42,"106,1071,1071,378,5,20.18,38.57,1011.72,12.71"
07:01:44,"111,1117,1117,378,5,20.17,38.58,1011.71,12.81"
07:01:46,"111,1117,1117,378,5,20.17,38.58,1011.70,12.87"
07:01:49,"111,1122,1122,378,5,20.16,38.57,1011.72,12.77"
07:01:51,"112,1129,1129,378,5,20.17,38.56,1011.69,12.97"
07:01:53,"112,1129,1129,378,5,20.17,38.57,1011.70,12.92"
07:01:55,"112,1138,1138,378,5,20.17,38.58,1011.68,13.06"
07:01:57,"111,1134,1134,378,5,20.16,38.53,1011.74,12.57"
07:02:00,"111,1134,1134,378,5,20.16,38.45,1011.70,12.92"
07:02:02,"108,1143,1143,378,5,20.16,38.45,1011.71,12.84"
07:02:04,"106,1144,1144,378,5,20.16,38.47,1011.69,13.00"
07:02:06,"106,1144,1144,379,5,20.16,38.50,1011.72,12.73"
07:02:08,"103,1099,1099,379,5,20.16,38.52,1011.70,12.91"
07:02:11,"99,981,981,379,5,20.16,38.52,1011.69,12.97"
07:02:12,PMS7003 checksum failed
07:02:13,"90,795,795,379,5,20.17,38.50,1011.71,12.80"
07:02:15,"90,774,774,379,5,20.16,38.46,1011.71,12.83"
07:02:17,"90,774,774,379,5,20.16,38.46,1011.71,12.85"
07:02:20,"84,696,696,379,5,20.16,38.45,1011.71,12.85"
07:02:22,"84,696,696,378,5,20.16,38.45,1011.74,12.59"
07:02:24,"82,681,681,378,5,20.16,38.45,1011.73,12.70"
07:02:26,"81,664,664,378,5,20.16,38.42,1011.71,12.86"
07:02:28,"81,664,664,378,5,20.16,38.38,1011.72,12.73"
07:02:31,"78,648,648,378,5,20.17,38.42,1011.75,12.47"
07:02:33,"78,633,633,378,5,20.17,38.43,1011.73,12.63"
07:02:35,"78,633,633,378,5,20.17,38.45,1011.74,12.61"
07:02:37,"64,513,513,378,5,20.17,38.43,1011.71,12.83"
07:02:40,"63,501,501,378,5,20.16,38.38,1011.68,13.11"
07:02:42,"63,501,501,378,5,20.17,38.39,1011.69,13.00"
07:02:44,"58,447,447,378,5,20.16,38.43,1011.70,12.92"
07:02:46,"57,420,420,378,5,20.16,38.49,1011.71,12.80"
07:02:47,PMS7003 checksum failed
07:02:48,"58,441,441,378,5,20.16,38.51,1011.69,12.98"
07:02:51,"60,450,450,378,5,20.16,38.54,1011.69,12.99"
07:02:53,"60,450,450,378,5,20.16,38.54,1011.71,12.82"
07:02:55,"66,498,498,379,5,20.17,38.56,1011.72,12.72"
07:02:57,"66,498,498,379,5,20.16,38.56,1011.69,12.98"
07:03:00,"69,525,525,378,5,20.16,38.53,1011.70,12.91"
07:03:02,"70,549,549,378,5,20.17,38.53,1011.71,12.82"
07:03:04,"70,549,549,378,5,20.16,38.51,1011.72,12.77"
07:03:06,"72,571,571,378,5,20.16,38.52,1011.70,12.88"
07:03:08,"73,606,606,378,5,20.17,38.52,1011.67,13.17"
07:03:11,"73,606,606,378,5,20.16,38.49,1011.67,13.13"
07:03:13,"84,813,813,378,5,20.17,38.43,1011.69,12.97"
07:03:15,"87,837,837,378,5,20.17,38.38,1011.71,12.79"
07:03:17,"87,837,837,378,5,20.17,38.39,1011.68,13.05"
07:03:19,"93,948,948,378,5,20.17,38.44,1011.70,12.90"
07:03:22,"100,1053,1053,378,5,20.17,38.48,1011.70,12.94"
07:03:23,PMS7003 checksum failed
07:03:24,"106,1140,1140,378,5,20.17,38.46,1011.70,12.95"
07:03:26,"108,1146,1146,378,5,20.17,38.43,1011.72,12.73"
07:03:28,"108,1150,1150,378,5,20.17,38.45,1011.69,12.99"
07:03:31,"111,1167,1167,378,5,20.17,38.48,1011.67,13.16"
07:03:33,"111,1167,1167,379,5,20.18,38.52,1011.71,12.86"
07:03:35,"114,1174,1174,379,5,20.17,38.52,1011.72,12.72"
07:03:37,"114,1182,1182,379,5,20.18,38.52,1011.70,12.88"
07:03:39,"114,1182,1182,379,5,20.18,38.50,1011.69,13.01"
07:03:42,"114,1177,1177,379,5,20.19,38.49,1011.67,13.13"
07:03:44,"114,1174,1174,379,5,20.19,38.49,1011.70,12.91"
07:03:46,"114,1174,1174,379,5,20.19,38.49,1011.69,12.96"
07:03:48,"111,1125,1125,379,5,20.19,38.49,1011.67,13.12"
07:03:51,"111,1122,1122,379,5,20.19,38.50,1011.67,13.17"
07:03:53,"111,1122,1122,379,5,20.18,38.56,1011.69,13.03"
07:03:55,"109,1116,1116,379,5,20.18,38.53,1011.67,13.17"
07:03:57,"109,1113,1113,379,5,20.17,38.52,1011.66,13.24"
07:03:59,"109,1113,1113,379,5,20.18,38.53,1011.70,12.90"
07:04:02,"109,1134,1134,379,5,20.18,38.56,1011.70,12.91"
07:04:04,"109,1129,1129,379,5,20.17,38.57,1011.69,13.02"
07:04:06,"109,1129,1129,379,5,20.16,38.54,1011.69,13.01"
07:04:08,"108,1095,1095,379,5,20.16,38.53,1011.65,13.36"
07:04:10,"108,1095,1095,379,5,20.16,38.47,1011.68,13.11"
07:04:13,"108,1089,1089,379,5,20.16,38.46,1011.69,13.01"
07:04:15,"108,1083,1083,379,5,20.15,38.47,1011.69,13.01"
07:04:17,"106,1077,1077,379,5,20.16,38.46,1011.67,13.16"
07:04:19,"106,1077,1077,379,5,20.16,38.43,1011.67,13.19"
07:04:22,"105,1077,1077,379,5,20.16,38.39,1011.68,13.08"
07:04:24,"105,1071,1071,379,5,20.16,38.38,1011.64,13.42"
07:04:26,"105,1065,1065,380,5,20.15,38.38,1011.67,13.14"
07:04:28,"105,1065,1065,380,5,20.15,38.35,1011.66,13.27"
07:04:30,"106,1056,1056,380,5,20.16,38.41,1011.70,12.92"
07:04:33,"108,1060,1060,379,5,20.16,38.40,1011.69,12.99"
07:04:35,"108,1060,1060,379,5,20.16,38.40,1011.67,13.15"
07:04:37,"108,1047,1047,379,5,20.16,38.36,1011.66,13.27"
07:04:39,"108,1047,1047,379,5,20.16,38.37,1011.66,13.23"
07:04:41,"105,1032,1032,380,5,20.17,38.49,1011.69,12.96"
07:04:44,"105,1026,1026,380,5,20.17,38.53,1011.67,13.15"
07:04:46,"105,1026,1026,379,5,20.17,38.54,1011.68,13.07"
07:04:48,"105,1018,1018,380,5,20.17,38.54,1011.66,13.24"
07:04:50,"105,1020,1020,380,5,20.18,38.54,1011.64,13.41"
07:04:53,"106,1038,1038,380,5,20.18,38.52,1011.65,13.33"
07:04:55,"106,1038,1038,380,5,20.17,38.50,1011.63,13.48"
07:04:57,"106,1059,1059,380,5,20.18,38.45,1011.66,13.28"
07:04:59,"106,1068,1068,380,5,20.18,38.41,1011.64,13.39"
07:05:01,"108,1077,1077,380,5,20.18,38.39,1011.63,13.48"
07:05:04,"108,1077,1077,380,5,20.18,38.39,1011.65,13.35"
07:05:06,"109,1077,1077,380,5,20.17,38.39,1011.64,13.43"
07:05:08,"109,1074,1074,380,5,20.17,38.39,1011.65,13.32"
07:05:10,"109,1074,1074,380,5,20.18,38.41,1011.63,13.51"
07:05:13,"111,1077,1077,380,5,20.18,38.43,1011.66,13.43"
07:05:15,"111,1077,1077,380,5,20.18,38.44,1011.65,13.33"
07:05:17,"111,1069,1069,380,5,20.17,38.44,1011.66,13.24"
07:05:19,"111,1068,1068,380,5,20.17,38.48,1011.65,13.31"
07:05:21,"112,1069,1071,381,5,20.18,38.46,1011.65,13.34"
07:05:24,"112,1074,1075,381,5,20.18,38.48,1011.66,13.24"
07:05:26,"112,1077,1077,381,5,20.18,38.49,1011.63,13.50"
07:05:28,"112,1080,1081,380,5,20.18,38.46,1011.67,13.20"
07:05:29,PMS7003 checksum failed
07:05:30,"111,1065,1066,381,5,20.18,38.45,1011.67,13.17"
07:05:32,"111,1065,1065,381,5,20.18,38.42,1011.64,13.41"
07:05:35,"111,1062,1062,381,5,20.18,38.44,1011.65,13.35"
07:05:37,"111,1062,1062,381,5,20.18,38.44,1011.66,13.27"
07:05:39,"114,1063,1063,381,5,20.18,38.42,1011.67,13.14"
07:05:41,"114,1066,1066,381,5,20.18,38.44,1011.67,13.12"
07:05:44,"114,1065,1065,381,5,20.18,38.45,1011.67,13.18"
07:05:46,"114,1065,1065,381,5,20.19,38.45,1011.65,13.34"
07:05:48,"115,1062,1062,381,5,20.19,38.45,1011.65,13.32"
07:05:50,"115,1062,1062,381,5,20.19,38.47,1011.67,13.16"
07:05:52,"115,1062,1062,381,5,20.19,38.49,1011.69,13.03"
07:05:55,"120,1069,1069,381,5,20.19,38.50,1011.69,13.03"
07:05:57,"120,1068,1068,381,5,20.19,38.51,1011.67,13.20"
07:05:59,"120,1068,1068,381,5,20.19,38.52,1011.63,13.51"
07:06:01,"118,1056,1056,381,5,20.19,38.52,1011.67,13.37"
07:06:04,"117,1056,1056,381,5,20.19,38.54,1011.66,13.28"
07:06:05,PMS7003 checksum failed
07:06:06,"117,1056,1056,381,5,20.19,38.55,1011.64,13.38"
07:06:08,"117,1054,1054,381,5,20.19,38.52,1011.62,13.58"
07:06:10,"117,1054,1054,381,5,20.19,38.50,1011.65,13.32"
07:06:12,"117,1065,1065,381,5,20.19,38.45,1011.69,13.03"
07:06:15,"117,1065,1065,381,5,20.19,38.43,1011.66,13.25"
07:06:17,"118,1066,1066,381,5,20.19,38.43,1011.64,13.41"
07:06:19,"118,1069,1069,381,5,20.19,38.43,1011.65,13.32"
07:06:21,"118,1069,1069,382,5,20.20,38.44,1011.67,13.20"
07:06:23,"120,1074,1074,381,5,20.19,38.42,1011.64,13.45"
07:06:26,"120,1074,1074,381,5,20.19,38.43,1011.66,13.27"
07:06:28,"120,1074,1074,381,5,20.20,38.41,1011.68,13.12"
07:06:30,"123,1065,1065,381,5,20.19,38.43,1011.65,13.37"
07:06:32,"123,1062,1062,381,5,20.19,38.43,1011.67,13.17"
07:06:35,"123,1062,1062,381,5,20.18,38.43,1011.65,13.32"
07:06:37,"121,1054,1054,381,5,20.19,38.43,1011.64,13.37"
07:06:39,"120,1062,1062,381,5,20.19,38.44,1011.67,13.18"
07:06:40,PMS7003 checksum failed
07:06:41,"121,1078,1078,381,5,20.19,38.45,1011.63,13.49"
07:06:43,"121,1083,1083,381,5,20.19,38.48,1011.63,13.51"
07:06:46,"121,1083,1083,381,5,20.18,38.51,1011.65,13.34"
07:06:48,"124,1090,1090,381,5,20.18,38.52,1011.63,13.48"
07:06:50,"124,1090,1090,381,5,20.18,38.52,1011.64,13.45"
07:06:52,"124,1093,1093,381,5,20.18,38.50,1011.63,13.50"
07:06:55,"124,1096,1096,381,5,20.17,38.45,1011.67,13.14"
07:06:57,"124,1096,1096,381,5,20.17,38.44,1011.66,13.28"
07:06:59,"126,1095,1095,381,5,20.18,38.48,1011.69,13.08"
07:07:01,"126,1098,1098,381,5,20.17,38.48,1011.66,13.26"
07:07:03,"126,1098,1098,381,5,20.17,38.50,1011.65,13.33"
07:07:06,"130,1086,1086,381,5,20.17,38.50,1011.64,13.39"
07:07:08,"130,1086,1086,381,5,20.18,38.50,1011.68,13.11"
07:07:10,"130,1086,1086,381,5,20.17,38.51,1011.64,13.39"
07:07:12,"127,1059,1059,381,5,20.17,38.52,1011.66,13.28"
07:07:15,"126,1062,1062,381,5,20.17,38.51,1011.66,13.26"
07:07:16,PMS7003 checksum failed
07:07:17,"126,1077,1077,381,5,20.18,38.53,1011.68,13.11"
07:07:19,"126,1080,1080,381,5,20.18,38.55,1011.66,13.27"
07:07:21,"126,1080,1080,381,5,20.17,38.52,1011.65,13.31"
07:07:23,"133,1101,1101,381,5,20.17,38.52,1011.63,13.46"
07:07:26,"133,1101,1101,381,5,20.17,38.51,1011.64,13.41"
07:07:28,"135,1105,1105,381,5,20.18,38.52,1011.64,13.43"
07:07:30,"135,1110,1110,381,5,20.18,38.50,1011.65,13.31"
07:07:32,"135,1110,1110,381,5,20.17,38.46,1011.67,13.14"
07:07:34,"138,1114,1114,381,5,20.17,38.46,1011.65,13.35"
07:07:37,"138,1122,1122,381,5,20.17,38.46,1011.67,13.15"
07:07:39,"138,1122,1122,381,5,20.17,38.48,1011.64,13.37"
07:07:41,"138,1108,1108,381,5,20.17,38.50,1011.66,13.24"
07:07:43,"138,1107,1107,381,5,20.16,38.51,1011.69,13.02"
07:07:46,"138,1107,1107,381,5,20.17,38.52,1011.67,13.14"
07:07:48,"141,1101,1101,381,5,20.17,38.51,1011.64,13.43"
07:07:50,"145,1101,1101,381,5,20.17,38.53,1011.65,13.34"
07:07:51,PMS7003 checksum failed
07:07:52,"154,1122,1122,381,5,20.17,38.52,1011.65,13.30"
07:07:54,"154,1123,1123,382,5,20.17,38.52,1011.64,13.39"
07:07:57,"154,1123,1123,382,5,20.17,38.51,1011.65,13.36"
07:07:59,"150,1102,1102,382,5,20.17,38.51,1011.63,13.49"
07:08:01,"150,1102,1102,382,5,20.16,38.46,1011.67,13.16"
07:08:03,"150,1096,1096,382,5,20.16,38.45,1011.66,13.25"
07:08:06,"147,1090,1090,382,5,20.16,38.45,1011.66,13.21"
07:08:08,"147,1090,1090,382,5,20.16,38.46,1011.67,13.19"
07:08:10,"147,1084,1084,382,5,20.16,38.42,1011.64,13.44"
07:08:12,"145,1077,1077,382,5,20.15,38.40,1011.63,13.50"
07:08:14,"145,1077,1077,382,5,20.16,38.45,1011.64,13.41"
07:08:17,"142,1066,1066,382,5,20.16,38.47,1011.67,13.17"
07:08:19,"144,1071,1071,382,5,20.16,38.51,1011.68,13.11"
07:08:21,"145,1075,1075,382,5,20.16,38.50,1011.68,13.09"
07:08:23,"153,1089,1089,382,5,20.15,38.51,1011.66,13.29"
07:08:25,"159,1093,1093,382,5,20.16,38.50,1011.65,13.32"
07:08:27,PMS7003 checksum failed
07:08:28,"154,1062,1062,382,5,20.16,38.50,1011.67,13.18"
07:08:30,"154,1062,1062,383,5,20.16,38.50,1011.63,13.51"
07:08:32,"154,1062,1062,383,5,20.16,38.45,1011.64,13.42"
07:08:34,"153,1054,1054,383,5,20.16,38.51,1011.65,13.35"
07:08:37,"153,1054,1054,383,5,20.16,38.52,1011.64,13.44"
07:08:39,"154,1057,1057,382,5,20.15,38.52,1011.62,13.56"
07:08:41,"154,1059,1059,382,5,20.15,38.52,1011.65,13.36"
07:08:43,"154,1059,1059,382,5,20.16,38.51,1011.67,13.16"
07:08:45,"154,1062,1062,382,5,20.16,38.51,1011.65,13.32"
07:08:48,"154,1066,1066,383,5,20.16,38.51,1011.65,13.34"
07:08:50,"154,1066,1066,383,5,20.16,38.51,1011.65,13.32"
07:08:52,"163,1071,1071,382,5,20.15,38.51,1011.63,13.48"
07:08:54,"163,1069,1069,382,5,20.15,38.50,1011.65,13.34"
07:08:57,"163,1069,1069,382,5,20.16,38.50,1011.63,13.51"
07:08:59,"165,1062,1062,382,5,20.16,38.50,1011.65,13.29"
07:09:01,"165,1065,1065,382,5,20.15,38.50,1011.63,13.49"
07:09:02,PMS7003 checksum failed
07:09:03,"162,1054,1054,382,5,20.16,38.50,1011.64,13.39"
07:09:05,"163,1053,1053,382,5,20.16,38.49,1011.65,13.37"
07:09:08,"163,1053,1053,382,5,20.16,38.51,1011.61,13.70"
07:09:10,"168,1047,1047,382,5,20.16,38.51,1011.62,13.55"
07:09:12,"168,1047,1047,382,5,20.15,38.50,1011.63,13.48"
07:09:14,"169,1047,1047,382,5,20.15,38.51,1011.64,13.42"
07:09:17,"171,1047,1047,382,5,20.15,38.51,1011.64,13.42"
07:09:19,"171,1047,1047,382,5,20.15,38.52,1011.63,13.53"
07:09:21,"172,1050,1050,382,5,20.16,38.52,1011.68,13.05"
07:09:23,"172,1050,1050,382,5,20.15,38.53,1011.62,13.55"
07:09:25,"172,1050,1050,382,5,20.15,38.53,1011.62,13.60"
07:09:28,"174,1060,1060,382,5,20.15,38.53,1011.67,13.19"
07:09:30,"175,1063,1063,382,5,20.15,38.54,1011.65,13.32"
07:09:32,"177,1069,1069,382,5,20.16,38.57,1011.65,13.34"
07:09:34,"175,1074,1074,382,5,20.15,38.58,1011.63,13.48"
07:09:36,"169,1069,1069,382,5,20.15,38.59,1011.61,13.63"
07:09:38,PMS7003 checksum failed
07:09:39,"168,1099,1099,381,5,20.15,38.57,1011.63,13.53"
07:09:41,"168,1107,1107,382,5,20.16,38.54,1011.65,13.37"
07:09:43,"168,1107,1107,382,5,20.15,38.53,1011.63,13.53"
07:09:45,"168,1084,1084,382,5,20.16,38.53,1011.62,13.58"
07:09:48,"168,1084,1084,381,5,20.16,38.51,1011.68,13.11"
07:09:50,"168,1075,1075,381,5,20.16,38.51,1011.65,13.36"
07:09:52,"168,1069,1069,382,5,20.15,38.53,1011.66,13.29"
07:09:54,"168,1069,1069,381,5,20.15,38.53,1011.65,13.33"
07:09:56,"168,1065,1065,381,5,20.15,38.54,1011.64,13.37"
07:09:59,"168,1059,1059,382,5,20.16,38.53,1011.64,13.44"
07:10:01,"168,1059,1059,382,5,20.15,38.52,1011.63,13.53"
07:10:03,"168,1026,1026,382,5,20.15,38.51,1011.64,13.41"
07:10:05,"169,1024,1024,381,5,20.15,38.51,1011.65,13.31"
07:10:08,"169,1024,1024,381,5,20.15,38.51,1011.65,13.35"
07:10:10,"175,1017,1017,381,5,20.15,38.52,1011.63,13.53"
07:10:12,"181,1024,1024,381,5,20.15,38.51,1011.62,13.60"
07:10:14,"181,1024,1024,381,5,20.15,38.53,1011.63,13.53"
07:10:16,"171,969,969,381,5,20.16,38.52,1011.63,13.52"
07:10:19,"171,961,961,381,5,20.15,38.52,1011.61,13.70"
07:10:21,"171,961,961,382,5,20.15,38.52,1011.62,13.60"
07:10:23,"169,942,942,382,5,20.14,38.54,1011.61,13.62"
07:10:25,"169,942,942,381,5,20.15,38.55,1011.62,13.60"
07:10:27,"169,942,942,382,5,20.14,38.57,1011.63,13.51"
07:10:30,"169,942,942,382,5,20.15,38.57,1011.64,13.40"
07:10:32,"172,951,951,382,5,20.14,38.58,1011.60,13.75"
07:10:34,"172,951,951,381,5,20.14,38.57,1011.63,13.47"
07:10:36,"178,952,952,381,5,20.15,38.55,1011.60,13.77"
07:10:39,"180,954,954,381,5,20.14,38.51,1011.62,13.54"
07:10:41,"180,957,957,381,5,20.14,38.50,1011.61,13.65"
07:10:43,"180,957,957,381,5,20.14,38.52,1011.60,13.73"
07:10:45,"174,909,909,381,5,20.14,38.54,1011.58,13.95"
07:10:47,"174,900,900,381,5,20.14,38.54,1011.61,13.63"
07:10:50,"174,891,891,381,5,20.14,38.55,1011.61,13.67"
07:10:52,"171,870,870,381,5,20.14,38.55,1011.64,13.43"
07:10:54,"171,870,870,381,5,20.14,38.53,1011.61,13.68"
07:10:56,"172,873,873,381,5,20.14,38.55,1011.62,13.60"
07:10:58,"171,835,835,381,5,20.14,38.53,1011.63,13.49"
07:11:01,"1,823,823,381,5,20.13,38.54,1011.64,13.44"
07:11:03,"171,813,813,381,5,20.13,38.52,1011.62,13.58"
07:11:05,"171,801,801,380,5,20.13,38.55,1011.64,13.42"
07:11:07,"172,766,766,381,5,20.14,38.55,1011.63,13.46"
07:11:10,"172,766,766,380,5,20.14,38.59,1011.64,13.43"
07:11:12,"171,753,753,380,5,20.13,38.58,1011.64,13.45"
07:11:14,"71,751,751,380,5,20.12,38.56,1011.58,13.92"
07:11:16,"9,748,748,380,5,20.13,38.54,1011.60,13.76"
07:11:18,"169,748,748,380,5,20.13,38.58,1011.61,13.63"
07:11:21,"171,735,735,380,5,20.13,38.59,1011.60,13.73"
07:11:23,"171,733,733,380,5,20.13,38.59,1011.60,13.73"
07:11:25,"171,732,732,380,5,20.14,38.59,1011.62,13.54"
07:11:27,"171,714,714,380,5,20.13,38.56,1011.60,13.72"
07:11:30,"171,714,714,380,5,20.13,38.55,1011.61,13.69"
07:11:32,"171,690,690,380,5,20.13,38.54,1011.60,13.76"
07:11:34,"172,673,673,380,5,20.13,38.55,1011.60,13.71"
07:11:36,"172,673,673,380,5,20.13,38.55,1011.59,13.80"
07:11:38,"172,669,669,380,5,20.12,38.54,1011.59,13.85"
07:11:41,"171,666,666,380,5,20.12,38.55,1011.61,13.68"
07:11:43,"171,649,649,380,5,20.12,38.53,1011.56,14.09"
07:11:44,PMS7003 checksum failed
07:11:45,"171,636,636,380,5,20.11,38.55,1011.58,13.90"
07:11:47,"171,633,633,379,5,20.12,38.54,1011.59,13.80"
07:11:49,"171,633,633,379,5,20.11,38.55,1011.61,13.67"
07:11:52,"171,633,633,379,5,20.11,38.54,1011.58,13.91"
07:11:54,"166,618,618,379,5,20.11,38.52,1011.58,13.89"
07:11:56,"165,616,616,379,5,20.11,38.46,1011.59,13.79"
07:11:58,"165,615,615,379,5,20.11,38.46,1011.61,13.67"
07:12:01,"165,615,615,379,5,20.11,38.46,1011.59,13.79"
07:12:03,"165,613,615,379,5,20.12,38.48,1011.62,13.57"
07:12:05,"166,610,610,379,5,20.12,38.51,1011.61,13.68"
07:12:06,PMS7003 checksum failed
07:12:07,"165,582,582,378,5,20.11,38.53,1011.61,13.66"
07:12:09,"165,577,577,378,5,20.11,38.57,1011.59,13.83"
07:12:12,"165,577,577,378,5,20.11,38.59,1011.59,13.86"
07:12:14,"168,570,570,378,5,20.10,38.60,1011.57,14.01"
07:12:16,"171,570,570,378,5,20.11,38.61,1011.61,13.69"
07:12:17,PMS7003 checksum failed
07:12:18,"171,553,553,378,5,20.11,38.61,1011.56,14.06"
07:12:21,"171,550,550,378,5,20.11,38.63,1011.60,13.72"
07:12:23,"171,549,549,378,5,20.10,38.61,1011.62,13.59"
07:12:25,"171,549,549,378,5,20.10,38.62,1011.60,13.78"
07:12:27,"174,546,546,378,5,20.11,38.61,1011.61,13.69"
07:12:29,"174,546,546,378,5,20.11,38.60,1011.61,13.62"
07:12:32,"174,546,546,378,5,20.10,38.60,1011.59,13.86"
07:12:34,"174,544,544,378,5,20.10,38.60,1011.60,13.77"
07:12:36,"174,544,544,378,5,20.11,38.60,1011.60,13.76"
07:12:38,"172,543,543,378,5,20.11,38.60,1011.63,13.48"
07:12:41,"172,540,540,378,5,20.11,38.62,1011.61,13.70"
07:12:43,"174,525,525,378,5,20.11,38.59,1011.63,13.52"
07:12:45,"174,525,525,378,5,20.11,38.59,1011.63,13.48"
07:12:47,"174,525,525,378,5,20.11,38.59,1011.61,13.69"
07:12:49,"174,525,525,379,5,20.11,38.60,1011.60,13.72"
07:12:52,"172,519,519,379,5,20.10,38.57,1011.59,13.85"
07:12:54,"171,516,516,379,5,20.11,38.59,1011.63,13.49"
07:12:56,"171,514,514,379,5,20.11,38.59,1011.60,13.72"
07:12:58,"171,507,507,379,5,20.12,38.59,1011.62,13.61"
07:13:00,"171,504,504,379,5,20.11,38.60,1011.63,13.53"
07:13:03,"169,501,501,378,5,20.11,38.61,1011.62,13.60"
07:13:05,"169,501,501,378,5,20.11,38.61,1011.63,13.48"
07:13:07,"171,489,489,378,5,20.11,38.61,1011.62,13.56"
07:13:09,"172,489,489,378,5,20.11,38.60,1011.63,13.50"
07:13:12,"177,492,492,378,5,20.12,38.60,1011.63,13.49"
07:13:14,"190,501,501,378,5,20.12,38.62,1011.62,13.69"
07:13:16,"190,501,501,378,5,20.11,38.57,1011.62,13.60"
07:13:18,"198,501,501,378,5,20.12,38.56,1011.64,13.38"
07:13:20,"202,496,496,378,5,20.11,38.56,1011.64,13.43"
07:13:23,"202,495,495,378,5,20.11,38.57,1011.63,13.50"
07:13:25,"204,495,495,378,5,20.11,38.53,1011.63,13.53"
07:13:27,"204,493,493,378,5,20.11,38.54,1011.64,13.44"
07:13:29,"210,493,493,378,5,20.11,38.56,1011.62,13.58"
07:13:32,"213,492,492,377,5,20.11,38.58,1011.62,13.55"
07:13:34,"213,492,492,377,5,20.12,38.58,1011.64,13.41"
07:13:36,"216,493,493,377,5,20.11,38.59,1011.65,13.37"
07:13:38,"219,495,495,377,5,20.11,38.55,1011.66,13.28"
07:13:40,"219,495,495,377,5,20.11,38.56,1011.66,13.29"
07:13:43,"235,501,501,377,5,20.11,38.58,1011.63,13.48"
07:13:45,"237,501,501,377,5,20.12,38.55,1011.61,13.67"
07:13:47,"237,501,501,377,5,20.11,38.53,1011.64,13.40"
07:13:49,"237,501,501,377,5,20.11,38.55,1011.65,13.35"
07:13:51,"240,501,501,377,5,20.12,38.55,1011.65,13.35"
07:13:54,"240,499,499,377,5,20.12,38.59,1011.65,13.34"
07:13:56,"244,508,508,378,5,20.12,38.60,1011.67,13.20"
07:13:58,"244,510,510,378,5,20.11,38.61,1011.63,13.48"
07:14:00,"243,508,508,377,5,20.11,38.59,1011.66,13.24"
07:14:03,"241,508,508,377,5,20.12,38.59,1011.66,13.28"
07:14:05,"243,508,508,377,5,20.12,38.55,1011.63,13.47"
07:14:07,"249,514,514,377,5,20.12,38.55,1011.64,13.42"
07:14:09,"252,516,516,377,5,20.11,38.55,1011.67,13.19"
07:14:11,"252,516,516,377,5,20.12,38.52,1011.62,13.60"
07:14:14,"252,516,516,377,5,20.12,38.52,1011.62,13.56"
07:14:16,"252,516,516,377,5,20.11,38.53,1011.65,13.32"
07:14:18,"243,513,513,376,5,20.11,38.54,1011.65,13.36"
07:14:20,"243,513,513,377,5,20.11,38.56,1011.65,13.36"
07:14:22,"243,513,513,376,5,20.12,38.56,1011.65,13.30"
07:14:25,"243,513,513,376,5,20.12,38.58,1011.66,13.23"
07:14:27,"243,514,514,376,5,20.12,38.58,1011.67,13.19"
07:14:28,PMS7003 checksum failed
07:14:29,"247,519,519,376,5,20.12,38.56,1011.69,12.99"
07:14:31,"249,520,520,376,5,20.12,38.54,1011.63,13.47"
07:14:34,"249,520,520,376,5,20.12,38.56,1011.65,13.37"
07:14:36,"250,520,520,376,5,20.12,38.58,1011.66,13.28"
07:14:38,"252,520,520,376,5,20.12,38.56,1011.68,13.12"
07:14:40,"252,520,520,376,5,20.12,38.58,1011.67,13.15"
07:14:42,"249,511,511,376,5,20.12,38.58,1011.67,13.18"
07:14:45,"246,510,510,376,5,20.12,38.58,1011.68,13.07"
07:14:47,"246,510,510,376,5,20.12,38.58,1011.68,13.09"
07:14:49,"246,510,510,376,5,20.11,38.57,1011.65,13.30"
07:14:51,"244,510,510,376,5,20.10,38.60,1011.65,13.35"
07:14:54,"243,504,504,376,5,20.10,38.60,1011.65,13.34"
07:14:56,"246,504,504,376,5,20.11,38.62,1011.68,13.07"
07:14:58,"246,504,504,376,5,20.10,38.63,1011.68,13.10"
07:15:00,"246,502,502,376,5,20.10,38.65,1011.67,13.17"
07:15:02,"246,502,502,376,5,20.10,38.68,1011.67,13.20"
07:15:03,PMS7003 checksum failed
07:15:05,"250,498,498,376,5,20.09,38.67,1011.68,13.11"
07:15:07,"247,495,495,376,5,20.09,38.65,1011.68,13.06"
07:15:09,"247,495,495,375,5,20.08,38.66,1011.68,13.06"
07:15:11,"246,495,495,375,5,20.08,38.66,1011.71,12.84"
07:15:14,"243,493,493,376,5,20.08,38.68,1011.69,13.02"
07:15:16,"241,492,492,375,5,20.07,38.67,1011.68,13.10"
07:15:18,"240,486,486,375,5,20.08,38.70,1011.70,12.91"
07:15:20,"238,486,486,375,5,20.08,38.70,1011.67,13.17"
07:15:22,"238,486,486,375,5,20.08,38.71,1011.68,13.11"
07:15:25,"238,486,486,375,5,20.08,38.71,1011.70,12.91"
07:15:27,"240,492,492,375,5,20.07,38.72,1011.70,12.94"
07:15:29,"246,492,492,375,5,20.07,38.73,1011.68,13.10"
07:15:31,"246,486,486,375,5,20.07,38.73,1011.67,13.14"
07:15:33,"246,486,486,375,5,20.07,38.72,1011.68,13.05"
07:15:36,"244,486,486,375,5,20.07,38.69,1011.71,12.85"
07:15:38,"243,483,483,375,5,20.07,38.70,1011.67,13.14"
07:15:39,PMS7003 checksum failed
07:15:40,"234,477,477,375,5,20.07,38.70,1011.69,12.97"
07:15:42,"232,477,477,375,5,20.07,38.70,1011.71,12.79"
07:15:45,"232,477,477,375,5,20.06,38.70,1011.72,12.71"
07:15:47,"232,475,475,375,5,20.06,38.69,1011.67,13.18"
07:15:49,"231,474,474,375,5,20.06,38.67,1011.73,12.68"
07:15:51,"1,474,474,375,5,20.06,38.66,1011.71,12.85"
07:15:53,"231,480,480,375,5,20.07,38.65,1011.72,12.76"
07:15:56,"231,480,480,375,5,20.07,38.65,1011.71,12.81"
07:15:58,"232,483,483,375,5,20.07,38.64,1011.71,12.87"
07:16:00,"232,483,483,375,5,20.07,38.65,1011.70,12.94"
07:16:02,"234,483,483,375,5,20.07,38.65,1011.70,12.90"
07:16:05,"235,486,486,375,5,20.07,38.65,1011.73,12.68"
07:16:07,"240,487,487,374,5,20.07,38.66,1011.71,12.85"
07:16:09,"240,487,487,374,5,20.07,38.65,1011.70,12.94"
07:16:11,"240,486,486,374,5,20.08,38.66,1011.72,12.72"
07:16:13,"238,486,486,375,5,20.08,38.69,1011.74,12.62"
07:16:14,PMS7003 checksum failed
07:16:16,"234,477,477,375,5,20.08,38.69,1011.74,12.60"
07:16:18,"234,477,477,374,5,20.08,38.68,1011.73,12.62"
07:16:20,"234,477,477,374,5,20.08,38.68,1011.72,12.78"
07:16:22,"234,477,477,374,5,20.09,38.67,1011.71,12.86"
07:16:24,"234,477,477,374,5,20.08,38.64,1011.71,12.86"
07:16:27,"235,477,477,374,5,20.08,38.62,1011.73,12.64"
07:16:29,"234,478,480,374,5,20.09,38.62,1011.72,12.79"
07:16:31,"234,477,478,374,5,20.09,38.61,1011.72,12.77"
07:16:33,"234,477,477,374,5,20.09,38.62,1011.76,12.43"
07:16:36,"234,477,477,374,5,20.09,38.62,1011.72,12.73"
07:16:38,"234,474,474,374,5,20.08,38.63,1011.71,12.79"
07:16:40,"237,471,472,374,5,20.08,38.62,1011.72,12.74"
07:16:42,"228,463,463,373,5,20.09,38.64,1011.74,12.58"
07:16:44,"228,463,463,374,5,20.09,38.62,1011.74,12.56"
07:16:47,"228,462,462,374,5,20.09,38.62,1011.72,12.76"
07:16:49,"228,462,462,373,5,20.09,38.63,1011.73,12.63"
07:16:50,PMS7003 checksum failed
07:16:51,"220,450,450,373,5,20.09,38.62,1011.77,12.29"
07:16:53,"219,447,447,373,5,20.10,38.62,1011.76,12.41"
07:16:56,"219,447,447,373,5,20.10,38.63,1011.76,12.38"
07:16:58,"219,447,447,373,5,20.09,38.62,1011.74,12.56"
07:17:00,"216,444,444,373,5,20.09,38.63,1011.74,12.58"
07:17:02,"216,444,444,373,5,20.10,38.63,1011.75,12.47"
07:17:04,"211,435,435,373,5,20.09,38.62,1011.76,12.39"
07:17:07,"211,435,435,373,5,20.09,38.64,1011.73,12.64"
07:17:09,"210,435,435,373,5,20.09,38.64,1011.77,12.31"
07:17:11,"210,435,435,373,5,20.09,38.63,1011.76,12.44"
07:17:13,"205,429,429,372,5,20.09,38.65,1011.78,12.24"
07:17:15,"202,423,423,372,5,20.08,38.65,1011.77,12.33"
07:17:18,"199,417,417,372,5,20.08,38.66,1011.78,12.24"
07:17:20,"199,417,417,372,5,20.09,38.65,1011.77,12.33"
07:17:22,"198,415,415,372,5,20.09,38.68,1011.76,12.40"
07:17:24,"198,414,414,372,5,20.09,38.65,1011.76,12.43"
07:17:27,"198,414,414,372,5,20.09,38.65,1011.76,12.38"
07:17:29,"190,402,402,372,5,20.09,38.64,1011.75,12.48"
07:17:31,"190,400,400,372,5,20.09,38.64,1011.78,12.26"
07:17:33,"190,400,400,372,5,20.08,38.63,1011.77,12.31"
07:17:35,"189,399,399,372,5,20.07,38.64,1011.78,12.21"
07:17:38,"189,397,397,372,5,20.08,38.66,1011.79,12.15"
07:17:40,"189,397,397,372,5,20.07,38.70,1011.80,12.14"
07:17:41,PMS7003 checksum failed
07:17:42,"175,381,381,372,5,20.08,38.67,1011.81,11.98"
07:17:44,"174,381,381,371,5,20.07,38.67,1011.78,12.28"
07:17:47,"174,381,381,372,5,20.07,38.67,1011.77,12.29"
07:17:49,"174,381,381,372,5,20.07,38.67,1011.79,12.19"
07:17:51,"171,378,378,372,5,20.07,38.69,1011.79,12.20"
07:17:53,"171,378,378,371,5,20.07,38.71,1011.78,12.21"
07:17:55,"171,376,376,372,5,20.07,38.70,1011.78,12.22"
07:17:58,"171,376,376,371,5,20.06,38.71,1011.77,12.32"
07:18:00,"172,376,376,372,5,20.07,38.69,1011.79,12.20"
07:18:02,"172,375,375,372,5,20.07,38.62,1011.77,12.36"
07:18:04,"172,375,375,372,5,20.06,38.65,1011.78,12.23"
07:18:06,"168,369,369,372,5,20.06,38.67,1011.81,11.97"
07:18:09,"166,366,366,372,5,20.07,38.67,1011.77,12.33"
07:18:11,"166,366,366,372,5,20.07,38.67,1011.80,12.12"
07:18:13,"160,361,361,371,5,20.07,38.70,1011.81,11.96"
07:18:15,"156,361,361,371,5,20.07,38.69,1011.81,11.97"
07:18:16,PMS7003 checksum failed
07:18:18,"53,357,357,371,5,20.07,38.69,1011.80,12.09"
07:18:20,"153,355,355,371,5,20.07,38.67,1011.81,11.99"
07:18:22,"153,355,355,371,5,20.07,38.67,1011.81,11.97"
07:18:24,"153,354,354,371,5,20.07,38.65,1011.80,12.04"
07:18:26,"153,354,354,371,5,20.07,38.66,1011.84,11.73"
07:18:29,"153,354,354,372,5,20.06,38.64,1011.81,12.04"
07:18:31,"53,354,354,372,5,20.07,38.63,1011.82,11.93"
07:18:33,"153,354,354,371,5,20.07,38.63,1011.81,11.97"
07:18:35,"153,355,355,372,5,20.06,38.65,1011.82,11.95"
07:18:38,"153,355,355,371,5,20.06,38.58,1011.81,12.02"
07:18:40,"153,355,355,372,5,20.06,38.67,1011.80,12.06"
07:18:42,"153,360,360,372,5,20.06,38.66,1011.82,11.90"
07:18:44,"153,360,360,372,5,20.06,38.67,1011.80,12.08"
07:22:36,"153,360,360,371,5,20.06,38.69,1011.78,12.26"
07:22:36,"145,351,351,371,5,20.06,38.66,1011.80,12.10"
07:22:36,"141,345,345,371,5,20.06,38.67,1011.79,12.15"
07:22:36,PMS7003 checksum failed
07:22:36,"136,336,336,371,5,20.06,38.69,1011.80,12.11"
07:22:36,"138,336,336,371,5,20.05,38.70,1011.80,12.06"
07:22:36,"138,336,336,371,5,20.05,38.68,1011.81,11.98"
07:22:36,"138,333,333,371,5,20.06,38.70,1011.82,11.88"
07:22:36,"138,333,333,371,5,20.06,38.71,1011.80,12.06"
07:22:36,"139,333,333,371,5,20.06,38.72,1011.81,11.99"
07:22:36,"139,333,333,371,5,20.06,38.72,1011.81,12.01"
07:22:36,"139,333,333,371,5,20.05,38.72,1011.80,12.07"
07:22:36,"139,333,333,371,5,20.05,38.72,1011.82,11.87"
07:22:36,"139,333,333,371,5,20.06,38.71,1011.82,11.95"
07:22:36,"139,333,333,371,5,20.05,38.70,1011.83,11.84"
07:22:36,"138,333,333,371,5,20.05,38.68,1011.85,11.68"
07:22:36,"138,331,331,371,5,20.05,38.71,1011.82,11.93"
07:22:36,"138,331,331,371,5,20.06,38.67,1011.82,11.93"
07:22:36,"136,331,331,371,5,20.06,38.67,1011.86,11.58"
07:22:36,"136,333,333,370,5,20.06,38.69,1011.81,12.01"
07:22:36,"136,333,333,370,5,20.06,38.67,1011.82,11.91"
07:22:36,"136,336,336,370,5,20.06,38.67,1011.82,11.91"
07:22:36,"135,333,333,371,5,20.06,38.66,1011.85,11.69"
07:22:36,"135,333,333,371,5,20.06,38.69,1011.84,11.74"
07:22:36,"138,334,334,370,5,20.05,38.70,1011.82,11.91"
07:22:36,"138,334,334,370,5,20.06,38.71,1011.80,12.06"
07:22:36,"138,333,333,370,5,20.06,38.72,1011.79,12.14"
07:22:36,"138,333,333,370,5,20.06,38.70,1011.82,11.88"
07:22:36,"135,333,333,370,5,20.06,38.70,1011.82,11.95"
07:22:36,"135,333,333,370,5,20.06,38.70,1011.83,11.79"
07:22:36,"132,325,325,370,5,20.06,38.69,1011.84,11.72"
07:22:36,"132,324,324,370,5,20.06,38.70,1011.84,11.74"
07:22:36,"132,324,324,370,5,20.06,38.72,1011.81,12.02"
07:22:36,"132,324,324,370,5,20.05,38.72,1011.82,11.89"
07:22:36,"129,327,327,370,5,20.05,38.73,1011.83,11.79"
07:22:36,"129,327,327,370,5,20.04,38.73,1011.84,11.73"
07:22:36,"129,327,327,370,5,20.05,38.74,1011.84,11.71"
07:22:36,"127,325,325,370,5,20.04,38.75,1011.85,11.68"
07:22:36,"127,325,325,369,5,20.04,38.75,1011.83,11.84"
07:22:36,"129,330,330,370,5,20.04,38.75,1011.84,11.72"
07:22:36,"129,330,330,370,5,20.04,38.77,1011.86,11.60"
07:22:36,"127,328,328,370,5,20.05,38.75,1011.85,11.67"
07:22:36,"127,328,328,370,5,20.04,38.75,1011.81,11.97"
07:22:36,"127,328,328,370,5,20.05,38.74,1011.87,11.49"
07:22:36,"126,327,327,371,5,20.05,38.73,1011.87,11.53"
07:22:36,"126,327,327,371,5,20.05,38.72,1011.86,11.60"
07:22:36,"127,330,330,371,5,20.05,38.72,1011.86,11.61"
07:22:36,"129,330,330,371,5,20.06,38.74,1011.89,11.34"
07:22:36,"129,328,328,371,5,20.05,38.73,1011.86,11.60"
07:22:36,"129,328,328,371,5,20.05,38.73,1011.86,11.61"
07:22:36,"130,327,327,371,5,20.04,38.72,1011.87,11.52"
07:22:36,"130,327,327,371,5,20.04,38.72,1011.84,11.72"
07:22:36,"130,327,327,371,5,20.05,38.73,1011.88,11.63"
07:22:36,"129,324,324,371,5,20.05,38.72,1011.86,11.54"
07:22:36,"129,324,324,371,5,20.04,38.73,1011.84,11.79"
07:22:36,"130,318,318,371,5,20.04,38.72,1011.86,11.60"
07:22:36,"132,315,315,371,5,20.04,38.73,1011.84,11.73"
07:22:36,"132,315,315,370,5,20.04,38.73,1011.87,11.54"
07:22:36,"132,315,315,370,5,20.03,38.74,1011.83,11.85"
07:22:36,"130,316,316,370,5,20.03,38.74,1011.87,11.54"
07:22:36,"130,318,318,370,5,20.03,38.74,1011.85,11.70"
07:22:36,PMS7003 checksum failed
07:22:36,"130,318,318,370,5,20.04,38.74,1011.84,11.73"
07:22:36,"130,318,318,370,5,20.04,38.73,1011.85,11.80"
07:22:36,"130,319,319,370,5,20.03,38.73,1011.82,11.89"
07:22:36,"130,319,319,370,5,20.04,38.73,1011.80,12.07"
07:22:36,"130,321,321,370,5,20.04,38.73,1011.84,11.79"
07:22:36,"130,322,322,370,5,20.04,38.75,1011.88,11.41"
07:22:36,"132,322,322,370,5,20.04,38.74,1011.87,11.53"
07:22:36,"132,322,322,370,5,20.04,38.72,1011.88,11.44"
07:22:36,"132,322,322,370,5,20.05,38.72,1011.86,11.58"
07:22:36,"132,324,324,370,5,20.05,38.72,1011.86,11.55"
07:22:36,"132,324,324,369,5,20.05,38.71,1011.87,11.53"
07:22:36,"135,330,330,369,5,20.04,38.68,1011.85,11.68"
07:22:36,"135,330,330,370,5,20.04,38.71,1011.87,11.53"
07:22:36,"135,330,330,369,5,20.03,38.68,1011.81,12.02"
07:22:36,"135,331,331,369,5,20.04,38.70,1011.84,11.74"
07:22:36,"136,331,331,369,5,20.04,38.68,1011.82,11.89"
07:22:36,PMS7003 checksum failed
07:22:36,"138,327,327,369,5,20.04,38.68,1011.84,11.72"
07:22:36,"138,327,327,369,5,20.03,38.67,1011.84,11.78"
07:22:36,"138,327,327,369,5,20.04,38.68,1011.86,11.59"
07:22:36,"138,327,327,369,5,20.04,38.68,1011.85,11.70"
07:22:36,"138,327,327,369,5,20.04,38.70,1011.83,11.84"
07:22:36,"138,327,327,369,5,20.05,38.67,1011.85,11.66"
07:22:36,"138,327,327,369,5,20.05,38.65,1011.84,11.71"
07:22:36,"138,327,327,369,5,20.06,38.65,1011.85,11.67"
07:22:36,"138,328,328,369,5,20.05,38.64,1011.85,11.69"
07:22:36,"138,328,328,369,5,20.05,38.63,1011.82,11.94"
07:22:36,"138,328,328,369,5,20.05,38.65,1011.81,11.98"
07:22:36,"141,333,333,368,5,20.05,38.65,1011.85,11.70"
07:22:36,"141,334,334,368,5,20.05,38.66,1011.80,12.08"
07:22:36,"141,334,334,368,5,20.05,38.66,1011.86,11.62"
07:22:36,"139,333,333,367,5,20.05,38.65,1011.81,11.96"
07:22:36,"139,330,330,368,5,20.06,38.62,1011.83,11.82"
07:22:36,PMS7003 checksum failed
07:22:36,"135,324,324,367,5,20.06,38.62,1011.81,11.99"
07:22:36,"135,324,324,367,5,20.06,38.62,1011.86,11.60"
07:22:36,"135,324,324,367,5,20.06,38.62,1011.87,11.53"
07:22:36,"138,325,325,367,5,20.05,38.65,1011.84,11.79"
07:22:36,"138,325,325,367,5,20.05,38.66,1011.83,11.82"
07:22:36,"138,327,327,367,5,20.05,38.68,1011.80,12.08"
07:22:36,"138,327,327,367,5,20.04,38.68,1011.83,11.83"
07:22:36,"138,327,327,367,5,20.04,38.66,1011.83,11.79"
07:22:36,"138,327,327,367,5,20.04,38.67,1011.81,12.02"
07:22:36,"138,328,328,367,5,20.04,38.70,1011.82,11.94"
07:22:36,"138,328,328,367,5,20.03,38.71,1011.82,11.95"
07:22:36,"139,331,331,367,5,20.04,38.72,1011.80,12.06"
07:22:37,"139,333,333,367,5,20.03,38.73,1011.81,12.02"
07:22:39,"139,333,333,367,5,20.04,38.75,1011.83,11.86"
07:22:41,"141,342,342,367,5,20.04,38.78,1011.79,12.16"
07:22:44,"144,348,348,367,5,20.03,38.76,1011.80,12.07"
07:22:45,PMS7003 checksum failed
07:22:46,"145,351,351,367,5,20.03,38.60,1011.78,12.26"
07:22:48,"145,351,351,367,5,20.03,38.58,1011.79,12.16"
07:22:50,"145,351,351,366,5,20.03,38.59,1011.79,12.16"
07:22:53,"144,346,346,366,5,20.02,38.58,1011.78,12.23"
07:22:55,"144,346,346,366,5,20.03,38.52,1011.82,11.92"
07:22:57,"144,345,345,366,5,20.03,38.46,1011.80,12.10"
07:22:59,"144,345,345,366,5,20.03,38.42,1011.78,12.28"
07:23:01,"4,345,345,366,5,20.03,38.43,1011.80,12.11"
07:23:04,"144,345,345,366,5,20.03,38.42,1011.80,12.07"
07:23:06,"142,345,345,366,5,20.03,38.38,1011.77,12.34"
07:23:08,"142,345,345,367,5,20.03,38.35,1011.77,12.35"
07:23:10,"139,342,342,366,5,20.02,38.31,1011.76,12.42"
07:23:13,"139,342,342,366,5,20.02,38.31,1011.76,12.42"
07:23:15,"139,342,342,366,5,20.02,38.32,1011.74,12.56"
07:23:17,"141,339,339,366,5,20.02,38.35,1011.78,12.27"
07:23:19,"139,337,337,366,5,20.02,38.39,1011.78,12.28"
07:23:20,PMS7003 checksum failed
07:23:21,"141,339,339,366,5,20.02,38.39,1011.80,12.08"
07:23:24,"141,342,342,366,5,20.02,38.37,1011.79,12.15"
07:23:26,"141,342,342,366,5,20.01,38.37,1011.75,12.49"
07:23:28,"141,342,342,367,5,20.01,38.37,1011.79,12.19"
07:23:30,"141,342,342,366,5,20.02,38.37,1011.76,12.42"
07:23:33,"141,342,342,366,5,20.02,38.37,1011.77,12.37"
07:23:35,"142,342,342,366,5,20.02,38.37,1011.77,12.31"
07:23:37,"142,342,342,366,5,20.01,38.36,1011.73,12.65"
07:23:39,"142,342,342,367,5,20.02,38.37,1011.77,12.30"
07:23:41,"142,342,342,366,5,20.03,38.39,1011.78,12.23"
07:23:44,"142,342,342,367,5,20.02,38.36,1011.75,12.53"
07:23:46,"147,351,351,367,5,20.02,38.33,1011.76,12.40"
07:23:48,"147,351,351,367,5,20.03,38.32,1011.77,12.35"
07:23:50,"147,351,351,367,5,20.02,38.30,1011.76,12.37"
07:23:52,"148,352,352,367,5,20.03,38.30,1011.75,12.48"
07:23:55,"148,352,352,367,5,20.03,38.30,1011.76,12.44"
07:23:57,"148,352,352,367,5,20.04,38.31,1011.78,12.21"
07:23:59,"147,345,345,367,5,20.04,38.29,1011.78,12.23"
07:24:01,"147,345,345,367,5,20.03,38.29,1011.78,12.24"
07:24:04,"147,345,345,367,5,20.03,38.31,1011.76,12.44"
07:24:06,"147,345,345,367,5,20.03,38.35,1011.74,12.57"
07:24:08,"147,345,345,367,5,20.04,38.34,1011.75,12.52"
07:24:10,"147,343,343,367,5,20.04,38.35,1011.78,12.23"
07:24:12,"145,342,342,367,5,20.04,38.35,1011.72,12.78"
07:24:15,"144,337,337,367,5,20.04,38.34,1011.73,12.64"
07:24:17,"144,337,337,367,5,20.05,38.33,1011.75,12.52"
07:24:19,"147,339,339,367,5,20.04,38.31,1011.74,12.55"
07:24:21,"147,339,339,367,5,20.04,38.30,1011.73,12.63"
07:24:23,"147,339,339,367,5,20.03,38.30,1011.76,12.39"
07:24:26,"147,339,339,367,5,20.04,38.31,1011.73,12.64"
07:24:28,"150,339,339,367,5,20.03,38.32,1011.76,12.39"
07:24:30,"150,340,340,367,5,20.04,38.34,1011.75,12.48"
07:24:32,"150,342,342,367,5,20.03,38.34,1011.75,12.49"
07:24:35,"153,346,346,367,5,20.04,38.35,1011.71,12.79"
07:24:37,"153,346,346,366,5,20.04,38.36,1011.75,12.49"
07:24:39,"153,351,351,366,5,20.03,38.36,1011.77,12.30"
07:24:41,"153,351,351,366,5,20.03,38.38,1011.73,12.67"
07:24:43,"154,351,351,366,5,20.03,38.41,1011.73,12.70"
07:24:46,"154,351,351,366,5,20.04,38.35,1011.75,12.51"
07:24:48,"156,351,351,366,5,20.04,38.33,1011.74,12.61"
07:24:50,"154,348,348,366,5,20.04,38.33,1011.75,12.50"
07:24:52,"154,348,348,366,5,20.03,38.31,1011.76,12.43"
07:24:54,"153,346,346,366,5,20.03,38.31,1011.72,12.73"
07:24:57,"153,345,345,366,5,20.03,38.28,1011.72,12.77"
07:24:59,"151,345,345,366,5,20.03,38.28,1011.70,12.92"
07:25:01,"151,345,345,366,5,20.03,38.31,1011.72,12.72"
07:25:03,"144,339,339,366,5,20.03,38.36,1011.73,12.63"
07:25:06,"144,337,337,366,5,20.02,38.37,1011.73,12.68"
07:25:08,"142,336,336,366,5,20.04,38.39,1011.77,12.33"
07:25:10,"141,333,333,365,5,20.04,38.39,1011.72,12.78"
07:25:12,"141,333,333,365,5,20.04,38.41,1011.74,12.59"
07:25:14,"135,327,328,365,5,20.03,38.42,1011.76,12.39"
07:25:17,"130,321,321,365,5,20.03,38.43,1011.73,12.69"
07:25:19,"129,319,321,365,5,20.03,38.44,1011.73,12.68"
07:25:21,"129,318,318,365,5,20.02,38.45,1011.73,12.70"
07:25:23,"127,318,318,365,5,20.03,38.46,1011.71,12.83"
07:25:25,"123,315,315,365,5,20.03,38.45,1011.75,12.51"
07:25:27,PMS7003 checksum failed
07:25:28,"120,312,312,365,5,20.03,38.45,1011.73,12.66"
07:25:30,"120,309,309,365,5,20.03,38.47,1011.74,12.55"
07:25:32,"118,307,307,365,5,20.03,38.46,1011.75,12.52"
07:25:34,"118,307,307,365,5,20.03,38.45,1011.72,12.75"
07:25:37,"115,300,300,365,5,20.03,38.45,1011.70,12.90"
07:25:39,"115,300,300,365,5,20.03,38.45,1011.73,12.65"
07:25:41,"114,300,300,364,5,20.03,38.46,1011.71,12.81"
07:25:43,"114,300,300,364,5,20.03,38.48,1011.71,13.13"
07:25:45,"114,300,300,364,5,20.04,38.46,1011.72,12.78"
07:25:48,"114,297,297,364,5,20.04,38.46,1011.73,12.70"
07:25:50,"114,297,297,364,5,20.04,38.45,1011.67,13.18"
07:25:52,"112,291,291,364,5,20.03,38.44,1011.71,12.81"
07:25:54,"111,291,291,364,5,20.03,38.44,1011.71,12.82"
07:25:57,"111,291,291,363,5,20.03,38.45,1011.72,12.74"
07:25:59,"111,291,291,363,5,20.03,38.46,1011.71,12.85"
07:26:01,"111,291,291,363,5,20.03,38.46,1011.72,12.71"
07:26:02,PMS7003 checksum failed
07:26:03,"109,297,297,363,5,20.04,38.45,1011.74,12.59"
07:26:05,"109,297,297,363,5,20.03,38.45,1011.73,12.62"
07:26:08,"109,297,297,363,5,20.03,38.47,1011.72,12.71"
07:26:10,"108,292,292,363,5,20.04,38.44,1011.73,12.64"
07:26:12,"108,292,292,363,5,20.04,38.39,1011.70,12.88"
07:26:14,"106,291,291,363,5,20.03,38.41,1011.72,12.73"
07:26:17,"106,291,291,363,5,20.03,38.41,1011.74,12.61"
07:26:19,"106,291,291,363,5,20.03,38.33,1011.71,12.80"
07:26:21,"106,291,291,362,5,20.03,38.36,1011.73,12.68"
07:26:23,"106,289,289,362,5,20.03,38.39,1011.74,12.61"
07:26:25,"106,289,289,363,5,20.03,38.39,1011.72,12.78"
07:26:28,"105,288,288,362,5,20.03,38.41,1011.73,12.70"
07:26:30,"105,288,288,363,5,20.03,38.41,1011.73,12.67"
07:26:32,"105,288,288,362,5,20.03,38.43,1011.74,12.56"
07:26:34,"108,291,291,362,5,20.04,38.45,1011.73,12.62"
07:26:36,"111,291,291,362,5,20.03,38.43,1011.73,12.68"
07:26:38,PMS7003 checksum failed
07:26:39,"114,292,292,362,5,20.04,38.44,1011.74,12.59"
07:26:41,"114,294,294,362,5,20.03,38.44,1011.71,12.79"
07:26:43,"114,294,294,362,5,20.03,38.44,1011.75,12.48"
07:26:45,"115,297,297,362,5,20.03,38.45,1011.76,12.42"
07:26:48,"115,297,297,362,5,20.03,38.47,1011.76,12.45"
07:26:50,"115,298,298,362,5,20.02,38.47,1011.71,12.80"
07:26:52,"117,300,300,362,5,20.03,38.49,1011.74,12.54"
07:26:54,"117,300,300,362,5,20.04,38.50,1011.72,12.73"
07:26:56,"117,300,300,363,5,20.04,38.49,1011.72,12.73"
07:26:59,"117,301,301,363,5,20.04,38.51,1011.72,12.77"
07:27:01,"117,301,301,362,5,20.04,38.53,1011.76,12.38"
07:27:03,"120,309,309,362,5,20.04,38.52,1011.74,12.55"
07:27:05,"120,309,309,363,5,20.04,38.51,1011.75,12.51"
07:27:08,"120,309,309,362,5,20.03,38.51,1011.74,12.59"
07:27:10,"124,318,318,362,5,20.04,38.51,1011.76,12.43"
07:27:12,"127,324,324,362,5,20.04,38.52,1011.77,12.36"
07:27:14,"127,324,324,362,5,20.04,38.53,1011.76,12.43"
07:27:16,"129,324,324,362,5,20.05,38.53,1011.77,12.35"
07:27:19,"129,324,324,362,5,20.05,38.56,1011.77,12.36"
07:27:21,"129,324,324,362,5,20.04,38.56,1011.78,12.22"
07:27:23,"129,327,327,362,5,20.04,38.57,1011.78,12.21"
07:27:25,"129,327,327,362,5,20.05,38.57,1011.78,12.28"
07:27:27,"129,327,327,362,5,20.05,38.52,1011.76,12.39"
07:27:30,"129,327,327,362,5,20.04,38.51,1011.75,12.51"
07:27:32,"130,328,328,362,5,20.05,38.51,1011.79,12.20"
07:27:34,"130,328,328,362,5,20.05,38.51,1011.76,12.41"
07:27:36,"132,334,334,362,5,20.05,38.49,1011.75,12.51"
07:27:39,"133,334,334,363,5,20.05,38.51,1011.75,12.47"
07:27:41,"133,336,336,363,5,20.05,38.50,1011.78,12.23"
07:27:43,"133,336,336,363,5,20.05,38.43,1011.74,12.54"
07:27:45,"141,342,342,363,5,20.04,38.42,1011.75,12.53"
07:27:47,"144,345,345,363,5,20.05,38.44,1011.77,12.30"
07:27:50,"145,345,345,363,5,20.05,38.48,1011.79,12.20"
07:27:52,"150,351,351,363,5,20.06,38.47,1011.76,12.39"
07:27:54,"150,351,351,363,5,20.05,38.48,1011.76,12.44"
07:27:56,"153,357,357,363,5,20.04,38.51,1011.76,12.42"
07:27:58,"153,357,357,364,5,20.03,38.52,1011.75,12.53"
07:28:01,"153,357,357,364,5,20.04,38.53,1011.79,12.19"
07:28:03,"154,358,358,364,5,20.04,38.53,1011.76,12.42"
07:28:05,"156,360,360,365,5,20.04,38.56,1011.79,12.17"
07:28:07,"159,361,361,364,5,20.04,38.53,1011.79,12.14"
07:28:10,"159,361,361,365,5,20.04,38.53,1011.78,12.23"
07:28:12,"165,369,369,365,5,20.03,38.54,1011.76,12.42"
07:28:14,"165,369,369,365,5,20.04,38.51,1011.76,12.39"
07:28:16,"171,373,373,365,5,20.04,38.51,1011.76,12.40"
07:28:18,"171,375,375,365,5,20.03,38.54,1011.78,12.26"
07:28:21,"172,376,376,365,5,20.04,38.60,1011.80,12.12"
07:28:23,"175,381,381,365,5,20.04,38.56,1011.81,12.00"
07:28:25,"175,381,381,366,5,20.03,38.58,1011.78,12.23"
07:28:27,"177,381,381,366,5,20.03,38.57,1011.77,12.36"
07:28:30,"177,382,382,366,5,20.03,38.58,1011.79,12.18"
07:28:32,"177,382,382,366,5,20.03,38.57,1011.78,12.28"
07:28:34,"177,384,384,366,5,20.03,38.49,1011.75,12.49"
07:28:36,"178,385,385,366,5,20.03,38.44,1011.77,12.35"
07:28:38,"178,385,385,366,5,20.03,38.43,1011.78,12.28"
07:28:41,"186,393,393,366,5,20.03,38.49,1011.79,12.16"
07:28:43,"186,396,396,366,5,20.04,38.52,1011.78,12.23"
07:28:45,"187,396,396,366,5,20.04,38.51,1011.80,12.06"
07:28:47,"186,394,394,367,5,20.03,38.54,1011.78,12.28"
07:28:49,"186,394,394,367,5,20.03,38.63,1011.77,12.32"
07:28:52,"189,387,387,367,5,20.03,38.59,1011.79,12.15"
07:28:54,"190,387,387,367,5,20.04,38.58,1011.77,12.31"
07:28:56,"190,388,388,367,5,20.04,38.57,1011.80,12.10"
07:28:58,"192,391,391,367,5,20.04,38.54,1011.78,12.22"
07:29:01,"195,399,399,367,5,20.04,38.57,1011.76,12.44"
07:29:03,"195,399,399,368,5,20.04,38.56,1011.80,12.08"
07:29:05,"199,405,405,368,5,20.04,38.53,1011.80,12.07"
07:29:07,"199,408,408,368,5,20.03,38.51,1011.79,12.13"
07:29:09,"201,409,409,368,5,20.04,38.49,1011.77,12.33"
07:29:12,"201,409,409,368,5,20.04,38.51,1011.79,12.14"
07:29:14,"208,418,418,368,5,20.04,38.50,1011.79,12.20"
07:29:16,"208,418,418,368,5,20.04,38.52,1011.77,12.35"
07:29:18,"210,421,421,368,5,20.04,38.57,1011.79,12.13"
07:29:20,"211,423,423,368,5,20.04,38.58,1011.81,11.96"
07:29:23,"214,430,430,368,5,20.04,38.57,1011.79,12.20"
07:29:25,"214,430,430,368,5,20.05,38.58,1011.81,12.02"
07:29:27,"208,432,432,368,5,20.05,38.57,1011.78,12.21"
07:29:29,"208,433,433,368,5,20.04,38.56,1011.78,12.22"
07:29:32,"208,433,433,369,5,20.05,38.56,1011.80,12.09"
07:29:34,"204,436,436,369,5,20.05,38.56,1011.81,11.98"
07:29:36,"201,435,435,369,5,20.04,38.51,1011.79,12.18"
07:29:38,"201,435,435,369,5,20.05,38.49,1011.81,12.02"
07:29:40,"201,429,429,369,5,20.05,38.49,1011.79,12.18"
07:29:43,"201,426,426,369,5,20.04,38.50,1011.80,12.10"
07:29:45,"201,426,426,369,5,20.05,38.49,1011.81,11.99"
07:29:47,"201,426,426,370,5,20.05,38.48,1011.81,12.01"
07:29:49,"204,430,430,370,5,20.05,38.50,1011.80,12.04"
07:29:51,"204,430,430,370,5,20.04,38.49,1011.79,12.20"
07:29:54,"204,430,430,370,5,20.04,38.53,1011.78,12.26"
07:29:55,PMS7003 checksum failed
07:29:56,"204,432,432,370,5,20.05,38.55,1011.82,11.92"
07:29:58,"204,432,432,370,5,20.05,38.58,1011.81,11.98"
07:30:00,"204,432,432,370,5,20.05,38.58,1011.80,12.10"
07:30:03,"204,432,432,370,5,20.04,38.59,1011.79,12.15"
07:30:05,"204,430,430,370,5,20.04,38.59,1011.80,12.09"
07:30:07,"204,430,430,371,5,20.03,38.57,1011.78,12.21"
07:30:09,"204,430,430,371,5,20.03,38.58,1011.81,11.97"
07:30:11,"204,430,430,371,5,20.04,38.58,1011.81,11.98"
07:30:14,"204,432,432,371,5,20.04,38.60,1011.81,12.01"
07:30:16,"205,432,432,371,5,20.04,38.60,1011.81,12.01"
07:30:18,"205,432,432,371,5,20.05,38.56,1011.79,12.13"
07:30:20,"208,435,435,371,5,20.05,38.58,1011.85,11.67"
07:30:23,"210,435,435,371,5,20.05,38.59,1011.82,11.88"
07:30:25,"211,435,435,371,5,20.04,38.61,1011.80,12.04"
07:30:27,"213,436,436,371,5,20.05,38.60,1011.83,11.79"
07:30:29,"213,436,436,371,5,20.04,38.58,1011.80,12.10"
07:30:30,PMS7003 checksum failed
07:30:31,"225,448,448,371,5,20.05,38.55,1011.83,11.84"
07:30:34,"225,448,448,371,5,20.05,38.58,1011.81,11.98"
07:30:36,"223,447,447,371,5,20.05,38.56,1011.82,11.91"
07:30:38,"223,447,447,371,5,20.05,38.55,1011.83,11.82"
07:30:40,"217,441,441,371,5,20.05,38.53,1011.81,11.98"
07:30:43,"216,435,435,370,5,20.06,38.54,1011.83,11.80"
07:30:45,"216,435,435,371,5,20.05,38.56,1011.84,11.72"
07:30:47,"216,433,433,371,5,20.05,38.58,1011.80,12.07"
07:30:49,"216,433,433,371,5,20.05,38.58,1011.84,11.78"
07:30:51,"216,433,433,371,5,20.06,38.57,1011.84,11.78"
07:30:54,"214,433,433,371,5,20.05,38.53,1011.80,12.04"
07:30:56,"213,432,432,371,5,20.05,38.52,1011.82,11.94"
07:30:58,"213,432,432,371,5,20.05,38.52,1011.79,12.12"
07:31:00,"213,432,432,371,5,20.05,38.55,1011.83,12.06"
07:31:02,"211,433,433,371,5,20.05,38.56,1011.82,11.94"
07:31:05,"210,435,435,371,5,20.05,38.59,1011.81,11.97"
07:31:07,"210,435,435,371,5,20.05,38.60,1011.86,11.60"
07:31:09,"210,435,435,371,5,20.05,38.60,1011.82,11.95"
07:31:11,"214,435,435,371,5,20.05,38.58,1011.82,11.95"
07:31:14,"216,435,435,372,5,20.04,38.57,1011.79,12.17"
07:31:16,"216,435,435,372,5,20.05,38.57,1011.79,12.15"
07:31:18,"216,435,435,371,5,20.05,38.53,1011.82,11.95"
07:31:20,"217,435,435,372,5,20.04,38.56,1011.81,12.00"
07:31:22,"217,435,435,371,5,20.04,38.51,1011.78,12.25"
07:31:25,"217,435,435,372,5,20.04,38.46,1011.79,12.15"
07:31:27,"217,433,433,372,5,20.05,38.44,1011.78,12.22"
07:31:29,"219,432,432,371,5,20.04,38.45,1011.80,12.12"
07:31:31,"219,432,432,371,5,20.04,38.50,1011.78,12.26"
07:31:33,"216,429,429,371,5,20.04,38.52,1011.78,12.28"
07:31:36,"208,421,421,371,5,20.04,38.56,1011.80,12.09"
07:31:38,"205,417,417,371,5,20.04,38.58,1011.83,11.87"
07:31:40,"204,418,418,371,5,20.05,38.59,1011.80,12.12"
07:31:42,"204,418,418,372,5,20.06,38.58,1011.80,12.08"
07:31:45,"198,415,415,372,5,20.05,38.57,1011.83,11.78"
07:31:47,"198,414,414,372,5,20.05,38.58,1011.81,12.02"
07:31:49,"196,412,412,371,5,20.05,38.57,1011.82,11.92"
07:31:51,"412,412,372,5,20.05,38.53,1011.80,12.08"
07:31:53,"196,411,411,372,5,20.05,38.53,1011.81,11.99"
07:31:56,"196,411,411,372,5,20.04,38.56,1011.80,12.04"
07:31:58,"196,411,411,372,5,20.05,38.57,1011.79,12.15"
07:32:00,"195,408,408,372,5,20.05,38.57,1011.80,12.10"
07:32:02,"195,408,408,373,5,20.05,38.58,1011.78,12.25"
07:32:04,"195,408,408,373,5,20.05,38.58,1011.76,12.38"
07:32:07,"195,408,408,373,5,20.05,38.55,1011.81,11.96"
07:32:09,"196,414,414,373,5,20.05,38.53,1011.80,12.05"
07:32:11,"198,417,418,373,5,20.05,38.53,1011.81,12.02"
07:32:13,"198,414,415,373,5,20.05,38.57,1011.82,11.94"
07:32:16,"198,414,415,373,5,20.04,38.59,1011.80,12.08"
07:32:18,"198,414,414,373,5,20.05,38.60,1011.80,12.04"
07:32:20,"198,412,414,373,5,20.05,38.56,1011.82,11.89"
07:32:22,"199,418,418,373,5,20.05,38.56,1011.78,12.28"
07:32:24,"201,420,420,373,5,20.05,38.53,1011.79,12.13"
07:32:27,"199,420,420,373,5,20.05,38.56,1011.82,11.90"
07:32:29,"199,420,420,373,5,20.05,38.57,1011.74,12.55"
07:32:31,"198,420,420,373,5,20.06,38.56,1011.79,12.15"
07:32:33,"198,420,420,373,5,20.06,38.51,1011.80,12.06"
07:32:36,"198,420,420,373,5,20.07,38.47,1011.84,11.71"
07:32:38,",423,423,373,5,20.06,38.48,1011.82,11.95"
07:32:40,"198,423,423,373,5,20.06,38.54,1011.79,12.14"
07:32:42,"196,426,426,374,5,20.05,38.57,1011.79,12.17"
07:32:43,PMS7003 checksum failed
07:32:44,"202,433,433,374,5,20.05,38.51,1011.77,12.34"
07:32:47,"204,435,435,374,5,20.05,38.49,1011.84,11.77"
07:32:49,"204,435,435,374,5,20.05,38.45,1011.81,11.96"
07:32:51,"205,433,433,374,5,20.05,38.50,1011.81,12.02"
07:32:53,"204,432,432,374,5,20.05,38.53,1011.81,11.98"
07:32:56,"204,430,430,374,5,20.05,38.56,1011.80,12.12"
07:32:58,"204,430,430,374,5,20.05,38.53,1011.81,11.99"
07:33:00,"204,429,429,374,5,20.05,38.44,1011.79,12.15"
07:33:02,"204,429,429,374,5,20.05,38.49,1011.78,12.26"
07:33:04,"202,427,427,374,5,20.05,38.51,1011.81,12.34"
07:33:07,"202,427,427,374,5,20.05,38.51,1011.78,12.21"
07:33:09,"198,426,426,374,5,20.05,38.56,1011.81,11.99"
07:33:11,"201,424,424,374,5,20.05,38.55,1011.81,12.00"
07:33:13,"202,429,429,374,5,20.04,38.52,1011.77,12.33"
07:33:15,"202,429,429,374,5,20.05,38.51,1011.81,12.00"
07:33:18,"201,430,430,374,5,20.05,38.48,1011.78,12.24"
07:33:20,"199,427,427,374,5,20.04,38.53,1011.78,12.21"
07:33:22,"199,429,429,374,5,20.04,38.57,1011.79,12.20"
07:33:24,"201,429,429,375,5,20.04,38.57,1011.78,12.22"
07:33:27,"201,430,430,375,5,20.04,38.57,1011.79,12.14"
07:33:29,"201,430,430,375,5,20.05,38.59,1011.82,11.94"
07:33:31,"202,432,432,375,5,20.04,38.57,1011.80,12.04"
07:33:33,"202,433,433,375,5,20.05,38.56,1011.82,11.91"
07:33:35,"205,441,441,375,5,20.05,38.58,1011.80,12.05"
07:33:38,"205,441,441,375,5,20.05,38.57,1011.81,11.97"
07:33:40,"211,444,444,375,5,20.05,38.53,1011.82,11.89"
07:33:42,"217,450,450,375,5,20.04,38.53,1011.81,12.00"
07:33:44,"222,456,456,375,5,20.04,38.53,1011.81,11.99"
07:33:46,"228,459,459,375,5,20.05,38.57,1011.84,11.72"
07:33:49,"228,459,459,375,5,20.05,38.57,1011.83,11.83"
07:33:51,"234,466,466,375,5,20.05,38.56,1011.81,12.01"
07:33:53,"235,468,468,375,5,20.05,38.57,1011.81,11.98"
07:33:55,"237,471,471,375,5,20.05,38.57,1011.80,12.09"
07:33:58,"237,471,471,375,5,20.05,38.51,1011.81,11.98"
07:34:00,"237,471,471,375,5,20.05,38.44,1011.85,11.64"
07:34:02,"237,474,474,375,5,20.05,38.49,1011.85,11.71"
07:34:04,"237,474,474,375,5,20.05,38.49,1011.82,11.93"
07:34:06,"240,477,477,375,5,20.05,38.50,1011.84,11.77"
07:34:09,"240,477,477,376,5,20.05,38.51,1011.82,11.94"
07:34:11,"240,475,475,375,5,20.05,38.51,1011.79,12.12"
07:34:13,"240,475,475,376,5,20.05,38.50,1011.81,11.97"
07:34:15,"234,471,471,376,5,20.05,38.46,1011.80,12.11"
07:34:17,"237,469,469,376,5,20.06,38.45,1011.83,11.86"
07:34:20,"237,471,471,376,5,20.05,38.44,1011.81,11.96"
07:34:22,"237,471,471,376,5,20.06,38.44,1011.86,11.57"
07:34:24,"238,472,472,376,5,20.06,38.47,1011.81,12.01"
07:34:26,"238,474,474,376,5,20.06,38.49,1011.84,11.74"
07:34:29,"243,474,474,376,5,20.06,38.50,1011.83,11.81"
07:34:31,"246,472,472,376,5,20.06,38.51,1011.84,11.86"
07:34:33,"243,469,469,376,5,20.05,38.52,1011.81,11.97"
07:34:35,"243,469,469,376,5,20.06,38.51,1011.81,11.99"
07:34:37,"243,466,466,376,5,20.06,38.52,1011.81,11.96"
07:34:40,"241,465,465,377,5,20.06,38.52,1011.83,11.79"
07:34:42,"241,465,465,377,5,20.06,38.54,1011.80,12.09"
07:34:44,"235,466,466,377,5,20.07,38.56,1011.83,11.81"
07:34:46,"235,468,468,376,5,20.08,38.57,1011.85,11.67"
07:34:48,"235,468,468,376,5,20.08,38.56,1011.85,11.64"
07:34:50,PMS7003 checksum failed
07:34:51,"225,466,466,376,5,20.07,38.56,1011.82,11.89"
07:34:53,"225,468,468,376,5,20.07,38.56,1011.87,11.49"
07:34:55,"225,468,468,376,5,20.08,38.57,1011.83,11.80"
07:34:57,"225,477,477,376,5,20.07,38.55,1011.82,11.95"
07:35:00,"226,478,478,376,5,20.07,38.52,1011.86,11.58"
07:35:02,"228,478,478,376,5,20.07,38.55,1011.88,11.43"
07:35:04,"234,481,481,376,5,20.07,38.57,1011.87,11.48"
07:35:06,"234,481,481,376,5,20.07,38.58,1011.87,11.87"
07:35:08,"234,481,481,376,5,20.07,38.57,1011.86,11.57"
07:35:11,"234,483,483,376,5,20.06,38.57,1011.86,11.58"
07:35:13,"234,483,483,376,5,20.07,38.52,1011.85,11.68"
07:35:15,"234,480,480,376,5,20.06,38.49,1011.86,11.58"
07:35:17,"222,471,471,376,5,20.07,38.49,1011.87,11.45"
07:35:20,"222,471,471,376,5,20.07,38.51,1011.89,11.33"
07:35:22,"219,471,471,375,5,20.06,38.51,1011.85,11.64"
07:35:24,"219,469,469,376,5,20.06,38.47,1011.88,11.45"
07:35:25,PMS7003 checksum failed
07:35:26,"217,468,468,376,5,20.06,38.47,1011.89,11.30"
07:35:28,"217,468,468,376,5,20.06,38.49,1011.85,11.66"
07:35:31,"217,468,468,376,5,20.06,38.45,1011.86,11.56"
07:35:33,"217,471,471,376,5,20.06,38.44,1011.87,11.52"
07:35:35,"217,471,471,376,5,20.06,38.50,1011.85,11.63"
07:35:37,"219,471,471,376,5,20.07,38.48,1011.88,11.43"
07:35:38,PMS7003 checksum failed
07:35:40,"217,469,471,376,5,20.06,38.49,1011.88,11.38"
07:35:42,"216,469,471,376,5,20.06,38.49,1011.86,11.58"
07:35:44,"214,468,469,376,5,20.06,38.47,1011.90,11.22"
07:35:46,"214,468,469,376,5,20.06,38.44,1011.89,11.33"
07:35:48,"204,462,462,376,5,20.06,38.45,1011.87,11.49"
07:35:51,"204,460,462,376,5,20.05,38.44,1011.87,11.53"
07:35:53,"204,460,462,376,5,20.05,38.49,1011.90,11.28"
07:35:55,"204,460,462,376,5,20.05,38.50,1011.88,11.38"
07:35:57,"202,459,460,376,5,20.06,38.52,1011.90,11.27"
07:36:00,"201,460,462,376,5,20.05,38.58,1011.89,11.29"
07:36:02,"201,460,462,376,5,20.05,38.56,1011.88,11.43"
07:36:04,"202,465,465,377,5,20.06,38.55,1011.88,11.44"
07:36:06,"202,465,465,377,5,20.04,38.52,1011.87,11.50"
07:36:08,"202,465,465,377,5,20.06,38.52,1011.91,11.20"
07:36:11,"199,462,462,377,5,20.05,38.50,1011.88,11.37"
07:36:13,"196,460,460,377,5,20.06,38.47,1011.90,11.27"
07:36:15,"196,460,460,377,5,20.06,38.47,1011.92,11.07"
07:36:17,"192,453,453,377,5,20.06,38.44,1011.89,11.29"
07:36:19,"190,450,450,377,5,20.06,38.47,1011.91,11.19"
07:36:22,"190,450,450,377,5,20.06,38.51,1011.91,11.18"
07:36:24,"187,453,453,377,5,20.06,38.48,1011.92,11.04"
07:36:26,"187,453,453,377,5,20.06,38.50,1011.91,11.16"
07:36:28,"187,451,451,378,5,20.05,38.48,1011.93,11.00"
07:36:31,"186,450,450,378,5,20.05,38.49,1011.91,11.18"
07:36:33,"186,450,450,378,5,20.06,38.52,1011.93,11.03"
07:36:35,"186,450,450,378,5,20.06,38.50,1011.90,11.25"
07:36:37,"189,456,456,379,5,20.06,38.50,1011.89,11.32"
07:36:39,"190,456,456,379,5,20.06,38.52,1011.91,11.16"
07:36:42,"190,457,457,379,5,20.06,38.52,1011.90,11.24"
07:36:44,"190,457,457,378,5,20.06,38.57,1011.87,11.47"
07:36:46,"192,445,445,379,5,20.06,38.59,1011.92,11.08"
07:36:48,"192,444,444,379,5,20.05,38.63,1011.90,11.21"
07:36:50,"190,441,441,379,5,20.06,38.62,1011.92,11.07"
07:36:53,"189,441,441,379,5,20.06,38.59,1011.91,11.18"
07:36:55,"189,441,441,379,5,20.06,38.58,1011.91,11.20"
07:36:57,"186,438,438,379,5,20.06,38.57,1011.90,11.22"
07:36:59,"181,435,435,379,5,20.06,38.52,1011.89,11.32"
07:37:02,"181,435,435,379,5,20.05,38.55,1011.90,11.24"
07:37:04,"181,436,436,380,5,20.06,38.54,1011.91,11.19"
07:37:06,"181,438,438,379,5,20.06,38.52,1011.91,11.18"
07:37:08,"178,438,438,380,5,20.05,38.56,1011.90,11.28"
07:37:10,"178,438,438,379,5,20.05,38.55,1011.91,11.17"
07:37:13,"180,444,444,379,5,20.05,38.55,1011.91,11.17"
07:37:15,"181,447,447,380,5,20.05,38.53,1011.91,11.14"
07:37:17,"183,450,450,380,5,20.05,38.55,1011.89,11.30"
07:37:19,"183,450,450,380,5,20.06,38.56,1011.93,10.98"
07:37:21,"186,460,460,380,5,20.06,38.55,1011.93,11.02"
07:37:24,"184,459,459,380,5,20.06,38.56,1011.92,11.06"
07:37:26,"183,459,459,380,5,20.05,38.59,1011.91,11.20"
07:37:28,"183,457,457,380,5,20.06,38.58,1011.94,10.91"
07:37:30,"183,457,457,380,5,20.05,38.53,1011.91,11.13"
07:37:33,"183,460,460,380,5,20.05,38.55,1011.89,11.32"
07:37:35,"180,459,459,380,5,20.05,38.57,1011.93,11.03"
07:37:37,"180,459,459,380,5,20.05,38.58,1011.91,11.14"
07:37:39,"178,459,459,380,5,20.05,38.59,1011.90,11.22"
07:37:41,"178,459,459,380,5,20.05,38.60,1011.92,11.08"
07:37:44,"177,459,459,380,5,20.06,38.59,1011.94,10.90"
07:37:45,PMS7003 checksum failed
07:37:46,"175,456,456,380,5,20.06,38.63,1011.95,10.85"
07:37:48,"174,456,456,380,5,20.05,38.62,1011.92,11.08"
07:37:50,"174,456,456,380,5,20.05,38.60,1011.91,11.15"
07:37:53,"174,456,456,380,5,20.05,38.58,1011.92,11.07"
07:37:55,"174,465,465,380,5,20.04,38.58,1011.91,11.31"
07:37:57,"174,466,466,380,5,20.04,38.55,1011.93,11.00"
07:37:59,"174,465,465,380,5,20.04,38.57,1011.90,11.23"
07:38:01,"174,465,465,380,5,20.05,38.58,1011.91,11.15"
07:38:04,"174,465,465,380,5,20.06,38.56,1011.94,10.92"
07:38:06,"174,463,463,380,5,20.06,38.56,1011.92,11.10"
07:38:08,"174,463,463,380,5,20.06,38.56,1011.89,11.30"
07:38:10,"168,453,453,380,5,20.06,38.52,1011.91,11.13"
07:38:12,"168,451,451,380,5,20.06,38.49,1011.90,11.22"
07:38:15,"168,451,451,380,5,20.06,38.47,1011.92,11.07"
07:38:17,"165,441,441,380,5,20.07,38.47,1011.89,11.29"
07:38:19,"168,439,439,380,5,20.06,38.45,1011.92,11.08"
07:38:20,PMS7003 checksum failed
07:38:21,"168,447,447,380,5,20.06,38.48,1011.91,11.13"
07:38:24,"168,447,447,380,5,20.07,38.50,1011.93,10.97"
07:38:26,"168,447,447,380,5,20.07,38.50,1011.92,11.12"
07:38:28,"165,451,451,380,5,20.07,38.51,1011.93,11.03"
07:38:30,"165,451,451,380,5,20.06,38.55,1011.88,11.41"
07:38:32,"166,453,453,380,5,20.07,38.56,1011.87,11.52"
07:38:35,"166,456,456,380,5,20.07,38.56,1011.88,11.45"
07:38:37,"166,456,456,380,5,20.07,38.55,1011.89,11.35"
07:38:39,"168,459,459,380,5,20.07,38.52,1011.87,11.47"
07:38:41,"168,460,460,380,5,20.08,38.50,1011.88,11.43"
07:38:44,"168,460,460,380,5,20.07,38.51,1011.86,11.58"
07:38:46,"168,465,465,380,5,20.07,38.54,1011.90,11.24"
07:38:48,"168,466,466,380,5,20.07,38.52,1011.86,11.62"
07:38:50,"168,466,466,380,5,20.06,38.55,1011.89,11.32"
07:38:52,"168,468,468,380,5,20.07,38.58,1011.89,11.35"
07:38:55,"168,457,457,380,5,20.07,38.56,1011.87,11.45"
07:38:57,"168,457,457,380,5,20.07,38.55,1011.91,11.19"
07:38:59,"168,447,447,380,5,20.07,38.54,1011.87,11.45"
07:39:01,"168,447,447,380,5,20.07,38.52,1011.90,11.26"
07:39:03,"168,447,447,380,5,20.07,38.48,1011.87,11.50"
07:39:06,"169,450,450,380,5,20.07,38.47,1011.88,11.38"
07:39:08,"169,450,450,381,5,20.07,38.46,1011.89,11.32"
07:39:10,"171,450,450,380,5,20.07,38.47,1011.88,11.40"
07:39:12,"171,451,451,380,5,20.07,38.47,1011.85,11.69"
07:39:15,"175,457,457,380,5,20.08,38.48,1011.87,11.53"
07:39:17,"175,457,457,380,5,20.07,38.49,1011.86,11.57"
07:39:19,"177,456,456,380,5,20.07,38.51,1011.85,11.69"
07:39:21,"178,454,454,380,5,20.07,38.51,1011.88,11.40"
07:39:23,"178,453,453,381,5,20.08,38.52,1011.88,11.42"
07:39:26,"178,453,453,381,5,20.07,38.54,1011.88,11.41"
07:39:28,"180,445,447,381,5,20.07,38.54,1011.88,11.43"
07:39:30,"180,447,447,381,5,20.07,38.56,1011.85,11.64"
07:39:32,",447,447,381,5,20.08,38.53,1011.86,11.55"
07:39:35,"181,444,444,381,5,20.08,38.51,1011.85,11.68"
07:39:37,"181,444,444,381,5,20.08,38.49,1011.86,11.55"
07:39:39,"186,447,447,381,5,20.08,38.48,1011.85,11.67"
07:39:41,"198,457,457,382,5,20.08,38.48,1011.86,11.60"
07:39:43,"199,459,459,382,5,20.09,38.47,1011.92,11.12"
07:39:46,"201,459,459,382,5,20.08,38.48,1011.85,11.67"
07:39:48,"204,459,460,382,5,20.08,38.44,1011.84,11.79"
07:39:50,"204,459,459,382,5,20.08,38.46,1011.84,11.75"
07:39:52,"201,462,462,382,5,20.09,38.43,1011.86,11.59"
07:39:54,"201,462,462,382,5,20.08,38.43,1011.84,11.75"
07:39:57,"199,462,462,382,5,20.08,38.44,1011.86,11.58"
07:39:59,"199,462,462,382,5,20.09,38.46,1011.84,11.76"
07:40:01,"193,453,453,381,5,20.09,38.46,1011.86,11.61"
07:40:03,"193,451,451,381,5,20.08,38.49,1011.86,11.60"
07:40:06,"195,453,453,382,5,20.08,38.50,1011.84,11.74"
07:40:08,"195,453,453,382,5,20.08,38.51,1011.85,11.67"
07:40:10,"196,454,454,382,5,20.08,38.56,1011.85,11.62"
07:40:12,"198,456,456,382,5,20.08,38.56,1011.89,11.35"
07:40:13,PMS7003 checksum failed
07:40:14,"205,457,457,382,5,20.07,38.51,1011.83,11.79"
07:40:17,"204,456,456,382,5,20.07,38.51,1011.85,11.64"
07:40:19,"204,456,456,382,5,20.07,38.52,1011.85,11.69"
07:40:21,"198,451,451,382,5,20.08,38.50,1011.84,11.73"
07:40:23,"198,445,445,382,5,20.07,38.51,1011.83,11.85"
07:40:26,"198,445,445,383,5,20.08,38.50,1011.86,11.62"
07:40:28,"198,439,439,383,5,20.08,38.52,1011.84,11.76"
07:40:30,"199,441,441,382,5,20.08,38.52,1011.83,11.87"
07:40:32,"201,442,442,382,5,20.07,38.54,1011.82,11.94"
07:40:34,"201,442,442,383,5,20.07,38.56,1011.81,11.97"
07:40:37,"199,445,445,383,5,20.07,38.56,1011.84,11.71"
07:40:39,"198,445,445,383,5,20.07,38.57,1011.82,11.91"
07:40:41,"198,445,445,383,5,20.07,38.58,1011.82,11.93"
07:40:43,"198,447,447,383,5,20.07,38.57,1011.82,11.88"
07:40:45,"450,450,383,5,20.08,38.53,1011.81,11.96"
07:40:47,PMS7003 checksum failed
07:40:48,"210,463,463,383,5,20.08,38.48,1011.83,11.81"
07:40:50,"213,465,465,382,5,20.08,38.50,1011.82,11.94"
07:40:52,"213,465,465,382,5,20.08,38.52,1011.80,12.07"
07:40:54,"217,465,465,382,5,20.08,38.55,1011.81,12.00"
07:40:57,"216,462,462,382,5,20.08,38.56,1011.83,11.84"
07:40:59,"216,462,462,382,5,20.08,38.57,1011.81,11.98"
07:41:01,"6,462,462,382,5,20.09,38.56,1011.82,11.91"
07:41:03,"216,462,462,382,5,20.09,38.56,1011.87,11.53"
07:41:05,"216,462,462,382,5,20.08,38.56,1011.83,11.84"
07:41:08,"219,465,465,382,5,20.08,38.57,1011.82,11.89"
07:41:10,"220,465,465,382,5,20.08,38.57,1011.84,11.75"
07:41:12,"220,465,465,382,5,20.08,38.54,1011.82,11.88"
07:41:14,"220,465,465,382,5,20.08,38.51,1011.83,11.86"
07:41:17,"222,462,462,382,5,20.07,38.52,1011.81,11.96"
07:41:19,"228,465,465,382,5,20.07,38.50,1011.78,12.26"
07:41:21,"228,465,465,382,5,20.08,38.47,1011.82,11.90"
07:41:23,"234,471,471,382,5,20.08,38.49,1011.82,11.95"
07:41:25,"232,468,468,381,5,20.07,38.56,1011.81,11.99"
07:41:28,"228,459,459,381,5,20.08,38.50,1011.81,11.98"
07:41:30,"228,459,459,382,5,20.07,38.48,1011.82,11.88"
07:41:32,"228,459,459,382,5,20.07,38.49,1011.82,11.90"
07:41:34,"228,457,457,382,5,20.07,38.49,1011.80,12.08"
07:41:36,"228,460,460,382,5,20.08,38.47,1011.82,11.93"
07:41:39,"228,460,460,382,5,20.08,38.47,1011.81,11.96"
07:41:41,"228,462,462,382,5,20.08,38.49,1011.81,12.01"
07:41:43,"229,465,465,382,5,20.08,38.49,1011.80,12.05"
07:41:45,"229,465,465,382,5,20.07,38.48,1011.81,11.99"
07:41:48,"234,472,472,382,5,20.08,38.49,1011.83,11.83"
07:41:50,"240,474,474,382,5,20.08,38.48,1011.82,11.88"
07:41:52,"240,474,474,382,5,20.09,38.48,1011.83,11.82"
07:41:54,"238,472,472,382,5,20.08,38.48,1011.82,11.92"
07:41:56,"238,471,471,382,5,20.08,38.48,1011.80,12.08"
07:41:59,"244,475,475,382,5,20.08,38.51,1011.84,11.77"
07:42:01,"249,475,475,382,5,20.07,38.50,1011.82,11.90"
07:42:03,"250,475,475,382,5,20.07,38.52,1011.80,12.05"
07:42:05,"249,474,474,382,5,20.07,38.55,1011.82,11.93"
07:42:07,"249,474,474,382,5,20.07,38.52,1011.84,11.76"
07:42:10,"243,474,474,382,5,20.07,38.52,1011.83,11.83"
07:42:12,"243,474,474,382,5,20.07,38.54,1011.81,11.98"
07:42:14,"243,474,474,382,5,20.07,38.54,1011.81,11.96"
07:42:16,"243,474,474,382,5,20.08,38.55,1011.86,11.62"
07:42:19,"243,472,472,382,5,20.07,38.52,1011.82,11.90"
07:42:21,"243,472,472,382,5,20.07,38.57,1011.84,11.78"
07:42:23,"234,466,466,382,5,20.07,38.55,1011.81,11.67"
07:42:25,"234,466,466,382,5,20.06,38.58,1011.84,11.76"
07:42:27,"234,466,466,382,5,20.06,38.58,1011.82,11.94"
07:42:30,"234,465,465,382,5,20.06,38.57,1011.80,12.04"
07:42:32,"234,465,465,382,5,20.06,38.57,1011.82,11.95"
07:42:34,"234,465,465,383,5,20.06,38.57,1011.83,11.81"
07:42:36,"231,465,465,383,5,20.06,38.57,1011.83,11.81"
07:42:38,"234,465,465,383,5,20.07,38.58,1011.84,11.77"
07:42:41,"234,465,465,383,5,20.06,38.59,1011.85,11.63"
07:42:43,"234,466,466,383,5,20.06,38.59,1011.82,11.88"
07:42:45,"234,466,466,383,5,20.05,38.58,1011.82,11.94"
07:42:47,"234,468,468,383,5,20.06,38.59,1011.84,11.72"
07:42:50,"234,465,465,383,5,20.07,38.58,1011.85,11.69"
07:42:52,"234,463,463,383,5,20.07,38.59,1011.85,11.69"
07:42:54,"234,463,463,383,5,20.06,38.57,1011.80,12.06"
07:42:56,"237,463,463,383,5,20.07,38.58,1011.83,11.83"
07:42:58,"238,468,468,382,5,20.06,38.57,1011.83,11.79"
07:43:01,"232,463,463,383,5,20.07,38.49,1011.84,11.74"
07:43:03,"232,463,463,383,5,20.07,38.46,1011.83,11.79"
07:43:05,"231,462,462,383,5,20.06,38.47,1011.85,11.64"
07:43:07,"231,462,462,383,5,20.06,38.49,1011.84,11.77"
07:43:09,"225,456,456,383,5,20.06,38.50,1011.85,11.66"
07:43:12,"225,454,454,383,5,20.06,38.51,1011.85,11.69"
07:43:14,"222,454,454,383,5,20.06,38.51,1011.85,11.67"
07:43:16,"222,454,454,384,5,20.07,38.50,1011.82,11.88"
07:43:18,"222,454,454,383,5,20.06,38.49,1011.81,11.98"
07:43:21,"219,451,451,383,5,20.07,38.49,1011.84,11.78"
07:43:23,"219,451,451,384,5,20.07,38.41,1011.87,11.47"
07:43:25,"216,444,444,384,5,20.07,38.36,1011.86,11.59"
07:43:27,"214,444,444,384,5,20.08,38.42,1011.88,11.40"
07:43:29,"214,444,444,384,5,20.07,38.43,1011.84,11.71"
07:43:32,"210,444,444,384,5,20.07,38.44,1011.83,11.81"
07:43:34,"210,444,444,384,5,20.06,38.47,1011.84,11.70"
07:43:36,"213,442,442,384,5,20.06,38.48,1011.85,11.65"
07:43:38,"213,444,444,384,5,20.07,38.48,1011.86,11.59"
07:43:41,"213,442,442,384,5,20.07,38.50,1011.87,11.47"
07:43:43,"207,432,432,385,5,20.07,38.49,1011.84,11.72"
07:43:45,"201,418,418,385,5,20.07,38.51,1011.83,11.79"
07:43:47,"201,418,418,385,5,20.06,38.48,1011.83,11.83"
07:43:49,"195,411,411,385,5,20.07,38.43,1011.85,11.70"
07:43:52,"193,408,408,385,5,20.06,38.40,1011.86,11.62"
07:43:54,"192,406,406,385,5,20.07,38.38,1011.86,11.60"
07:43:56,"192,406,406,385,5,20.06,38.37,1011.86,11.61"
07:43:58,"186,397,397,385,5,20.07,38.40,1011.85,11.62"
07:44:00,"186,397,397,385,5,20.08,38.42,1011.87,11.49"
07:44:03,"186,396,396,385,5,20.07,38.48,1011.85,11.74"
07:44:05,"184,394,394,385,5,20.07,38.48,1011.84,11.72"
07:44:07,"180,390,390,385,5,20.07,38.49,1011.87,11.47"
07:44:09,"180,390,390,385,5,20.07,38.51,1011.87,11.51"
07:44:12,"172,381,381,385,5,20.06,38.51,1011.83,11.80"
07:44:14,"172,381,381,385,5,20.07,38.51,1011.84,11.78"
07:44:16,"172,381,381,385,5,20.07,38.54,1011.84,11.71"
07:44:18,"174,378,378,385,5,20.06,38.52,1011.87,11.47"
07:44:20,"172,378,378,385,5,20.07,38.52,1011.87,11.53"
07:44:23,"172,378,378,385,5,20.07,38.54,1011.86,11.55"
07:44:25,"171,373,373,385,5,20.07,38.54,1011.86,11.57"
07:44:27,"168,372,372,385,5,20.08,38.53,1011.83,11.85"
07:44:29,"168,369,369,385,5,20.08,38.52,1011.86,11.57"
07:44:31,"168,369,369,385,5,20.08,38.55,1011.89,11.31"
07:44:34,"166,367,367,385,5,20.08,38.54,1011.90,11.26"
07:44:36,"166,367,367,386,5,20.08,38.52,1011.84,11.77"
07:44:38,"165,367,367,386,5,20.08,38.52,1011.91,11.14"
07:44:40,"165,367,367,386,5,20.08,38.51,1011.90,11.28"
07:44:43,"165,366,366,386,5,20.07,38.52,1011.85,11.67"
07:44:45,"165,366,366,386,5,20.07,38.48,1011.87,11.47"
07:44:47,"162,366,366,386,5,20.07,38.49,1011.88,11.40"
07:44:49,"162,366,366,386,5,20.06,38.50,1011.88,11.42"
07:44:51,"162,366,366,386,5,20.06,38.49,1011.87,11.54"
07:44:54,"154,358,358,386,5,20.06,38.48,1011.86,11.56"
07:44:56,"153,354,354,386,5,20.07,38.49,1011.86,11.55"
07:44:58,"153,354,354,386,5,20.07,38.50,1011.87,11.47"
07:45:00,"150,354,354,386,5,20.07,38.49,1011.87,11.52"
07:45:02,"150,354,354,386,5,20.06,38.46,1011.88,11.43"
07:45:05,"150,354,354,386,5,20.06,38.44,1011.87,11.49"
07:45:07,"150,354,354,386,5,20.07,38.46,1011.87,11.52"
07:45:09,"150,352,352,386,5,20.07,38.52,1011.88,11.40"
07:45:11,"150,352,352,386,5,20.06,38.54,1011.88,11.40"
07:45:14,"150,352,352,386,5,20.07,38.58,1011.88,11.45"
07:45:16,"150,352,352,386,5,20.07,38.55,1011.86,11.62"
07:45:18,"150,352,352,386,5,20.06,38.55,1011.89,11.35"
07:45:20,"150,352,352,386,5,20.06,38.54,1011.88,11.39"
07:45:22,"145,339,339,386,5,20.06,38.56,1011.88,11.43"
07:45:25,"145,337,337,386,5,20.07,38.56,1011.90,11.27"
07:45:27,"145,337,337,386,5,20.06,38.55,1011.87,11.46"
07:45:29,"144,333,333,386,5,20.07,38.50,1011.88,11.40"
07:45:31,"144,333,333,386,5,20.07,38.48,1011.88,11.38"
07:45:32,PMS7003 checksum failed
07:45:34,"144,331,331,386,5,20.08,38.48,1011.87,11.46"
07:45:36,"142,330,330,386,5,20.08,38.46,1011.86,11.55"
07:45:38,"142,328,328,386,5,20.08,38.39,1011.87,11.50"
07:45:40,"142,328,328,386,5,20.08,38.41,1011.88,11.42"
07:45:42,"141,327,327,386,5,20.08,38.43,1011.88,11.38"
07:45:45,"139,325,325,386,5,20.08,38.44,1011.86,11.56"
07:45:47,"8,325,325,386,5,20.08,38.46,1011.87,11.48"
07:45:49,"138,325,325,386,5,20.08,38.46,1011.84,11.75"
07:45:51,"138,325,325,386,5,20.09,38.45,1011.85,11.64"
07:45:53,"138,325,325,386,5,20.10,38.46,1011.88,11.41"
07:45:56,"138,325,325,387,5,20.09,38.45,1011.86,11.56"
07:45:58,"138,325,325,387,5,20.09,38.43,1011.88,11.38"
07:46:00,"136,325,325,387,5,20.09,38.42,1011.89,11.33"
07:46:02,"136,325,325,386,5,20.09,38.41,1011.88,11.60"
07:46:05,"136,325,325,387,5,20.09,38.41,1011.90,11.27"
07:46:07,"132,321,321,386,5,20.09,38.42,1011.88,11.43"
07:46:09,"132,321,321,387,5,20.08,38.44,1011.87,11.52"
07:46:11,"130,321,321,387,5,20.09,38.43,1011.92,11.11"
07:46:13,"127,322,322,388,5,20.09,38.43,1011.89,11.32"
07:46:16,"127,322,322,387,5,20.09,38.43,1011.87,11.52"
07:46:18,"127,322,322,387,5,20.09,38.42,1011.89,11.31"
07:46:20,"127,322,322,387,5,20.09,38.42,1011.87,11.53"
07:46:22,"129,327,327,387,5,20.09,38.39,1011.88,11.39"
07:46:24,"127,327,327,387,5,20.09,38.43,1011.89,11.29"
07:46:27,"127,327,327,388,5,20.10,38.43,1011.92,11.06"
07:46:29,"127,327,327,388,5,20.10,38.39,1011.91,11.20"
07:46:31,"127,327,327,388,5,20.09,38.35,1011.89,11.31"
07:46:33,"129,324,324,388,5,20.09,38.38,1011.90,11.23"
07:46:36,"130,327,327,388,5,20.09,38.42,1011.91,11.15"
07:46:38,"130,327,327,388,5,20.09,38.45,1011.86,11.58"
07:46:40,"130,327,327,388,5,20.09,38.45,1011.88,11.39"
07:46:42,"130,327,327,388,5,20.10,38.45,1011.87,11.47"
07:46:44,"129,327,327,388,5,20.10,38.47,1011.89,11.33"
07:46:47,"129,330,330,388,5,20.09,38.47,1011.91,11.18"
07:46:49,"129,330,330,388,5,20.09,38.47,1011.85,11.65"
07:46:51,"129,330,330,388,5,20.10,38.47,1011.88,11.37"
07:46:53,"129,330,330,388,5,20.10,38.46,1011.92,11.09"
07:46:56,"129,330,330,388,5,20.10,38.46,1011.91,11.18"
07:46:58,"129,327,327,388,5,20.09,38.45,1011.88,11.41"
07:47:00,"129,327,327,388,5,20.09,38.45,1011.89,11.34"
07:47:02,"127,325,325,388,5,20.10,38.46,1011.89,11.30"
07:47:04,"127,325,325,388,5,20.10,38.49,1011.89,11.35"
07:47:07,"126,325,325,388,5,20.11,38.52,1011.93,11.00"
07:47:09,"126,324,324,388,5,20.10,38.53,1011.92,11.10"
07:47:11,"120,315,315,388,5,20.09,38.54,1011.89,11.36"
07:47:13,"123,313,313,389,5,20.10,38.54,1011.90,11.28"
07:47:15,"121,312,312,389,5,20.10,38.54,1011.92,11.11"
07:47:18,"123,313,313,389,5,20.10,38.52,1011.94,10.90"
07:47:20,"123,313,313,388,5,20.10,38.53,1011.93,11.02"
07:47:22,"120,309,309,388,5,20.10,38.50,1011.92,11.08"
07:47:24,"120,309,309,388,5,20.10,38.49,1011.92,11.09"
07:47:27,"120,309,309,388,5,20.10,38.48,1011.95,10.84"
07:47:29,"120,309,309,388,5,20.11,38.47,1011.94,10.93"
07:47:31,"118,307,307,388,5,20.10,38.45,1011.94,10.92"
07:47:33,"117,306,306,388,5,20.10,38.45,1011.92,11.04"
07:47:35,"114,301,301,388,5,20.10,38.47,1011.92,11.07"
07:47:38,"114,301,301,388,5,20.10,38.45,1011.92,11.11"
07:47:40,"115,301,301,388,5,20.10,38.46,1011.91,11.19"
07:47:42,"115,303,303,389,5,20.10,38.46,1011.92,11.07"
07:47:44,"114,303,303,389,5,20.11,38.47,1012.02,10.26"
07:47:46,"112,301,301,389,5,20.10,38.46,1011.94,10.93"
07:47:49,"111,300,300,389,5,20.11,38.42,1011.95,10.85"
07:47:51,"111,300,300,388,5,20.10,38.42,1011.93,11.00"
07:47:53,"111,300,300,388,5,20.10,38.42,1011.90,11.26"
07:47:55,"111,297,297,388,5,20.10,38.43,1011.91,11.16"
07:47:58,"111,297,297,388,5,20.10,38.43,1011.92,11.05"
07:48:00,"111,295,295,388,5,20.11,38.46,1011.94,10.93"
07:48:02,"12,295,295,388,5,20.10,38.49,1011.92,11.09"
07:48:04,"112,295,295,388,5,20.10,38.52,1011.94,10.92"
07:48:06,"112,295,295,388,5,20.10,38.43,1011.92,11.09"
07:48:09,"112,292,292,388,5,20.09,38.47,1011.90,11.28"
07:48:11,"112,291,291,388,5,20.10,38.49,1011.93,11.01"
07:48:13,"112,291,291,388,5,20.10,38.46,1011.93,11.02"
07:48:15,"112,292,292,388,5,20.10,38.45,1011.91,11.16"
07:48:17,"112,292,292,388,5,20.10,38.41,1011.90,11.22"
07:48:20,"112,292,292,387,5,20.10,38.43,1011.92,11.07"
07:48:21,PMS7003 checksum failed
07:48:22,"111,297,297,387,5,20.11,38.45,1011.92,11.06"
07:48:24,"09,295,295,387,5,20.11,38.44,1011.92,11.09"
07:48:26,"109,295,295,387,5,20.10,38.46,1011.95,10.85"
07:48:29,"114,298,298,387,5,20.10,38.47,1011.93,10.98"
07:48:31,"114,298,298,387,5,20.11,38.48,1011.94,10.88"
07:48:33,"114,298,298,388,5,20.11,38.53,1011.95,10.94"
07:48:35,"114,298,298,388,5,20.11,38.42,1011.95,10.82"
07:48:37,"115,300,300,388,5,20.10,38.35,1011.94,10.92"
07:48:40,"115,300,300,388,5,20.10,38.35,1011.93,11.00"
07:48:42,"117,301,301,388,5,20.10,38.35,1011.92,11.10"
07:48:44,"117,303,303,388,5,20.10,38.39,1011.95,10.79"
07:48:46,"117,303,303,388,5,20.10,38.39,1011.91,11.18"
07:48:49,"117,303,303,388,5,20.10,38.42,1011.92,11.09"
07:48:51,"120,309,309,388,5,20.11,38.44,1011.93,10.97"
07:48:53,"120,309,309,388,5,20.11,38.44,1011.96,10.72"
07:48:55,"120,309,309,388,5,20.11,38.42,1011.93,11.02"
07:48:57,"120,309,309,388,5,20.11,38.42,1011.94,10.94"
07:49:00,"123,307,307,389,5,20.11,38.45,1011.95,10.82"
07:49:02,"124,312,312,389,5,20.11,38.46,1011.93,11.02"
07:49:04,"124,310,310,389,5,20.10,38.42,1011.93,11.04"
07:49:06,"124,310,310,389,5,20.10,38.40,1011.94,10.95"
07:49:08,"124,312,312,389,5,20.11,38.41,1011.94,10.90"
07:49:11,"124,312,312,389,5,20.11,38.45,1011.95,10.85"
07:49:13,"124,312,312,389,5,20.10,38.48,1011.95,10.87"
07:49:15,"124,312,312,389,5,20.11,38.44,1011.97,10.67"
07:49:17,"124,312,312,389,5,20.10,38.46,1011.96,10.71"
07:49:20,"124,312,312,389,5,20.10,38.47,1011.99,10.50"
07:49:22,"124,312,312,389,5,20.10,38.45,1011.96,10.76"
07:49:24,"126,312,312,389,5,20.10,38.46,1011.94,10.87"
07:49:26,"126,312,312,389,5,20.10,38.48,1011.96,10.73"
07:49:28,"127,315,315,389,5,20.10,38.45,1011.93,11.00"
07:49:31,"129,315,315,389,5,20.10,38.45,1011.93,11.01"
07:49:33,"129,318,318,389,5,20.10,38.43,1011.95,10.82"
07:49:35,"129,321,321,389,5,20.10,38.43,1011.93,10.99"
07:49:37,"129,321,321,389,5,20.09,38.45,1011.93,11.01"
07:49:39,"135,327,327,389,5,20.10,38.45,1011.92,11.10"
07:49:42,"135,327,327,389,5,20.10,38.45,1011.93,10.99"
07:49:44,"135,327,327,389,5,20.10,38.43,1011.95,10.82"
07:49:46,"136,328,328,389,5,20.09,38.41,1011.91,11.15"
07:49:48,"138,330,330,389,5,20.11,38.43,1011.93,10.99"
07:49:51,"138,330,330,389,5,20.10,38.43,1011.91,11.16"
07:49:53,"38,334,334,389,5,20.10,38.45,1011.90,11.26"
07:49:55,"138,336,336,389,5,20.10,38.47,1011.96,10.77"
07:49:57,"139,336,336,389,5,20.10,38.45,1011.94,10.90"
07:49:59,"139,336,336,390,5,20.10,38.45,1011.94,10.92"
07:50:02,"138,336,336,390,5,20.10,38.45,1011.94,10.91"
07:50:04,"138,336,336,390,5,20.10,38.45,1011.97,10.68"
07:50:06,"138,336,336,390,5,20.11,38.45,1011.96,10.76"
07:50:08,"138,336,336,390,5,20.10,38.43,1011.97,10.66"
07:50:11,"135,333,333,390,5,20.11,38.45,1011.98,10.61"
07:50:13,"135,333,333,390,5,20.10,38.45,1011.96,10.78"
07:50:15,"132,333,333,390,5,20.10,38.46,1011.93,11.03"
07:50:17,"132,331,331,390,5,20.10,38.47,1011.96,10.74"
07:50:19,"132,331,331,389,5,20.10,38.48,1011.96,10.71"
07:50:22,"129,327,327,389,5,20.10,38.50,1012.00,10.42"
07:50:24,"127,325,325,390,5,20.10,38.52,1012.00,10.44"
07:50:26,"127,325,325,390,5,20.11,38.54,1011.97,10.57"
07:50:28,"129,327,327,390,5,20.11,38.52,1011.97,10.67"
07:50:30,"129,327,327,390,5,20.10,38.52,1011.97,10.62"
07:50:33,"129,330,330,390,5,20.11,38.53,1011.96,10.71"
07:50:35,"129,330,330,390,5,20.11,38.54,1011.97,10.67"
07:50:37,"129,336,336,390,5,20.11,38.52,1011.98,10.59"
07:50:39,"129,336,336,389,5,20.12,38.47,1011.96,10.73"
07:50:42,"129,336,336,389,5,20.11,38.47,1011.96,10.73"
07:50:44,"129,337,337,389,5,20.12,38.44,1011.98,10.54"
07:50:46,"132,339,339,389,5,20.12,38.45,1011.98,10.56"
07:50:48,"132,339,339,389,5,20.12,38.45,1012.00,10.39"
07:50:50,"141,348,348,389,5,20.12,38.42,1011.98,10.54"
07:50:53,"144,351,351,389,5,20.12,38.44,1011.99,10.53"
07:50:55,"144,351,351,389,5,20.12,38.46,1011.99,10.49"
07:50:57,"156,366,366,389,5,20.11,38.45,1011.98,10.55"
07:50:59,"165,381,381,389,5,20.11,38.46,1011.99,10.46"
07:51:01,"165,381,381,389,5,20.12,38.46,1012.00,10.45"
07:51:04,"171,390,390,389,5,20.12,38.47,1011.99,10.53"
07:51:06,"174,393,393,389,5,20.12,38.47,1012.02,10.27"
07:51:08,"175,396,396,389,5,20.12,38.46,1011.97,10.68"
07:51:10,"175,396,396,389,5,20.12,38.46,1011.99,10.50"
07:51:13,"180,405,405,389,5,20.11,38.48,1011.99,10.52"
07:51:15,"181,406,406,389,5,20.11,38.49,1012.00,10.38"
07:51:17,"183,408,409,389,5,20.12,38.47,1011.98,10.61"
07:51:19,"184,411,411,389,5,20.13,38.44,1012.00,10.41"
07:51:21,"192,420,420,389,5,20.12,38.43,1011.98,10.60"
07:51:24,"192,420,420,389,5,20.12,38.33,1012.02,10.23"
07:51:26,"207,441,441,389,5,20.11,38.38,1011.98,10.62"
07:51:28,"210,444,444,389,5,20.12,38.38,1011.97,10.68"
07:51:30,"213,447,447,390,5,20.12,38.36,1011.99,10.47"
07:51:32,"222,456,456,390,5,20.13,38.37,1012.00,10.43"
07:51:35,"228,462,462,390,5,20.12,38.38,1012.05,10.00"
07:51:36,PMS7003 checksum failed
07:51:37,"228,468,468,390,5,20.12,38.34,1012.01,10.32"
07:51:39,"229,469,469,390,5,20.12,38.34,1012.08,9.73"
07:51:41,"231,471,471,390,5,20.12,38.39,1012.04,10.10"
07:51:44,"231,471,471,390,5,20.11,38.41,1012.01,10.32"
07:51:46,"235,475,475,390,5,20.12,38.50,1012.00,10.45"
07:51:48,"235,475,475,390,5,20.11,38.45,1011.99,10.45"
07:51:50,"235,475,475,390,5,20.12,38.45,1012.01,10.35"
07:51:52,"237,477,477,390,5,20.11,38.45,1012.01,10.31"
07:51:55,"237,477,477,390,5,20.11,38.44,1012.00,10.38"
07:51:57,"237,477,477,390,5,20.12,38.44,1011.99,10.48"
07:51:59,"237,478,478,390,5,20.12,38.44,1012.01,10.34"
07:52:01,"241,483,483,390,5,20.11,38.44,1012.00,10.38"
07:52:04,"241,483,483,390,5,20.11,38.42,1012.02,10.28"
07:52:06,"243,483,483,390,5,20.11,38.44,1012.03,10.18"
07:52:08,"243,483,483,390,5,20.10,38.45,1012.00,10.45"
07:52:10,"237,480,480,390,5,20.11,38.46,1012.02,10.24"
07:52:12,"237,477,477,390,5,20.11,38.47,1011.99,10.49"
07:52:15,"235,477,477,390,5,20.11,38.47,1011.98,10.59"
07:52:17,"225,465,465,390,5,20.11,38.47,1012.00,10.39"
07:52:19,"222,462,462,390,5,20.11,38.47,1012.04,10.09"
07:52:21,"220,462,462,390,5,20.11,38.48,1012.05,10.02"
07:52:23,"220,462,462,390,5,20.11,38.48,1011.99,10.48"
07:52:26,"207,453,453,390,5,20.11,38.46,1011.98,10.56"
07:52:28,"204,450,450,390,5,20.11,38.45,1012.00,10.38"
07:52:30,"202,450,450,390,5,20.11,38.46,1012.01,10.31"
07:52:32,"196,447,447,390,5,20.11,38.49,1012.02,10.23"
07:52:35,"196,447,447,390,5,20.11,38.46,1012.01,10.35"
07:52:37,"190,448,448,391,5,20.11,38.47,1012.01,10.30"
07:52:39,"183,444,444,390,5,20.12,38.49,1012.06,9.94"
07:52:41,"183,442,442,391,5,20.11,38.51,1012.00,10.39"
07:52:43,"181,441,441,391,5,20.11,38.50,1011.96,10.78"
07:52:46,"181,441,441,390,5,20.11,38.49,1012.00,10.39"
07:52:48,"178,441,441,391,5,20.11,38.48,1011.98,10.54"
07:52:50,"175,439,439,391,5,20.11,38.48,1011.99,10.47"
07:52:52,"175,439,439,391,5,20.11,38.50,1011.99,10.48"
07:52:54,"175,441,441,391,5,20.11,38.51,1012.00,10.45"
07:52:57,"174,441,441,392,5,20.12,38.49,1012.01,10.37"
07:52:59,"174,441,441,392,5,20.12,38.49,1012.01,10.34"
07:53:01,"174,451,451,392,5,20.12,38.48,1011.98,10.55"
07:53:03,"172,453,453,392,5,20.12,38.47,1012.01,10.33"
07:53:06,"172,453,453,392,5,20.13,38.46,1012.03,10.20"
07:53:08,"172,453,453,392,5,20.13,38.46,1012.00,10.40"
07:53:10,"171,453,453,392,5,20.13,38.46,1012.03,10.14"
07:53:12,"171,453,453,392,5,20.13,38.47,1012.04,10.09"
07:53:14,"172,459,459,392,5,20.13,38.48,1011.96,10.78"
07:53:17,"174,459,459,393,5,20.13,38.48,1012.03,10.17"
07:53:19,"174,459,459,392,5,20.13,38.47,1011.99,10.48"
07:53:21,"174,457,457,393,5,20.12,38.48,1011.99,10.49"
07:53:23,"174,457,457,393,5,20.13,38.47,1012.00,10.37"
07:53:25,"171,456,456,393,5,20.13,38.44,1012.00,10.42"
07:53:28,"171,453,453,393,5,20.14,38.45,1012.00,10.43"
07:53:30,"171,450,450,393,5,20.14,38.43,1012.02,10.26"
07:53:32,"171,448,448,393,5,20.13,38.40,1012.01,10.30"
07:53:34,"171,448,448,393,5,20.13,38.40,1012.01,10.30"
07:53:37,"171,441,441,393,5,20.13,38.42,1012.03,10.18"
07:53:39,"174,442,442,393,5,20.12,38.40,1012.01,10.34"
07:53:41,"174,442,442,393,5,20.13,38.44,1011.98,10.35"
07:53:43,"174,442,442,392,5,20.13,38.45,1012.00,10.38"
07:53:45,"174,441,441,393,5,20.14,38.44,1011.98,10.59"
07:53:47,PMS7003 checksum failed
07:53:48,"174,439,439,393,5,20.14,38.44,1011.99,10.48"
07:53:50,"172,438,438,393,5,20.13,38.44,1012.02,10.28"
07:53:52,"172,438,438,393,5,20.14,38.43,1011.99,10.50"
07:53:54,"172,438,438,393,5,20.14,38.37,1011.99,10.49"
07:53:57,"172,439,439,393,5,20.14,38.32,1011.99,10.51"
07:53:59,"172,439,439,393,5,20.15,38.33,1011.99,10.53"
07:54:01,"168,430,430,393,5,20.14,38.34,1011.99,10.49"
07:54:03,"168,430,430,394,5,20.14,38.29,1011.99,10.55"
07:54:05,"168,430,432,393,5,20.14,38.25,1011.98,10.61"
07:54:08,"168,430,432,393,5,20.13,38.28,1012.01,10.34"
07:54:10,"169,435,435,394,5,20.13,38.30,1011.99,10.47"
07:54:12,"169,432,432,393,5,20.13,38.30,1012.01,10.37"
07:54:14,"172,438,438,393,5,20.13,38.31,1012.01,10.36"
07:54:16,"172,438,438,393,5,20.13,38.32,1011.99,10.51"
07:54:19,"172,438,438,393,5,20.13,38.32,1012.00,10.43"
07:54:21,"174,439,439,393,5,20.13,38.34,1011.99,10.54"
07:54:22,PMS7003 checksum failed
07:54:23,"171,435,435,393,5,20.14,38.35,1012.02,10.23"
07:54:25,"171,435,435,393,5,20.14,38.37,1012.03,10.14"
07:54:28,"171,435,435,393,5,20.13,38.39,1012.00,10.38"
07:54:30,"171,435,435,393,5,20.13,38.39,1011.97,10.68"
07:54:32,"171,435,435,393,5,20.13,38.40,1011.98,10.59"
07:54:34,"171,435,435,394,5,20.13,38.43,1012.02,10.23"
07:54:36,"177,450,450,393,5,20.14,38.45,1011.97,10.64"
07:54:39,"180,453,453,393,5,20.14,38.47,1012.01,10.30"
07:54:41,"180,456,456,394,5,20.14,38.46,1012.01,10.34"
07:54:43,"180,456,456,394,5,20.14,38.44,1012.04,10.04"
07:54:45,"184,460,460,393,5,20.14,38.42,1012.04,10.09"
07:54:48,"181,459,459,394,5,20.14,38.38,1012.06,9.87"
07:54:50,"180,453,453,394,5,20.14,38.38,1012.02,10.25"
07:54:52,"180,453,453,394,5,20.14,38.35,1011.98,10.56"
07:54:54,"180,454,454,394,5,20.15,38.33,1012.02,10.22"
07:54:56,"183,454,454,394,5,20.15,38.33,1011.92,11.05"
07:54:58,PMS7003 checksum failed
07:54:59,"186,457,457,394,5,20.14,38.35,1011.97,10.66"
07:55:01,"186,456,456,394,5,20.13,38.33,1011.97,10.63"
07:55:03,"186,456,456,394,5,20.14,38.34,1011.98,10.58"
07:55:05,"186,453,453,394,5,20.14,38.33,1012.01,10.32"
07:55:08,"183,450,450,394,5,20.14,38.30,1012.01,10.30"
07:55:10,"183,450,450,394,5,20.13,38.29,1011.96,10.71"
07:55:12,"178,441,441,394,5,20.14,38.29,1011.99,10.47"
07:55:14,"178,441,441,394,5,20.14,38.30,1011.98,10.54"
07:55:16,"177,439,439,394,5,20.14,38.29,1012.02,10.25"
07:55:19,"177,439,439,395,5,20.14,38.26,1012.00,10.42"
07:55:21,"175,433,433,395,5,20.12,38.26,1011.99,10.48"
07:55:23,"177,435,435,395,5,20.13,38.34,1012.03,10.14"
07:55:25,"177,432,432,395,5,20.13,38.39,1012.02,10.22"
07:55:27,"177,432,432,395,5,20.13,38.39,1012.00,10.42"
07:55:30,"177,432,432,396,5,20.13,38.40,1012.00,10.42"
07:55:32,"177,430,430,396,5,20.13,38.40,1012.00,10.41"
07:55:33,PMS7003 checksum failed
07:55:34,"175,426,426,396,5,20.13,38.41,1011.99,10.49"
07:55:36,"175,427,427,396,5,20.14,38.42,1011.99,10.47"
07:55:39,"175,427,427,396,5,20.14,38.38,1011.99,10.49"
07:55:41,"177,429,429,396,5,20.14,38.43,1011.98,10.59"
07:55:43,"177,429,429,396,5,20.14,38.43,1011.99,10.49"
07:55:45,"177,429,429,396,5,20.15,38.40,1012.01,10.32"
07:55:47,"181,430,430,396,5,20.15,38.39,1011.99,10.50"
07:55:50,"183,433,433,397,5,20.14,38.39,1011.98,10.61"
07:55:52,"186,436,436,396,5,20.15,38.38,1012.06,9.94"
07:55:54,"186,436,436,396,5,20.14,38.39,1012.00,10.45"
07:55:56,"195,447,447,396,5,20.14,38.39,1011.98,10.54"
07:55:59,"201,450,450,396,5,20.14,38.42,1012.02,10.28"
07:56:01,"204,450,450,397,5,20.13,38.43,1012.00,10.44"
07:56:03,"204,450,450,397,5,20.13,38.44,1012.00,10.37"
07:56:05,"205,451,451,397,5,20.14,38.45,1011.99,10.46"
07:56:07,"207,453,453,397,5,20.14,38.45,1012.00,10.44"
07:56:10,"207,453,453,397,5,20.13,38.39,1012.02,10.21"
07:56:12,"216,456,456,397,5,20.13,38.39,1011.99,10.54"
07:56:14,"217,456,456,397,5,20.14,38.40,1012.02,10.28"
07:56:16,"217,456,456,397,5,20.13,38.42,1012.01,10.30"
07:56:18,"217,456,456,397,5,20.14,38.44,1011.99,10.46"
07:56:21,"217,456,456,397,5,20.14,38.43,1012.04,10.07"
07:56:23,"217,456,456,397,5,20.14,38.39,1012.00,10.39"
07:56:25,"214,456,456,397,5,20.15,38.39,1011.99,10.48"
07:56:27,"214,456,456,397,5,20.14,38.34,1011.98,10.55"
07:56:30,"214,456,456,396,5,20.14,38.35,1012.02,10.26"
07:56:32,"214,457,457,397,5,20.14,38.35,1012.00,10.39"
07:56:34,"214,457,457,397,5,20.14,38.36,1012.03,10.14"
07:56:36,"219,465,465,397,5,20.14,38.36,1012.00,10.39"
07:56:38,"219,466,466,397,5,20.13,38.38,1011.98,10.55"
07:56:41,"220,468,468,397,5,20.14,38.40,1012.00,10.39"
07:56:43,"220,468,468,397,5,20.14,38.42,1012.00,10.41"
07:56:45,"222,469,469,397,5,20.14,38.40,1012.01,10.36"
07:56:47,"222,471,471,397,5,20.14,38.37,1012.02,10.23"
07:56:49,"238,486,486,397,5,20.13,38.33,1012.02,10.27"
07:56:52,"249,495,495,397,5,20.13,38.34,1011.99,10.51"
07:56:54,"247,492,492,397,5,20.13,38.34,1011.99,10.49"
07:56:56,"246,492,492,397,5,20.14,38.37,1011.98,10.60"
07:56:58,"246,490,490,397,5,20.13,38.37,1012.00,10.44"
07:57:01,"246,487,487,397,5,20.13,38.37,1012.00,10.41"
07:57:03,"249,483,483,397,5,20.13,38.37,1012.00,10.44"
07:57:05,"247,480,480,397,5,20.14,38.36,1011.96,10.76"
07:57:07,"246,477,477,397,5,20.14,38.32,1012.00,10.41"
07:57:09,"246,477,477,397,5,20.13,38.33,1012.02,10.21"
07:57:12,"244,469,469,397,5,20.13,38.37,1012.01,10.36"
07:57:14,"246,468,468,397,5,20.13,38.39,1011.99,10.51"
07:57:16,"246,468,468,397,5,20.13,38.37,1012.00,10.42"
07:57:18,"247,468,468,397,5,20.13,38.39,1011.98,10.58"
07:57:21,"249,469,469,397,5,20.13,38.39,1012.00,10.41"
07:57:22,PMS7003 checksum failed
07:57:23,"241,465,465,397,5,20.13,38.41,1011.99,10.50"
07:57:25,"240,465,465,397,5,20.13,38.42,1011.98,10.61"
07:57:27,"240,465,465,397,5,20.13,38.40,1012.01,10.36"
07:57:29,"240,463,463,398,5,20.13,38.40,1012.03,10.20"
07:57:32,"243,465,465,398,5,20.13,38.39,1012.00,10.41"
07:57:34,"243,465,465,398,5,20.14,38.37,1011.98,10.55"
07:57:36,"240,468,468,398,5,20.13,38.32,1012.00,10.40"
07:57:38,"238,468,468,398,5,20.13,38.30,1011.99,10.51"
07:57:41,"237,469,469,398,5,20.14,38.36,1012.02,10.21"
07:57:43,"237,469,469,398,5,20.13,38.33,1011.98,10.56"
07:57:45,"235,468,468,398,5,20.14,38.36,1012.02,10.24"
07:57:47,"237,468,468,398,5,20.14,38.38,1012.03,10.12"
07:57:49,"237,471,471,398,5,20.13,38.40,1011.99,10.47"
07:57:52,"237,471,471,398,5,20.13,38.40,1011.99,10.54"
07:57:54,"237,471,471,398,5,20.13,38.39,1011.97,10.63"
07:57:56,"237,471,471,399,5,20.13,38.39,1012.00,10.38"
07:57:58,"237,471,471,399,5,20.13,38.31,1012.02,10.20"
07:58:00,"240,474,474,398,5,20.13,38.28,1011.98,10.57"
07:58:03,"238,474,474,399,5,20.13,38.30,1012.01,10.32"
07:58:05,"238,474,474,399,5,20.13,38.32,1012.01,10.35"
07:58:07,"237,474,474,399,5,20.12,38.37,1011.99,10.53"
07:58:09,"234,472,472,399,5,20.12,38.34,1011.99,10.49"
07:58:12,"234,472,472,399,5,20.12,38.39,1012.00,10.38"
07:58:13,PMS7003 checksum failed
07:58:14,"231,468,469,399,5,20.13,38.40,1011.99,10.52"
07:58:16,"231,468,468,399,5,20.12,38.40,1012.01,10.30"
07:58:18,"231,469,469,399,5,20.12,38.39,1012.01,10.35"
07:58:20,"231,469,469,399,5,20.13,38.40,1012.02,10.24"
07:58:23,"235,472,472,399,5,20.14,38.42,1012.02,10.26"
07:58:25,"237,474,474,399,5,20.13,38.43,1011.99,10.47"
07:58:27,"237,474,474,399,5,20.13,38.41,1012.03,10.16"
07:58:29,"237,474,474,400,5,20.12,38.39,1011.99,10.49"
07:58:32,"237,474,474,399,5,20.13,38.39,1012.00,10.37"
07:58:34,"237,474,474,399,5,20.14,38.42,1011.99,10.47"
07:58:36,"237,474,474,400,5,20.13,38.40,1011.99,10.46"
07:58:38,"229,465,465,400,5,20.12,38.39,1012.00,10.39"
07:58:40,"228,465,465,400,5,20.13,38.37,1011.98,10.61"
07:58:43,"228,465,465,400,5,20.13,38.42,1011.99,10.48"
07:58:45,"225,462,462,400,5,20.13,38.44,1012.02,10.23"
07:58:47,"226,465,465,400,5,20.13,38.43,1012.02,10.27"
07:58:48,PMS7003 checksum failed
07:58:49,"232,463,465,400,5,20.12,38.44,1011.99,10.49"
07:58:51,"231,462,462,400,5,20.12,38.40,1012.00,10.39"
07:58:54,"231,462,462,401,5,20.13,38.34,1012.01,10.34"
07:58:56,"220,450,450,401,5,20.12,38.36,1011.99,10.48"
07:58:58,"220,450,450,401,5,20.12,38.36,1011.99,10.46"
07:59:00,"219,448,448,401,5,20.13,38.36,1011.99,10.47"
07:59:03,"217,447,447,401,5,20.13,38.37,1011.99,10.52"
07:59:05,"217,447,447,401,5,20.13,38.32,1012.00,10.42"
07:59:07,"217,445,445,401,5,20.12,38.34,1012.03,10.18"
07:59:09,"216,444,444,401,5,20.12,38.37,1012.03,10.14"
07:59:11,"216,444,444,402,5,20.12,38.39,1012.00,10.39"
07:59:14,"213,439,439,402,5,20.12,38.39,1011.99,10.52"
07:59:16,"211,438,438,402,5,20.13,38.39,1012.02,10.27"
07:59:18,"211,438,438,402,5,20.12,38.40,1012.01,10.30"
07:59:20,"213,436,436,402,5,20.13,38.37,1012.03,10.12"
07:59:23,"213,435,435,402,5,20.14,38.33,1012.03,10.20"
07:59:24,PMS7003 checksum failed
07:59:25,"207,426,426,402,5,20.14,38.36,1012.02,10.27"
07:59:27,"207,426,426,403,5,20.14,38.36,1012.05,10.01"
07:59:29,"207,426,426,403,5,20.14,38.36,1012.03,10.12"
07:59:31,"204,421,421,403,5,20.14,38.35,1012.03,10.13"
07:59:34,"204,421,421,403,5,20.14,38.35,1012.07,9.86"
07:59:36,"204,421,421,403,5,20.14,38.36,1012.04,10.07"
07:59:38,"204,421,421,403,5,20.14,38.36,1012.04,10.10"
07:59:40,"204,421,421,403,5,20.14,38.33,1012.06,9.87"
07:59:42,"202,421,421,403,5,20.15,38.32,1012.05,10.00"
07:59:45,"202,421,421,403,5,20.15,38.32,1012.05,9.96"
07:59:47,"202,421,421,403,5,20.15,38.33,1012.03,10.18"
07:59:49,"207,435,435,404,5,20.14,38.32,1012.01,10.37"
07:59:51,"207,435,435,403,5,20.15,38.35,1012.04,10.10"
07:59:54,"207,435,435,404,5,20.15,38.35,1012.02,10.25"
07:59:56,"201,429,429,404,5,20.15,38.36,1012.02,10.28"
07:59:58,"198,426,426,404,5,20.15,38.37,1012.03,10.16"
07:59:59,PMS7003 checksum failed
08:00:00,"196,424,424,404,5,20.15,38.38,1012.02,10.22"
08:00:02,"195,421,421,404,5,20.15,38.37,1012.03,10.17"
08:00:05,"195,421,421,404,5,20.15,38.37,1012.05,9.98"
08:00:07,"192,411,411,404,5,20.15,38.37,1012.04,10.07"
08:00:09,"192,411,411,404,5,20.14,38.36,1012.02,10.24"
08:00:11,"192,409,409,404,5,20.15,38.37,1012.04,10.09"
08:00:14,"192,408,408,404,5,20.16,38.37,1012.05,10.01"
08:00:16,"192,408,408,404,5,20.15,38.38,1012.05,10.03"
08:00:18,"192,409,409,404,5,20.15,38.36,1012.04,10.09"
08:00:20,"190,408,408,404,5,20.15,38.36,1012.06,9.91"
08:00:22,"190,408,408,405,5,20.16,38.35,1012.06,9.88"
08:00:25,"183,400,400,405,5,20.15,38.35,1012.02,10.22"
08:00:27,"183,400,400,405,5,20.14,38.36,1012.05,9.97"
08:00:29,"183,400,400,405,5,20.15,38.36,1012.05,10.03"
08:00:31,"183,399,399,405,5,20.15,38.37,1012.01,10.34"
08:00:33,"180,396,396,405,5,20.15,38.38,1012.04,10.05"
08:00:35,PMS7003 checksum failed
08:00:36,"174,390,390,405,5,20.15,38.39,1012.04,10.09"
08:00:38,"174,390,390,405,5,20.15,38.40,1012.04,10.10"
08:00:40,"174,390,390,405,5,20.14,38.39,1012.04,10.16"
08:00:42,"171,387,387,405,5,20.14,38.43,1012.04,10.04"
08:00:45,"171,387,387,405,5,20.14,38.44,1012.08,9.76"
08:00:47,"172,385,385,405,5,20.14,38.44,1012.05,10.00"
08:00:49,"172,385,385,405,5,20.14,38.44,1012.04,10.06"
08:00:51,"172,385,385,405,5,20.14,38.45,1012.06,9.89"
08:00:53,"172,385,385,405,5,20.15,38.45,1012.06,9.90"
08:00:56,"172,385,385,405,5,20.15,38.44,1012.03,10.17"
08:00:58,"172,385,385,405,5,20.14,38.44,1012.05,10.04"
08:01:00,"172,384,384,405,5,20.14,38.45,1012.03,10.20"
08:01:02,"172,384,384,406,5,20.15,38.43,1012.04,10.12"
08:01:05,"172,384,384,406,5,20.15,38.42,1012.05,10.00"
08:01:07,"174,387,387,406,5,20.15,38.42,1012.08,9.74"
08:01:09,"174,390,390,406,5,20.15,38.42,1012.07,9.87"
08:01:11,"174,390,390,406,5,20.16,38.40,1012.09,9.63"
08:01:13,"168,378,378,406,5,20.15,38.39,1012.07,9.83"
08:01:16,"168,376,376,406,5,20.15,38.38,1012.08,9.76"
08:01:18,"168,376,376,406,5,20.15,38.38,1012.06,9.91"
08:01:20,"166,378,378,406,5,20.15,38.37,1012.05,9.98"
08:01:22,"166,378,378,406,5,20.15,38.30,1012.06,10.05"
08:01:25,"166,378,378,406,5,20.15,38.33,1012.09,9.62"
08:01:27,"165,376,376,406,5,20.15,38.35,1012.09,9.70"
08:01:29,"168,376,376,406,5,20.15,38.36,1012.07,9.85"
08:01:31,"168,376,376,406,5,20.16,38.37,1012.09,9.69"
08:01:33,"168,378,378,406,5,20.16,38.36,1012.08,9.76"
08:01:36,"168,378,378,406,5,20.15,38.36,1012.09,9.62"
08:01:38,"168,381,381,406,5,20.15,38.37,1012.05,10.00"
08:01:40,"168,381,381,406,5,20.15,38.38,1012.08,9.72"
08:01:42,"168,379,379,406,5,20.15,38.39,1012.06,9.93"
08:01:44,"168,378,378,406,5,20.15,38.40,1012.06,9.88"
08:01:47,"168,378,378,406,5,20.15,38.38,1012.09,9.62"
08:01:49,"168,378,378,406,5,20.15,38.38,1012.08,9.76"
08:01:51,"168,378,378,406,5,20.15,38.38,1012.08,9.72"
08:01:53,"163,376,376,406,5,20.16,38.37,1012.07,9.84"
08:01:56,"160,372,372,406,5,20.16,38.38,1012.08,9.73"
08:01:58,"160,369,369,406,5,20.16,38.38,1012.08,9.71"
08:02:00,"160,369,369,406,5,20.16,38.38,1012.08,9.75"
08:02:02,"160,367,367,406,5,20.16,38.37,1012.11,9.53"
08:02:04,"159,364,364,406,5,20.16,38.37,1012.10,9.56"
08:02:07,"159,364,364,406,5,20.16,38.36,1012.10,9.55"
08:02:09,"159,363,363,406,5,20.16,38.36,1012.10,9.58"
08:02:11,"159,364,364,405,5,20.16,38.35,1012.07,9.79"
08:02:13,"160,363,363,405,5,20.16,38.36,1012.09,9.63"
08:02:15,"160,363,363,405,5,20.16,38.37,1012.10,9.58"
08:02:18,"157,360,360,406,5,20.15,38.38,1012.06,9.93"
08:02:20,"156,357,357,406,5,20.16,38.35,1012.10,9.58"
08:02:22,"154,357,357,406,5,20.15,38.33,1012.09,9.63"
08:02:24,"154,355,355,406,5,20.15,38.31,1012.08,9.71"
08:02:27,"154,355,355,406,5,20.15,38.32,1012.09,9.69"
08:02:29,"154,358,358,406,5,20.15,38.32,1012.12,9.37"
08:02:31,"156,361,361,406,5,20.15,38.32,1012.10,9.56"
08:02:33,"156,363,363,406,5,20.15,38.35,1012.07,9.83"
08:02:35,"156,361,361,406,5,20.15,38.39,1012.13,9.35"
08:02:38,"156,360,360,406,5,20.15,38.42,1012.13,9.36"
08:02:40,"157,363,363,407,5,20.15,38.42,1012.07,9.80"
08:02:41,PMS7003 checksum failed
08:02:42,"159,366,366,407,5,20.15,38.37,1012.11,9.49"
08:02:44,"159,366,366,407,5,20.15,38.43,1012.14,9.27"
08:02:47,"160,366,366,407,5,20.15,38.43,1012.10,9.60"
08:02:49,"160,366,366,407,5,20.15,38.43,1012.09,9.64"
08:02:51,"168,369,369,407,5,20.16,38.43,1012.10,9.61"
08:02:53,"168,369,369,407,5,20.16,38.42,1012.13,9.34"
08:02:55,"168,369,369,407,5,20.16,38.41,1012.11,9.51"
08:02:58,"168,369,369,407,5,20.17,38.38,1012.13,9.32"
08:03:00,"168,369,369,407,5,20.17,38.37,1012.11,9.49"
08:03:02,"169,369,369,407,5,20.17,38.38,1012.13,9.35"
08:03:04,"169,369,369,407,5,20.17,38.38,1012.10,9.61"
08:03:06,"175,376,376,407,5,20.17,38.37,1012.11,9.53"
08:03:09,"177,378,378,407,5,20.17,38.37,1012.10,9.58"
08:03:11,"177,378,378,408,5,20.16,38.35,1012.13,9.36"
08:03:13,"174,381,381,408,5,20.17,38.38,1012.12,9.40"
08:03:15,"174,381,381,408,5,20.17,38.39,1012.12,9.40"
08:03:16,PMS7003 checksum failed
08:03:18,"174,381,381,408,5,20.17,38.41,1012.10,9.59"
08:03:20,"174,381,381,408,5,20.18,38.41,1012.13,9.34"
08:03:22,"174,381,381,408,5,20.18,38.42,1012.13,9.36"
08:03:24,"177,381,381,409,5,20.17,38.42,1012.11,9.46"
08:03:26,"177,381,381,409,5,20.18,38.41,1012.12,9.43"
08:03:29,"177,379,379,409,5,20.17,38.42,1012.12,9.43"
08:03:31,"177,378,378,409,5,20.18,38.43,1012.14,9.21"
08:03:33,"177,378,378,409,5,20.18,38.42,1012.17,8.99"
08:03:35,"177,378,378,409,5,20.18,38.37,1012.19,8.84"
08:03:38,"177,378,378,409,5,20.18,38.35,1012.14,9.21"
08:03:40,"177,378,378,409,5,20.19,38.35,1012.13,9.35"
08:03:42,"171,367,367,410,5,20.18,38.37,1012.14,9.24"
08:03:44,"171,366,366,410,5,20.17,38.38,1012.15,9.19"
08:03:46,"171,366,366,410,5,20.17,38.37,1012.10,9.71"
08:03:49,"171,361,361,410,5,20.18,38.34,1012.10,9.54"
08:03:51,"169,360,360,410,5,20.18,38.34,1012.13,9.37"
08:03:52,PMS7003 checksum failed
08:03:53,"171,366,366,411,5,20.18,38.34,1012.13,9.34"
08:03:55,"172,367,367,411,5,20.18,38.33,1012.11,9.47"
08:03:58,"172,367,367,411,5,20.17,38.34,1012.10,9.61"
08:04:00,"174,378,378,411,5,20.18,38.33,1012.15,9.15"
08:04:02,"174,378,378,411,5,20.18,38.34,1012.14,9.23"
08:04:04,"174,379,379,412,5,20.17,38.36,1012.10,9.58"
08:04:06,"174,381,381,412,5,20.18,38.36,1012.13,9.31"
08:04:09,"174,381,381,412,5,20.18,38.35,1012.13,9.31"
08:04:11,"175,381,381,413,5,20.17,38.34,1012.14,9.25"
08:04:13,"177,382,382,413,5,20.17,38.35,1012.14,9.21"
08:04:15,"177,382,382,413,5,20.17,38.34,1012.13,9.29"
08:04:17,"177,382,382,413,5,20.17,38.33,1012.13,9.29"
08:04:20,"177,381,381,414,5,20.17,38.34,1012.14,9.22"
08:04:22,"177,381,381,414,5,20.18,38.34,1012.15,9.19"
08:04:24,"175,378,378,414,5,20.17,38.35,1012.13,9.31"
08:04:26,"175,381,381,414,5,20.17,38.36,1012.13,9.35"
08:04:29,"175,381,381,414,5,20.17,38.36,1012.12,9.40"
08:04:31,"174,379,379,414,5,20.18,38.36,1012.12,9.38"
08:04:33,"174,378,378,415,5,20.18,38.35,1012.14,9.28"
08:04:35,"174,378,378,415,5,20.18,38.34,1012.17,8.99"
08:04:37,"174,381,381,415,5,20.18,38.35,1012.14,9.23"
08:04:40,"174,381,381,415,5,20.18,38.36,1012.15,9.17"
08:04:42,"174,379,379,415,5,20.18,38.36,1012.15,9.15"
08:04:44,"72,378,378,416,5,20.18,38.36,1012.12,9.40"
08:04:46,"172,376,376,416,5,20.18,38.36,1012.13,9.36"
08:04:48,"172,376,376,417,5,20.18,38.34,1012.16,9.07"
08:04:51,"174,378,378,417,5,20.18,38.34,1012.13,9.33"
08:04:53,"174,378,378,417,5,20.18,38.35,1012.12,9.39"
08:04:55,"175,378,378,417,5,20.18,38.36,1012.12,9.38"
08:04:57,"175,378,378,418,5,20.18,38.35,1012.13,9.34"
08:05:00,"177,381,381,418,5,20.18,38.35,1012.12,9.44"
08:05:02,"178,384,384,418,5,20.18,38.36,1012.14,9.25"
08:05:04,"178,384,384,418,5,20.18,38.36,1012.12,9.40"
08:05:06,"180,396,396,418,5,20.18,38.35,1012.12,9.43"
08:05:08,"180,396,396,418,5,20.18,38.35,1012.13,9.32"
08:05:11,"180,400,400,418,5,20.18,38.35,1012.14,9.26"
08:05:13,"180,399,399,418,5,20.18,38.35,1012.13,9.33"
08:05:15,"180,397,397,418,5,20.17,38.35,1012.13,9.36"
08:05:17,"180,397,397,418,5,20.18,38.35,1012.10,9.54"
08:05:19,"180,397,397,418,5,20.18,38.34,1012.13,9.32"
08:05:22,"178,394,394,418,5,20.18,38.34,1012.14,9.24"
08:05:24,"178,394,394,418,5,20.19,38.34,1012.10,9.60"
08:05:26,"180,397,397,419,5,20.18,38.33,1012.09,9.69"
08:05:28,"181,399,399,419,5,20.19,38.33,1012.12,9.38"
08:05:31,"183,399,399,419,5,20.18,38.31,1012.11,9.53"
08:05:33,"183,399,399,419,5,20.18,38.33,1012.12,9.41"
08:05:35,"180,397,397,419,5,20.18,38.33,1012.12,9.45"
08:05:37,"178,394,394,419,5,20.19,38.32,1012.13,9.36"
08:05:39,"177,393,393,419,5,20.19,38.29,1012.14,9.24"
08:05:42,"174,390,390,419,5,20.19,38.23,1012.14,9.24"
08:05:44,"174,390,390,419,5,20.19,38.22,1012.11,9.48"
08:05:46,"175,393,393,419,5,20.18,38.21,1012.12,9.42"
08:05:48,"177,397,397,419,5,20.19,38.21,1012.14,9.27"
08:05:50,"177,397,397,419,5,20.19,38.20,1012.10,9.58"
08:05:53,"177,397,397,419,5,20.19,38.23,1012.13,9.31"
08:05:55,"177,397,397,419,5,20.18,38.26,1012.14,9.28"
08:05:57,"177,399,399,419,5,20.18,38.27,1012.11,9.51"
08:05:58,PMS7003 checksum failed
08:05:59,"178,405,405,419,5,20.18,38.27,1012.11,9.46"
08:06:02,"178,405,405,419,5,20.19,38.30,1012.13,9.30"
08:06:04,"178,406,406,419,5,20.18,38.31,1012.10,9.60"
08:06:06,"178,406,406,419,5,20.18,38.34,1012.15,9.16"
08:06:08,"186,406,406,419,5,20.18,38.28,1012.16,9.10"
08:06:10,"186,406,406,419,5,20.18,38.22,1012.14,9.26"
08:06:13,"186,406,406,419,5,20.18,38.28,1012.13,9.29"
08:06:15,"186,406,406,419,5,20.17,38.33,1012.14,9.25"
08:06:17,"187,406,406,419,5,20.18,38.35,1012.15,9.19"
08:06:19,"187,406,406,419,5,20.17,38.37,1012.12,9.39"
08:06:22,"187,406,406,419,5,20.17,38.37,1012.13,9.29"
08:06:24,"189,399,399,420,5,20.16,38.37,1012.12,9.37"
08:06:26,"187,399,399,420,5,20.17,38.35,1012.13,9.31"
08:06:28,"187,399,399,419,5,20.17,38.35,1012.13,9.31"
08:06:30,"187,402,402,420,5,20.17,38.36,1012.12,9.40"
08:06:33,"190,412,412,420,5,20.17,38.37,1012.10,9.59"
08:06:34,PMS7003 checksum failed
08:06:35,"192,417,417,419,5,20.17,38.37,1012.12,9.38"
08:06:37,"192,415,415,420,5,20.18,38.36,1012.15,9.17"
08:06:39,"192,415,415,420,5,20.17,38.36,1012.13,9.33"
08:06:42,"193,411,411,419,5,20.17,38.37,1012.11,9.51"
08:06:44,"193,411,411,420,5,20.17,38.37,1012.12,9.39"
08:06:46,"195,411,411,420,5,20.17,38.37,1012.13,9.33"
08:06:48,"195,409,409,420,5,20.18,38.39,1012.14,9.24"
08:06:50,"195,409,409,420,5,20.18,38.39,1012.14,9.24"
08:06:53,"195,409,409,420,5,20.17,38.41,1012.14,9.28"
08:06:55,"195,408,408,420,5,20.18,38.39,1012.14,9.24"
08:06:57,"195,408,408,420,5,20.18,38.41,1012.13,9.36"
08:06:59,"192,403,403,420,5,20.17,38.38,1012.15,9.12"
08:07:01,"192,402,402,420,5,20.17,38.37,1012.14,9.25"
08:07:04,"192,402,402,420,5,20.17,38.38,1012.12,9.40"
08:07:06,"192,402,402,420,5,20.18,38.39,1012.15,9.18"
08:07:08,"192,405,405,420,5,20.18,38.37,1012.13,9.36"
08:07:09,PMS7003 checksum failed
08:07:10,"201,414,414,421,5,20.18,38.36,1012.11,9.48"
08:07:13,"201,417,417,421,5,20.18,38.35,1012.14,9.21"
08:07:15,"201,417,417,421,5,20.17,38.34,1012.13,9.31"
08:07:17,"199,414,414,421,5,20.18,38.29,1012.13,9.33"
08:07:19,"199,414,414,421,5,20.18,38.27,1012.14,9.27"
08:07:21,"201,414,414,421,5,20.17,38.28,1012.13,9.37"
08:07:24,"201,415,415,421,5,20.17,38.29,1012.12,9.27"
08:07:26,"201,415,415,421,5,20.16,38.31,1012.13,9.34"
08:07:28,"201,417,417,421,5,20.18,38.31,1012.14,9.27"
08:07:30,"201,417,417,421,5,20.18,38.33,1012.16,9.09"
08:07:33,"201,417,417,421,5,20.17,38.33,1012.11,9.48"
08:07:35,"201,417,417,421,5,20.17,38.31,1012.15,9.15"
08:07:37,"201,417,417,421,5,20.18,38.34,1012.11,9.49"
08:07:39,"201,417,417,421,5,20.18,38.35,1012.11,9.48"
08:07:41,"199,414,414,421,5,20.17,38.36,1012.14,9.24"
08:07:44,"198,417,417,422,5,20.17,38.38,1012.14,9.27"
08:07:46,"198,417,417,422,5,20.17,38.38,1012.13,9.32"
08:07:48,"193,408,408,422,5,20.17,38.35,1012.13,9.33"
08:07:50,"193,406,406,422,5,20.17,38.33,1012.11,9.51"
08:07:52,"193,406,406,422,5,20.16,38.32,1012.11,9.49"
08:07:55,"193,406,406,422,5,20.17,38.27,1012.13,9.30"
08:07:57,"193,406,406,422,5,20.17,38.24,1012.13,9.37"
08:07:59,"192,406,406,422,5,20.17,38.27,1012.13,9.34"
08:08:01,"192,405,405,422,5,20.17,38.31,1012.15,9.14"
08:08:04,"192,405,405,423,5,20.17,38.33,1012.15,9.18"
08:08:06,"192,405,405,423,5,20.17,38.34,1012.13,9.34"
08:08:08,"193,408,408,423,5,20.17,38.34,1012.13,9.30"
08:08:10,"193,406,406,423,5,20.16,38.35,1012.12,9.42"
08:08:12,"192,408,408,423,5,20.15,38.37,1012.14,9.26"
08:08:15,"192,408,408,423,5,20.16,38.38,1012.17,8.98"
08:08:17,"193,405,405,423,5,20.16,38.36,1012.16,9.05"
08:08:19,"195,406,406,423,5,20.16,38.34,1012.11,9.49"
08:08:21,"195,406,406,424,5,20.16,38.32,1012.13,9.32"
08:08:23,"193,408,408,424,5,20.17,38.35,1012.17,9.02"
08:08:26,"193,408,408,424,5,20.17,38.36,1012.14,9.23"
08:08:28,"189,403,405,424,5,20.17,38.37,1012.14,9.23"
08:08:30,"186,402,402,425,5,20.17,38.37,1012.14,9.27"
08:08:32,"186,400,400,425,5,20.16,38.38,1012.14,9.22"
08:08:35,"184,399,399,425,5,20.17,38.38,1012.10,9.57"
08:08:37,"184,399,399,426,5,20.17,38.38,1012.14,9.23"
08:08:39,"183,396,396,426,5,20.17,38.38,1012.16,9.07"
08:08:41,"183,396,396,426,5,20.17,38.37,1012.12,9.42"
08:08:43,"184,397,397,427,5,20.17,38.34,1012.13,9.34"
08:08:46,"186,399,399,427,5,20.17,38.34,1012.12,9.45"
08:08:48,"187,402,402,427,5,20.17,38.34,1012.10,9.54"
08:08:50,"187,402,402,427,5,20.17,38.34,1012.11,9.49"
08:08:52,"184,399,399,427,5,20.17,38.33,1012.14,9.23"
08:08:55,"183,396,396,427,5,20.18,38.35,1012.13,9.31"
08:08:57,"180,393,393,427,5,20.18,38.35,1012.12,9.38"
08:08:59,"177,385,385,428,5,20.18,38.34,1012.13,9.31"
08:09:01,"177,385,385,428,5,20.18,38.35,1012.11,9.48"
08:09:03,"174,381,381,428,5,20.18,38.35,1012.13,9.34"
08:09:06,"171,378,378,428,5,20.18,38.33,1012.14,9.25"
08:09:08,"171,378,378,428,5,20.18,38.31,1012.12,9.39"
08:09:10,"169,376,376,428,5,20.18,38.33,1012.12,9.43"
08:09:12,"168,375,375,428,5,20.18,38.31,1012.14,9.28"
08:09:14,"168,370,370,428,5,20.18,38.34,1012.13,9.32"
08:09:16,PMS7003 checksum failed
08:09:17,"166,369,369,429,5,20.18,38.31,1012.13,9.31"
08:09:19,"165,367,367,429,5,20.19,38.32,1012.14,9.25"
08:09:21,"163,366,366,429,5,20.18,38.33,1012.13,9.31"
08:09:23,"163,366,366,429,5,20.18,38.33,1012.13,9.30"
08:09:26,"162,366,366,430,5,20.18,38.34,1012.14,9.22"
08:09:28,"162,367,367,429,5,20.18,38.34,1012.13,9.35"
08:09:30,"162,367,367,429,5,20.18,38.34,1012.13,9.31"
08:09:32,"162,367,367,429,5,20.18,38.33,1012.13,9.36"
08:09:34,"162,369,369,430,5,20.18,38.35,1012.12,9.45"
08:09:37,"162,369,369,430,5,20.18,38.34,1012.13,9.29"
08:09:39,"162,369,369,429,5,20.17,38.37,1012.09,9.64"
08:09:41,"159,360,360,430,5,20.18,38.37,1012.12,9.39"
08:09:43,"159,360,360,430,5,20.18,38.37,1012.11,9.50"
08:09:46,"159,360,360,430,5,20.18,38.37,1012.10,9.57"
08:09:48,"157,360,360,430,5,20.18,38.37,1012.11,9.52"
08:09:50,"156,357,357,430,5,20.17,38.37,1012.12,9.43"
08:09:51,PMS7003 checksum failed
08:09:52,"148,351,351,430,5,20.17,38.37,1012.11,9.50"
08:09:54,"147,351,351,430,5,20.17,38.39,1012.14,9.26"
08:09:57,"147,351,351,430,5,20.18,38.41,1012.13,9.31"
08:09:59,"4,340,342,430,5,20.17,38.43,1012.14,9.28"
08:10:01,"144,340,342,429,5,20.17,38.41,1012.10,9.59"
08:10:03,"142,339,339,430,5,20.16,38.37,1012.08,9.71"
08:10:06,"142,337,339,430,5,20.17,38.36,1012.11,9.52"
08:10:08,"142,337,339,430,5,20.17,38.36,1012.12,9.41"
08:10:10,"144,336,337,430,5,20.17,38.36,1012.12,9.43"
08:10:12,"142,336,336,430,5,20.17,38.38,1012.11,9.49"
08:10:14,"142,336,336,430,5,20.16,38.34,1012.10,9.58"
08:10:17,"141,333,333,430,5,20.16,38.31,1012.08,9.74"
08:10:19,"139,333,333,430,5,20.16,38.37,1012.10,9.59"
08:10:21,"139,333,333,430,5,20.16,38.34,1012.08,9.79"
08:10:23,"141,333,333,430,5,20.17,38.34,1012.10,9.56"
08:10:25,"139,333,334,430,5,20.17,38.33,1012.11,9.49"
08:10:27,PMS7003 checksum failed
08:10:28,"138,333,333,430,5,20.16,38.28,1012.09,9.67"
08:10:30,"138,333,333,430,5,20.16,38.31,1012.10,9.55"
08:10:32,"138,333,333,431,5,20.16,38.33,1012.09,9.64"
08:10:34,"135,333,333,430,5,20.16,38.36,1012.09,9.69"
08:10:37,"135,333,333,431,5,20.16,38.32,1012.11,9.51"
08:10:39,"135,333,333,431,5,20.17,38.30,1012.13,9.34"
08:10:41,"135,331,331,431,5,20.16,38.27,1012.07,9.85"
08:10:43,"135,331,331,431,5,20.17,38.32,1012.10,9.58"
08:10:45,"135,330,330,431,5,20.17,38.33,1012.10,9.59"
08:10:48,"136,330,330,431,5,20.17,38.31,1012.09,9.66"
08:10:50,"136,330,330,431,5,20.18,38.30,1012.08,9.75"
08:10:52,"138,330,330,431,5,20.17,38.34,1012.09,9.64"
08:10:54,"139,330,330,431,5,20.17,38.36,1012.09,9.62"
08:10:56,"139,330,330,431,5,20.17,38.35,1012.07,9.85"
08:10:59,"139,330,330,432,5,20.17,38.34,1012.11,9.51"
08:11:01,"139,330,330,431,5,20.18,38.35,1012.08,9.78"
08:11:02,PMS7003 checksum failed
08:11:03,"136,328,328,431,5,20.18,38.37,1012.08,9.78"
08:11:05,"136,327,327,431,5,20.18,38.33,1012.08,9.71"
08:11:08,"136,327,327,432,5,20.18,38.33,1012.11,9.52"
08:11:10,"36,324,324,431,5,20.18,38.34,1012.10,9.62"
08:11:12,"136,324,324,431,5,20.18,38.34,1012.15,9.18"
08:11:14,"135,324,324,431,5,20.18,38.33,1012.10,9.61"
08:11:16,"135,322,322,432,5,20.18,38.34,1012.08,9.72"
08:11:19,"135,322,322,432,5,20.18,38.34,1012.13,9.32"
08:11:21,"135,322,322,432,5,20.18,38.33,1012.11,9.50"
08:11:23,"135,321,321,432,5,20.19,38.34,1012.13,9.32"
08:11:25,"135,321,321,432,5,20.19,38.30,1012.09,9.62"
08:11:28,"139,324,324,433,5,20.18,38.30,1012.12,9.43"
08:11:30,"141,324,324,433,5,20.19,38.29,1012.09,9.65"
08:11:32,"141,324,324,433,5,20.19,38.30,1012.10,9.56"
08:11:34,"141,327,327,433,5,20.19,38.28,1012.11,9.53"
08:11:36,"141,325,325,433,5,20.20,38.27,1012.14,9.23"
08:11:38,PMS7003 checksum failed
08:11:39,"141,330,330,433,5,20.19,38.23,1012.11,9.47"
08:11:41,"141,330,330,433,5,20.19,38.20,1012.10,9.55"
08:11:43,"141,330,330,433,5,20.19,38.19,1012.12,9.43"
08:11:45,"142,330,330,433,5,20.19,38.18,1012.11,9.52"
08:11:48,"142,330,330,434,5,20.19,38.20,1012.11,9.50"
08:11:50,"142,330,330,434,5,20.19,38.21,1012.12,9.43"
08:11:52,"144,330,330,434,5,20.19,38.22,1012.10,9.61"
08:11:54,"144,330,330,433,5,20.19,38.25,1012.10,9.59"
08:11:56,"144,330,330,433,5,20.20,38.23,1012.08,9.78"
08:11:59,"144,331,331,434,5,20.19,38.23,1012.07,9.80"
08:12:01,"144,331,331,434,5,20.19,38.25,1012.08,9.74"
08:12:03,"142,331,331,434,5,20.19,38.26,1012.08,9.72"
08:12:05,"142,331,331,434,5,20.19,38.25,1012.08,9.77"
08:12:07,"142,331,331,434,5,20.19,38.27,1012.09,9.65"
08:12:10,"141,328,328,434,5,20.19,38.28,1012.10,9.56"
08:12:12,"139,327,327,434,5,20.19,38.27,1012.08,9.78"
08:12:14,"139,327,327,434,5,20.20,38.22,1012.11,9.46"
08:12:16,"141,330,330,434,5,20.19,38.20,1012.08,9.77"
08:12:19,"141,330,330,434,5,20.19,38.20,1012.09,9.63"
08:12:21,"141,330,330,434,5,20.19,38.20,1012.09,9.64"
08:12:23,"144,331,331,434,5,20.19,38.19,1012.09,9.64"
08:12:25,"144,331,331,434,5,20.19,38.18,1012.11,9.49"
08:12:27,"145,331,331,434,5,20.20,38.20,1012.11,9.50"
08:12:30,"147,333,333,435,5,20.19,38.21,1012.10,9.56"
08:12:32,"150,336,336,434,5,20.19,38.20,1012.10,9.60"
08:12:34,"150,336,336,435,5,20.20,38.22,1012.12,9.44"
08:12:36,"150,342,342,435,5,20.20,38.21,1012.11,9.49"
08:12:39,"150,342,342,435,5,20.20,38.25,1012.11,9.48"
08:12:41,"148,342,342,435,5,20.20,38.25,1012.11,9.54"
08:12:43,"148,342,342,435,5,20.20,38.26,1012.09,9.70"
08:12:45,"150,349,349,435,5,20.20,38.25,1012.08,9.78"
08:12:47,"150,351,351,435,5,20.20,38.26,1012.07,9.81"
08:12:50,"150,351,352,434,5,20.20,38.25,1012.12,9.45"
08:12:52,"150,349,351,435,5,20.20,38.25,1012.09,9.67"
08:12:54,"150,349,351,435,5,20.20,38.25,1012.10,9.54"
08:12:56,"150,346,348,435,5,20.21,38.24,1012.08,9.74"
08:12:58,"150,348,348,435,5,20.20,38.25,1012.10,9.60"
08:13:01,"150,348,349,435,5,20.20,38.23,1012.07,9.86"
08:13:03,"150,349,351,435,5,20.21,38.20,1012.08,9.71"
08:13:05,"150,351,352,435,5,20.20,38.21,1012.09,9.65"
08:13:07,"153,361,363,435,5,20.19,38.23,1012.09,9.70"
08:13:10,"153,361,363,435,5,20.20,38.23,1012.12,9.39"
08:13:12,"156,366,366,435,5,20.20,38.26,1012.11,9.52"
08:13:14,"156,369,369,435,5,20.19,38.26,1012.13,9.35"
08:13:16,"156,369,370,435,5,20.19,38.28,1012.11,9.51"
08:13:18,"156,369,370,435,5,20.19,38.29,1012.10,9.65"
08:13:21,"153,360,360,436,5,20.19,38.27,1012.10,9.55"
08:13:23,"153,358,360,436,5,20.19,38.27,1012.08,9.74"
08:13:25,"153,357,358,436,5,20.19,38.26,1012.10,9.58"
08:13:27,"151,357,357,436,5,20.19,38.26,1012.10,9.61"
08:13:29,"151,357,357,436,5,20.19,38.22,1012.08,9.71"
08:13:32,"150,357,357,437,5,20.19,38.22,1012.06,9.92"
08:13:34,"151,357,357,436,5,20.19,38.23,1012.09,9.69"
08:13:36,"151,357,357,438,5,20.19,39.36,1012.07,9.81"
08:13:38,"153,357,357,468,5,20.19,39.44,1012.07,9.80"
08:13:41,"153,355,355,685,5,20.20,39.09,1012.11,9.51"
08:13:43,"151,354,354,743,5,20.20,38.92,1012.10,9.58"
08:13:44,PMS7003 checksum failed
08:13:45,"150,351,351,757,5,20.20,38.91,1012.06,9.91"
08:13:47,"150,351,351,765,5,20.20,38.87,1012.09,9.69"
08:13:49,"150,352,352,766,5,20.20,38.76,1012.06,9.93"
08:13:52,"150,352,352,766,5,20.19,38.67,1012.06,9.88"
08:13:54,"153,357,357,766,5,20.19,38.61,1012.07,9.86"
08:13:56,"153,357,357,757,5,20.20,38.54,1012.07,9.86"
08:13:58,"153,357,357,709,5,20.19,38.47,1012.10,9.54"
08:14:01,"153,357,357,665,5,20.19,38.44,1012.08,9.77"
08:14:03,"153,355,355,641,5,20.19,38.36,1012.08,9.74"
08:14:05,"153,354,354,626,5,20.18,38.33,1012.06,9.88"
08:14:07,"153,354,354,611,5,20.18,38.35,1012.05,9.95"
08:14:09,"153,355,355,601,5,20.18,38.36,1012.08,9.78"
08:14:12,"153,357,357,589,5,20.18,38.35,1012.09,9.67"
08:14:14,"153,357,357,578,5,20.19,38.37,1012.09,9.62"
08:14:16,"153,354,354,567,5,20.19,38.37,1012.08,9.78"
08:14:18,"151,348,348,553,5,20.18,38.38,1012.05,9.97"
08:14:19,PMS7003 checksum failed
08:14:21,"147,339,339,544,5,20.19,38.38,1012.06,9.90"
08:14:23,"145,337,337,538,5,20.19,38.36,1012.09,9.63"
08:14:25,"145,337,337,532,5,20.19,38.35,1012.09,9.69"
08:14:27,"144,333,333,527,5,20.19,38.35,1012.11,9.52"
08:14:29,"144,333,333,518,5,20.18,38.33,1012.08,9.76"
08:14:32,"144,333,333,513,5,20.18,38.31,1012.12,9.45"
08:14:34,"144,333,333,509,5,20.18,38.33,1012.09,9.62"
08:14:36,"144,333,333,505,5,20.18,38.36,1012.07,9.83"
08:14:38,"144,333,333,498,5,20.17,38.37,1012.07,9.87"
08:14:40,"142,333,333,495,5,20.17,38.36,1012.11,9.50"
08:14:43,"142,333,333,494,5,20.18,38.37,1012.11,9.52"
08:14:45,"142,330,330,492,5,20.17,38.38,1012.08,9.74"
08:14:47,"144,331,331,490,5,20.17,38.38,1012.08,9.76"
08:14:49,"144,331,331,487,5,20.17,38.39,1012.04,10.04"
08:14:52,"145,339,339,486,5,20.17,38.38,1012.10,9.57"
08:14:54,"147,340,340,484,5,20.17,38.37,1012.06,9.94"
08:14:56,"147,340,340,482,5,20.17,38.37,1012.07,9.82"
08:14:58,"150,345,345,481,5,20.17,38.37,1012.09,9.65"
08:15:00,"150,345,345,478,5,20.17,38.37,1012.07,9.86"
08:15:03,"150,345,345,477,5,20.17,38.38,1012.07,9.84"
08:15:05,"147,345,345,475,5,20.16,38.38,1012.06,9.89"
08:15:07,"147,345,345,473,5,20.16,38.39,1012.06,9.94"
08:15:09,"147,345,345,472,5,20.15,38.38,1012.05,9.96"
08:15:11,"148,345,345,469,5,20.16,38.34,1012.07,9.80"
08:15:14,"150,349,349,468,5,20.17,38.37,1012.10,9.55"
08:15:16,"150,349,349,467,5,20.17,38.39,1012.08,9.73"
08:15:18,"151,351,351,465,5,20.16,38.39,1012.10,9.58"
08:15:20,"151,351,351,464,5,20.16,38.39,1012.08,9.72"
08:15:23,"153,351,351,462,5,20.16,38.38,1012.09,9.65"
08:15:25,"153,351,351,461,5,20.16,38.38,1012.06,9.67"
08:15:27,"153,349,349,460,5,20.16,38.41,1012.06,9.94"
08:15:29,"153,349,349,459,5,20.17,38.41,1012.09,9.67"
08:15:31,"151,351,351,458,5,20.17,38.41,1012.08,9.74"
08:15:34,"151,355,355,457,5,20.17,38.41,1012.11,9.53"
08:15:36,"151,355,355,456,5,20.17,38.42,1012.08,9.71"
08:15:38,"151,357,357,456,5,20.17,38.39,1012.12,9.44"
08:15:40,"151,358,358,455,5,20.18,38.39,1012.10,9.58"
08:15:42,"151,358,358,455,5,20.17,38.38,1012.09,9.63"
08:15:45,"153,357,357,455,5,20.17,38.37,1012.10,9.54"
08:15:47,"153,357,357,454,5,20.17,38.37,1012.13,9.35"
08:15:49,"156,360,360,454,5,20.17,38.38,1012.13,9.37"
08:15:51,"156,360,360,453,5,20.17,38.38,1012.05,10.01"
08:15:54,"157,361,361,453,5,20.17,38.38,1012.11,9.50"
08:15:56,"156,360,360,453,5,20.17,38.39,1012.10,9.58"
08:15:58,"156,360,360,453,5,20.17,38.41,1012.12,9.42"
08:16:00,"156,360,360,452,5,20.17,38.43,1012.12,9.43"
08:16:02,"154,357,357,452,5,20.16,38.44,1012.11,9.46"
08:16:05,"156,357,357,452,5,20.16,38.43,1012.12,9.39"
08:16:07,"154,357,357,452,5,20.15,38.42,1012.10,9.55"
08:16:09,"153,354,355,451,5,20.16,38.40,1012.08,9.76"
08:16:11,"153,354,355,451,5,20.15,38.42,1012.11,9.51"
08:16:13,"153,351,352,451,5,20.15,38.43,1012.09,9.65"
08:16:16,"156,354,354,451,5,20.15,38.42,1012.10,9.55"
08:16:18,"156,354,355,451,5,20.15,38.39,1012.10,9.58"
08:16:20,"157,357,357,451,5,20.16,38.39,1012.13,9.35"
08:16:22,"159,358,360,450,5,20.15,38.38,1012.15,9.17"
08:16:25,"159,361,361,450,5,20.15,38.39,1012.11,9.48"
08:16:26,PMS7003 checksum failed
08:16:27,"159,363,363,450,5,20.16,38.42,1012.06,9.59"
08:16:29,"159,363,363,450,5,20.16,38.42,1012.12,9.45"
08:16:31,"159,363,363,449,5,20.16,38.41,1012.11,9.52"
08:16:33,"159,363,363,449,5,20.17,38.41,1012.16,9.07"
08:16:36,"159,364,364,449,5,20.16,38.41,1012.11,9.48"
08:16:38,"159,364,364,449,5,20.17,38.41,1012.14,9.22"
08:16:40,"159,363,363,449,5,20.17,38.39,1012.14,9.27"
08:16:42,"159,363,363,449,5,20.18,38.39,1012.15,9.13"
08:16:45,"159,363,363,449,5,20.18,38.39,1012.13,9.37"
08:16:47,"159,363,363,449,5,20.18,38.38,1012.13,9.34"
08:16:49,"159,363,363,449,5,20.17,38.32,1012.13,9.34"
08:16:51,"159,361,361,449,5,20.17,38.31,1012.14,9.28"
08:16:53,"159,360,360,448,5,20.17,38.29,1012.12,9.40"
08:16:56,"159,360,360,448,5,20.17,38.24,1012.13,9.29"
08:16:58,"160,361,361,448,5,20.17,38.23,1012.13,9.30"
08:17:00,"160,364,364,448,5,20.17,38.24,1012.14,9.21"
08:17:01,PMS7003 checksum failed
08:17:02,"159,364,364,448,5,20.17,38.25,1012.17,9.01"
08:17:05,"159,364,364,448,5,20.16,38.27,1012.14,9.25"
08:17:07,"159,364,364,448,5,20.17,38.25,1012.15,9.17"
08:17:09,"162,363,363,448,5,20.17,38.23,1012.14,9.22"
08:17:11,"162,363,363,448,5,20.17,38.23,1012.15,9.20"
08:17:13,"162,364,364,448,5,20.16,38.23,1012.15,9.16"
08:17:16,"162,363,363,448,5,20.16,38.23,1012.14,9.22"
08:17:18,"162,363,363,449,5,20.16,38.23,1012.14,9.27"
08:17:20,"160,361,361,449,5,20.17,38.23,1012.16,9.06"
08:17:22,"160,361,361,449,5,20.17,38.21,1012.15,9.18"
08:17:24,"160,361,361,449,5,20.16,38.20,1012.15,9.15"
08:17:27,"159,361,361,449,5,20.17,38.17,1012.17,9.00"
08:17:29,"159,361,361,449,5,20.17,38.19,1012.17,9.02"
08:17:31,"159,361,361,450,5,20.17,38.17,1012.15,9.18"
08:17:33,"157,360,360,450,5,20.18,38.19,1012.19,8.79"
08:17:36,"156,357,357,450,5,20.17,38.20,1012.15,9.17"
08:17:37,PMS7003 checksum failed
08:17:38,"150,349,349,450,5,20.18,38.20,1012.13,9.29"
08:17:40,"148,348,348,450,5,20.19,38.19,1012.15,9.14"
08:17:42,"148,348,348,450,5,20.18,38.18,1012.14,9.28"
08:17:44,"148,346,346,451,5,20.18,38.18,1012.14,9.27"
08:17:47,"148,346,346,451,5,20.19,38.18,1012.14,9.23"
08:17:49,"148,346,346,452,5,20.19,38.18,1012.16,9.06"
08:17:51,"148,348,348,452,5,20.18,38.16,1012.15,9.16"
08:17:53,"148,348,348,452,5,20.19,38.18,1012.16,9.04"
08:17:56,"150,351,351,453,5,20.19,38.18,1012.16,9.05"
08:17:58,"150,351,351,453,5,20.20,38.18,1012.13,9.36"
08:18:00,"150,351,351,454,5,20.19,38.18,1012.16,9.10"
08:18:02,"153,358,358,454,5,20.19,38.15,1012.16,9.11"
08:18:04,"153,360,360,455,5,20.19,38.17,1012.13,9.29"
08:18:07,"153,360,360,455,5,20.19,38.17,1012.16,9.07"
08:18:09,"153,363,363,456,5,20.19,38.17,1012.18,8.88"
08:18:11,"153,360,360,456,5,20.20,38.15,1012.19,8.81"
08:18:13,"153,360,360,457,5,20.19,38.15,1012.15,9.20"
08:18:15,"153,360,360,457,5,20.19,38.14,1012.17,9.00"
08:18:18,"153,360,360,457,5,20.19,38.18,1012.16,9.09"
08:18:20,"153,360,360,458,5,20.20,38.21,1012.18,8.87"
08:18:22,"153,355,355,458,5,20.19,38.18,1012.17,8.98"
08:18:24,"153,355,355,458,5,20.19,38.17,1012.17,8.96"
08:18:27,"153,354,354,459,5,20.19,38.18,1012.16,9.10"
08:18:29,"153,354,354,459,5,20.19,38.18,1012.18,8.88"
08:18:31,"151,355,355,459,5,20.20,38.19,1012.18,8.89"
08:18:33,"151,355,355,460,5,20.19,38.19,1012.16,9.10"
08:18:35,"151,358,360,460,5,20.19,38.18,1012.22,8.55"
08:18:38,"151,358,360,460,5,20.18,38.18,1012.17,9.03"
08:18:40,"151,358,360,461,5,20.18,38.16,1012.19,8.86"
08:18:42,"151,358,360,461,5,20.19,38.17,1012.19,8.80"
08:18:44,"150,355,357,462,5,20.19,38.21,1012.17,9.02"
08:18:46,"150,355,357,462,5,20.19,38.22,1012.21,8.65"
08:18:49,"150,357,357,462,5,20.20,38.21,1012.18,8.93"
08:18:51,"151,357,357,462,5,20.20,38.22,1012.19,8.79"
08:18:53,"151,357,357,463,5,20.19,38.23,1012.19,8.81"
08:18:55,"153,355,357,463,5,20.19,38.22,1012.21,8.69"
08:18:58,"156,357,357,463,5,20.20,38.23,1012.18,8.88"
08:19:00,"156,357,357,464,5,20.20,38.22,1012.19,8.83"
08:19:02,"156,357,357,464,5,20.20,38.23,1012.20,8.75"
08:19:04,"156,357,357,464,5,20.20,38.22,1012.18,8.92"
08:19:06,"159,357,357,464,5,20.20,38.23,1012.15,9.17"
08:19:09,"159,357,357,464,5,20.21,38.25,1012.18,8.90"
08:19:11,"159,360,360,464,5,20.21,38.27,1012.16,9.09"
08:19:13,"160,360,360,464,5,20.20,38.26,1012.16,9.11"
08:19:15,"160,360,360,464,5,20.21,38.26,1012.18,8.94"
08:19:18,"160,360,360,465,5,20.21,38.24,1012.17,9.02"
08:19:20,"165,367,367,465,5,20.20,38.22,1012.19,8.85"
08:19:22,"165,369,369,465,5,20.20,38.21,1012.18,8.89"
08:19:24,"165,369,369,466,5,20.20,38.21,1012.19,8.84"
08:19:26,"168,372,372,468,5,20.20,38.22,1012.19,8.79"
08:19:29,"168,372,372,480,5,20.20,38.23,1012.19,8.83"
08:19:31,"171,373,373,498,5,20.20,38.23,1012.21,8.64"
08:19:33,"174,376,376,512,5,20.20,38.25,1012.20,8.76"
08:19:35,"174,378,378,517,5,20.20,38.23,1012.18,8.94"
08:19:37,"174,379,379,522,5,20.20,38.23,1012.18,8.93"
08:19:40,"175,382,382,525,5,20.20,38.23,1012.18,8.89"
08:19:42,"174,381,381,527,5,20.20,38.22,1012.17,8.99"
08:19:43,PMS7003 checksum failed
08:19:44,"174,381,381,529,5,20.20,38.22,1012.13,9.33"
08:19:46,"174,381,381,531,5,20.20,38.21,1012.16,9.10"
08:19:49,"175,384,384,532,5,20.20,38.19,1012.17,9.04"
08:19:51,"175,384,384,532,5,20.19,38.17,1012.15,9.17"
08:19:53,"177,391,391,532,5,20.19,38.17,1012.15,9.20"
08:19:55,"175,390,390,532,5,20.19,38.18,1012.16,9.07"
08:19:57,"175,390,390,532,5,20.20,38.18,1012.19,8.85"
08:20:00,"175,390,390,532,5,20.19,38.17,1012.18,8.93"
08:20:02,"174,390,390,532,5,20.19,38.18,1012.17,8.96"
08:20:04,"174,388,388,532,5,20.19,38.19,1012.18,8.95"
08:20:06,"174,388,388,532,5,20.19,38.20,1012.21,8.68"
08:20:09,"171,384,384,526,5,20.19,38.22,1012.17,9.02"
08:20:11,"171,382,382,517,5,20.19,38.22,1012.19,8.83"
08:20:13,"171,382,382,513,5,20.19,38.22,1012.16,9.12"
08:20:15,"171,379,379,506,5,20.19,38.22,1012.19,8.86"
08:20:17,"171,381,381,501,5,20.19,38.23,1012.18,8.94"
08:20:18,PMS7003 checksum failed
08:20:20,"172,381,381,494,5,20.20,38.22,1012.18,8.93"
08:20:22,"174,382,382,491,5,20.20,38.23,1012.15,9.14"
08:20:24,"174,382,382,488,5,20.19,38.23,1012.20,8.72"
08:20:26,"174,387,387,487,5,20.20,38.29,1012.18,8.93"
08:20:28,"174,387,387,484,5,20.19,38.25,1012.17,9.00"
08:20:31,"174,388,388,483,5,20.19,38.23,1012.16,9.05"
08:20:33,"174,388,388,482,5,20.19,38.26,1012.19,8.86"
08:20:35,"174,388,388,481,5,20.18,38.26,1012.18,8.92"
08:20:37,"174,388,388,480,5,20.19,38.27,1012.21,8.67"
08:20:40,"174,390,390,479,5,20.19,38.26,1012.16,9.04"
08:20:42,"174,390,390,478,5,20.19,38.26,1012.21,8.67"
08:20:44,"174,384,384,478,5,20.19,38.26,1012.18,8.95"
08:20:46,"171,381,381,477,5,20.20,38.23,1012.17,8.99"
08:20:48,"171,381,381,476,5,20.19,38.25,1012.15,9.15"
08:20:51,"166,373,373,476,5,20.19,38.25,1012.15,9.12"
08:20:53,"166,370,370,475,5,20.18,38.25,1012.17,8.97"
08:20:55,"166,370,370,474,5,20.20,38.27,1012.18,8.90"
08:20:57,"165,372,372,474,5,20.20,38.28,1012.16,9.05"
08:21:00,"165,369,369,473,5,20.19,38.27,1012.13,9.34"
08:21:02,"165,369,369,473,5,20.19,38.28,1012.16,9.08"
08:21:04,"162,366,366,472,5,20.19,38.28,1012.16,9.11"
08:21:06,"162,366,366,472,5,20.20,38.28,1012.16,9.12"
08:21:08,"160,364,364,471,5,20.20,38.28,1012.18,8.90"
08:21:11,"159,364,364,471,5,20.20,38.26,1012.17,8.99"
08:21:13,"157,361,361,471,5,20.20,38.28,1012.16,9.10"
08:21:15,"157,361,361,471,5,20.20,38.28,1012.14,9.25"
08:21:17,"157,363,363,470,5,20.20,38.29,1012.14,9.21"
08:21:19,"157,363,363,470,5,20.20,38.28,1012.16,9.11"
08:21:22,"157,363,363,469,5,20.20,38.28,1012.14,9.22"
08:21:24,"157,363,363,469,5,20.20,38.27,1012.15,9.19"
08:21:26,"159,366,366,469,5,20.20,38.26,1012.12,9.38"
08:21:28,"159,364,364,469,5,20.20,38.23,1012.12,9.42"
08:21:31,"157,363,363,468,5,20.20,38.26,1012.14,9.26"
08:21:33,"157,363,363,468,5,20.20,38.25,1012.17,8.98"
08:21:35,"157,363,363,468,5,20.19,38.25,1012.12,9.41"
08:21:37,"159,366,366,468,5,20.20,38.23,1012.12,9.37"
08:21:39,"157,363,363,468,5,20.19,38.23,1012.14,9.24"
08:21:42,"157,363,363,468,5,20.19,38.23,1012.14,9.21"
08:21:44,"156,363,363,467,5,20.19,38.23,1012.13,9.31"
08:21:46,"156,363,363,467,5,20.19,38.25,1012.18,8.91"
08:21:48,"156,361,361,467,5,20.19,38.23,1012.14,9.25"
08:21:50,"156,361,361,467,5,20.19,38.26,1012.16,9.14"
08:21:53,"156,363,363,467,5,20.19,38.26,1012.14,9.22"
08:21:55,"156,363,363,467,5,20.19,38.26,1012.16,9.07"
08:21:57,"156,361,361,467,5,20.19,38.23,1012.13,9.33"
08:21:59,"156,361,361,467,5,20.19,38.27,1012.14,9.28"
08:22:02,"153,354,354,467,5,20.19,38.28,1012.17,9.01"
08:22:04,"151,354,354,467,5,20.20,38.27,1012.17,8.96"
08:22:06,"151,354,354,467,5,20.20,38.26,1012.14,9.21"
08:22:08,"150,351,351,467,5,20.20,38.26,1012.14,9.28"
08:22:10,"150,351,351,467,5,20.20,38.26,1012.11,9.52"
08:22:13,"150,348,348,467,5,20.20,38.26,1012.19,8.80"
08:22:15,"151,351,351,468,5,20.20,38.25,1012.12,9.40"
08:22:17,"151,352,352,468,5,20.20,38.26,1012.12,9.44"
08:22:19,"151,352,352,468,5,20.20,38.26,1012.11,9.48"
08:22:21,"151,352,352,467,5,20.20,38.26,1012.15,9.16"
08:22:24,"153,351,351,467,5,20.21,38.26,1012.15,9.16"
08:22:26,"153,351,351,467,5,20.21,38.25,1012.14,9.28"
08:22:28,"151,348,348,467,5,20.21,38.27,1012.11,9.47"
08:22:30,"150,348,348,467,5,20.21,38.27,1012.17,8.99"
08:22:33,"150,348,348,467,5,20.21,38.27,1012.14,9.21"
08:22:35,"50,348,348,468,5,20.21,38.26,1012.16,9.04"
08:22:37,"150,351,351,467,5,20.21,38.26,1012.15,9.13"
08:22:39,"151,352,352,467,5,20.21,38.28,1012.15,9.20"
08:22:41,"151,354,354,467,5,20.22,38.29,1012.15,9.16"
08:22:44,"154,357,357,467,5,20.22,38.27,1012.15,9.14"
08:22:46,"154,357,357,468,5,20.22,38.27,1012.15,9.15"
08:22:48,"156,357,357,468,5,20.22,38.25,1012.14,9.21"
08:22:50,"159,358,358,468,5,20.21,38.25,1012.12,9.43"
08:22:52,"159,358,358,468,5,20.22,38.24,1012.16,9.12"
08:22:55,"159,360,360,467,5,20.21,38.24,1012.15,9.13"
08:22:57,"160,361,361,468,5,20.21,38.24,1012.12,9.44"
08:22:59,"159,363,363,468,5,20.21,38.24,1012.11,9.46"
08:23:01,"156,357,357,468,5,20.22,38.24,1012.13,9.35"
08:23:04,"156,357,357,468,5,20.22,38.24,1012.13,9.34"
08:23:06,"156,355,355,468,5,20.22,38.24,1012.12,9.44"
08:23:08,"154,354,354,468,5,20.21,38.27,1012.12,9.41"
08:23:10,"154,354,354,468,5,20.22,38.25,1012.13,9.31"
08:23:12,"150,351,351,468,5,20.22,38.24,1012.14,9.27"
08:23:15,"150,351,351,468,5,20.23,38.21,1012.14,9.21"
08:23:17,"150,351,351,468,5,20.23,38.23,1012.15,9.18"
08:23:19,"150,351,351,468,5,20.22,38.24,1012.12,9.43"
08:23:21,"151,351,351,468,5,20.22,38.24,1012.12,9.43"
08:23:24,"151,351,351,468,5,20.22,38.21,1012.11,9.51"
08:23:26,"150,349,349,468,5,20.22,38.17,1012.14,9.24"
08:23:28,"148,345,345,468,5,20.21,38.16,1012.15,9.35"
08:23:30,"148,345,345,468,5,20.21,38.14,1012.14,9.23"
08:23:32,"148,343,343,469,5,20.21,38.15,1012.13,9.30"
08:23:35,"148,343,343,469,5,20.21,38.18,1012.13,9.34"
08:23:36,PMS7003 checksum failed
08:23:37,"150,345,345,468,5,20.22,38.18,1012.13,9.31"
08:23:39,"150,346,346,468,5,20.22,38.17,1012.17,8.97"
08:23:41,"151,348,348,468,5,20.22,38.17,1012.16,9.08"
08:23:44,"151,348,348,469,5,20.22,38.19,1012.16,9.09"
08:23:46,"154,349,349,468,5,20.21,38.21,1012.16,9.08"
08:23:48,"154,346,346,469,5,20.22,38.22,1012.16,9.07"
08:23:50,"154,346,346,468,5,20.21,38.24,1012.16,9.04"
08:23:52,"154,345,345,468,5,20.21,38.24,1012.13,9.36"
08:23:55,"154,345,345,468,5,20.22,38.25,1012.14,9.28"
08:23:57,"154,345,345,468,5,20.21,38.27,1012.13,9.31"
08:23:59,"156,345,345,468,5,20.21,38.26,1012.13,9.32"
08:24:01,"156,346,346,468,5,20.21,38.24,1012.12,9.42"
08:24:03,"156,348,348,468,5,20.21,38.25,1012.13,9.33"
08:24:06,"156,348,348,468,5,20.21,38.25,1012.15,9.12"
08:24:08,"157,351,351,468,5,20.21,38.28,1012.17,8.98"
08:24:10,"156,348,348,469,5,20.22,38.29,1012.13,9.36"
08:24:12,"156,351,351,468,5,20.22,38.31,1012.20,8.74"
08:24:15,"156,351,351,468,5,20.22,38.29,1012.13,9.34"
08:24:17,"156,354,354,469,5,20.22,38.31,1012.16,9.05"
08:24:19,"156,354,354,469,5,20.22,38.31,1012.14,9.21"
08:24:21,"154,354,354,468,5,20.22,38.31,1012.15,9.12"
08:24:23,"153,352,352,469,5,20.23,38.28,1012.15,9.15"
08:24:26,"153,352,352,469,5,20.22,38.29,1012.17,9.03"
08:24:28,"153,352,352,469,5,20.22,38.29,1012.14,9.24"
08:24:30,"153,352,352,469,5,20.22,38.29,1012.14,9.26"
08:24:32,"153,352,352,469,5,20.23,38.31,1012.16,9.08"
08:24:34,"151,349,349,469,5,20.23,38.29,1012.16,9.09"
08:24:37,"151,349,349,469,5,20.22,38.29,1012.16,9.12"
08:24:39,"151,348,348,469,5,20.22,38.31,1012.14,9.28"
08:24:41,"153,351,351,469,5,20.22,38.29,1012.15,9.15"
08:24:43,"154,358,358,469,5,20.22,38.28,1012.16,9.07"
08:24:46,"156,361,361,469,5,20.22,38.28,1012.17,9.00"
08:24:48,"156,361,361,469,5,20.22,38.28,1012.14,9.24"
08:24:50,"159,363,363,470,5,20.23,38.28,1012.16,9.07"
08:24:52,"159,363,363,469,5,20.23,38.29,1012.15,9.15"
08:24:54,"159,364,364,470,5,20.22,38.27,1012.17,8.97"
08:24:57,"159,364,364,470,5,20.22,38.27,1012.14,9.26"
08:24:59,"159,366,366,470,5,20.22,38.29,1012.20,8.76"
08:25:01,"159,364,364,470,5,20.22,38.29,1012.16,9.10"
08:25:03,"159,364,364,471,5,20.22,38.29,1012.18,8.88"
08:25:05,"160,363,363,471,5,20.22,38.31,1012.21,8.66"
08:25:08,"160,363,363,471,5,20.22,38.29,1012.16,9.04"
08:25:10,"162,363,363,471,5,20.23,38.31,1012.19,8.82"
08:25:12,"162,361,361,471,5,20.22,38.31,1012.16,9.07"
08:25:14,"157,360,360,472,5,20.22,38.31,16,9.12"
08:25:17,"153,358,358,472,5,20.22,38.29,1012.14,9.23"
08:25:19,"151,357,357,472,5,20.22,38.32,1012.15,9.17"
08:25:21,"151,357,357,472,5,20.22,38.29,1012.15,9.20"
08:25:23,"150,355,355,472,5,20.22,38.29,1012.19,8.86"
08:25:25,"150,354,354,472,5,20.22,38.31,1012.14,9.28"
08:25:28,"147,351,351,472,5,20.22,38.31,1012.16,9.11"
08:25:30,"148,351,351,472,5,20.22,38.31,1012.17,8.99"
08:25:32,"148,351,351,473,5,20.22,38.31,1012.18,8.88"
08:25:34,"148,351,351,473,5,20.22,38.31,1012.18,8.91"
08:25:36,"150,349,349,473,5,20.21,38.29,1012.17,9.02"
08:25:39,"150,351,351,473,5,20.21,38.33,1012.20,8.96"
08:25:41,"150,351,351,473,5,20.22,38.32,1012.20,8.78"
08:25:43,"150,349,349,473,5,20.21,38.32,1012.19,8.85"
08:25:45,"150,348,348,473,5,20.21,38.30,1012.17,9.01"
08:25:48,"150,348,348,474,5,20.21,38.27,1012.20,8.71"
08:25:49,PMS7003 checksum failed
08:25:50,"148,345,345,474,5,20.21,38.27,1012.19,8.85"
08:25:52,"0,348,348,474,5,20.21,38.28,1012.20,8.73"
08:25:54,"150,348,348,474,5,20.20,38.30,1012.18,8.89"
08:25:56,"148,345,345,474,5,20.20,38.33,1012.22,8.56"
08:25:59,"150,345,345,474,5,20.20,38.32,1012.20,8.75"
08:26:01,"150,346,346,475,5,20.20,38.32,1012.20,8.76"
08:26:02,PMS7003 checksum failed
08:26:03,"151,348,348,475,5,20.20,38.32,1012.22,8.62"
08:26:05,"151,349,349,475,5,20.20,38.32,1012.20,8.78"
08:26:08,"151,349,349,475,5,20.20,38.32,1012.20,8.71"
08:26:10,"151,349,349,475,5,20.20,38.33,1012.23,8.51"
08:26:12,"154,352,352,475,5,20.19,38.35,1012.22,8.58"
08:26:14,"156,357,357,476,5,20.20,38.36,1012.21,8.65"
08:26:16,"156,357,357,476,5,20.20,38.36,1012.21,8.68"
08:26:19,"156,358,358,476,5,20.20,38.36,1012.22,8.59"
08:26:21,"157,360,360,476,5,20.20,38.34,1012.20,8.71"
08:26:23,"157,360,360,476,5,20.20,38.34,1012.17,8.98"
08:26:25,"156,358,358,476,5,20.20,38.35,1012.20,8.76"
08:26:28,"156,357,357,476,5,20.20,38.36,1012.19,8.84"
08:26:30,"156,357,357,476,5,20.20,38.35,1012.18,8.92"
08:26:32,"156,357,357,476,5,20.21,38.34,1012.22,8.56"
08:26:34,"156,358,358,476,5,20.21,38.34,1012.26,8.28"
08:26:36,"156,358,358,477,5,20.21,38.34,1012.26,8.26"
08:26:39,"154,357,357,477,5,20.21,38.34,1012.20,8.75"
08:26:41,"156,354,354,477,5,20.21,38.34,1012.21,8.64"
08:26:43,"156,355,355,477,5,20.21,38.33,1012.19,8.79"
08:26:45,"156,355,355,477,5,20.21,38.33,1012.22,8.59"
08:26:47,"156,355,355,476,5,20.20,38.34,1012.20,8.73"
08:26:50,"156,355,355,477,5,20.20,38.36,1012.21,8.68"
08:26:52,"156,355,355,476,5,20.20,38.36,1012.18,8.91"
08:26:54,"156,355,355,476,5,20.20,38.35,1012.18,8.87"
08:26:56,"157,357,357,476,5,20.20,38.34,1012.22,8.61"
08:26:59,"157,357,357,477,5,20.20,38.34,1012.21,8.70"
08:27:01,"159,360,360,477,5,20.20,38.33,1012.19,8.82"
08:27:03,"160,360,360,477,5,20.20,38.32,1012.21,8.64"
08:27:05,"162,360,360,477,5,20.19,38.34,1012.22,8.55"
08:27:07,"162,360,360,477,5,20.19,38.33,1012.27,8.19"
08:27:10,"163,360,360,477,5,20.19,38.33,1012.24,8.43"
08:27:12,"163,361,361,477,5,20.20,38.33,1012.25,8.32"
08:27:14,"166,366,366,477,5,20.19,38.35,1012.25,8.34"
08:27:16,"166,366,366,477,5,20.19,38.35,1012.24,8.41"
08:27:18,"166,369,369,477,5,20.19,38.30,1012.23,8.48"
08:27:21,"168,369,369,477,5,20.20,38.36,1012.24,8.41"
08:27:23,"168,369,369,477,5,20.19,38.36,1012.26,8.26"
08:27:25,"166,376,376,477,5,20.19,38.36,1012.27,8.16"
08:27:27,"165,376,376,477,5,20.19,38.37,1012.22,8.54"
08:27:30,"165,375,375,477,5,20.18,38.36,1012.22,8.60"
08:27:32,"165,375,375,477,5,20.19,38.37,1012.20,8.72"
08:27:34,"163,373,373,477,5,20.19,38.38,1012.26,8.26"
08:27:36,"163,372,372,477,5,20.19,38.38,1012.26,8.24"
08:27:38,"163,372,373,477,5,20.19,38.40,1012.25,8.36"
08:27:41,"165,373,375,477,5,20.20,38.39,1012.20,8.75"
08:27:43,"165,373,375,477,5,20.19,38.37,1012.21,8.64"
08:27:45,"165,373,375,478,5,20.19,38.40,1012.24,8.40"
08:27:47,"165,373,375,478,5,20.20,38.39,1012.25,8.32"
08:27:50,"165,378,378,478,5,20.20,38.40,1012.25,8.33"
08:27:52,"163,378,379,478,5,20.20,38.37,1012.28,8.06"
08:27:54,"163,376,378,478,5,20.19,38.37,1012.24,8.42"
08:27:56,"162,375,375,478,5,20.20,38.37,1012.26,8.22"
08:27:58,"162,375,375,478,5,20.20,38.37,1012.24,8.39"
08:28:01,"162,372,373,478,5,20.20,38.39,1012.30,7.95"
08:28:03,"163,373,375,478,5,20.20,38.36,1012.24,8.38"
08:28:05,"163,373,375,479,5,20.20,38.37,1012.26,8.28"
08:28:07,"163,375,375,479,5,20.20,38.35,1012.25,8.29"
08:28:09,"163,375,375,479,5,20.21,38.35,1012.28,8.04"
08:28:11,PMS7003 checksum failed
08:28:12,"168,375,375,479,5,20.21,38.34,1012.27,8.17"
08:28:14,"168,375,375,479,5,20.20,38.34,1012.19,8.79"
08:28:16,"168,375,375,479,5,20.21,38.34,1012.26,8.21"
08:28:18,"168,375,375,479,5,20.20,38.33,1012.27,8.13"
08:28:21,"169,378,378,479,5,20.21,38.34,1012.25,8.30"
08:28:23,"169,378,378,479,5,20.20,38.36,1012.25,8.52"
08:28:25,"171,370,370,479,5,20.20,38.34,1012.27,8.13"
08:28:27,"171,369,369,479,5,20.21,38.34,1012.26,8.22"
08:28:29,"171,369,369,479,5,20.20,38.33,1012.27,8.20"
08:28:32,"171,369,369,479,5,20.21,38.33,1012.25,8.35"
08:28:34,"168,369,369,479,5,20.20,38.32,1012.29,8.03"
08:28:36,"166,366,366,479,5,20.21,38.32,1012.29,7.96"
08:28:38,"168,366,366,480,5,20.21,38.34,1012.26,8.27"
08:28:41,"168,366,366,480,5,20.21,38.34,1012.27,8.19"
08:28:43,"168,366,366,480,5,20.21,38.36,1012.26,8.22"
08:28:45,"168,366,366,480,5,20.21,38.35,1012.24,8.38"
08:28:46,PMS7003 checksum failed
08:28:47,"163,358,358,480,5,20.21,38.36,1012.26,8.21"
08:28:49,"163,357,357,480,5,20.21,38.36,1012.24,8.38"
08:28:52,"163,357,357,480,5,20.21,38.35,1012.30,7.88"
08:28:54,"163,357,357,480,5,20.21,38.35,1012.25,8.30"
08:28:56,"162,357,357,480,5,20.21,38.36,1012.28,8.09"
08:28:58,"162,357,357,480,5,20.22,38.36,1012.27,8.14"
08:29:00,"162,364,364,480,5,20.22,38.35,1012.29,8.03"
08:29:03,"162,366,366,480,5,20.22,38.36,1012.28,8.10"
08:29:05,"163,366,366,480,5,20.21,38.36,1012.30,7.95"
08:29:07,"163,366,366,480,5,20.20,38.37,1012.29,7.99"
08:29:09,"165,367,367,480,5,20.21,38.35,1012.29,7.96"
08:29:12,"166,369,369,480,5,20.21,38.35,1012.35,7.52"
08:29:14,"168,369,369,480,5,20.20,38.37,1012.33,7.68"
08:29:16,"168,369,369,480,5,20.20,38.39,1012.33,7.63"
08:29:18,"168,369,369,480,5,20.20,38.37,1012.32,7.73"
08:29:20,"168,369,369,480,5,20.20,38.37,1012.35,7.46"
08:29:22,PMS7003 checksum failed
08:29:23,"165,373,373,480,5,20.20,38.39,1012.32,7.76"
08:29:25,"165,372,372,480,5,20.20,38.39,1012.28,8.05"
08:29:27,"165,372,372,480,5,20.19,38.39,1012.30,7.90"
08:29:29,"163,370,370,480,5,20.19,38.38,1012.30,7.95"
08:29:32,"163,369,369,480,5,20.19,38.38,1012.32,7.78"
08:29:34,"163,369,369,480,5,20.20,38.40,1012.32,7.72"
08:29:36,"163,364,364,480,5,20.19,38.38,1012.29,7.98"
08:29:38,"162,363,363,480,5,20.19,38.37,1012.30,7.88"
08:29:40,"162,363,363,480,5,20.19,38.37,1012.30,7.92"
08:29:43,"162,363,363,480,5,20.19,38.37,1012.32,7.73"
08:29:45,"162,361,361,480,5,20.19,38.40,1012.31,7.86"
08:29:47,"162,360,360,480,5,20.19,38.41,1012.27,8.12"
08:29:49,"159,357,357,480,5,20.19,38.41,1012.32,7.67"
08:29:51,"159,357,357,481,5,20.19,38.41,1012.30,7.89"
08:29:54,"159,357,357,482,5,20.19,38.37,1012.30,7.88"
08:29:56,"159,357,357,483,5,20.18,38.36,1012.30,7.94"
08:29:58,"159,357,357,485,5,20.18,38.35,1012.30,7.95"
08:30:00,"160,357,357,494,5,20.19,38.38,1012.34,7.58"
08:30:03,"159,358,358,503,5,20.18,38.40,1012.32,7.76"
08:30:05,"159,358,358,507,5,20.18,38.42,1012.31,7.81"
08:30:07,"159,360,360,510,5,20.18,38.42,1012.31,7.85"
08:30:09,"159,360,360,513,5,20.18,38.43,1012.32,7.76"
08:30:11,"159,360,360,517,5,20.18,38.44,1012.35,7.51"
08:30:13,PMS7003 checksum failed
08:30:14,"162,370,370,519,5,20.17,38.44,1012.32,7.73"
08:30:16,"163,372,372,521,5,20.17,38.44,1012.31,7.86"
08:30:18,"163,373,373,522,5,20.18,38.44,1012.31,7.79"
08:30:20,"163,373,373,524,5,20.18,38.44,1012.29,8.01"
08:30:23,"166,375,375,526,5,20.19,38.44,1012.34,7.61"
08:30:25,"168,375,375,526,5,20.18,38.43,1012.31,7.86"
08:30:27,"168,376,376,526,5,20.18,38.44,1012.32,7.78"
08:30:29,"168,376,376,526,5,20.19,38.42,1012.32,7.79"
08:30:31,"168,375,375,526,5,20.19,38.42,1012.35,7.50"
08:30:34,"168,376,376,526,5,20.20,38.42,1012.36,7.43"
08:30:36,"168,376,376,526,5,20.19,38.41,1012.32,7.76"
08:30:38,"171,376,376,526,5,20.20,38.40,1012.35,7.48"
08:30:40,"171,376,376,526,5,20.20,38.40,1012.37,7.36"
08:30:42,"171,376,376,526,5,20.20,38.40,1012.32,7.75"
08:30:45,"172,375,375,526,5,20.20,38.41,1012.32,7.71"
08:30:47,"174,372,372,526,5,20.20,38.40,1012.36,7.44"
08:30:48,PMS7003 checksum failed
08:30:49,"171,373,373,526,5,20.20,38.40,1012.34,7.60"
08:30:51,"171,372,372,526,5,20.20,38.41,1012.36,7.43"
08:30:54,"171,372,372,527,5,20.20,38.40,1012.36,7.40"
08:30:56,"168,369,369,526,5,20.19,38.37,1012.36,7.45"
08:30:58,"168,369,369,525,5,20.19,38.37,1012.31,7.80"
08:31:00,"169,369,370,524,5,20.20,38.39,1012.33,7.68"
08:31:02,"169,369,370,521,5,20.20,38.40,1012.32,7.74"
08:31:05,"169,369,370,516,5,20.20,38.37,1012.35,7.48"
08:31:07,"171,370,372,513,5,20.19,38.39,1012.29,7.98"
08:31:09,"171,370,372,510,5,20.20,38.40,1012.34,7.56"
08:31:11,"171,370,372,508,5,20.20,38.39,1012.37,7.33"
08:31:14,"171,369,370,505,5,20.20,38.39,1012.36,7.43"
08:31:16,"171,369,370,501,5,20.20,38.40,1012.34,7.60"
08:31:18,"171,369,370,499,5,20.21,38.39,1012.36,7.40"
08:31:20,"174,375,375,497,5,20.21,38.39,1012.35,7.52"
08:31:22,"174,379,379,496,5,20.21,38.40,1012.34,7.56"
08:31:23,PMS7003 checksum failed
08:31:25,"174,376,376,494,5,20.21,38.37,1012.31,7.80"
08:31:27,"174,376,378,493,5,20.21,38.39,1012.32,7.75"
08:31:29,"174,376,378,492,5,20.20,38.40,1012.34,7.62"
08:31:31,"174,379,381,492,5,20.20,38.40,1012.35,7.49"
08:31:34,"174,379,381,492,5,20.20,38.40,1012.34,7.58"
08:31:36,"174,379,379,491,5,20.19,38.38,1012.35,7.53"
08:31:38,"175,379,379,490,5,20.19,38.39,1012.32,7.74"
08:31:40,"175,379,379,490,5,20.20,38.39,1012.31,7.85"
08:31:42,"174,378,378,490,5,20.19,38.39,1012.32,7.72"
08:31:45,"174,376,376,490,5,20.20,38.41,1012.34,7.59"
08:31:47,"174,376,376,489,5,20.19,38.41,1012.32,7.72"
08:31:49,"168,366,366,489,5,20.20,38.42,1012.30,7.89"
08:31:51,"166,366,366,489,5,20.19,38.42,1012.30,7.89"
08:31:53,"166,366,366,488,5,20.19,38.43,1012.33,7.69"
08:31:56,"160,360,360,488,5,20.19,38.42,1012.36,7.45"
08:31:58,"159,357,357,488,5,20.19,38.44,1012.33,7.69"
08:31:59,PMS7003 checksum failed
08:32:00,"156,348,348,488,5,20.19,38.43,1012.37,7.32"
08:32:02,"156,348,348,488,5,20.20,38.43,1012.35,7.52"
08:32:05,"156,348,348,487,5,20.19,38.42,1012.31,7.87"
08:32:07,"157,348,348,487,5,20.19,38.42,1012.29,7.99"
08:32:09,"157,348,348,487,5,20.19,38.42,1012.34,7.55"
08:32:11,"159,349,349,487,5,20.20,38.42,1012.32,7.74"
08:32:13,"159,349,349,487,5,20.20,38.44,1012.34,7.61"
08:32:16,"159,349,349,487,5,20.20,38.42,1012.34,7.55"
08:32:18,"159,351,351,486,5,20.20,38.44,1012.36,7.44"
08:32:20,"9,352,352,486,5,20.20,38.42,1012.35,7.51"
08:32:22,"159,352,352,486,5,20.20,38.43,1012.34,7.61"
08:32:25,"159,354,354,486,5,20.19,38.42,1012.32,7.76"
08:32:27,"160,354,354,486,5,20.20,38.42,1012.31,7.80"
08:32:29,"160,354,354,486,5,20.20,38.41,1012.33,7.68"
08:32:31,"162,357,357,486,5,20.21,38.40,1012.36,7.43"
08:32:33,"160,355,355,486,5,20.20,38.37,1012.30,7.90"
08:32:34,PMS7003 checksum failed
08:32:36,"160,358,358,486,5,20.21,38.40,1012.33,7.64"
08:32:38,"160,358,358,486,5,20.20,38.39,1012.33,7.64"
08:32:40,"160,358,358,486,5,20.20,38.39,1012.32,7.71"
08:32:42,"159,352,352,486,5,20.20,38.39,1012.33,7.66"
08:32:45,"159,352,352,486,5,20.20,38.40,1012.34,7.62"
08:32:47,"157,351,351,486,5,20.20,38.40,1012.32,7.76"
08:32:49,"157,351,351,486,5,20.21,38.41,1012.32,7.73"
08:32:51,"157,351,351,486,5,20.21,38.42,1012.32,7.76"
08:32:53,"157,349,349,486,5,20.21,38.42,1012.33,7.64"
08:32:56,"156,348,348,486,5,20.21,38.43,1012.34,7.54"
08:32:58,"156,348,348,486,5,20.21,38.42,1012.30,7.88"
08:33:00,"153,346,346,486,5,20.21,38.41,1012.34,7.64"
08:33:02,"153,346,346,486,5,20.21,38.40,1012.34,7.61"
08:33:04,"153,346,346,486,5,20.21,38.40,1012.32,7.75"
08:33:07,"153,346,346,486,5,20.20,38.39,1012.30,7.89"
08:33:09,"154,348,348,486,5,20.20,38.39,1012.33,7.64"
08:33:10,PMS7003 checksum failed
08:33:11,"153,348,348,486,5,20.21,38.40,1012.31,7.84"
08:33:13,"153,348,348,486,5,20.20,38.39,1012.33,7.63"
08:33:16,"153,348,348,486,5,20.20,38.41,1012.31,7.80"
08:33:18,"151,348,348,486,5,20.20,38.41,1012.34,7.56"
08:33:20,"151,348,348,486,5,20.20,38.39,1012.31,7.86"
08:33:22,"151,348,348,486,5,20.20,38.40,1012.32,7.74"
08:33:24,"150,346,346,486,5,20.20,38.40,1012.30,7.88"
08:33:27,"150,346,346,486,5,20.20,38.39,1012.33,7.64"
08:33:29,"150,345,345,487,5,20.20,38.41,1012.29,7.96"
08:33:31,"150,345,345,486,5,20.20,38.40,1012.32,7.75"
08:33:33,"150,345,345,486,5,20.20,38.40,1012.35,7.49"
08:33:36,"153,354,354,486,5,20.20,38.40,1012.38,7.28"
08:33:38,"153,354,354,486,5,20.20,38.40,1012.31,7.80"
08:33:40,"153,354,354,486,5,20.20,38.40,1012.32,7.72"
08:33:42,"153,357,357,486,5,20.20,38.39,1012.32,7.70"
08:33:44,"153,357,357,486,5,20.20,38.41,1012.32,7.73"
08:33:45,PMS7003 checksum failed
08:33:47,"150,352,352,486,5,20.21,38.39,1012.32,7.75"
08:33:49,"148,351,351,486,5,20.21,38.39,1012.30,7.95"
08:33:51,"8,351,351,486,5,20.20,38.39,1012.33,7.70"
08:33:53,"147,345,345,486,5,20.20,38.39,1012.32,7.72"
08:33:56,"147,345,345,486,5,20.20,38.39,1012.33,7.48"
08:33:58,"147,342,342,486,5,20.19,38.40,1012.32,7.76"
08:34:00,"147,342,342,486,5,20.21,38.40,1012.34,7.60"
08:34:02,"147,342,342,487,5,20.20,38.39,1012.36,7.45"
08:34:04,"147,342,342,487,5,20.20,38.37,1012.31,7.79"
08:34:07,"147,340,340,487,5,20.20,38.39,1012.33,7.66"
08:34:09,"147,340,340,487,5,20.20,38.39,1012.33,7.68"
08:34:11,"144,333,333,487,5,20.20,38.39,1012.33,7.66"
08:34:13,"144,333,333,487,5,20.19,38.34,1012.33,7.65"
08:34:15,"144,333,333,488,5,20.20,38.30,1012.32,7.77"
08:34:18,"141,330,330,487,5,20.21,38.32,1012.35,7.53"
08:34:20,"142,331,331,487,5,20.20,38.33,1012.35,7.51"
08:34:22,"142,331,331,488,5,20.21,38.34,1012.34,7.54"
08:34:24,"147,337,337,488,5,20.20,38.35,1012.34,7.61"
08:34:27,"147,339,339,488,5,20.20,38.35,1012.34,7.58"
08:34:29,"147,339,339,488,5,20.20,38.37,1012.30,7.91"
08:34:31,"147,339,339,488,5,20.20,38.37,1012.32,7.73"
08:34:33,"147,339,339,489,5,20.20,38.36,1012.34,7.59"
08:34:35,"147,339,339,489,5,20.20,38.36,1012.33,7.68"
08:34:38,"148,340,340,490,5,20.20,38.39,1012.33,7.68"
08:34:40,"150,343,343,490,5,20.20,38.37,1012.35,7.53"
08:34:42,"150,343,343,490,5,20.20,38.39,1012.34,7.55"
08:34:44,"150,342,342,490,5,20.20,38.37,1012.36,7.39"
08:34:46,"150,342,342,491,5,20.19,38.38,1012.34,7.60"
08:34:49,"150,340,340,491,5,20.20,38.41,1012.34,7.57"
08:34:51,"150,340,340,492,5,20.20,38.41,1012.34,7.60"
08:34:53,"148,333,333,493,5,20.19,38.37,1012.33,7.65"
08:34:55,"147,333,333,494,5,20.20,38.40,1012.31,7.79"
08:34:58,"147,333,333,495,5,20.20,38.40,1012.33,7.70"
08:35:00,"147,333,333,496,5,20.19,38.40,1012.35,7.50"
08:35:02,"147,333,333,498,5,20.19,38.42,1012.34,7.57"
08:35:04,"147,333,333,500,5,20.19,38.42,1012.34,7.59"
08:35:06,"147,336,336,503,5,20.19,38.36,1012.35,7.47"
08:35:09,"147,336,336,506,5,20.18,38.40,1012.32,7.71"
08:35:11,"145,334,334,508,5,20.18,38.38,1012.34,7.55"
08:35:13,"145,333,333,510,5,20.19,38.36,1012.34,7.55"
08:35:15,"142,330,330,512,5,20.19,38.33,1012.31,7.81"
08:35:17,"142,330,330,514,5,20.19,38.34,1012.33,7.64"
08:35:20,"141,330,330,515,5,20.19,38.36,1012.30,7.89"
08:35:22,"141,330,330,516,5,20.20,38.37,1012.33,7.64"
08:35:24,"139,330,330,517,5,20.20,38.39,1012.31,7.79"
08:35:26,"139,330,330,518,5,20.20,38.40,1012.19,8.87"
08:35:29,"138,330,330,519,5,20.20,38.42,1012.31,7.82"
08:35:31,"138,330,330,519,5,20.20,38.43,1012.33,7.64"
08:35:33,"138,328,328,520,5,20.20,38.42,1012.30,7.88"
08:35:35,"135,324,324,520,5,20.20,38.41,1012.33,7.63"
08:35:37,"135,324,324,520,5,20.20,38.41,1012.33,7.66"
08:35:40,"135,319,319,521,5,20.19,38.40,1012.37,7.31"
08:35:42,"135,316,316,520,5,20.19,38.41,1012.33,7.70"
08:35:44,"135,318,318,521,5,20.19,38.41,1012.32,7.72"
08:35:46,"133,318,318,521,5,20.19,38.42,1012.31,7.84"
08:35:48,"133,318,318,521,5,20.20,38.39,1012.34,7.58"
08:35:51,"132,316,316,521,5,20.20,38.37,1012.36,7.42"
08:35:53,"132,316,316,521,5,20.20,38.39,1012.33,7.63"
08:35:55,"130,315,315,521,5,20.21,38.38,1012.35,7.48"
08:35:57,"130,315,315,521,5,20.21,38.36,1012.33,7.66"
08:36:00,"130,316,316,521,5,20.21,38.35,1012.35,7.52"
08:36:02,"130,316,316,521,5,20.21,38.35,1012.32,7.71"
08:36:04,"132,318,318,521,5,20.20,38.34,1012.32,7.72"
08:36:06,"132,318,318,521,5,20.21,38.34,1012.33,7.68"
08:36:08,"132,318,318,521,5,20.20,38.30,1012.31,7.85"
08:36:11,"129,318,319,521,5,20.21,38.33,1012.32,7.71"
08:36:13,"129,318,319,519,5,20.21,38.30,1012.34,7.58"
08:36:15,"126,318,318,517,5,20.21,38.30,1012.33,7.64"
08:36:17,"126,318,318,516,5,20.20,38.33,1012.32,7.82"
08:36:20,"126,318,318,514,5,20.21,38.29,1012.35,7.52"
08:36:22,"126,318,318,512,5,20.21,38.27,1012.34,7.61"
08:36:24,"126,316,316,511,5,20.21,38.27,1012.32,7.77"
08:36:26,"126,313,313,510,5,20.21,38.27,1012.36,7.44"
08:36:28,"124,309,309,509,5,20.21,38.26,1012.33,7.68"
08:36:31,"124,309,309,508,5,20.21,38.25,1012.34,7.60"
08:36:33,"124,309,309,508,5,20.21,38.26,1012.33,7.62"
08:36:35,"124,309,309,507,5,20.21,38.26,1012.34,7.61"
08:36:37,"124,309,309,507,5,20.21,38.27,1012.34,7.61"
08:36:39,"123,306,306,506,5,20.20,38.26,1012.33,7.65"
08:36:42,"121,306,306,506,5,20.20,38.25,1012.36,7.44"
08:36:44,"121,304,304,505,5,20.21,38.24,1012.35,7.52"
08:36:46,"121,304,304,505,5,20.21,38.21,1012.35,7.52"
08:36:48,"121,303,303,505,5,20.21,38.24,1012.36,7.41"
08:36:51,"120,303,303,505,5,20.21,38.25,1012.34,7.58"
08:36:53,"121,303,303,504,5,20.21,38.25,1012.38,7.26"
08:36:55,"118,301,301,504,5,20.21,38.22,1012.36,7.44"
08:36:57,"118,300,300,504,5,20.21,38.22,1012.31,7.85"
08:36:59,"117,300,300,504,5,20.21,38.24,1012.39,7.19"
08:37:02,"117,300,300,503,5,20.21,38.22,1012.38,7.23"
08:37:03,PMS7003 checksum failed
08:37:04,"115,291,291,503,5,20.21,38.22,1012.40,7.08"
08:37:06,"115,291,291,503,5,20.21,38.21,1012.37,7.33"
08:37:08,"115,288,288,503,5,20.21,38.20,1012.36,7.45"
08:37:11,"115,288,288,503,5,20.21,38.19,1012.36,7.42"
08:37:13,"117,286,286,503,5,20.22,38.18,1012.35,7.49"
08:37:15,"7,286,286,503,5,20.21,38.18,1012.36,7.40"
08:37:17,"117,286,286,503,5,20.21,38.15,1012.33,7.64"
08:37:19,"117,285,285,503,5,20.21,38.17,1012.36,7.40"
08:37:22,"115,286,286,503,5,20.22,38.18,1012.35,7.47"
08:37:24,"115,286,286,504,5,20.22,38.19,1012.37,7.34"
08:37:26,"115,286,286,504,5,20.22,38.17,1012.38,7.24"
08:37:28,"115,285,285,504,5,20.22,38.14,1012.37,7.35"
08:37:30,"115,286,286,505,5,20.22,38.12,1012.36,7.40"
08:37:33,"115,286,286,505,5,20.21,38.10,1012.35,7.51"
08:37:35,"114,288,288,505,5,20.22,38.09,1012.36,7.39"
08:37:37,"114,288,288,506,5,20.22,38.10,1012.38,7.23"
08:37:39,"115,288,288,506,5,20.21,38.10,1012.35,7.52"
08:37:42,"115,288,288,507,5,20.22,38.10,1012.39,7.13"
08:37:44,"115,289,289,507,5,20.22,38.09,1012.36,7.42"
08:37:46,"115,286,286,508,5,20.21,38.06,1012.33,7.62"
08:37:48,"115,286,286,508,5,20.21,38.07,1012.36,7.42"
08:37:50,"115,285,285,508,5,20.21,38.07,1012.37,7.36"
08:37:53,"117,285,285,509,5,20.22,38.05,1012.40,7.07"
08:37:55,"117,285,285,509,5,20.22,38.04,1012.37,7.33"
08:37:57,"117,285,285,510,5,20.21,38.03,1012.33,7.62"
08:37:59,"117,286,286,510,5,20.21,38.03,1012.37,7.33"
08:38:01,"117,291,291,511,5,20.22,38.04,1012.38,7.25"
08:38:04,"117,291,291,511,5,20.22,38.05,1012.40,7.11"
08:38:06,"117,294,294,511,5,20.21,38.03,1012.37,7.37"
08:38:08,"118,294,294,512,5,20.21,38.05,1012.35,7.54"
08:38:10,"117,291,291,512,5,20.21,38.09,1012.35,7.48"
08:38:13,"114,286,286,512,5,20.21,38.06,1012.39,7.16"
08:38:15,"114,286,286,512,5,20.22,38.07,1012.35,7.53"
08:38:17,"112,285,285,512,5,20.21,38.08,1012.34,7.56"
08:38:19,"112,285,285,512,5,20.21,38.07,1012.36,7.38"
08:38:21,"112,286,286,513,5,20.21,38.10,1012.37,7.33"
08:38:24,"112,286,286,513,5,20.21,38.05,1012.36,7.44"
08:38:26,"112,286,286,513,5,20.21,38.05,1012.38,7.25"
08:38:28,"112,286,286,513,5,20.20,38.05,1012.36,7.41"
08:38:30,"112,286,286,513,5,20.21,38.03,1012.39,7.18"
08:38:32,"111,285,285,513,5,20.21,38.03,1012.41,6.96"
08:38:35,"111,285,285,513,5,20.21,38.03,1012.38,7.26"
08:38:37,"109,283,285,513,5,20.21,38.02,1012.39,7.16"
08:38:39,"109,283,283,514,5,20.21,38.02,1012.39,7.13"
08:38:41,"108,280,282,514,5,20.21,38.02,1012.40,7.11"
08:38:44,"108,280,280,514,5,20.21,38.03,1012.39,7.13"
08:38:46,"108,282,282,514,5,20.21,38.04,1012.42,6.94"
08:38:48,"108,282,282,514,5,20.21,38.03,1012.40,7.05"
08:38:50,"108,282,282,514,5,20.21,38.03,1012.38,7.23"
08:38:52,"108,283,283,514,5,20.21,38.04,1012.37,7.29"
08:38:55,"108,283,283,514,5,20.21,38.06,1012.39,7.14"
08:38:57,"108,283,283,514,5,20.21,38.10,1012.40,7.07"
08:38:59,"109,283,283,514,5,20.21,38.11,1012.40,7.09"
08:39:01,"109,283,283,514,5,20.21,38.12,1012.38,7.26"
08:39:04,"109,283,283,514,5,20.21,38.11,1012.40,7.09"
08:39:06,"111,285,285,514,5,20.21,38.04,1012.39,7.12"
08:39:08,"111,285,285,514,5,20.21,37.97,1012.40,7.05"
08:39:10,"109,286,286,513,5,20.21,37.93,1012.38,7.26"
08:39:12,"109,288,288,513,5,20.22,37.95,1012.43,6.87"
08:39:15,"109,288,288,513,5,20.21,37.96,1012.40,7.04"
08:39:17,"109,288,288,513,5,20.21,37.97,1012.41,7.02"
08:39:19,"111,292,292,513,5,20.21,37.99,1012.41,6.66"
08:39:21,"111,292,292,513,5,20.21,37.99,1012.39,7.17"
08:39:23,"111,292,292,512,5,20.20,38.03,1012.39,7.19"
08:39:26,"111,291,291,512,5,20.21,38.05,1012.40,7.09"
08:39:28,"111,289,289,512,5,20.21,37.99,1012.39,7.14"
08:39:30,"111,289,289,512,5,20.21,37.96,1012.40,7.10"
08:39:31,PMS7003 checksum failed
08:39:32,"109,286,286,512,5,20.21,37.92,1012.40,7.06"
08:39:35,"109,286,286,512,5,20.20,37.90,1012.38,7.25"
08:39:37,"109,286,286,511,5,20.21,37.90,1012.39,7.17"
08:39:39,"109,286,286,511,5,20.20,37.89,1012.37,7.35"
08:39:41,"109,286,286,511,5,20.21,37.90,1012.39,7.16"
08:39:43,"108,286,286,511,5,20.21,37.93,1012.39,7.18"
08:39:46,"108,288,288,510,5,20.21,37.92,1012.38,7.28"
08:39:48,"108,286,286,510,5,20.22,37.95,1012.39,7.12"
08:39:50,"108,286,286,510,5,20.21,37.95,1012.41,7.03"
08:39:52,"105,282,282,510,5,20.21,37.88,1012.41,7.03"
08:39:55,"105,282,282,510,5,20.21,37.84,1012.38,7.24"
08:39:57,"105,279,279,510,5,20.21,37.90,1012.38,7.22"
08:39:59,"105,279,279,510,5,20.21,37.89,1012.41,6.97"
08:40:01,"102,276,276,510,5,20.22,37.89,1012.42,6.95"
08:40:03,"102,276,276,509,5,20.21,37.87,1012.37,7.30"
08:40:06,"102,276,276,509,5,20.21,37.84,1012.40,7.08"
08:40:07,PMS7003 checksum failed
08:40:08,"102,277,277,509,5,20.21,37.82,1012.41,6.98"
08:40:10,"102,279,279,509,5,20.22,37.85,1012.37,7.29"
08:40:12,"99,274,274,509,5,20.21,37.87,1012.41,7.02"
08:40:15,"99,274,274,509,5,20.21,37.87,1012.41,7.02"
08:40:17,"99,274,274,509,5,20.21,37.85,1012.36,7.38"
08:40:19,"99,273,273,509,5,20.21,37.88,1012.42,6.90"
08:40:21,"99,273,273,509,5,20.22,37.88,1012.40,7.09"
08:40:23,"99,273,273,508,5,20.22,37.88,1012.40,7.04"
08:40:26,"97,273,273,508,5,20.21,37.89,1012.41,6.96"
08:40:28,"97,273,273,508,5,20.21,37.88,1012.38,7.21"
08:40:30,"97,273,273,508,5,20.21,37.88,1012.38,7.21"
08:40:32,"96,270,270,508,5,20.21,37.80,1012.38,7.24"
08:40:34,"93,267,267,508,5,20.22,37.76,1012.41,7.02"
08:40:37,"93,267,267,508,5,20.21,37.75,1012.39,7.18"
08:40:39,"93,267,267,508,5,20.22,37.75,1012.42,6.90"
08:40:41,"93,267,267,508,5,20.22,37.76,1012.40,7.12"
08:40:43,"91,264,264,507,5,20.22,37.76,1012.40,7.07"
08:40:46,"90,261,261,507,5,20.22,37.79,1012.33,7.66"
08:40:48,"90,262,262,507,5,20.22,37.77,1012.39,7.19"
08:40:50,"91,264,264,507,5,20.21,37.77,1012.36,7.44"
08:40:52,"91,264,264,507,5,20.22,37.77,1012.40,7.05"
08:40:54,"90,264,264,507,5,20.22,37.80,1012.39,7.14"
08:40:57,"90,264,264,507,5,20.22,37.77,1012.42,6.88"
08:40:59,"90,264,264,507,5,20.22,37.81,1012.40,7.11"
08:41:01,"90,265,265,506,5,20.23,37.81,1012.44,6.72"
08:41:03,"90,264,264,507,5,20.21,37.81,1012.42,6.92"
08:41:05,"90,264,264,506,5,20.21,37.79,1012.37,7.35"
08:41:08,"90,264,264,507,5,20.21,37.79,1012.38,7.27"
08:41:10,"90,264,264,506,5,20.22,37.79,1012.40,7.06"
08:41:12,"91,264,264,506,5,20.22,37.79,1012.39,7.19"
08:41:14,",264,264,506,5,20.22,37.79,1012.41,7.04"
08:41:17,"91,262,262,506,5,20.23,37.80,1012.41,6.97"
08:41:19,"93,264,264,506,5,20.22,37.79,1012.42,6.92"
08:41:21,"94,267,267,506,5,20.23,37.76,1012.42,6.91"
08:41:23,"96,267,267,505,5,20.22,37.75,1012.38,7.23"
08:41:25,"96,268,268,506,5,20.22,37.75,1012.42,6.95"
08:41:28,"96,270,270,505,5,20.21,37.75,1012.39,7.13"
08:41:30,"96,270,270,505,5,20.22,37.76,1012.41,6.96"
08:41:32,"99,273,273,505,5,20.22,37.77,1012.43,6.87"
08:41:34,"99,273,273,504,5,20.21,37.78,1012.39,7.18"
08:41:36,"99,271,271,505,5,20.22,37.79,1012.38,7.24"
08:41:39,"71,271,505,5,20.22,37.79,1012.40,7.09"
08:41:41,"96,268,268,505,5,20.22,37.76,1012.40,7.09"
08:41:43,"96,270,270,505,5,20.22,37.79,1012.40,7.12"
08:41:45,"96,270,270,505,5,20.22,37.79,1012.40,7.12"
08:41:48,"96,270,270,504,5,20.22,37.79,1012.38,7.23"
08:41:50,"96,270,270,504,5,20.23,37.76,1012.42,6.95"
08:41:52,"96,270,270,504,5,20.23,37.76,1012.40,7.10"
08:41:54,"97,273,273,504,5,20.22,37.79,1012.40,7.12"
08:41:56,"97,274,274,504,5,20.22,37.81,1012.39,7.12"
08:41:59,"97,276,276,504,5,20.23,37.83,1012.43,6.86"
08:42:01,"97,276,276,504,5,20.23,37.81,1012.42,6.94"
08:42:03,"97,276,276,504,5,20.23,37.87,1012.41,7.03"
08:42:05,"99,279,279,504,5,20.23,37.89,1012.40,7.07"
08:42:07,"99,279,279,504,5,20.24,37.87,1012.43,6.81"
08:42:10,"99,282,282,505,5,20.24,37.86,1012.41,7.00"
08:42:12,"99,282,282,505,5,20.25,37.88,1012.40,6.86"
08:42:14,"99,282,282,506,5,20.25,37.85,1012.40,7.05"
08:42:15,PMS7003 checksum failed
08:42:16,"100,276,276,506,5,20.24,37.83,1012.41,6.99"
08:42:19,"100,276,276,510,5,20.24,37.84,1012.38,7.23"
08:42:21,"102,274,274,518,5,20.25,37.85,1012.42,6.88"
08:42:23,"102,273,273,526,5,20.25,37.82,1012.39,7.13"
08:42:25,"102,273,273,529,5,20.25,37.78,1012.42,6.89"
08:42:27,"102,273,273,532,5,20.26,37.78,1012.44,6.76"
08:42:30,"102,273,273,537,5,20.26,37.76,1012.39,7.17"
08:42:32,"102,271,271,548,5,20.26,37.75,1012.43,6.86"
08:42:34,"102,271,271,562,5,20.25,37.74,1012.42,6.95"
08:42:36,"102,271,271,569,5,20.25,37.74,1012.38,7.27"
08:42:39,"102,271,271,573,5,20.25,37.72,1012.41,7.02"
08:42:41,"102,271,271,574,5,20.26,37.73,1012.42,6.88"
08:42:43,"102,271,271,576,5,20.26,37.73,1012.43,6.86"
08:42:45,"102,270,270,577,5,20.26,37.73,1012.41,6.99"
08:42:47,"102,270,270,578,5,20.26,37.74,1012.41,6.97"
08:42:50,"102,270,270,579,5,20.26,37.73,1012.35,7.52"
08:42:51,PMS7003 checksum failed
08:42:52,"100,268,268,580,5,20.26,37.74,1012.40,7.06"
08:42:54,"99,268,268,580,5,20.26,37.78,1012.39,7.16"
08:42:56,"99,268,268,580,5,20.26,37.78,1012.43,6.83"
08:42:59,"99,264,264,580,5,20.25,37.79,1012.38,7.21"
08:43:01,"99,264,264,580,5,20.25,37.80,1012.39,7.20"
08:43:03,"99,262,262,580,5,20.26,37.83,1012.43,6.85"
08:43:04,PMS7003 checksum failed
08:43:05,"97,261,261,581,5,20.26,37.81,1012.39,7.18"
08:43:07,"96,261,261,582,5,20.26,37.79,1012.40,7.11"
08:43:10,"96,259,259,583,5,20.26,37.78,1012.42,6.95"
08:43:12,"96,259,259,584,5,20.27,37.81,1012.41,6.96"
08:43:14,"96,259,259,585,5,20.26,37.80,1012.39,7.19"
08:43:16,"96,258,258,586,5,20.26,37.82,1012.34,7.59"
08:43:19,"96,258,258,587,5,20.27,37.77,1012.40,7.05"
08:43:21,"96,256,256,587,5,20.27,37.75,1012.38,7.24"
08:43:23,"96,255,255,587,5,20.28,37.76,1012.42,6.93"
08:43:25,"96,255,255,588,5,20.27,37.73,1012.42,6.90"
08:43:27,"94,253,253,589,5,20.27,37.70,1012.39,7.14"
08:43:30,"94,255,255,589,5,20.27,37.69,1012.41,7.00"
08:43:32,"94,255,255,589,5,20.26,37.68,1012.37,7.30"
08:43:34,"94,255,255,589,5,20.26,37.71,1012.36,7.38"
08:43:36,"93,255,255,589,5,20.26,37.73,1012.39,7.15"
08:43:38,"93,255,255,588,5,20.26,37.73,1012.35,7.46"
08:43:40,PMS7003 checksum failed
08:43:41,"93,261,261,588,5,20.27,37.72,1012.36,7.42"
08:43:43,"91,261,261,588,5,20.27,37.72,1012.38,7.22"
08:43:45,"261,261,588,5,20.26,37.68,1012.39,7.16"
08:43:47,"91,261,261,588,5,20.27,37.71,1012.43,6.84"
08:43:50,"90,259,259,589,5,20.27,37.70,1012.40,7.07"
08:43:52,"90,258,258,591,5,20.27,37.66,1012.42,6.95"
08:43:54,"90,258,258,593,5,20.27,37.66,1012.45,6.69"
08:43:56,"90,258,258,595,5,20.27,37.65,1012.42,6.91"
08:43:58,"90,258,258,595,5,20.26,37.65,1012.37,7.29"
08:44:01,"90,258,258,595,5,20.26,37.65,1012.37,7.33"
08:44:03,"90,258,258,594,5,20.27,37.66,1012.42,6.95"
08:44:05,"90,256,256,593,5,20.26,37.68,1012.40,7.08"
08:44:07,"90,255,255,589,5,20.26,37.68,1012.42,6.95"
08:44:10,"90,255,255,588,5,20.26,37.67,1012.40,7.11"
08:44:12,"91,255,255,585,5,20.26,37.64,1012.43,6.81"
08:44:14,"93,255,255,582,5,20.26,37.64,1012.40,7.06"
08:44:15,PMS7003 checksum failed
08:44:16,"91,252,252,578,5,20.26,37.64,1012.41,7.03"
08:44:18,"91,252,252,574,5,20.27,37.65,1012.42,6.88"
08:44:21,"91,252,252,572,5,20.26,37.67,1012.42,6.95"
08:44:23,"90,253,253,570,5,20.25,37.70,1012.40,7.04"
08:44:25,"90,253,253,570,5,20.26,37.72,1012.41,6.97"
08:44:27,"90,253,253,566,5,20.26,37.67,1012.45,6.66"
08:44:30,"88,253,253,559,5,20.26,37.67,1012.42,6.92"
08:44:32,"88,253,253,555,5,20.26,37.65,1012.44,6.78"
08:44:34,"88,253,253,551,5,20.26,37.65,1012.45,6.62"
08:44:36,"88,253,253,548,5,20.26,37.67,1012.43,6.80"
08:44:38,"88,253,253,545,5,20.26,37.64,1012.46,6.56"
08:44:41,"90,252,252,543,5,20.26,37.63,1012.44,6.76"
08:44:43,"90,252,252,541,5,20.25,37.63,1012.47,6.53"
08:44:45,"90,252,252,539,5,20.25,37.65,1012.43,6.76"
08:44:47,"88,249,249,538,5,20.26,37.70,1012.43,6.79"
08:44:49,"87,246,246,535,5,20.26,37.74,1012.43,6.87"
08:44:51,PMS7003 checksum failed
08:44:52,"84,241,241,533,5,20.26,37.73,1012.45,6.66"
08:44:54,"84,241,241,532,5,20.25,37.73,1012.45,6.68"
08:44:56,"84,241,241,531,5,20.26,37.73,1012.46,6.61"
08:44:58,"84,241,241,529,5,20.26,37.75,1012.47,6.47"
08:45:01,"84,241,241,527,5,20.26,37.74,1012.45,6.63"
08:45:03,"84,241,241,526,5,20.25,37.74,1012.46,6.57"
08:45:05,"84,241,241,525,5,20.25,37.72,1012.47,6.52"
08:45:07,"84,241,241,524,5,20.25,37.73,1012.47,6.49"
08:45:09,"84,241,241,523,5,20.26,37.75,1012.47,6.49"
08:45:12,"84,241,241,522,5,20.26,37.74,1012.48,6.42"
08:45:14,"84,241,241,522,5,20.26,37.74,1012.45,6.68"
08:45:16,"84,240,240,521,5,20.26,37.74,1012.47,6.52"
08:45:18,"84,238,238,521,5,20.25,37.72,1012.47,6.47"
08:45:21,"84,238,238,520,5,20.26,37.71,1012.49,6.35"
08:45:23,"84,240,240,520,5,20.26,37.74,1012.49,6.35"
08:45:25,"84,241,241,520,5,20.26,37.73,1012.50,6.24"
08:45:26,PMS7003 checksum failed
08:45:27,"84,243,243,519,5,20.26,37.78,1012.50,6.28"
08:45:29,"84,243,243,519,5,20.27,37.80,1012.51,6.19"
08:45:32,"84,243,243,519,5,20.26,37.81,1012.49,6.31"
08:45:34,"82,240,240,519,5,20.26,37.81,1012.47,6.49"
08:45:36,"82,240,240,519,5,20.26,37.82,1012.49,6.37"
08:45:38,"82,238,238,519,5,20.26,37.82,1012.49,6.34"
08:45:40,"82,238,238,519,5,20.26,37.82,1012.48,6.38"
08:45:43,"82,238,238,519,5,20.26,37.83,1012.49,6.34"
08:45:45,"82,238,238,519,5,20.26,37.85,1012.51,6.16"
08:45:47,"82,237,237,519,5,20.27,37.86,1012.50,6.26"
08:45:49,"82,237,237,518,5,20.27,37.85,1012.50,6.28"
08:45:52,"82,240,240,518,5,20.26,37.87,1012.48,6.41"
08:45:54,"82,240,240,518,5,20.26,37.87,1012.44,6.74"
08:45:56,"82,240,240,518,5,20.26,37.81,1012.49,6.29"
08:45:58,"84,243,243,519,5,20.26,37.80,1012.49,6.30"
08:46:00,"81,244,244,519,5,20.26,37.81,1012.50,6.27"
08:46:02,PMS7003 checksum failed
08:46:03,"78,246,246,519,5,20.26,37.82,1012.51,6.18"
08:46:05,"79,246,246,519,5,20.25,37.82,1012.52,6.12"
08:46:07,"79,246,246,519,5,20.26,37.81,1012.49,6.30"
08:46:09,"78,244,244,519,5,20.26,37.78,1012.51,6.14"
08:46:12,"78,244,244,520,5,20.26,37.75,1012.44,6.78"
08:46:14,"78,243,243,520,5,20.26,37.74,1012.50,6.27"
08:46:16,"78,243,243,520,5,20.26,37.74,1012.51,6.20"
08:46:18,"78,243,243,521,5,20.26,37.74,1012.51,6.24"
08:46:20,"76,243,243,521,5,20.26,37.75,1012.49,6.35"
08:46:23,"76,241,241,521,5,20.26,37.75,1012.49,6.35"
08:46:25,"76,241,241,522,5,20.26,37.75,1012.50,6.28"
08:46:27,"76,240,240,522,5,20.25,37.73,1012.50,6.23"
08:46:29,"76,240,240,522,5,20.25,37.74,1012.48,6.43"
08:46:31,"76,240,240,522,5,20.25,37.75,1012.48,6.43"
08:46:34,"76,238,238,523,5,20.25,37.75,1012.48,6.45"
08:46:36,"76,240,240,523,5,20.25,37.75,1012.47,6.46"
08:46:38,"76,240,240,523,5,20.25,37.76,1012.48,6.42"
08:46:40,"75,238,240,523,5,20.26,37.76,1012.49,6.33"
08:46:43,"75,238,240,524,5,20.26,37.78,1012.47,6.49"
08:46:45,"75,238,240,523,5,20.26,37.79,1012.50,6.28"
08:46:47,"76,240,241,524,5,20.26,37.80,1012.48,6.42"
08:46:49,"76,240,241,524,5,20.27,37.81,1012.51,6.14"
08:46:51,"76,240,240,524,5,20.26,37.83,1012.51,6.14"
08:46:54,"76,240,240,524,5,20.27,37.82,1012.49,6.36"
08:46:56,"78,237,238,524,5,20.26,37.82,1012.50,6.27"
08:46:58,"78,237,238,524,5,20.27,37.82,1012.52,6.12"
08:47:00,"78,237,237,525,5,20.26,37.83,1012.50,6.23"
08:47:03,"78,235,237,525,5,20.27,37.82,1012.49,6.35"
08:47:05,"78,237,237,525,5,20.26,37.82,1012.49,6.35"
08:47:07,"78,237,237,525,5,20.26,37.82,1012.50,6.27"
08:47:09,"78,232,234,525,5,20.26,37.81,1012.50,6.23"
08:47:11,"78,232,232,525,5,20.26,37.83,1012.52,6.08"
08:47:14,"76,231,231,525,5,20.25,37.82,1012.49,6.29"
08:47:15,PMS7003 checksum failed
08:47:16,"76,231,231,525,5,20.25,37.85,1012.49,6.30"
08:47:18,"75,231,231,525,5,20.25,37.83,1012.51,6.15"
08:47:20,"75,229,229,525,5,20.26,37.86,1012.53,6.02"
08:47:23,"75,229,229,525,5,20.26,37.85,1012.52,6.08"
08:47:25,"75,229,229,525,5,20.25,37.85,1012.54,5.95"
08:47:27,"75,229,229,525,5,20.25,37.83,1012.52,6.05"
08:47:29,"73,228,228,525,5,20.25,37.83,1012.51,6.18"
08:47:31,"73,228,228,525,5,20.24,37.86,1012.52,6.05"
08:47:34,"73,228,228,525,5,20.25,37.86,1012.52,6.08"
08:47:36,"73,228,228,525,5,20.25,37.88,1012.53,5.97"
08:47:38,"73,228,228,525,5,20.26,37.88,1012.49,6.30"
08:47:40,"73,228,228,525,5,20.25,37.90,1012.52,6.06"
08:47:42,"75,231,231,525,5,20.25,37.93,1012.52,6.06"
08:47:45,"75,231,231,524,5,20.25,37.94,1012.54,5.94"
08:47:47,"75,231,231,524,5,20.25,37.95,1012.51,6.13"
08:47:49,"75,231,231,524,5,20.25,37.96,1012.52,6.10"
08:47:51,"78,232,232,524,5,20.24,37.96,1012.50,6.24"
08:47:54,"78,234,234,524,5,20.25,37.96,1012.54,6.00"
08:47:56,"78,234,234,524,5,20.25,37.97,1012.50,6.28"
08:47:58,"76,232,232,524,5,20.26,37.96,1012.53,5.96"
08:48:00,"75,231,231,523,5,20.25,37.95,1012.49,6.30"
08:48:02,"75,231,231,523,5,20.24,37.97,1012.50,6.29"
08:48:05,"75,231,231,523,5,20.26,37.96,1012.53,5.97"
08:48:07,"75,229,229,523,5,20.26,37.96,1012.51,6.19"
08:48:09,"75,229,229,523,5,20.26,37.97,1012.52,6.07"
08:48:11,"75,228,228,523,5,20.26,37.97,1012.49,6.30"
08:48:13,"75,228,228,523,5,20.26,37.97,1012.52,6.07"
08:48:16,"75,228,228,523,5,20.26,37.97,1012.51,6.17"
08:48:18,"73,225,225,523,5,20.26,37.97,1012.51,6.18"
08:48:20,"225,225,523,5,20.25,37.97,1012.52,6.12"
08:48:22,"73,223,223,522,5,20.25,37.97,1012.50,6.24"
08:48:25,"73,223,223,522,5,20.25,37.97,1012.50,6.23"
08:48:27,"72,223,223,523,5,20.26,37.98,1012.51,6.13"
08:48:29,"72,222,222,523,5,20.26,37.98,1012.54,5.91"
08:48:31,"70,219,219,523,5,20.26,37.98,1012.51,6.14"
08:48:33,"69,219,219,522,5,20.25,37.98,1012.51,6.16"
08:48:36,"69,219,219,522,5,20.26,38.01,1012.54,5.99"
08:48:38,"69,219,219,522,5,20.25,37.98,1012.52,6.09"
08:48:40,"66,219,219,522,5,20.26,37.98,1012.52,6.09"
08:48:42,"66,219,219,522,5,20.25,38.00,1012.52,6.12"
08:48:44,"67,219,219,522,5,20.26,38.00,1012.53,6.01"
08:48:47,"67,219,219,522,5,20.26,38.00,1012.53,6.00"
08:48:49,"67,219,219,523,5,20.24,38.00,1012.51,6.13"
08:48:51,"67,219,219,522,5,20.24,38.00,1012.52,6.12"
08:48:53,"67,219,219,522,5,20.25,38.00,1012.52,6.05"
08:48:56,"67,219,219,522,5,20.24,38.01,1012.54,5.89"
08:48:58,"67,219,219,523,5,20.25,38.02,1012.56,5.79"
08:49:00,"67,217,217,523,5,20.24,38.03,1012.54,5.95"
08:49:02,"66,216,216,523,5,20.24,38.00,1012.53,6.03"
08:49:03,PMS7003 checksum failed
08:49:04,"66,216,216,523,5,20.25,37.98,1012.53,6.01"
08:49:07,"66,214,214,524,5,20.25,37.97,1012.54,5.92"
08:49:09,"66,214,214,524,5,20.24,37.98,1012.51,6.20"
08:49:11,"64,208,208,524,5,20.24,37.98,1012.50,6.22"
08:49:13,"63,205,205,525,5,20.24,38.01,1012.51,6.17"
08:49:16,"63,205,205,525,5,20.24,38.01,1012.53,5.96"
08:49:18,"63,204,204,525,5,20.25,38.00,1012.55,5.87"
08:49:20,"63,204,204,526,5,20.25,38.00,1012.54,5.94"
08:49:22,"63,204,204,526,5,20.24,38.02,1012.53,5.97"
08:49:24,"63,204,204,527,5,20.25,38.03,1012.52,6.05"
08:49:27,"63,204,204,527,5,20.25,38.04,1012.53,6.00"
08:49:29,"63,205,205,527,5,20.25,38.05,1012.52,6.10"
08:49:31,"63,205,205,528,5,20.25,38.05,1012.52,6.04"
08:49:33,"63,207,207,528,5,20.25,38.04,1012.53,6.01"
08:49:35,"61,207,207,529,5,20.25,38.07,1012.54,5.92"
08:49:37,PMS7003 checksum failed
08:49:38,"60,205,205,529,5,20.25,38.07,1012.54,5.95"
08:49:40,"60,204,204,529,5,20.25,38.07,1012.51,6.19"
08:49:42,"60,202,202,530,5,20.24,38.08,1012.52,6.06"
08:49:44,"60,202,202,530,5,20.25,38.08,1012.53,5.98"
08:49:47,"60,202,202,530,5,20.24,38.07,1012.53,5.96"
08:49:49,"60,202,202,530,5,20.24,38.05,1012.57,5.68"
08:49:51,"60,202,202,531,5,20.24,38.05,1012.53,5.98"
08:49:53,"60,202,202,531,5,20.24,38.07,1012.52,6.04"
08:49:55,"60,204,204,531,5,20.24,38.07,1012.52,6.04"
08:49:58,"60,204,204,531,5,20.24,38.07,1012.53,5.96"
08:50:00,"60,204,204,532,5,20.24,38.06,1012.52,6.05"
08:50:02,"60,204,204,532,5,20.23,38.10,1012.50,6.18"
08:50:04,"60,204,204,532,5,20.24,38.06,1012.52,6.10"
08:50:07,"60,204,204,533,5,20.23,38.06,1012.49,6.32"
08:50:09,"63,210,210,533,5,20.23,38.06,1012.49,6.32"
08:50:11,"63,210,210,533,5,20.23,38.08,1012.51,6.16"
08:50:13,"63,210,210,533,5,20.24,38.08,1012.52,6.10"
08:50:15,"63,207,207,533,5,20.23,38.08,1012.54,5.94"
08:50:18,"63,207,207,533,5,20.24,38.09,1012.53,5.95"
08:50:20,"63,205,205,533,5,20.24,38.09,1012.52,6.05"
08:50:22,"63,205,205,534,5,20.23,38.09,1012.57,5.64"
08:50:24,"61,204,204,533,5,20.23,38.09,1012.53,6.00"
08:50:26,"61,204,204,533,5,20.24,38.09,1012.53,6.02"
08:50:29,"61,204,204,534,5,20.24,38.09,1012.52,6.05"
08:50:31,"63,205,205,534,5,20.23,38.11,1012.52,6.06"
08:50:33,"63,205,205,534,5,20.24,38.10,1012.53,5.98"
08:50:35,"61,205,205,534,5,20.23,38.11,1012.51,6.16"
08:50:38,"63,204,204,534,5,20.23,38.12,1012.49,6.32"
08:50:40,"63,204,204,534,5,20.23,38.12,1012.53,5.98"
08:50:42,"63,204,204,534,5,20.23,38.11,1012.51,6.15"
08:50:44,"63,204,204,534,5,20.23,38.12,1012.52,6.11"
08:50:46,"63,204,204,534,5,20.24,38.12,1012.53,5.98"
08:50:49,"61,202,202,534,5,20.23,38.12,1012.53,5.97"
08:50:51,"61,202,202,533,5,20.24,38.13,1012.54,5.91"
08:50:53,"61,202,202,534,5,20.24,38.13,1012.54,5.88"
08:50:55,"60,201,201,534,5,20.24,38.13,1012.53,5.99"
08:50:57,"60,201,201,534,5,20.23,38.14,1012.53,5.96"
08:51:00,"61,204,204,534,5,20.23,38.13,1012.54,5.94"
08:51:02,"61,207,207,534,5,20.23,38.13,1012.52,6.06"
08:51:04,"61,207,207,534,5,20.23,38.15,1012.55,5.80"
08:51:06,"61,207,207,534,5,20.23,38.16,1012.55,5.85"
08:51:09,"63,207,207,534,5,20.23,38.13,1012.53,6.03"
08:51:11,"63,208,208,533,5,20.23,38.14,1012.53,6.03"
08:51:13,"63,210,210,534,5,20.22,38.14,1012.49,6.31"
08:51:15,"63,207,207,534,5,20.23,38.16,1012.51,6.13"
08:51:17,"63,207,207,534,5,20.23,38.17,1012.53,6.02"
08:51:20,"63,207,207,534,5,20.23,38.16,1012.53,6.03"
08:51:22,"63,207,207,534,5,20.23,38.13,1012.54,5.91"
08:51:23,PMS7003 checksum failed
08:51:24,"61,201,201,534,5,20.22,38.14,1012.51,6.14"
08:51:26,"61,201,201,535,5,20.23,38.14,1012.54,5.93"
08:51:29,"60,199,199,535,5,20.23,38.13,1012.55,5.79"
08:51:31,"60,199,199,535,5,20.22,38.14,1012.53,5.96"
08:51:33,"60,198,198,535,5,20.22,38.12,1012.51,6.14"
08:51:35,"60,198,198,535,5,20.21,38.12,1012.52,6.07"
08:51:37,"60,198,198,536,5,20.21,38.13,1012.49,6.35"
08:51:40,"60,198,198,535,5,20.21,38.13,1012.52,6.06"
08:51:42,"60,198,198,536,5,20.21,38.14,1012.50,6.26"
08:51:44,"60,198,198,536,5,20.21,38.14,1012.52,6.04"
08:51:46,"60,198,198,536,5,20.21,38.15,1012.51,6.18"
08:51:48,"60,198,198,536,5,20.21,38.13,1012.52,5.85"
08:51:51,"60,198,198,536,5,20.20,38.14,1012.51,6.18"
08:51:53,"60,198,198,536,5,20.20,38.15,1012.49,6.29"
08:51:55,"60,199,199,536,5,20.21,38.15,1012.50,6.21"
08:51:57,"60,196,196,537,5,20.20,38.17,1012.54,5.92"
08:52:00,"60,195,195,536,5,20.20,38.17,1012.53,5.97"
08:52:02,"60,195,195,537,5,20.20,38.17,1012.54,5.94"
08:52:04,"61,196,196,537,5,20.20,38.17,1012.53,6.00"
08:52:06,"60,198,198,536,5,20.20,38.18,1012.51,6.17"
08:52:08,"60,196,196,536,5,20.20,38.20,1012.54,5.94"
08:52:11,"60,196,196,537,5,20.19,38.19,1012.52,6.08"
08:52:13,"60,196,196,537,5,20.20,38.19,1012.51,6.13"
08:52:15,"60,196,196,537,5,20.20,38.19,1012.52,6.06"
08:52:17,"60,195,195,537,5,20.20,38.18,1012.55,5.82"
08:52:20,"60,195,195,537,5,20.20,38.19,1012.52,6.05"
08:52:22,"60,195,195,537,5,20.20,38.19,1012.53,6.01"
08:52:24,"60,195,195,536,5,20.20,38.19,1012.53,5.99"
08:52:26,"57,195,195,536,5,20.20,38.18,1012.53,6.01"
08:52:28,"57,193,193,536,5,20.20,38.19,1012.55,5.82"
08:52:31,"58,193,193,537,5,20.20,38.17,1012.52,6.15"
08:52:33,"58,192,192,537,5,20.21,38.19,1012.52,6.11"
08:52:35,"58,192,192,537,5,20.21,38.20,1012.52,6.11"
08:52:37,"58,192,192,537,5,20.21,38.21,1012.50,6.28"
08:52:39,"58,192,192,537,5,20.21,38.20,1012.53,5.97"
08:52:42,"58,192,192,537,5,20.21,38.20,1012.54,5.92"
08:52:44,"58,192,192,537,5,20.21,38.20,1012.54,5.93"
08:52:46,"58,192,192,536,5,20.21,38.20,1012.55,5.83"
08:52:48,"60,192,192,536,5,20.21,38.20,1012.50,6.23"
08:52:51,"60,192,192,537,5,20.21,38.20,1012.51,6.16"
08:52:53,"60,192,192,537,5,20.21,38.19,1012.53,6.01"
08:52:55,"0,192,192,537,5,20.21,38.19,1012.53,6.02"
08:52:57,"60,192,192,536,5,20.20,38.19,1012.51,6.17"
08:52:59,"60,192,192,536,5,20.19,38.19,1012.51,6.12"
08:53:02,"60,192,192,536,5,20.20,38.19,1012.54,5.89"
08:53:04,"60,193,193,536,5,20.20,38.19,1012.53,6.02"
08:53:06,"60,193,193,536,5,20.19,38.18,1012.53,6.01"
08:53:08,"60,193,193,535,5,20.20,38.18,1012.52,6.05"
08:53:10,"60,193,193,535,5,20.20,38.19,1012.53,5.96"
08:53:13,"60,193,193,535,5,20.21,38.18,1012.53,5.97"
08:53:15,"57,190,190,535,5,20.21,38.20,1012.54,5.95"
08:53:17,"57,189,189,535,5,20.20,38.21,1012.52,6.06"
08:53:19,"57,189,189,535,5,20.20,38.21,1012.54,5.92"
08:53:22,"57,189,189,534,5,20.21,38.22,1012.54,5.87"
08:53:24,"57,189,189,534,5,20.21,38.21,1012.54,5.95"
08:53:26,"57,187,187,534,5,20.21,38.21,1012.52,6.08"
08:53:28,"57,187,187,534,5,20.21,38.22,1012.53,5.98"
08:53:30,"57,186,186,534,5,20.20,38.21,1012.51,6.14"
08:53:33,"57,186,186,534,5,20.20,38.21,1012.55,5.86"
08:53:35,"57,184,184,533,5,20.20,38.21,1012.51,6.14"
08:53:36,PMS7003 checksum failed
08:53:37,"57,184,184,533,5,20.20,38.23,1012.53,6.03"
08:53:39,"57,183,183,533,5,20.19,38.23,1012.52,6.07"
08:53:42,"57,183,183,533,5,20.19,38.22,1012.51,6.18"
08:53:44,"57,180,180,533,5,20.19,38.23,1012.54,5.88"
08:53:46,"57,178,178,532,5,20.20,38.22,1012.56,5.73"
08:53:48,"57,178,178,532,5,20.19,38.23,1012.48,6.43"
08:53:49,PMS7003 checksum failed
08:53:50,"57,177,177,531,5,20.20,38.23,1012.50,6.24"
08:53:53,"57,178,178,531,5,20.20,38.22,1012.52,6.08"
08:53:55,"57,178,178,531,5,20.20,38.23,1012.52,6.09"
08:53:57,"57,178,178,531,5,20.20,38.23,1012.49,6.30"
08:53:59,"55,180,180,531,5,20.20,38.22,1012.48,6.40"
08:54:02,"55,180,180,531,5,20.19,38.22,1012.50,6.28"
08:54:04,"55,180,180,530,5,20.20,38.22,1012.51,6.19"
08:54:06,"55,180,180,530,5,20.20,38.22,1012.47,6.51"
08:54:08,"55,180,180,530,5,20.20,38.22,1012.51,6.16"
08:54:10,"55,180,180,530,5,20.19,38.22,1012.52,6.10"
08:54:13,"54,181,181,530,5,20.20,38.22,1012.48,6.37"
08:54:15,"54,181,181,529,5,20.20,38.21,1012.50,6.27"
08:54:17,"54,181,181,529,5,20.19,38.21,1012.51,6.18"
08:54:19,"54,181,181,529,5,20.19,38.21,1012.51,6.20"
08:54:21,"54,181,181,529,5,20.19,38.21,1012.48,6.38"
08:54:24,"54,181,181,529,5,20.19,38.19,1012.49,6.33"
08:54:26,"54,181,181,529,5,20.18,38.20,1012.49,6.32"
08:54:28,"52,180,180,529,5,20.19,38.21,1012.47,6.51"
08:54:30,"52,180,180,529,5,20.18,38.22,1012.52,6.10"
08:54:33,"52,180,180,529,5,20.18,38.23,1012.51,6.19"
08:54:35,"52,180,180,529,5,20.18,38.25,1012.49,6.33"
08:54:37,"55,181,181,529,5,20.18,38.25,1012.51,6.14"
08:54:39,"55,181,181,529,5,20.18,38.26,1012.49,6.32"
08:54:41,"55,181,181,529,5,20.18,38.25,1012.50,6.25"
08:54:44,"54,180,180,529,5,20.18,38.23,1012.47,6.50"
08:54:46,"54,180,180,529,5,20.19,38.25,1012.52,6.09"
08:54:48,"54,181,181,529,5,20.18,38.27,1012.49,6.34"
08:54:50,"55,183,183,530,5,20.18,38.25,1012.50,6.23"
08:54:52,"55,183,183,530,5,20.19,38.26,1012.51,6.17"
08:54:55,"55,183,183,530,5,20.18,38.25,1012.51,6.19"
08:54:57,"55,183,183,530,5,20.18,38.26,1012.49,6.31"
08:54:59,"54,181,181,530,5,20.19,38.26,1012.51,6.20"
08:55:01,"52,180,180,530,5,20.19,38.27,1012.49,6.32"
08:55:04,"52,180,180,530,5,20.19,38.26,1012.51,6.14"
08:55:06,"52,180,180,529,5,20.19,38.28,1012.47,6.46"
08:55:08,"52,180,180,530,5,20.19,38.27,1012.49,6.31"
08:55:10,"52,180,180,530,5,20.19,38.26,1012.49,6.31"
08:55:12,"52,177,177,529,5,20.19,38.26,1012.50,6.27"
08:55:15,"52,177,177,529,5,20.18,38.27,1012.49,6.29"
08:55:17,"52,177,177,529,5,20.19,38.27,1012.50,6.23"
08:55:19,"52,177,177,529,5,20.19,38.27,1012.46,6.60"
08:55:21,"51,177,177,529,5,20.19,38.28,1012.47,6.48"
08:55:23,"51,175,175,529,5,20.19,38.30,1012.48,6.41"
08:55:26,"51,174,174,530,5,20.19,38.30,1012.50,6.22"
08:55:28,"51,172,172,529,5,20.19,38.30,1012.48,6.41"
08:55:30,"51,172,172,530,5,20.19,38.32,1012.48,6.43"
08:55:32,"51,174,174,530,5,20.18,38.31,1012.48,6.39"
08:55:35,"51,174,174,530,5,20.19,38.32,1012.49,6.35"
08:55:37,"51,175,175,530,5,20.19,38.33,1012.49,6.37"
08:55:39,"51,177,177,529,5,20.19,38.32,1012.47,6.52"
08:55:41,"51,177,177,530,5,20.20,38.32,1012.48,6.37"
08:55:43,"51,177,177,530,5,20.19,38.32,1012.49,6.30"
08:55:46,"51,177,177,530,5,20.18,38.31,1012.48,6.43"
08:55:48,"51,177,177,530,5,20.18,38.31,1012.49,6.32"
08:55:50,"52,174,174,530,5,20.19,38.32,1012.51,6.20"
08:55:52,"52,174,174,529,5,20.19,38.32,1012.47,6.51"
08:55:54,"52,174,174,530,5,20.18,38.34,1012.45,6.63"
08:55:57,"52,174,174,530,5,20.18,38.33,1012.48,6.45"
08:55:58,PMS7003 checksum failed
08:55:59,"52,175,175,530,5,20.19,38.32,1012.50,6.26"
08:56:01,"52,175,175,530,5,20.19,38.30,1012.50,6.24"
08:56:03,"52,175,175,530,5,20.18,38.29,1012.48,6.43"
08:56:06,"52,174,174,530,5,20.18,38.31,1012.48,6.38"
08:56:08,"52,174,174,530,5,20.18,38.34,1012.48,6.45"
08:56:10,"52,174,174,530,5,20.18,38.31,1012.47,6.52"
08:56:12,"54,172,172,529,5,20.18,38.28,1012.49,6.33"
08:56:14,"54,172,172,529,5,20.17,38.33,1012.49,6.33"
08:56:17,"54,171,172,530,5,20.17,38.33,1012.46,6.54"
08:56:19,"54,171,172,530,5,20.17,38.32,1012.48,6.38"
08:56:21,"54,171,172,530,5,20.17,38.31,1012.49,6.34"
08:56:23,"55,174,174,529,5,20.16,38.32,1012.46,6.62"
08:56:26,"57,174,175,529,5,20.16,38.32,1012.48,6.43"
08:56:28,"57,174,175,529,5,20.17,38.32,1012.47,6.49"
08:56:30,"57,174,175,529,5,20.16,38.32,1012.47,6.47"
08:56:32,"57,174,175,528,5,20.17,38.31,1012.48,6.39"
08:56:33,PMS7003 checksum failed
08:56:34,"57,177,177,528,5,20.16,38.33,1012.45,6.64"
08:56:37,"57,177,177,528,5,20.15,38.31,1012.47,6.48"
08:56:39,"57,177,177,528,5,20.16,38.31,1012.48,6.41"
08:56:41,"57,177,177,528,5,20.16,38.32,1012.47,6.49"
08:56:43,"57,177,177,528,5,20.16,38.32,1012.47,6.48"
08:56:46,"57,177,177,527,5,20.16,38.32,1012.45,6.67"
08:56:48,"57,177,177,527,5,20.16,38.32,1012.46,6.56"
08:56:50,"57,177,177,527,5,20.16,38.33,1012.47,6.53"
08:56:52,"57,177,177,527,5,20.16,38.34,1012.47,6.52"
08:56:54,"57,177,177,527,5,20.16,38.35,1012.47,6.47"
08:56:57,"55,174,174,527,5,20.16,38.36,1012.48,6.39"
08:56:59,"55,171,171,527,5,20.15,38.36,1012.45,6.69"
08:57:01,"55,172,174,527,5,20.15,38.36,1012.50,6.27"
08:57:03,"55,172,174,527,5,20.16,38.36,1012.49,6.31"
08:57:05,"54,172,174,527,5,20.16,38.37,1012.49,6.35"
08:57:08,"54,174,174,527,5,20.15,38.37,1012.45,6.66"
08:57:09,PMS7003 checksum failed
08:57:10,"54,171,171,527,5,20.15,38.38,1012.49,6.34"
08:57:12,"54,171,171,526,5,20.15,38.37,1012.46,6.55"
08:57:14,"54,171,171,526,5,20.15,38.37,1012.47,6.50"
08:57:17,",172,172,527,5,20.16,38.37,1012.50,6.21"
08:57:19,"54,171,171,527,5,20.15,38.37,1012.48,6.41"
08:57:21,"54,171,171,527,5,20.16,38.36,1012.53,6.03"
08:57:23,"52,171,171,527,5,20.15,38.37,1012.47,6.48"
08:57:25,"52,171,171,527,5,20.15,38.33,1012.50,6.34"
08:57:28,"52,171,171,527,5,20.15,38.35,1012.48,6.38"
08:57:30,"52,171,171,527,5,20.15,38.35,1012.48,6.44"
08:57:32,"52,171,171,527,5,20.15,38.35,1012.49,6.31"
08:57:34,"52,171,171,527,5,20.15,38.36,1012.49,6.35"
08:57:37,"52,172,172,527,5,20.15,38.35,1012.46,6.58"
08:57:39,"52,172,172,527,5,20.16,38.36,1012.49,6.35"
08:57:41,"52,174,174,527,5,20.16,38.36,1012.48,6.39"
08:57:43,"54,174,174,528,5,20.16,38.36,1012.48,6.43"
08:57:44,PMS7003 checksum failed
08:57:45,"52,177,177,528,5,20.15,38.36,1012.51,6.16"
08:57:48,"52,177,177,528,5,20.15,38.37,1012.49,6.29"
08:57:50,"52,177,177,528,5,20.16,38.36,1012.51,6.15"
08:57:52,"52,177,177,528,5,20.16,38.37,1012.51,6.20"
08:57:54,"52,175,175,527,5,20.15,38.37,1012.48,6.37"
08:57:57,"52,175,175,527,5,20.15,38.38,1012.51,6.15"
08:57:59,"52,171,171,528,5,20.15,38.37,1012.48,6.45"
08:58:01,"52,171,171,527,5,20.15,38.36,1012.51,6.15"
08:58:03,"52,171,171,527,5,20.15,38.33,1012.51,6.15"
08:58:05,"52,171,171,527,5,20.14,38.31,1012.48,6.38"
08:58:08,"51,168,168,527,5,20.14,38.31,1012.49,6.35"
08:58:10,"52,168,168,527,5,20.14,38.33,1012.50,6.27"
08:58:12,"52,165,165,527,5,20.14,38.34,1012.48,6.38"
08:58:14,"52,165,165,527,5,20.14,38.36,1012.49,6.34"
08:58:16,"51,165,165,527,5,20.14,38.36,1012.50,6.24"
08:58:19,"51,165,165,527,5,20.15,38.37,1012.52,6.07"
08:58:21,"51,165,165,527,5,20.15,38.36,1012.51,6.19"
08:58:23,"51,162,162,527,5,20.15,38.36,1012.49,6.29"
08:58:25,"51,162,162,527,5,20.15,38.35,1012.51,6.15"
08:58:28,"51,162,162,527,5,20.14,38.36,1012.47,6.48"
08:58:30,"51,162,162,527,5,20.14,38.36,1012.50,6.21"
08:58:32,"51,162,162,527,5,20.14,38.37,1012.53,6.02"
08:58:34,"51,162,162,527,5,20.14,38.37,1012.50,6.22"
08:58:35,PMS7003 checksum failed
08:58:36,"51,162,162,527,5,20.15,38.38,1012.52,6.11"
08:58:39,"51,162,162,527,5,20.15,38.42,1012.50,6.31"
08:58:41,"51,162,162,528,5,20.15,38.39,1012.52,6.11"
08:58:43,"51,162,162,528,5,20.15,38.40,1012.51,6.13"
08:58:45,"51,162,162,528,5,20.15,38.39,1012.48,6.41"
08:58:48,"51,162,162,527,5,20.15,38.38,1012.50,6.24"
08:58:50,"51,162,162,527,5,20.15,38.36,1012.56,5.73"
08:58:52,"51,162,162,527,5,20.15,38.33,1012.50,6.22"
08:58:54,"51,162,162,527,5,20.15,38.32,1012.49,6.31"
08:58:56,"51,162,162,528,5,20.15,38.31,1012.53,6.02"
08:58:59,"51,162,162,527,5,20.15,38.32,1012.53,6.01"
08:59:01,"49,160,160,527,5,20.15,38.30,1012.48,6.39"
08:59:03,"49,160,160,527,5,20.15,38.31,1012.54,5.94"
08:59:05,"49,160,160,527,5,20.16,38.31,1012.52,6.08"
08:59:07,"49,160,160,527,5,20.16,38.29,1012.47,6.46"
08:59:10,"49,160,160,527,5,20.15,38.30,1012.50,6.22"
08:59:11,PMS7003 checksum failed
08:59:12,"51,160,160,527,5,20.16,38.30,1012.51,6.20"
08:59:14,"51,159,159,527,5,20.16,38.30,1012.52,6.05"
08:59:16,"51,159,159,527,5,20.16,38.30,1012.53,5.99"
08:59:19,"51,159,159,527,5,20.16,38.32,1012.54,5.94"
08:59:21,"51,159,159,527,5,20.15,38.35,1012.53,6.00"
08:59:23,"51,159,159,526,5,20.14,38.35,1012.55,5.82"
08:59:25,"51,159,159,526,5,20.14,38.37,1012.51,6.19"
08:59:27,"51,159,159,526,5,20.15,38.38,1012.54,5.88"
08:59:30,"51,160,160,526,5,20.14,38.43,1012.54,5.93"
08:59:32,"51,160,160,526,5,20.14,38.40,1012.50,6.23"
08:59:34,"51,160,160,526,5,20.14,38.40,1012.53,5.98"
08:59:36,"49,159,159,525,5,20.14,38.42,1012.53,6.01"
08:59:39,"49,159,159,525,5,20.13,38.43,1012.52,6.10"
08:59:41,"49,159,159,525,5,20.13,38.44,1012.53,5.98"
08:59:43,"49,159,159,525,5,20.14,38.44,1012.53,6.04"
08:59:45,"49,160,160,525,5,20.13,38.43,1012.51,6.16"
08:59:47,"49,160,160,525,5,20.14,38.42,1012.53,6.01"
08:59:50,"51,162,162,525,5,20.14,38.42,1012.54,5.91"
08:59:52,"51,160,160,525,5,20.14,38.40,1012.52,6.04"
08:59:54,"51,160,160,525,5,20.14,38.42,1012.55,5.87"
08:59:56,"49,159,159,525,5,20.14,38.39,1012.50,6.21"
08:59:58,"49,159,159,525,5,20.14,38.38,1012.55,5.85"
09:00:01,"49,159,159,525,5,20.14,38.38,1012.53,6.02"
09:00:03,"49,157,157,525,5,20.14,38.37,1012.52,6.09"
09:00:05,"49,157,157,525,5,20.14,38.37,1012.52,6.06"
09:00:07,"49,157,157,524,5,20.14,38.37,1012.54,5.93"
09:00:10,"49,156,156,524,5,20.15,38.37,1012.56,5.76"
09:00:12,"49,156,156,524,5,20.14,38.43,1012.55,5.81"
09:00:14,"49,156,156,524,5,20.14,38.37,1012.53,6.01"
09:00:16,"49,156,156,524,5,20.14,38.36,1012.52,6.09"
09:00:18,"51,157,157,524,5,20.14,38.37,1012.55,5.84"
09:00:21,"51,157,157,524,5,20.14,38.38,1012.55,5.84"
09:00:23,"1,156,156,523,5,20.13,38.38,1012.54,5.87"
09:00:25,"51,156,156,524,5,20.14,38.38,1012.55,5.87"
09:00:27,"51,156,156,524,5,20.13,38.38,1012.53,5.97"
09:00:29,"51,154,154,524,5,20.14,38.38,1012.53,5.99"
09:00:32,"51,156,156,524,5,20.14,38.37,1012.51,6.15"
09:00:34,"51,156,156,524,5,20.14,38.39,1012.53,6.04"
09:00:36,"51,156,156,524,5,20.14,38.37,1012.56,5.78"
09:00:38,"51,156,156,524,5,20.14,38.38,1012.54,5.87"
09:00:41,"51,156,156,524,5,20.14,38.39,1012.52,6.09"
09:00:43,"51,156,156,524,5,20.14,38.39,1012.53,5.99"
09:00:45,"51,156,156,524,5,20.14,38.38,1012.51,6.19"
12:34:33,"49,156,156,524,5,20.13,38.39,1012.55,5.83"
12:34:33,"49,156,156,524,5,20.13,38.39,1012.51,6.13"
12:34:33,"49,156,156,524,5,20.13,38.38,1012.52,6.06"
12:34:33,"49,154,154,524,5,20.12,38.39,1012.54,5.88"
12:34:33,"51,156,156,524,5,20.13,38.40,1012.53,5.99"
12:34:33,"51,156,156,524,5,20.13,38.41,1012.57,5.68"
12:34:33,"51,156,156,524,5,20.13,38.41,1012.53,5.97"
12:34:33,"51,156,156,524,5,20.12,38.45,1012.53,6.04"
12:34:33,"49,153,153,523,5,20.12,38.44,1012.55,5.86"
12:34:33,"49,151,151,523,5,20.12,38.45,1012.53,6.03"
12:34:33,"49,153,153,523,5,20.11,38.45,1012.49,6.31"
12:34:33,"49,151,151,523,5,20.12,38.46,1012.54,5.87"
12:34:33,"49,151,151,524,5,20.12,38.46,1012.54,5.91"
12:34:33,"49,153,153,524,5,20.11,38.48,1012.50,5.92"
12:34:33,PMS7003 checksum failed
12:34:33,"49,154,154,524,5,20.12,38.45,1012.52,6.06"
12:34:33,"49,154,154,524,5,20.12,38.46,1012.54,5.89"
12:34:33,"49,156,156,524,5,20.12,38.47,1012.52,6.03"
12:34:33,"49,156,156,524,5,20.11,38.48,1012.51,6.19"
12:34:33,"49,156,156,524,5,20.11,38.48,1012.55,5.85"
12:34:33,"49,154,154,524,5,20.12,38.47,1012.54,5.93"
12:34:33,"49,154,154,524,5,20.12,38.48,1012.56,5.77"
12:34:33,"49,154,154,524,5,20.12,38.49,1012.54,5.89"
12:34:33,"49,154,154,524,5,20.12,38.48,1012.52,6.09"
12:34:33,"49,154,154,524,5,20.12,38.48,1012.54,5.89"
12:34:33,"49,154,154,524,5,20.11,38.48,1012.52,6.07"
12:34:33,"49,156,156,524,5,20.11,38.49,1012.52,6.07"
12:34:33,"49,156,156,525,5,20.11,38.48,1012.53,5.96"
12:34:33,"49,156,156,525,5,20.11,38.47,1012.56,5.75"
12:34:33,"49,156,156,525,5,20.11,38.47,1012.52,6.11"
12:34:33,"51,156,156,525,5,20.11,38.46,1012.53,5.96"
12:34:33,"51,156,156,525,5,20.11,38.46,1012.54,5.92"
12:34:33,"51,154,154,525,5,20.11,38.47,1012.53,6.03"
12:34:33,"51,154,154,525,5,20.11,38.47,1012.54,5.95"
12:34:33,"51,154,154,525,5,20.11,38.47,1012.53,5.97"
12:34:33,"51,156,156,525,5,20.11,38.48,1012.57,5.66"
12:34:33,"51,156,156,525,5,20.11,38.48,1012.54,5.93"
12:34:33,"51,156,156,525,5,20.11,38.48,1012.55,5.83"
12:34:33,"51,156,156,525,5,20.11,38.47,1012.52,6.08"
12:34:33,"51,156,156,525,5,20.12,38.47,1012.54,5.89"
12:34:33,"51,156,156,525,5,20.11,38.46,1012.53,6.04"
12:34:33,"52,156,156,525,5,20.11,38.46,1012.56,5.76"
12:34:33,"52,156,156,525,5,20.11,38.45,1012.50,6.26"
12:34:33,"52,156,156,525,5,20.11,38.46,1012.50,6.26"
12:34:33,"52,156,156,525,5,20.11,38.45,1012.52,6.07"
12:34:33,"51,156,156,526,5,20.11,38.45,1012.50,6.23"
12:34:33,"51,156,156,526,5,20.12,38.49,1012.52,5.98"
12:34:33,"51,156,156,526,5,20.12,38.45,1012.53,5.96"
12:34:33,PMS7003 checksum failed
12:34:33,"51,154,154,526,5,20.12,38.46,1012.54,5.91"
12:34:33,"51,153,153,526,5,20.11,38.46,1012.50,6.14"
12:34:33,"49,154,154,526,5,20.12,38.44,1012.55,5.83"
12:34:33,"49,154,154,526,5,20.12,38.43,1012.56,5.75"
12:34:33,",154,154,526,5,20.12,38.44,1012.56,5.73"
12:34:33,"49,154,154,526,5,20.11,38.42,1012.54,5.94"
12:34:33,"49,156,156,527,5,20.12,38.41,1012.51,6.13"
12:34:33,"49,156,156,526,5,20.11,38.42,1012.55,5.84"
12:34:33,"49,156,156,527,5,20.11,38.41,1012.50,6.22"
12:34:33,"49,156,156,527,5,20.11,38.42,1012.52,6.06"
12:34:33,"49,156,156,527,5,20.11,38.45,1012.53,5.97"
12:34:33,"49,156,156,527,5,20.11,38.47,1012.52,6.04"
12:34:33,"49,156,156,527,5,20.11,38.46,1012.54,5.90"
12:34:33,"49,156,156,527,5,20.11,38.46,1012.52,6.09"
12:34:33,"49,156,156,527,5,20.10,38.47,1012.52,6.05"
12:34:33,"49,154,154,527,5,20.11,38.47,1012.54,5.90"
12:34:33,"49,153,153,527,5,20.11,38.46,1012.50,6.27"
12:34:33,",153,153,527,5,20.11,38.47,1012.53,6.02"
12:34:33,"49,153,153,527,5,20.10,38.47,1012.50,6.21"
12:34:33,"49,153,153,527,5,20.10,38.47,1012.52,6.09"
12:34:33,"49,153,153,527,5,20.11,38.48,1012.53,5.99"
12:34:33,"49,153,153,527,5,20.10,38.46,1012.53,5.98"
12:34:33,"49,154,154,526,5,20.10,38.48,1012.51,6.16"
12:34:33,"49,154,154,527,5,20.11,38.50,1012.51,6.19"
12:34:33,"49,153,153,527,5,20.11,38.52,1012.54,5.92"
12:34:33,"49,153,153,527,5,20.10,38.53,1012.53,5.98"
12:34:33,"49,153,153,527,5,20.10,38.53,1012.50,6.23"
12:34:33,"51,153,153,526,5,20.10,38.53,1012.48,6.40"
12:34:33,"51,153,153,526,5,20.10,38.52,1012.49,6.30"
12:34:33,"51,153,153,526,5,20.10,38.52,1012.52,6.11"
12:34:33,"51,153,153,526,5,20.11,38.54,1012.50,6.28"
12:34:33,"51,154,154,526,5,20.11,38.50,1012.52,6.09"
12:34:33,"51,154,154,527,5,20.11,38.52,1012.54,5.95"
12:34:33,"51,153,153,526,5,20.10,38.52,1012.49,6.31"
12:34:33,"51,154,154,526,5,20.11,38.49,1012.51,6.14"
12:34:33,"51,154,154,526,5,20.11,38.50,1012.54,5.94"
12:34:33,"51,156,156,526,5,20.11,38.49,1012.55,5.85"
12:34:33,"51,156,156,526,5,20.11,38.49,1012.53,5.97"
12:34:33,"51,159,159,526,5,20.11,38.47,1012.51,6.20"
12:34:33,"51,159,159,526,5,20.11,38.47,1012.51,6.19"
12:34:33,"51,159,159,526,5,20.11,38.46,1012.49,6.34"
12:34:33,PMS7003 checksum failed
12:34:33,"51,159,159,525,5,20.11,38.46,1012.51,6.13"
12:34:33,"51,160,160,525,5,20.11,38.47,1012.49,6.33"
12:34:33,"51,159,159,525,5,20.11,38.45,1012.51,6.20"
12:34:33,"51,159,159,525,5,20.11,38.46,1012.51,6.14"
12:34:33,"51,159,159,524,5,20.11,38.46,1012.51,6.19"
12:34:33,"51,159,159,524,5,20.11,38.47,1012.50,6.28"
12:34:33,"51,159,159,524,5,20.12,38.49,1012.54,5.95"
12:34:33,"51,159,159,524,5,20.12,38.49,1012.55,5.86"
12:34:33,"51,159,159,524,5,20.11,38.50,1012.50,6.28"
12:34:33,"51,159,159,524,5,20.10,38.50,1012.50,6.26"
12:34:33,"51,159,159,524,5,20.10,38.52,1012.51,6.20"
12:34:33,"49,157,157,524,5,20.10,38.50,1012.51,6.16"
12:34:33,"51,156,156,524,5,20.11,38.53,1012.52,6.09"
12:34:33,"51,156,156,523,5,20.10,38.50,1012.52,6.09"
12:34:33,"51,157,157,523,5,20.11,38.52,1012.55,5.84"
12:34:33,"51,156,156,523,5,20.11,38.52,1012.52,6.12"
12:34:33,",156,156,523,5,20.11,38.52,1012.51,6.15"
12:34:33,"51,156,156,523,5,20.11,38.53,1012.51,6.19"
12:34:33,"51,156,156,523,5,20.11,38.54,1012.54,5.91"
12:34:33,"51,156,156,522,5,20.11,38.54,1012.53,6.03"
12:34:33,"1,156,156,522,5,20.11,38.53,1012.52,6.09"
12:34:33,"51,156,156,522,5,20.10,38.54,1012.52,6.08"
12:34:33,"51,157,157,522,5,20.10,38.52,1012.53,5.97"
12:34:33,"51,157,157,523,5,20.10,38.53,1012.54,5.94"
12:34:33,"51,157,157,523,5,20.10,38.53,1012.52,6.07"
12:34:33,"51,157,157,523,5,20.10,38.52,1012.53,6.00"
12:34:33,"51,157,157,523,5,20.09,38.52,1012.54,5.91"
12:34:33,"51,159,159,523,5,20.09,38.51,1012.52,6.11"
12:34:33,"51,159,159,523,5,20.09,38.53,1012.52,6.12"
12:34:33,"51,159,159,523,5,20.09,38.53,1012.48,6.41"
12:34:33,"51,159,159,523,5,20.09,38.53,1012.50,6.24"
12:34:33,"51,159,159,523,5,20.09,38.51,1012.51,6.13"
12:34:33,"51,157,157,523,5,20.09,38.53,1012.52,6.08"
12:34:33,"51,156,156,523,5,20.10,38.52,1012.51,6.14"
12:34:33,"51,156,156,523,5,20.09,38.50,1012.52,6.08"
12:34:33,"51,156,156,523,5,20.09,38.49,1012.50,6.23"
12:34:33,"51,156,156,523,5,20.09,38.48,1012.50,6.21"
12:34:33,"51,156,156,523,5,20.09,38.50,1012.49,6.33"
12:34:33,"51,159,159,523,5,20.09,38.49,1012.47,6.52"
12:34:33,"51,159,159,523,5,20.09,38.48,1012.50,6.24"
12:34:33,"51,159,159,523,5,20.10,38.48,1012.49,6.33"
12:34:33,"51,159,159,523,5,20.10,38.48,1012.48,6.37"
12:34:33,"49,157,157,523,5,20.09,38.48,1012.47,6.49"
12:34:33,"49,159,159,523,5,20.10,38.48,1012.48,6.38"
12:34:33,"51,160,160,523,5,20.10,38.47,1012.50,6.28"
12:34:33,"51,160,160,523,5,20.10,38.47,1012.50,6.24"
12:34:33,"51,162,162,523,5,20.10,38.46,1012.50,6.21"
12:34:33,"51,162,162,524,5,20.10,38.47,1012.50,6.26"
12:34:33,"51,162,162,524,5,20.10,38.48,1012.50,6.26"
12:34:33,"51,163,163,524,5,20.10,38.47,1012.45,6.64"
12:34:33,"51,162,162,524,5,20.10,38.46,1012.48,6.41"
12:34:33,"51,162,162,524,5,20.10,38.45,1012.47,6.52"
12:34:33,"51,162,162,524,5,20.10,38.46,1012.47,6.51"
12:34:33,"51,162,162,524,5,20.10,38.47,1012.49,6.34"
12:34:33,"51,162,162,524,5,20.09,38.49,1012.49,6.35"
12:34:33,"51,162,162,525,5,20.10,38.50,1012.49,6.37"
12:34:33,"51,162,162,525,5,20.09,38.51,1012.52,6.11"
12:34:33,"52,163,163,525,5,20.09,38.54,1012.51,6.13"
12:34:33,PMS7003 checksum failed
12:34:33,"52,163,163,525,5,20.09,38.54,1012.50,6.24"
12:34:33,"52,163,163,525,5,20.09,38.55,1012.50,6.29"
12:34:33,"52,163,163,525,5,20.08,38.55,1012.50,6.22"
12:34:33,"52,165,165,525,5,20.08,38.56,1012.49,6.32"
12:34:33,"52,165,165,526,5,20.07,38.56,1012.49,6.36"
12:34:33,"52,165,165,526,5,20.07,38.56,1012.50,6.26"
12:34:33,"52,166,166,526,5,20.07,38.55,1012.49,6.31"
12:34:33,"52,166,166,526,5,20.07,38.56,1012.50,6.21"
12:34:33,"52,166,166,526,5,20.07,38.57,1012.46,6.60"
12:34:33,"52,166,166,526,5,20.07,38.57,1012.49,6.36"
12:34:33,"52,166,166,526,5,20.06,38.57,1012.48,6.37"
12:34:33,"52,165,165,526,5,20.07,38.56,1012.50,6.23"
12:34:33,"51,165,165,526,5,20.07,38.55,1012.49,6.31"
12:34:33,"51,165,165,526,5,20.06,38.56,1012.49,6.34"
12:34:33,"51,165,165,526,5,20.07,38.54,1012.51,6.14"
12:34:33,"51,165,165,526,5,20.07,38.52,1012.50,6.27"
12:34:33,PMS7003 checksum failed
12:34:33,"51,165,165,526,5,20.06,38.51,1012.47,6.50"
12:34:33,",165,165,526,5,20.06,38.51,1012.48,6.38"
12:34:33,"51,165,165,526,5,20.07,38.51,1012.50,6.26"
12:34:33,"51,163,163,526,5,20.07,38.50,1012.49,6.35"
12:34:33,"51,163,163,526,5,20.07,38.51,1012.49,6.31"
12:34:33,"51,163,163,526,5,20.08,38.50,1012.48,6.39"
12:34:33,PMS7003 checksum failed
12:34:33,"51,162,162,526,5,20.08,38.51,1012.48,6.45"
12:34:33,"51,162,162,526,5,20.07,38.50,1012.51,6.18"
12:34:33,"51,162,162,526,5,20.08,38.49,1012.49,6.37"
12:34:33,"51,162,162,526,5,20.07,38.48,1012.48,6.44"
12:34:33,"51,162,162,526,5,20.07,38.49,1012.48,6.41"
12:34:33,"51,162,162,526,5,20.07,38.48,1012.52,6.10"
12:34:33,"51,160,160,526,5,20.08,38.49,1012.49,6.32"
12:34:33,"51,160,160,526,5,20.08,38.49,1012.50,6.28"
12:34:33,"51,159,159,525,5,20.08,38.48,1012.48,6.42"
12:34:33,"51,159,159,525,5,20.08,38.48,1012.49,6.33"
12:34:33,"51,159,159,525,5,20.08,38.48,1012.51,6.19"
12:34:33,"51,159,159,525,5,20.08,38.49,1012.52,6.10"
12:34:33,"51,160,160,526,5,20.07,38.48,1012.47,6.47"
12:34:33,"51,160,160,525,5,20.08,38.49,1012.49,6.32"
12:34:33,"51,159,159,525,5,20.08,38.47,1012.49,6.36"
12:34:33,"51,159,159,525,5,20.08,38.48,1012.47,6.53"
12:34:33,PMS7003 checksum failed
12:34:33,"49,159,159,524,5,20.09,38.48,1012.49,6.34"
12:34:33,"49,159,159,524,5,20.09,38.48,1012.48,6.42"
12:34:33,"49,159,159,524,5,20.08,38.48,1012.48,6.43"
12:34:33,"49,157,157,524,5,20.08,38.49,1012.50,6.24"
12:34:33,"49,157,157,524,5,20.08,38.49,1012.47,6.48"
12:34:33,"49,157,157,523,5,20.08,38.50,1012.46,6.57"
12:34:33,"49,157,157,523,5,20.07,38.49,1012.49,6.33"
12:34:33,"49,157,157,523,5,20.07,38.49,1012.45,6.65"
12:34:33,"49,157,157,522,5,20.08,38.49,1012.50,6.27"
12:34:33,"51,159,159,522,5,20.07,38.48,1012.46,6.58"
12:34:33,"51,159,159,522,5,20.08,38.49,1012.49,6.31"
12:34:33,"51,156,156,522,5,20.08,38.49,1012.48,6.40"
12:34:33,"51,156,156,522,5,20.08,38.50,1012.50,6.25"
12:34:33,"51,156,156,522,5,20.08,38.50,1012.51,6.18"
12:34:33,"51,159,159,522,5,20.08,38.50,1012.50,6.24"
12:34:33,"51,159,159,522,5,20.08,38.50,1012.49,6.31"
12:34:33,PMS7003 checksum failed
12:34:33,"52,160,160,522,5,20.07,38.52,1012.50,6.22"
12:34:33,"52,160,160,522,5,20.08,38.54,1012.54,5.95"
12:34:33,"52,160,160,522,5,20.07,38.56,1012.47,6.46"
12:34:33,"52,162,162,522,5,20.07,38.55,1012.49,6.29"
12:34:33,"52,162,162,522,5,20.06,38.56,1012.50,6.24"
12:34:33,"52,163,163,522,5,20.06,38.57,1012.49,6.30"
12:34:33,"52,163,163,521,5,20.07,38.58,1012.51,6.17"
12:34:33,"52,163,163,521,5,20.07,38.56,1012.49,6.34"
12:34:33,"51,162,162,521,5,20.07,38.56,1012.47,6.52"
12:34:33,"51,162,162,521,5,20.07,38.56,1012.47,6.53"
12:34:33,"51,162,162,521,5,20.07,38.55,1012.51,6.20"
12:34:33,"51,163,163,521,5,20.07,38.54,1012.48,6.40"
12:34:33,"51,163,163,521,5,20.07,38.56,1012.49,6.29"
12:34:33,"51,163,163,521,5,20.07,38.54,1012.50,6.24"
12:34:33,"52,165,165,521,5,20.07,38.55,1012.49,6.33"
12:34:33,"54,168,168,521,5,20.08,38.55,1012.50,6.22"
12:34:33,PMS7003 checksum failed
12:34:33,"52,166,166,521,5,20.07,38.56,1012.50,6.21"
12:34:33,"52,165,165,521,5,20.07,38.56,1012.51,6.15"
12:34:33,"52,165,165,521,5,20.07,38.56,1012.54,5.95"
12:34:33,"52,162,162,521,5,20.06,38.56,1012.53,5.96"
12:34:33,"52,162,162,521,5,20.07,38.56,1012.51,6.17"
12:34:33,"52,162,162,521,5,20.07,38.57,1012.51,6.12"
12:34:33,"52,162,162,521,5,20.07,38.57,1012.46,6.55"
12:34:33,"52,162,162,521,5,20.06,38.58,1012.48,6.44"
12:34:33,"52,162,162,521,5,20.07,38.59,1012.50,6.24"
12:34:33,"52,162,162,521,5,20.07,38.59,1012.51,6.14"
12:34:33,"52,162,162,522,5,20.06,38.59,1012.51,6.16"
12:34:33,"51,160,160,522,5,20.06,38.58,1012.50,6.28"
12:34:33,"51,160,160,522,5,20.07,38.57,1012.49,6.31"
12:34:33,"51,160,160,522,5,20.07,38.56,1012.52,6.07"
12:34:33,"51,159,159,522,5,20.07,38.57,1012.53,6.02"
12:34:33,"51,157,157,522,5,20.07,38.57,1012.53,5.97"
12:34:33,PMS7003 checksum failed
12:34:33,"51,159,159,522,5,20.07,38.56,1012.55,5.84"
12:34:33,"51,159,159,522,5,20.08,38.56,1012.52,6.05"
12:34:33,"51,159,159,522,5,20.07,38.56,1012.52,6.12"
12:34:33,"51,162,162,523,5,20.08,38.57,1012.50,6.21"
12:34:33,"51,162,162,523,5,20.08,38.56,1012.50,6.25"
12:34:33,"51,162,162,523,5,20.07,38.54,1012.47,6.50"
12:34:33,"51,163,163,523,5,20.08,38.54,1012.47,6.47"
12:34:33,"51,163,163,523,5,20.08,38.55,1012.51,6.19"
12:34:33,"51,163,163,523,5,20.08,38.54,1012.47,6.48"
12:34:33,",163,163,523,5,20.08,38.51,1012.49,6.33"
12:34:33,"51,163,163,523,5,20.08,38.53,1012.49,6.36"
12:34:33,"51,162,162,523,5,20.08,38.50,1012.51,6.17"
12:34:33,"51,162,162,523,5,20.07,38.52,1012.49,6.37"
12:34:33,"162,162,523,5,20.08,38.51,1012.51,6.17"
12:34:33,"51,162,162,523,5,20.08,38.52,1012.48,6.43"
12:34:33,"49,160,160,523,5,20.08,38.53,1012.50,6.24"
12:34:33,PMS7003 checksum failed
12:34:33,"49,160,160,523,5,20.08,38.51,1012.52,6.07"
12:34:33,"49,162,162,523,5,20.08,38.51,1012.51,6.17"
12:34:33,"49,162,162,523,5,20.09,38.51,1012.49,6.34"
12:34:33,"49,162,162,523,5,20.08,38.51,1012.52,6.04"
12:34:33,"49,162,162,523,5,20.08,38.52,1012.49,6.33"
12:34:33,"49,163,163,523,5,20.08,38.53,1012.48,6.38"
12:34:33,"49,163,163,524,5,20.08,38.51,1012.51,6.20"
12:34:33,"49,163,163,523,5,20.08,38.58,1012.52,6.12"
12:34:33,"49,163,163,523,5,20.08,38.54,1012.49,6.35"
12:34:33,"49,163,163,523,5,20.08,38.51,1012.50,6.24"
12:34:33,"49,163,163,523,5,20.08,38.52,1012.52,6.08"
12:34:33,"49,162,162,523,5,20.07,38.52,1012.45,6.69"
12:34:33,"49,162,162,524,5,20.07,38.52,1012.50,6.26"
12:34:33,"49,162,162,524,5,20.07,38.52,1012.48,6.33"
12:34:33,"49,162,162,524,5,20.07,38.51,1012.49,6.34"
12:34:33,"49,163,163,524,5,20.08,38.51,1012.50,6.26"
12:34:33,PMS7003 checksum failed
12:34:33,"49,165,165,524,5,20.07,38.50,1012.50,6.24"
12:34:33,"49,165,165,524,5,20.08,38.51,1012.49,6.37"
12:34:33,"49,165,165,524,5,20.08,38.50,1012.45,6.62"
12:34:33,"51,165,165,524,5,20.08,38.50,1012.48,6.38"
12:34:33,"51,165,165,524,5,20.07,38.50,1012.48,6.40"
12:34:33,"51,165,165,524,5,20.08,38.50,1012.51,6.16"
12:34:33,"51,165,165,524,5,20.08,38.51,1012.51,6.13"
12:34:33,"51,165,165,523,5,20.08,38.50,1012.51,6.19"
12:34:33,"51,165,165,524,5,20.08,38.48,1012.49,6.29"
12:34:33,"51,165,165,524,5,20.08,38.47,1012.50,6.27"
12:34:33,"51,165,165,524,5,20.07,38.47,1012.49,6.34"
12:34:33,"51,165,165,524,5,20.08,38.48,1012.51,6.14"
12:34:33,"51,165,165,524,5,20.07,38.49,1012.53,5.99"
12:34:33,"51,165,165,524,5,20.07,38.49,1012.49,6.33"
12:34:33,"51,168,168,524,5,20.08,38.52,1012.50,6.21"
12:34:33,"49,168,168,524,5,20.07,38.54,1012.48,6.40"
12:34:33,PMS7003 checksum failed
12:34:33,"49,166,166,524,5,20.07,38.56,1012.51,6.15"
12:34:33,"49,165,165,524,5,20.07,38.56,1012.51,6.15"
12:34:33,"49,165,165,524,5,20.07,38.58,1012.50,6.21"
12:34:33,"49,165,165,524,5,20.07,38.57,1012.50,6.24"
12:34:33,"49,165,165,524,5,20.07,38.59,1012.50,6.27"
12:34:33,"51,166,166,524,5,20.07,38.57,1012.48,6.40"
12:34:33,"51,166,166,524,5,20.07,38.56,1012.52,6.06"
12:34:33,"51,166,166,524,5,20.07,38.55,1012.48,6.43"
12:34:33,"49,166,166,523,5,20.07,38.55,1012.49,6.36"
12:34:33,"49,166,166,523,5,20.06,38.55,1012.51,6.13"
12:34:33,"49,166,166,523,5,20.07,38.55,1012.50,6.23"
12:34:33,"49,165,165,523,5,20.07,38.54,1012.49,6.33"
12:34:33,"49,165,165,523,5,20.07,38.52,1012.50,6.29"
12:34:33,"49,165,165,523,5,20.06,38.52,1012.48,6.32"
12:34:33,"51,165,165,523,5,20.06,38.50,1012.50,6.23"
12:34:33,"51,166,166,523,5,20.07,38.51,1012.48,6.39"
12:34:33,"51,166,166,523,5,20.07,38.50,1012.52,6.07"
12:34:33,"52,168,168,523,5,20.08,38.50,1012.52,6.10"
12:34:33,"52,168,169,523,5,20.07,38.49,1012.48,6.45"
12:34:33,"52,168,169,523,5,20.06,38.47,1012.50,6.24"
12:34:33,"52,171,171,524,5,20.07,38.46,1012.50,6.24"
12:34:33,"52,171,171,524,5,20.07,38.47,1012.51,6.12"
12:34:33,"52,171,171,524,5,20.07,38.50,1012.49,6.32"
12:34:33,"52,171,171,524,5,20.07,38.52,1012.49,6.32"
12:34:33,"52,171,171,524,5,20.07,38.52,1012.48,6.39"
12:34:33,"52,171,171,525,5,20.06,38.55,1012.46,6.56"
12:34:33,"51,171,171,524,5,20.06,38.58,1012.48,6.42"
12:34:33,"51,171,171,524,5,20.06,38.58,1012.46,6.54"
12:34:33,"51,171,171,524,5,20.06,38.59,1012.50,6.25"
12:34:33,"51,171,171,524,5,20.06,38.59,1012.46,6.57"
12:34:33,"54,174,174,524,5,20.06,38.57,1012.48,6.44"
12:34:33,"54,174,174,524,5,20.06,38.57,1012.52,6.10"
12:34:33,"54,174,174,524,5,20.05,38.57,1012.48,6.44"
12:34:33,"52,172,172,525,5,20.06,38.56,1012.49,6.33"
12:34:33,"52,172,172,524,5,20.06,38.55,1012.47,6.50"
12:34:33,"52,171,171,524,5,20.05,38.57,1012.47,6.46"
12:34:33,"52,171,171,524,5,20.06,38.52,1012.48,6.43"
12:34:33,"52,171,171,524,5,20.07,38.52,1012.52,6.11"
12:34:33,"54,171,171,524,5,20.07,38.51,1012.50,6.21"
12:34:33,"54,171,171,524,5,20.07,38.50,1012.52,6.08"
12:34:33,"54,171,171,524,5,20.06,38.47,1012.48,6.41"
12:34:33,"54,171,171,524,5,20.06,38.46,1012.46,6.61"
12:34:33,"54,172,172,524,5,20.07,38.46,1012.52,6.10"
12:34:33,"54,172,172,524,5,20.06,38.47,1012.51,6.17"
12:34:33,"54,172,172,524,5,20.07,38.44,1012.51,6.15"
12:34:33,"54,172,172,524,5,20.07,38.46,1012.50,6.26"
12:34:33,"52,174,174,524,5,20.07,38.44,1012.52,6.11"
12:34:33,"52,174,174,523,5,20.07,38.44,1012.52,6.10"
12:34:33,"52,174,174,523,5,20.07,38.47,1012.52,6.09"
12:34:33,"52,175,175,523,5,20.07,38.48,1012.50,6.23"
12:34:33,"52,175,175,523,5,20.07,38.48,1012.52,6.10"
12:34:33,"51,177,177,524,5,20.08,38.48,1012.53,5.98"
12:34:33,"52,178,178,523,5,20.07,38.47,1012.50,6.27"
12:34:33,"52,178,178,524,5,20.06,38.50,1012.50,6.25"
12:34:33,"52,178,178,524,5,20.06,38.54,1012.52,6.08"
12:34:33,"52,178,178,524,5,20.06,38.54,1012.50,6.27"
12:34:33,"51,177,177,524,5,20.06,38.54,1012.49,6.32"
12:34:33,PMS7003 checksum failed
12:34:33,"51,174,174,523,5,20.07,38.51,1012.53,6.01"
12:34:33,"51,175,175,523,5,20.06,38.51,1012.48,6.39"
12:34:33,"51,175,175,523,5,20.07,38.52,1012.50,6.21"
12:34:33,"51,175,175,523,5,20.07,38.52,1012.53,5.98"
12:34:33,"52,178,178,523,5,20.07,38.55,1012.50,6.23"
12:34:33,"52,178,178,523,5,20.07,38.55,1012.50,6.34"
12:34:33,"52,178,178,523,5,20.06,38.57,1012.49,6.34"
12:34:33,"52,178,178,523,5,20.07,38.57,1012.51,6.14"
12:34:33,"52,178,178,523,5,20.06,38.57,1012.51,6.16"
12:34:33,"52,178,178,523,5,20.07,38.57,1012.53,6.00"
12:34:33,"52,178,178,523,5,20.05,38.58,1012.49,6.35"
12:34:33,"52,180,180,523,5,20.06,38.56,1012.50,6.27"
12:34:33,"52,178,178,523,5,20.06,38.57,1012.51,6.16"
12:34:33,"52,178,178,522,5,20.06,38.57,1012.50,6.22"
12:34:33,"52,177,177,523,5,20.05,38.58,1012.49,6.35"
12:34:33,"52,180,180,523,5,20.05,38.58,1012.50,6.24"
12:34:33,"52,180,180,523,5,20.05,38.58,1012.49,6.33"
12:34:33,"52,183,183,523,5,20.04,38.59,1012.49,6.36"
12:34:33,"52,183,183,522,5,20.04,38.58,1012.50,6.24"
12:34:33,"52,183,183,522,5,20.04,38.59,1012.48,6.42"
12:34:33,"54,183,183,522,5,20.04,38.58,1012.52,6.06"
12:34:33,"54,183,183,522,5,20.05,38.57,1012.51,6.13"
12:34:33,"54,183,183,522,5,20.05,38.58,1012.53,6.01"
12:34:33,"54,183,183,522,5,20.05,38.56,1012.51,6.19"
12:34:33,"55,183,183,522,5,20.04,38.55,1012.51,6.20"
12:34:33,"55,183,183,522,5,20.06,38.55,1012.51,6.18"
12:34:33,"57,183,184,522,5,20.06,38.56,1012.50,6.27"
12:34:33,"58,183,184,522,5,20.05,38.56,1012.52,6.08"
12:34:33,"58,184,186,522,5,20.05,38.55,1012.50,6.24"
12:34:33,"58,184,186,522,5,20.05,38.55,1012.51,6.20"
12:34:33,"58,187,189,522,5,20.06,38.54,1012.51,6.18"
12:34:33,"58,187,189,522,5,20.05,38.55,1012.51,6.18"
12:34:33,"58,187,189,522,5,20.06,38.57,1012.52,6.09"
12:34:33,PMS7003 checksum failed
12:34:33,"58,189,190,522,5,20.06,38.55,1012.53,6.03"
12:34:33,"58,192,192,522,5,20.05,38.56,1012.51,6.20"
12:34:33,"58,192,192,522,5,20.06,38.55,1012.54,5.94"
12:34:33,"58,192,192,522,5,20.06,38.56,1012.51,6.15"
12:34:33,"58,192,192,522,5,20.05,38.57,1012.50,6.22"
12:34:33,"60,192,192,522,5,20.05,38.58,1012.50,6.26"
12:34:33,"60,192,192,523,5,20.05,38.56,1012.52,6.10"
12:34:33,"60,192,192,523,5,20.05,38.53,1012.53,5.99"
12:34:33,"58,192,192,522,5,20.05,38.56,1012.53,6.03"
12:34:33,"58,192,192,522,5,20.05,38.58,1012.50,6.23"
12:34:33,"58,192,192,522,5,20.05,38.62,1012.52,6.11"
12:34:33,"60,193,193,523,5,20.05,38.63,1012.51,6.18"
12:34:33,"60,195,195,523,5,20.04,38.63,1012.48,6.43"
12:34:33,"60,195,195,523,5,20.04,38.64,1012.50,6.27"
12:34:33,"60,195,195,523,5,20.04,38.63,1012.50,6.27"
12:34:33,"60,195,195,523,5,20.04,38.63,1012.50,6.25"
12:34:33,"60,193,193,522,5,20.04,38.61,1012.50,6.21"
12:34:33,"60,195,195,523,5,20.04,38.63,1012.48,6.44"
12:34:33,"60,195,195,522,5,20.04,38.62,1012.50,6.24"
12:34:33,"60,195,195,522,5,20.04,38.60,1012.49,6.30"
12:34:33,"60,195,195,523,5,20.04,38.60,1012.50,6.22"
12:34:33,"61,195,195,523,5,20.04,38.59,1012.46,6.56"
12:34:33,"61,195,195,523,5,20.04,38.60,1012.48,6.44"
12:34:33,"61,195,195,523,5,20.05,38.58,1012.51,6.19"
12:34:33,"61,195,195,523,5,20.05,38.58,1012.48,6.45"
12:34:33,"61,195,195,523,5,20.05,38.57,1012.49,6.32"
12:34:33,"61,195,195,523,5,20.05,38.57,1012.47,6.53"
12:34:33,"60,192,192,522,5,20.04,38.57,1012.48,6.37"
12:34:33,"60,193,193,522,5,20.05,38.57,1012.50,6.26"
12:34:33,"60,193,193,522,5,20.05,38.57,1012.51,6.19"
12:34:33,"60,193,193,522,5,20.03,38.58,1012.49,6.36"
12:34:33,"58,193,193,522,5,20.04,38.60,1012.51,6.12"
12:34:33,"58,195,195,522,5,20.04,38.60,1012.48,6.45"
12:34:33,"57,195,195,523,5,20.05,38.62,1012.50,6.25"
12:34:33,"57,193,193,523,5,20.04,38.63,1012.49,6.33"
12:34:33,"57,192,192,523,5,20.03,38.64,1012.49,6.32"
12:34:33,"57,192,192,523,5,20.04,38.64,1012.50,6.22"
12:34:33,"57,192,192,522,5,20.04,38.65,1012.52,6.05"
12:34:33,"55,189,189,522,5,20.04,38.65,1012.51,6.16"
12:34:33,"55,189,189,522,5,20.04,38.65,1012.51,6.19"
12:34:33,"55,189,189,522,5,20.04,38.64,1012.53,6.02"
12:34:33,"55,189,189,522,5,20.04,38.64,1012.51,6.13"
12:34:33,"57,190,190,522,5,20.04,38.64,1012.53,5.98"
12:34:33,"57,192,192,523,5,20.04,38.65,1012.53,5.99"
12:34:33,"58,192,192,523,5,20.04,38.61,1012.50,6.24"
12:34:33,"58,192,192,523,5,20.04,38.61,1012.53,5.99"
12:34:33,"58,190,190,523,5,20.03,38.60,1012.50,6.22"
12:34:33,"60,190,190,523,5,20.03,38.60,1012.50,6.12"
12:34:33,"60,192,192,523,5,20.03,38.58,1012.53,6.03"
12:34:33,"60,192,192,522,5,20.04,38.56,1012.52,6.06"
12:34:33,"60,192,192,522,5,20.04,38.53,1012.50,6.21"
12:34:33,"60,192,192,522,5,20.03,38.53,1012.52,6.12"
12:34:33,"60,192,192,522,5,20.04,38.53,1012.52,6.11"
12:34:33,"60,192,192,522,5,20.04,38.53,1012.50,6.22"
12:34:33,"60,192,192,522,5,20.04,38.55,1012.51,6.15"
12:34:33,"60,195,195,522,5,20.05,38.55,1012.51,6.17"
12:34:33,"60,195,195,522,5,20.05,38.56,1012.50,6.22"
12:34:33,"60,193,193,522,5,20.05,38.58,1012.51,6.20"
12:34:33,PMS7003 checksum failed
12:34:33,"60,195,195,522,5,20.04,38.59,1012.54,5.95"
12:34:33,"60,196,196,522,5,20.04,38.59,1012.53,6.03"
12:34:33,"60,196,196,522,5,20.04,38.61,1012.52,6.05"
12:34:33,"60,201,201,522,5,20.04,38.63,1012.51,6.13"
12:34:33,"60,201,201,522,5,20.04,38.63,1012.50,6.24"
12:34:33,"60,201,201,522,5,20.04,38.62,1012.49,6.30"
12:34:33,"60,204,204,522,5,20.05,38.66,1012.54,5.95"
12:34:33,"60,204,204,522,5,20.05,38.62,1012.48,6.39"
12:34:33,"60,204,204,522,5,20.03,38.61,1012.45,6.70"
12:34:33,"60,204,204,522,5,20.04,38.58,1012.47,6.48"
12:34:33,"60,204,204,522,5,20.04,38.55,1012.48,6.39"
12:34:33,"60,204,204,522,5,20.04,38.53,1012.49,6.34"
12:34:33,"61,204,205,522,5,20.04,38.55,1012.49,6.30"
12:34:33,"61,204,205,523,5,20.04,38.54,1012.49,6.32"
12:34:33,"63,205,207,523,5,20.04,38.52,1012.48,6.37"
12:34:33,"63,207,207,522,5,20.04,38.52,1012.51,6.14"
12:34:33,PMS7003 checksum failed
12:34:33,"66,211,211,522,5,20.04,38.52,1012.51,6.14"
12:34:33,"66,211,211,523,5,20.03,38.57,1012.51,6.16"
12:34:33,"66,211,211,523,5,20.03,38.57,1012.51,6.14"
12:34:33,"66,213,213,523,5,20.03,38.58,1012.49,6.29"
12:34:33,"66,213,213,523,5,20.04,38.57,1012.50,6.21"
12:34:33,"66,214,214,523,5,20.04,38.57,1012.52,6.11"
12:34:33,"67,216,216,523,5,20.03,38.59,1012.51,6.18"
12:34:33,"67,216,216,523,5,20.03,38.60,1012.49,6.33"
12:34:33,"67,216,216,523,5,20.03,38.63,1012.55,5.86"
12:34:33,"67,216,216,524,5,20.03,38.65,1012.49,6.32"
12:34:33,"67,216,216,524,5,20.02,38.65,1012.52,6.09"
12:34:33,"66,214,214,524,5,20.02,38.66,1012.49,6.35"
12:34:33,"66,214,214,524,5,20.03,38.65,1012.51,6.13"
12:34:33,"66,214,214,524,5,20.04,38.73,1012.52,6.09"
12:34:33,"66,214,214,524,5,20.03,38.65,1012.50,6.21"
12:34:33,"66,214,214,524,5,20.03,38.64,1012.51,6.17"
12:34:33,"66,214,214,525,5,20.04,38.63,1012.52,6.09"
12:34:33,PMS7003 checksum failed
12:34:33,"66,213,213,525,5,20.03,38.63,1012.50,6.28"
12:34:33,"66,213,213,525,5,20.03,38.61,1012.53,5.99"
12:34:33,"66,213,213,525,5,20.03,38.60,1012.54,5.92"
12:34:33,"66,213,213,525,5,20.03,38.58,1012.51,6.18"
12:34:33,"66,213,213,525,5,20.03,38.59,1012.53,5.99"
12:34:33,"66,214,214,525,5,20.02,38.58,1012.49,6.30"
12:34:33,"67,214,214,525,5,20.02,38.60,1012.51,6.14"
12:34:33,"67,214,214,525,5,20.02,38.61,1012.49,6.30"
12:34:33,"69,214,214,525,5,20.02,38.60,1012.52,6.05"
12:34:33,"69,214,214,525,5,20.02,38.59,1012.56,5.71"
12:34:33,"70,217,217,525,5,20.02,38.59,1012.55,5.85"
12:34:33,"70,219,219,525,5,20.02,38.59,1012.49,6.32"
12:34:33,"70,219,219,525,5,20.03,38.57,1012.56,5.74"
12:34:33,"70,219,219,525,5,20.03,38.59,1012.51,6.14"
12:34:33,"70,219,219,525,5,20.03,38.59,1012.50,6.25"
12:34:33,"70,219,219,525,5,20.03,38.59,1012.53,5.98"
12:34:33,"72,219,219,524,5,20.03,38.61,1012.52,6.09"
12:34:33,"72,219,219,524,5,20.03,38.61,1012.52,6.09"
12:34:33,"72,219,219,524,5,20.02,38.61,1012.53,5.96"
12:34:33,"72,219,219,524,5,20.03,38.60,1012.55,5.80"
12:34:33,"72,219,219,524,5,20.02,38.61,1012.52,6.12"
12:34:33,"72,219,219,524,5,20.03,38.60,1012.53,6.02"
12:34:33,"72,219,219,524,5,20.03,38.60,1012.52,6.10"
12:34:33,"72,220,220,524,5,20.03,38.61,1012.52,6.06"
12:34:33,"72,220,220,525,5,20.03,38.61,1012.53,6.02"
12:34:33,"72,220,220,525,5,20.03,38.59,1012.52,6.06"
12:34:33,"72,220,220,525,5,20.02,38.60,1012.53,5.96"
12:34:33,"72,220,220,525,5,20.03,38.60,1012.52,6.10"
12:34:33,"72,220,220,525,5,20.02,38.61,1012.53,5.99"
12:34:33,"72,220,220,525,5,20.03,38.62,1012.54,5.90"
12:34:33,"70,219,219,525,5,20.02,38.65,1012.49,6.35"
12:34:33,"70,219,219,525,5,20.02,38.66,1012.55,5.86"
12:34:33,"70,220,220,525,5,20.02,38.66,1012.53,5.96"
12:34:33,"72,223,223,525,5,20.02,38.65,1012.54,5.93"
12:34:33,"72,225,225,525,5,20.02,38.65,1012.51,6.15"
12:34:33,"72,225,225,525,5,20.03,38.62,1012.55,5.83"
12:34:33,"72,225,225,525,5,20.03,38.64,1012.58,5.59"
12:34:33,"73,229,229,525,5,20.03,38.62,1012.51,6.14"
12:34:33,"73,229,229,525,5,20.03,38.61,1012.55,5.85"
12:34:33,"75,234,234,525,5,20.03,38.61,1012.54,5.66"
12:34:33,"75,235,235,525,5,20.03,38.61,1012.52,6.04"
12:34:33,"75,237,237,525,5,20.03,38.59,1012.54,5.90"
12:34:33,"75,237,237,525,5,20.03,38.58,1012.55,5.86"
12:34:33,"79,241,241,525,5,20.03,38.58,1012.56,5.75"
12:34:33,"79,241,241,525,5,20.04,38.58,1012.58,5.59"
12:34:33,"79,243,243,525,5,20.04,38.58,1012.55,5.80"
12:34:33,"78,244,244,525,5,20.04,38.59,1012.59,5.52"
12:34:33,"78,244,244,525,5,20.03,38.59,1012.55,5.80"
12:34:33,"78,244,244,525,5,20.04,38.60,1012.55,5.82"
12:34:33,"79,246,246,525,5,20.03,38.61,1012.52,6.04"
12:34:33,"79,246,246,524,5,20.04,38.61,1012.55,5.85"
12:34:33,"79,246,246,524,5,20.04,38.60,1012.56,5.72"
12:34:33,"79,244,244,524,5,20.03,38.59,1012.53,6.03"
12:34:33,"79,241,241,524,5,20.04,38.59,1012.55,5.83"
12:34:33,"79,241,241,524,5,20.03,38.58,1012.56,5.77"
12:34:33,"79,237,237,524,5,20.03,38.59,1012.60,5.43"
12:34:33,"79,237,237,524,5,20.04,38.57,1012.55,5.82"
12:34:33,"79,237,237,524,5,20.03,38.56,1012.54,5.88"
12:34:33,"79,237,237,524,5,20.03,38.56,1012.56,5.77"
12:34:33,"79,240,240,524,5,20.03,38.54,1012.55,5.83"
12:34:33,"79,240,240,525,5,20.04,38.56,1012.58,5.57"
12:34:33,"79,240,240,525,5,20.04,38.52,1012.56,5.73"
12:34:33,"81,243,243,525,5,20.04,38.51,1012.57,5.65"
12:34:33,"81,243,243,525,5,20.04,38.49,1012.58,5.57"
12:34:33,"81,247,247,525,5,20.04,38.48,1012.56,5.73"
12:34:33,"81,249,249,525,5,20.04,38.46,1012.59,5.53"
12:34:33,"81,249,249,525,5,20.04,38.48,1012.58,5.60"
12:34:33,"81,249,249,525,5,20.04,38.50,1012.56,5.74"
12:34:33,"81,250,250,526,5,20.04,38.50,1012.55,5.82"
12:34:33,"82,252,252,526,5,20.04,38.51,1012.57,5.68"
12:34:33,"81,252,252,526,5,20.04,38.54,1012.58,5.60"
12:34:33,"81,252,252,526,5,20.04,38.56,1012.57,5.69"
12:34:33,"81,252,252,526,5,20.04,38.58,1012.58,5.42"
12:34:33,"81,252,252,526,5,20.04,38.58,1012.56,5.72"
12:34:33,"81,252,252,526,5,20.04,38.57,1012.56,5.77"
12:34:33,"82,252,252,526,5,20.04,38.57,1012.57,5.69"
12:34:33,"82,250,250,526,5,20.03,38.59,1012.56,5.72"
12:34:33,"82,250,250,526,5,20.03,38.61,1012.53,5.99"
12:34:33,"82,250,250,526,5,20.04,38.60,1012.58,5.58"
12:34:33,"82,250,250,526,5,20.03,38.59,1012.59,5.47"
12:34:33,"82,250,250,526,5,20.03,38.58,1012.56,5.78"
12:34:33,"82,249,249,526,5,20.04,38.58,1012.56,5.77"
12:34:33,"84,247,247,527,5,20.03,38.58,1012.58,5.61"
12:34:33,"84,246,246,527,5,20.03,38.58,1012.59,5.47"
12:34:33,"84,244,244,527,5,20.03,38.60,1012.58,5.57"
12:34:33,"84,244,244,527,5,20.04,38.58,1012.58,5.61"
12:34:33,PMS7003 checksum failed
12:34:33,"87,249,249,527,5,20.03,38.58,1012.56,5.73"
12:34:33,"87,252,252,526,5,20.04,38.59,1012.60,5.40"
12:34:33,"87,252,252,526,5,20.04,38.58,1012.55,5.84"
12:34:33,"87,252,252,527,5,20.03,38.60,1012.57,5.66"
12:34:33,"87,256,256,527,5,20.02,38.62,1012.57,5.70"
12:34:33,"87,261,261,527,5,20.02,38.62,1012.59,5.54"
12:34:33,"87,261,261,527,5,20.03,38.63,1012.58,5.56"
12:34:33,"87,261,261,527,5,20.03,38.61,1012.60,5.44"
12:34:33,"87,261,261,528,5,20.02,38.61,1012.56,5.76"
12:34:33,",261,261,527,5,20.03,38.64,1012.56,5.78"
12:34:33,"87,259,259,528,5,20.03,38.61,1012.59,5.54"
12:34:33,"88,259,259,528,5,20.03,38.61,1012.64,5.08"
12:34:33,"88,259,259,528,5,20.03,38.60,1012.60,5.39"
12:34:33,"88,259,259,528,5,20.02,38.61,1012.59,5.46"
12:34:33,"88,258,258,528,5,20.03,38.61,1012.59,5.47"
12:34:33,"87,255,255,528,5,20.03,38.60,1012.58,5.59"
12:34:33,"90,258,258,528,5,20.03,38.63,1012.56,5.73"
12:34:33,"90,258,258,528,5,20.03,38.63,1012.60,5.45"
12:34:33,"90,267,267,528,5,20.03,38.63,1012.61,5.30"
12:34:33,"93,268,268,527,5,20.03,38.64,1012.58,5.59"
12:34:33,"93,270,270,527,5,20.03,38.63,1012.58,5.59"
12:34:33,"93,270,270,527,5,20.02,38.62,1012.57,5.67"
12:34:33,"93,270,270,527,5,20.03,38.63,1012.59,5.48"
12:34:33,"93,270,270,527,5,20.03,38.61,1012.59,5.50"
12:34:33,"93,270,270,527,5,20.03,38.60,1012.60,5.42"
12:34:33,"93,268,268,527,5,20.03,38.59,1012.58,5.61"
12:34:33,"90,264,264,527,5,20.02,38.59,1012.60,5.41"
12:34:33,"90,264,264,527,5,20.02,38.59,1012.61,5.33"
12:34:33,"88,255,255,527,5,20.03,38.60,1012.58,5.56"
12:34:33,"87,250,250,527,5,20.03,38.58,1012.62,5.27"
12:34:33,"88,249,249,527,5,20.02,38.59,1012.60,5.39"
12:34:33,"87,246,246,526,5,20.02,38.59,1012.58,5.61"
12:34:33,"87,246,246,526,5,20.02,38.61,1012.59,5.52"
12:34:33,"87,243,243,526,5,20.03,38.63,1012.64,5.12"
12:34:33,"87,243,243,526,5,20.02,38.64,1012.60,5.43"
12:34:33,"87,241,241,526,5,20.02,38.65,1012.60,5.37"
12:34:33,"87,241,241,526,5,20.02,38.65,1012.56,5.75"
12:34:33,"87,243,243,526,5,20.02,38.67,1012.58,5.55"
12:34:33,"87,243,243,526,5,20.01,38.67,1012.60,5.43"
12:34:33,"87,243,243,526,5,20.01,38.69,1012.60,5.42"
12:34:33,"87,244,244,526,5,20.00,38.69,1012.59,5.50"
12:34:33,"87,244,244,526,5,20.01,38.69,1012.60,5.43"
12:34:33,"87,246,246,526,5,20.01,38.70,1012.60,5.42"
12:34:33,"87,246,246,526,5,20.00,38.70,1012.58,5.57"
12:34:33,PMS7003 checksum failed
12:34:33,"88,249,250,526,5,20.00,38.70,1012.62,5.27"
12:34:33,"88,249,250,526,5,20.01,38.69,1012.59,5.51"
12:34:33,"90,253,255,526,5,20.01,38.65,1012.58,5.56"
12:34:33,"90,253,255,526,5,20.01,38.68,1012.59,5.53"
12:34:33,"90,255,255,526,5,20.01,38.67,1012.56,5.72"
12:34:33,"91,255,256,526,5,20.01,38.68,1012.57,5.63"
12:34:33,"93,256,258,526,5,20.01,38.67,1012.58,5.59"
12:34:33,"93,256,258,526,5,20.02,38.65,1012.57,5.70"
12:34:33,"93,258,258,526,5,20.02,38.64,1012.60,5.40"
12:34:33,"258,258,526,5,20.02,38.65,1012.58,5.56"
12:34:33,"93,258,258,526,5,20.02,38.64,1012.59,5.47"
12:34:33,"94,256,258,526,5,20.02,38.64,1012.60,5.42"
12:34:33,"94,256,258,526,5,20.03,38.64,1012.60,5.37"
12:34:33,"96,262,262,526,5,20.02,38.66,1012.59,5.49"
12:34:33,"96,264,264,526,5,20.02,38.66,1012.60,5.43"
12:34:33,"96,264,264,526,5,20.02,38.64,1012.61,5.35"
12:34:33,"96,264,264,527,5,20.02,38.66,1012.61,5.29"
12:34:33,"99,274,274,527,5,20.02,38.62,1012.60,5.38"
12:34:33,"99,274,274,527,5,20.02,38.61,1012.58,5.55"
12:34:33,"99,274,274,527,5,20.02,38.61,1012.61,5.37"
12:34:33,"102,282,282,527,5,20.02,38.59,1012.61,5.29"
12:34:33,"103,282,282,527,5,20.01,38.59,1012.59,5.49"
12:34:33,"103,282,282,527,5,20.02,38.61,1012.60,5.39"
12:34:33,"103,282,282,528,5,20.01,38.60,1012.59,5.51"
12:34:33,"105,285,285,528,5,20.01,38.60,1012.57,5.63"
12:34:33,"105,283,283,528,5,20.01,38.61,1012.59,5.50"
12:34:33,"105,283,283,528,5,20.01,38.62,1012.62,5.24"
12:34:33,"105,282,282,528,5,20.01,38.62,1012.59,5.51"
12:34:33,"105,282,282,528,5,20.01,38.61,1012.60,5.41"
12:34:33,"106,282,282,528,5,20.02,38.62,1012.59,5.54"
12:34:33,"106,282,282,528,5,20.02,38.61,1012.59,5.53"
12:34:33,"108,283,283,528,5,20.01,38.60,1012.57,5.66"
12:34:33,"108,283,283,528,5,20.02,38.62,1012.62,5.27"
12:34:33,"109,283,283,528,5,20.02,38.61,1012.60,5.42"
12:34:33,"109,283,283,528,5,20.02,38.61,1012.64,5.05"
12:34:33,"111,286,286,528,5,20.02,38.59,1012.57,5.70"
12:34:33,"112,286,286,528,5,20.02,38.58,1012.57,5.68"
12:34:33,"114,288,288,528,5,20.03,38.56,1012.58,5.59"
12:34:33,"114,288,288,528,5,20.03,38.52,1012.60,5.39"
12:34:33,"114,291,291,528,5,20.03,38.53,1012.57,5.65"
12:34:33,"111,291,291,528,5,20.02,38.54,1012.56,5.77"
12:34:33,"111,291,291,528,5,20.02,38.57,1012.56,5.71"
12:34:33,"111,291,291,528,5,20.02,38.58,1012.57,5.63"
12:34:33,"111,291,291,528,5,20.02,38.59,1012.57,5.70"
12:34:33,"111,291,291,528,5,20.02,38.58,1012.57,5.66"
12:34:33,"111,291,291,528,5,20.02,38.61,1012.59,5.51"
12:34:33,"111,291,291,528,5,20.02,38.64,1012.61,5.32"
12:34:33,"112,291,291,528,5,20.02,38.66,1012.58,5.56"
12:34:33,"112,291,291,528,5,20.02,38.66,1012.60,5.44"
12:34:33,"111,291,291,528,5,20.01,38.66,1012.59,5.53"
12:34:33,"111,289,289,528,5,20.01,38.67,1012.60,5.42"
12:34:33,"111,289,289,528,5,20.01,38.66,1012.60,5.38"
12:34:33,"111,288,288,527,5,20.01,38.66,1012.62,5.25"
12:34:33,"111,288,288,528,5,20.01,38.63,1012.59,5.47"
12:34:33,"111,285,285,528,5,20.00,38.63,1012.58,5.60"
12:34:33,"111,285,285,528,5,20.01,38.60,1012.60,5.38"
12:34:33,"111,285,285,528,5,20.01,38.61,1012.59,5.48"
12:34:33,"111,285,285,528,5,20.01,38.62,1012.60,5.43"
12:34:33,"111,285,285,528,5,20.01,38.60,1012.59,5.49"
12:34:33,"111,285,285,528,5,20.01,38.60,1012.59,5.51"
12:34:33,"111,285,285,528,5,20.01,38.59,1012.59,5.48"
12:34:33,"111,286,286,528,5,20.01,38.52,1012.60,5.38"
12:34:33,"111,286,286,528,5,20.01,38.58,1012.62,5.22"
12:34:33,"111,286,286,528,5,20.02,38.58,1012.58,5.62"
12:34:33,"111,286,286,528,5,20.02,38.58,1012.60,5.37"
12:34:33,"114,291,291,528,5,20.01,38.60,1012.57,5.63"
12:34:33,"114,294,294,528,5,20.02,38.60,1012.63,5.18"
12:34:33,"117,295,295,528,5,20.01,38.61,1012.61,5.29"
12:34:33,"117,295,295,528,5,20.01,38.63,1012.61,5.30"
12:34:33,",295,295,527,5,20.01,38.62,1012.64,5.05"
12:34:33,"117,297,297,528,5,20.01,38.63,1012.58,5.58"
12:34:33,"117,297,297,527,5,20.01,38.63,1012.59,5.46"
12:34:33,"117,297,297,528,5,20.01,38.65,1012.60,5.40"
12:34:33,"117,298,298,528,5,20.00,38.65,1012.61,5.33"
12:34:33,"117,298,298,528,5,20.01,38.63,1012.61,5.33"
12:34:33,"117,298,298,528,5,20.00,38.63,1012.62,5.22"
12:34:33,"117,300,300,528,5,20.00,38.65,1012.57,5.68"
12:34:33,"117,300,300,528,5,20.01,38.65,1012.62,5.24"
12:34:33,"115,298,298,528,5,20.01,38.65,1012.60,5.39"
12:34:33,"114,298,298,529,5,20.01,38.63,1012.58,5.62"
12:34:33,"114,297,297,529,5,20.01,38.59,1012.57,5.64"
12:34:33,PMS7003 checksum failed
12:34:33,"117,300,300,529,5,20.01,38.62,1012.59,5.49"
12:34:33,"117,301,301,529,5,20.01,38.62,1012.56,5.73"
12:34:33,"117,301,301,529,5,20.01,38.63,1012.55,5.87"
12:34:33,"118,297,297,530,5,20.01,38.63,1012.53,5.97"
12:34:33,"117,294,294,530,5,20.01,38.62,1012.57,5.64"
12:34:33,"118,294,294,530,5,20.01,38.62,1012.55,5.87"
12:34:33,PMS7003 checksum failed
12:34:33,"120,294,294,530,5,20.01,38.63,1012.56,5.79"
12:34:33,"118,294,294,530,5,20.01,38.63,1012.55,5.81"
12:34:33,"117,294,294,531,5,20.01,38.65,1012.56,5.72"
12:34:33,"117,294,294,530,5,20.01,38.65,1012.57,5.69"
12:34:33,"117,295,295,530,5,20.01,38.65,1012.56,5.74"
12:34:33,"117,297,297,530,5,20.01,38.63,1012.57,5.67"
12:34:33,"117,297,297,530,5,20.02,38.63,1012.60,5.47"
12:34:33,"117,297,297,530,5,20.01,38.63,1012.58,5.54"
12:34:33,"117,298,298,530,5,20.02,38.64,1012.57,5.67"
12:34:33,"117,298,298,530,5,20.02,38.62,1012.57,5.65"
12:34:33,"114,292,292,530,5,20.02,38.61,1012.59,5.49"
12:34:33,"114,291,291,530,5,20.01,38.61,1012.58,5.54"
12:34:33,"114,291,291,530,5,20.01,38.62,1012.58,5.61"
12:34:33,"114,291,291,530,5,20.01,38.62,1012.59,5.48"
12:34:33,"114,289,289,530,5,20.01,38.63,1012.61,5.32"
12:34:33,"114,289,289,530,5,20.01,38.63,1012.59,5.47"
12:34:33,PMS7003 checksum failed
12:34:33,"112,288,288,530,5,20.01,38.63,1012.59,5.50"
12:34:33,"114,289,289,530,5,20.01,38.61,1012.59,5.48"
12:34:33,"114,289,289,530,5,20.02,38.60,1012.58,5.59"
12:34:33,"114,289,289,530,5,20.01,38.60,1012.59,5.53"
12:34:33,"112,289,289,530,5,20.01,38.61,1012.60,5.43"
12:34:33,"111,288,288,530,5,20.01,38.60,1012.61,5.32"
12:34:33,"111,288,288,530,5,20.01,38.61,1012.55,5.81"
12:34:33,"111,288,288,530,5,20.01,38.61,1012.58,5.60"
12:34:33,"111,286,286,530,5,20.00,38.60,1012.57,5.69"
12:34:33,"109,285,285,530,5,20.00,38.59,1012.60,5.44"
12:34:33,"109,285,285,530,5,20.01,38.59,1012.60,5.41"
12:34:33,"108,288,288,530,5,20.00,38.60,1012.57,5.64"
12:34:33,"108,289,289,530,5,20.00,38.61,1012.55,5.83"
12:34:33,"108,289,289,530,5,19.99,38.60,1012.55,5.86"
12:34:33,"106,289,289,530,5,19.99,38.61,1012.57,5.66"
12:34:33,"106,288,288,530,5,20.00,38.62,1012.54,5.88"
12:34:33,PMS7003 checksum failed
12:34:33,"105,289,289,529,5,20.00,38.66,1012.58,5.55"
12:34:33,"103,289,289,529,5,19.99,38.67,1012.58,5.61"
12:34:33,"103,289,289,529,5,19.99,38.66,1012.60,5.42"
12:34:33,"103,291,291,529,5,19.99,38.67,1012.57,5.67"
12:34:33,"103,291,291,529,5,19.98,38.67,1012.59,5.51"
12:34:33,"105,291,291,529,5,19.98,38.68,1012.60,5.45"
12:34:33,"105,291,291,528,5,19.99,38.69,1012.58,5.59"
12:34:33,"105,291,291,528,5,19.99,38.66,1012.57,5.66"
12:34:33,"105,291,291,528,5,20.00,38.67,1012.56,5.74"
12:34:33,"105,291,291,528,5,20.00,38.66,1012.56,5.73"
12:34:33,"105,291,291,528,5,19.99,38.67,1012.55,5.79"
12:34:33,"103,285,285,528,5,20.00,38.67,1012.62,5.24"
12:34:33,"103,283,283,528,5,20.00,38.65,1012.59,5.52"
12:34:33,"103,283,283,528,5,20.00,38.66,1012.56,5.78"
12:34:33,"102,282,282,528,5,19.99,38.67,1012.57,5.65"
12:34:33,"100,280,280,528,5,19.99,38.67,1012.57,5.65"
12:34:33,PMS7003 checksum failed
12:34:33,"99,286,286,527,5,20.00,38.66,1012.57,5.69"
12:34:33,"99,286,286,528,5,20.00,38.65,1012.58,5.55"
12:34:33,"99,286,286,528,5,20.00,38.65,1012.57,5.66"
12:34:33,"99,285,285,528,5,20.00,38.63,1012.59,5.49"
12:34:33,"99,285,285,528,5,20.00,38.65,1012.58,5.60"
12:34:33,"97,283,283,528,5,20.00,38.61,1012.54,5.90"
12:34:33,",282,282,528,5,20.01,38.62,1012.59,5.47"
12:34:33,"97,282,282,529,5,20.01,38.62,1012.57,5.70"
12:34:33,"97,282,282,528,5,20.00,38.65,1012.55,5.93"
12:34:33,"97,279,279,528,5,20.01,38.61,1012.57,5.66"
12:34:33,"97,279,279,529,5,20.01,38.62,1012.59,5.47"
12:34:33,"96,273,273,529,5,20.01,38.61,1012.57,5.69"
12:34:33,"96,270,270,529,5,20.01,38.62,1012.60,5.40"
12:34:33,"96,270,270,529,5,20.00,38.62,1012.60,5.43"
12:34:33,"96,265,265,529,5,20.00,38.61,1012.58,5.55"
12:34:33,"96,261,261,529,5,20.01,38.62,1012.58,5.57"
12:34:33,PMS7003 checksum failed
12:34:33,"93,258,258,529,5,20.01,38.62,1012.58,5.57"
12:34:33,"94,258,258,529,5,20.00,38.61,1012.57,5.66"
12:34:33,"94,258,258,530,5,20.00,38.59,1012.58,5.62"
12:34:33,"94,261,261,530,5,20.01,38.61,1012.62,5.24"
12:34:33,"94,261,261,530,5,20.01,38.59,1012.60,5.38"
12:34:33,"94,261,261,530,5,20.01,38.60,1012.60,5.43"
12:34:33,"94,259,259,530,5,20.00,38.62,1012.59,5.48"
12:34:33,"94,259,259,530,5,20.01,38.63,1012.58,5.55"
12:34:33,"94,258,258,531,5,20.01,38.63,1012.59,5.49"
12:34:33,"93,258,258,530,5,20.01,38.65,1012.61,5.33"
12:34:33,"93,258,258,531,5,20.00,38.66,1012.59,5.50"
12:34:33,"91,252,252,530,5,20.00,38.67,1012.59,5.48"
12:34:33,"91,252,252,531,5,20.00,38.66,1012.58,5.60"
12:34:33,"91,252,252,531,5,20.00,38.67,1012.59,5.50"
12:34:33,"90,250,250,531,5,20.00,38.68,1012.59,5.52"
12:34:33,"90,252,252,531,5,20.00,38.66,1012.58,5.57"
12:34:33,"90,252,252,531,5,20.00,38.63,1012.58,5.60"
12:34:33,"88,252,252,531,5,20.01,38.63,1012.58,5.59"
12:34:33,"88,252,252,531,5,20.00,38.63,1012.56,5.73"
12:34:33,"88,252,252,532,5,20.00,38.62,1012.51,6.18"
12:34:33,"90,255,255,532,5,20.00,38.61,1012.55,5.83"
12:34:33,"90,255,255,532,5,20.00,38.61,1012.55,5.85"
12:34:33,"90,255,255,532,5,20.00,38.61,1012.57,5.67"
12:34:33,"90,255,255,531,5,20.00,38.61,1012.58,5.60"
12:34:33,"88,253,253,532,5,20.00,38.61,1012.59,5.52"
12:34:33,"88,253,253,531,5,19.99,38.61,1012.57,5.68"
12:34:33,"7,253,253,531,5,19.99,38.63,1012.57,5.63"
12:34:33,"87,252,253,531,5,19.99,38.63,1012.56,5.76"
12:34:33,"87,253,253,531,5,19.98,38.62,1012.60,5.40"
12:34:33,"87,253,253,532,5,19.99,38.64,1012.60,5.37"
12:34:33,"84,252,253,532,5,19.99,38.67,1012.59,5.51"
12:34:33,"84,252,252,531,5,19.99,38.69,1012.58,5.55"
12:34:33,"84,252,252,532,5,19.98,38.70,1012.59,5.46"
12:34:33,"84,252,253,531,5,19.98,38.71,1012.58,5.60"
12:34:33,"84,252,253,531,5,19.98,38.71,1012.56,5.72"
12:34:33,"84,252,252,531,5,19.98,38.72,1012.58,5.59"
12:34:33,"84,249,249,532,5,19.97,38.74,1012.56,5.74"
12:34:33,"84,249,249,531,5,19.97,38.74,1012.56,5.75"
12:34:33,"84,247,247,532,5,19.98,38.74,1012.58,5.57"
12:34:33,"84,246,246,531,5,19.98,38.74,1012.57,5.69"
12:34:33,"84,244,244,531,5,19.98,38.74,1012.59,5.51"
12:34:33,"84,244,244,531,5,19.98,38.71,1012.61,5.36"
12:34:33,"84,244,244,531,5,19.98,38.70,1012.61,5.35"
12:34:33,"84,244,244,531,5,19.98,38.69,1012.57,5.69"
12:34:33,"84,244,244,531,5,19.99,38.71,1012.59,5.50"
12:34:33,"84,244,244,532,5,19.98,38.69,1012.61,5.37"
12:34:34,"84,246,246,532,5,19.98,38.69,1012.58,5.57"
12:34:34,"84,246,246,532,5,19.98,38.68,1012.60,5.45"
12:34:34,"84,246,246,532,5,19.98,38.67,1012.57,5.70"
12:34:34,"84,246,246,531,5,19.98,38.67,1012.57,5.69"
12:34:34,"84,246,246,532,5,19.98,38.67,1012.55,5.80"
12:34:34,"84,246,246,531,5,19.98,38.66,1012.57,5.65"
12:34:34,"84,246,246,531,5,19.98,38.67,1012.59,5.46"
12:34:34,"84,246,246,531,5,19.98,38.68,1012.60,5.41"
12:34:34,"84,246,246,531,5,19.98,38.68,1012.63,5.20"
12:34:34,"84,244,244,531,5,19.98,38.66,1012.61,5.31"
12:34:34,"84,243,243,531,5,19.98,38.67,1012.63,5.14"
12:34:34,PMS7003 checksum failed
12:34:34,"84,244,244,531,5,19.99,38.67,1012.60,5.44"
12:34:34,"82,244,244,531,5,19.98,38.66,1012.62,5.24"
12:34:34,"81,244,244,531,5,19.98,38.67,1012.61,5.32"
12:34:34,"81,244,244,531,5,19.98,38.66,1012.61,5.37"
12:34:34,"81,243,243,531,5,19.99,38.67,1012.60,5.44"
12:34:34,"81,243,243,531,5,19.98,38.67,1012.59,5.46"
12:34:34,"81,243,243,531,5,19.99,38.66,1012.60,5.37"
12:34:34,"81,243,243,531,5,19.98,38.67,1012.59,5.53"
12:34:34,"81,244,244,531,5,19.99,38.67,1012.58,5.61"
12:34:34,"81,246,246,532,5,19.98,38.67,1012.59,5.51"
12:34:34,"81,246,246,532,5,19.98,38.68,1012.63,5.18"
12:34:34,"78,243,243,532,5,19.99,38.68,1012.61,5.36"
12:34:34,"78,241,241,532,5,19.99,38.68,1012.61,5.33"
12:34:34,"78,241,241,532,5,19.99,38.67,1012.61,5.30"
12:34:34,"78,241,241,532,5,19.99,38.67,1012.65,5.01"
12:34:34,"78,240,240,532,5,19.99,38.67,1012.62,5.26"
12:34:34,"78,240,240,532,5,20.00,38.66,1012.64,5.06"
12:34:34,"78,240,240,532,5,20.00,38.67,1012.66,4.94"
12:34:34,"78,240,240,532,5,19.99,38.66,1012.63,5.15"
12:34:34,"78,240,240,532,5,19.98,38.70,1012.66,5.01"
12:34:34,"9,240,240,532,5,19.98,38.64,1012.62,5.27"
12:34:34,"79,240,240,532,5,19.98,38.64,1012.64,5.07"
12:34:34,"79,238,238,532,5,19.99,38.64,1012.68,4.75"
12:34:34,"79,238,238,532,5,19.99,38.65,1012.66,4.93"
12:34:34,"81,240,240,532,5,19.98,38.63,1012.63,5.20"
12:34:34,"81,240,240,532,5,19.99,38.63,1012.61,5.32"
12:34:34,"79,241,241,532,5,19.99,38.62,1012.64,5.05"
12:34:34,"79,241,241,532,5,19.99,38.61,1012.66,4.90"
12:34:34,"79,240,240,532,5,19.98,38.63,1012.65,5.03"
12:34:34,"79,240,240,532,5,19.98,38.63,1012.63,5.16"
12:34:34,"79,234,234,532,5,19.99,38.62,1012.61,5.31"
12:34:34,"78,234,234,532,5,20.00,38.61,1012.66,4.93"
12:34:34,"78,234,234,532,5,20.00,38.61,1012.66,4.95"
12:34:34,"78,235,235,532,5,20.00,38.60,1012.69,4.68"
12:34:34,"78,235,235,532,5,20.00,38.59,1012.64,5.08"
12:34:34,"79,238,238,532,5,20.00,38.59,1012.66,4.91"
12:34:34,"79,240,240,532,5,20.00,38.58,1012.63,5.13"
12:34:34,"79,240,240,531,5,19.99,38.59,1012.60,5.37"
12:34:34,"79,240,240,531,5,20.00,38.60,1012.68,4.79"
12:34:34,"79,240,240,532,5,20.00,38.60,1012.63,5.14"
12:34:34,"78,238,238,532,5,19.99,38.65,1012.64,5.11"
12:34:34,"78,238,238,532,5,19.99,38.65,1012.65,4.98"
12:34:34,"76,237,237,532,5,19.99,38.67,1012.64,5.06"
12:34:34,"76,237,237,531,5,19.99,38.67,1012.63,5.17"
12:34:34,"76,237,237,532,5,19.99,38.67,1012.63,5.18"
12:34:34,"76,237,237,532,5,19.98,38.69,1012.66,4.89"
12:34:34,"75,232,232,532,5,19.98,38.69,1012.64,5.09"
12:34:34,"75,231,231,531,5,19.99,38.68,1012.67,4.87"
12:34:34,"75,231,231,532,5,19.98,38.69,1012.67,4.86"
12:34:34,"75,231,231,532,5,19.98,38.70,1012.69,4.70"
12:34:34,"75,231,231,532,5,19.99,38.71,1012.69,4.63"
12:34:34,"75,231,231,532,5,19.98,38.70,1012.71,4.52"
12:34:34,"73,231,231,532,5,19.98,38.70,1012.70,4.62"
12:34:34,"73,229,229,532,5,19.97,38.69,1012.67,4.82"
12:34:34,"73,229,229,532,5,19.98,38.70,1012.68,4.71"
12:34:34,"73,229,229,531,5,19.98,38.71,1012.70,4.58"
12:34:34,"73,228,228,532,5,19.98,38.71,1012.70,4.54"
12:34:34,PMS7003 checksum failed
12:34:34,"72,222,222,532,5,19.98,38.74,1012.69,4.64"
12:34:34,"72,220,220,532,5,19.97,38.75,1012.68,4.73"
12:34:34,"72,219,219,532,5,19.97,38.75,1012.69,4.70"
12:34:34,"72,219,219,532,5,19.97,38.76,1012.71,4.51"
12:34:34,"72,216,216,532,5,19.96,38.76,1012.67,4.86"
12:34:34,"72,216,216,532,5,19.95,38.78,1012.68,4.71"
12:34:34,"72,216,216,532,5,19.95,38.79,1012.68,4.76"
12:34:34,"72,216,216,532,5,19.96,38.79,1012.69,4.66"
12:34:34,"72,216,216,532,5,19.96,38.79,1012.71,4.52"
12:34:34,"72,217,217,532,5,19.95,38.78,1012.71,4.51"
12:34:34,"72,217,217,532,5,19.96,38.79,1012.73,4.33"
12:34:34,"73,217,217,532,5,19.95,38.78,1012.72,4.39"
12:34:34,"73,217,217,532,5,19.96,38.79,1012.73,4.31"
12:34:34,"73,217,217,532,5,19.96,38.79,1012.71,4.51"
12:34:34,"72,216,216,532,5,19.96,38.78,1012.72,4.39"
12:34:34,"69,213,213,532,5,19.96,38.79,1012.72,4.39"
12:34:34,"69,213,213,532,5,19.96,38.79,1012.70,4.55"
12:34:34,"66,213,213,532,5,19.96,38.80,1012.69,4.63"
12:34:34,"66,213,213,532,5,19.96,38.79,1012.69,4.65"
12:34:34,"66,213,213,532,5,19.96,38.78,1012.72,4.37"
12:34:34,"66,210,210,532,5,19.95,38.78,1012.72,4.41"
12:34:34,"66,210,210,532,5,19.96,38.75,1012.70,4.60"
12:34:34,"66,210,210,532,5,19.96,38.71,1012.71,4.48"
12:34:34,"66,210,210,532,5,19.97,38.70,1012.72,4.41"
12:34:34,"66,210,210,533,5,19.97,38.67,1012.73,4.30"
12:34:34,"66,210,210,533,5,19.96,38.65,1012.71,4.46"
12:34:34,"66,210,210,533,5,19.96,38.65,1012.73,4.33"
12:34:34,"66,210,210,533,5,19.96,38.70,1012.72,4.44"
12:34:34,"66,210,210,533,5,19.96,38.72,1012.69,4.67"
12:34:34,"66,210,210,533,5,19.95,38.71,1012.72,4.39"
12:34:34,"67,207,207,534,5,19.95,38.73,1012.70,4.55"
12:34:34,"67,207,207,534,5,19.96,38.72,1012.70,4.61"
12:34:34,"67,205,205,534,5,19.95,38.72,1012.74,4.26"
12:34:34,"67,204,204,534,5,19.96,38.73,1012.72,4.40"
12:34:34,"67,204,204,534,5,19.95,38.76,1012.74,4.28"
12:34:34,"67,207,207,534,5,19.94,38.77,1012.74,4.28"
12:34:34,"69,208,208,534,5,19.95,38.78,1012.73,4.36"
12:34:34,"69,208,208,534,5,19.95,38.80,1012.72,4.40"
12:34:34,"69,208,208,534,5,19.95,38.83,1012.73,4.33"
12:34:34,"70,208,208,534,5,19.95,38.84,1012.74,4.25"
12:34:34,"70,210,210,534,5,19.95,38.84,1012.74,4.22"
12:34:34,"70,210,210,534,5,19.95,38.83,1012.72,4.41"
12:34:34,"69,210,210,534,5,19.95,38.84,1012.75,4.14"
12:34:34,"69,210,210,534,5,19.95,38.85,1012.76,4.25"
12:34:34,"67,210,210,534,5,19.95,38.80,1012.74,4.28"
12:34:34,"67,210,210,534,5,19.95,38.79,1012.77,3.98"
12:34:34,"66,211,211,534,5,19.95,38.79,1012.74,4.23"
12:34:34,"66,211,211,535,5,19.95,38.78,1012.74,4.26"
12:34:34,"66,211,211,534,5,19.96,38.79,1012.75,4.19"
12:34:34,"64,210,210,534,5,19.96,38.77,1012.75,4.20"
12:34:34,"64,210,210,534,5,19.96,38.76,1012.74,4.23"
12:34:34,"66,207,207,534,5,19.96,38.76,1012.75,4.18"
12:34:34,"66,207,207,534,5,19.96,38.75,1012.76,4.07"
12:34:34,"66,205,205,534,5,19.96,38.75,1012.76,4.08"
12:34:34,"66,205,205,534,5,19.96,38.72,1012.76,4.05"
12:34:34,"66,205,205,534,5,19.96,38.72,1012.76,4.11"
12:34:34,"66,204,204,534,5,19.95,38.71,1012.74,4.23"
12:34:34,PMS7003 checksum failed
12:34:34,"66,204,204,534,5,19.96,38.72,1012.76,4.08"
12:34:34,"66,204,204,534,5,19.96,38.74,1012.74,4.28"
12:34:34,"66,205,205,534,5,19.96,38.72,1012.74,4.28"
12:34:34,"66,205,205,534,5,19.96,38.72,1012.74,4.22"
12:34:34,"66,204,204,534,5,19.96,38.72,1012.76,4.05"
12:34:34,"66,205,205,535,5,19.96,38.72,1012.75,4.15"
12:34:34,"66,205,205,535,5,19.97,38.70,1012.76,4.05"
12:34:34,"66,205,205,534,5,19.98,38.71,1012.78,3.89"
12:34:34,"66,207,207,535,5,19.97,38.71,1012.77,3.99"
12:34:34,"66,207,207,534,5,19.97,38.70,1012.77,4.03"
12:34:34,"66,207,207,534,5,19.97,38.68,1012.74,4.21"
12:34:34,"69,213,213,534,5,19.97,38.67,1012.78,3.91"
12:34:34,"69,213,213,534,5,19.97,38.63,1012.78,3.92"
12:34:34,"69,213,213,534,5,19.96,38.64,1012.76,4.12"
12:34:34,"69,213,213,534,5,19.96,38.65,1012.77,4.02"
12:34:34,"69,211,211,534,5,19.96,38.65,1012.76,4.06"
12:34:34,"69,211,211,534,5,19.97,38.64,1012.78,3.90"
12:34:34,"66,207,207,534,5,19.96,38.65,1012.79,3.82"
12:34:34,"66,207,207,533,5,19.96,38.65,1012.77,4.02"
12:34:34,"66,207,207,533,5,19.97,38.67,1012.79,3.86"
12:34:34,"66,207,208,533,5,19.96,38.68,1012.79,3.86"
12:34:34,"66,207,208,533,5,19.96,38.69,1012.78,3.89"
12:34:34,"66,208,208,533,5,19.96,38.71,1012.78,3.89"
12:34:34,"66,208,210,533,5,19.96,38.71,1012.74,4.22"
12:34:34,"66,210,210,533,5,19.97,38.70,1012.77,3.98"
12:34:34,"66,210,210,533,5,19.96,38.70,1012.79,3.81"
12:34:34,"66,210,211,532,5,19.95,38.71,1012.73,4.33"
12:34:34,"66,211,213,532,5,19.95,38.73,1012.78,3.94"
12:34:34,"66,210,211,532,5,19.96,38.73,1012.79,3.83"
12:34:34,"66,210,211,533,5,19.95,38.73,1012.78,3.89"
12:34:34,"66,210,210,533,5,19.95,38.73,1012.76,4.11"
12:34:34,"66,210,211,533,5,19.95,38.73,1012.76,4.09"
12:34:34,"66,211,213,533,5,19.95,38.73,1012.76,4.05"
12:34:34,PMS7003 checksum failed
12:34:34,"66,213,213,533,5,19.96,38.73,1012.77,3.97"
12:34:34,"66,210,210,533,5,19.95,38.75,1012.78,3.93"
12:34:34,"64,208,208,533,5,19.95,38.72,1012.79,3.86"
12:34:34,"64,208,208,533,5,19.95,38.71,1012.76,4.08"
12:34:34,"64,208,208,533,5,19.96,38.70,1012.77,3.98"
12:34:34,"64,208,208,533,5,19.96,38.70,1012.76,4.11"
12:34:34,"64,210,210,533,5,19.96,38.69,1012.76,4.09"
12:34:34,"64,210,210,533,5,19.95,38.68,1012.72,4.40"
12:34:34,"64,210,210,533,5,19.96,38.67,1012.77,3.99"
12:34:34,"64,210,210,533,5,19.96,38.65,1012.77,4.02"
12:34:34,"64,210,210,533,5,19.96,38.65,1012.77,3.98"
12:34:34,"66,210,210,533,5,19.96,38.67,1012.78,3.92"
12:34:34,"66,210,210,533,5,19.96,38.65,1012.77,3.98"
12:34:34,"66,210,210,533,5,19.96,38.68,1012.79,3.79"
12:34:34,",210,210,533,5,19.96,38.70,1012.78,3.89"
12:34:34,"66,210,210,533,5,19.95,38.71,1012.78,3.92"
12:34:34,"66,213,213,533,5,19.96,38.70,1012.81,3.62"
12:34:34,"66,213,213,533,5,19.96,38.73,1012.76,4.10"
12:34:34,"66,213,213,533,5,19.96,38.68,1012.80,3.73"
12:34:34,"66,213,213,533,5,19.96,38.64,1012.79,3.84"
12:34:34,"66,213,213,533,5,19.96,38.62,1012.77,3.99"
12:34:34,"66,210,210,533,5,19.96,38.61,1012.78,3.88"
12:34:34,"64,208,208,533,5,19.96,38.62,1012.78,3.94"
12:34:34,"64,208,208,533,5,19.96,38.61,1012.77,3.98"
12:34:34,"64,210,210,533,5,19.96,38.62,1012.78,3.90"
12:34:34,"64,210,210,533,5,19.97,38.64,1012.78,3.91"
12:34:34,"64,210,210,533,5,19.97,38.62,1012.77,3.97"
12:34:34,"64,213,213,533,5,19.97,38.62,1012.76,4.06"
12:34:34,",213,213,532,5,19.97,38.62,1012.78,3.89"
12:34:34,"64,213,213,532,5,19.97,38.63,1012.82,3.60"
12:34:34,"64,213,213,533,5,19.97,38.65,1012.78,3.84"
12:34:34,"64,213,214,533,5,19.97,38.65,1012.78,3.91"
12:34:34,"64,214,214,533,5,19.96,38.68,1012.78,3.94"
12:34:34,"66,216,216,533,5,19.96,38.69,1012.78,3.91"
12:34:34,"67,216,216,533,5,19.96,38.69,1012.79,3.83"
12:34:34,"67,216,216,533,5,19.96,38.69,1012.78,3.89"
12:34:34,"67,217,217,533,5,19.95,38.70,1012.79,3.80"
12:34:34,"67,217,217,533,5,19.95,38.72,1012.78,3.89"
12:34:34,"69,217,217,533,5,19.95,38.72,1012.77,4.01"
12:34:34,"69,216,216,534,5,19.96,38.72,1012.79,3.82"
12:34:34,"69,216,216,534,5,19.95,38.71,1012.81,3.70"
12:34:34,"69,216,216,534,5,19.95,38.71,1012.79,3.85"
12:34:34,"67,216,216,534,5,19.95,38.71,1012.82,3.59"
12:34:34,"67,213,213,534,5,19.95,38.71,1012.78,3.88"
12:34:34,"67,211,211,534,5,19.95,38.70,1012.79,3.87"
12:34:34,"67,211,211,534,5,19.94,38.70,1012.80,3.78"
12:34:34,"67,210,210,534,5,19.95,38.70,1012.81,3.63"
12:34:34,"67,210,210,534,5,19.95,38.71,1012.81,3.63"
12:34:34,"64,208,208,534,5,19.95,38.70,1012.81,3.67"
12:34:34,"63,207,207,534,5,19.95,38.70,1012.79,3.87"
12:34:34,"63,207,207,534,5,19.95,38.69,1012.77,4.01"
12:34:34,"63,207,207,534,5,19.94,38.70,1012.76,4.11"
12:34:34,"63,207,207,533,5,19.94,38.71,1012.79,3.80"
12:34:34,"63,207,207,533,5,19.94,38.71,1012.79,3.85"
12:34:34,"63,207,207,533,5,19.95,38.70,1012.80,3.72"
12:34:34,"61,210,210,533,5,19.94,38.70,1012.78,3.89"
12:34:34,"61,210,210,533,5,19.94,38.71,1012.77,3.90"
12:34:34,"61,210,210,533,5,19.95,38.72,1012.81,3.70"
12:34:34,"63,210,210,533,5,19.95,38.72,1012.80,3.73"
12:34:34,"63,210,210,533,5,19.94,38.72,1012.78,3.92"
12:34:34,"64,213,213,533,5,19.95,38.71,1012.78,3.87"
12:34:34,"64,213,213,533,5,19.95,38.71,1012.78,3.91"
12:34:34,"64,213,213,533,5,19.95,38.71,1012.78,3.87"
12:34:34,"64,216,216,533,5,19.95,38.71,1012.75,4.15"
12:34:34,"64,216,216,533,5,19.95,38.71,1012.80,3.74"
12:34:34,"64,216,216,533,5,19.96,38.71,1012.84,3.43"
12:34:34,"64,217,217,533,5,19.96,38.72,1012.81,3.64"
12:34:34,"64,217,217,533,5,19.95,38.72,1012.80,3.77"
12:34:34,"64,217,217,533,5,19.95,38.73,1012.78,3.92"
12:34:34,"64,217,217,533,5,19.95,38.76,1012.80,3.76"
12:34:34,"64,214,214,533,5,19.95,38.73,1012.81,3.68"
12:34:34,"64,214,214,533,5,19.95,38.76,1012.81,3.63"
12:34:34,"64,213,213,533,5,19.95,38.75,1012.81,3.65"
12:34:34,"64,213,213,533,5,19.95,38.75,1012.78,3.91"
12:34:34,"63,210,210,533,5,19.95,38.75,1012.81,3.69"
12:34:34,"63,210,210,533,5,19.96,38.75,1012.80,3.77"
12:34:34,"63,208,208,533,5,19.95,38.73,1012.79,3.84"
12:34:34,"63,207,207,533,5,19.95,38.71,1012.80,3.72"
12:34:34,"3,207,207,533,5,19.95,38.70,1012.80,3.74"
12:34:34,"63,204,204,533,5,19.95,38.70,1012.76,4.07"
12:34:34,"64,205,205,533,5,19.95,38.70,1012.78,3.87"
12:34:34,"64,205,205,533,5,19.95,38.70,1012.80,3.76"
12:34:34,"66,207,207,533,5,19.94,38.66,1012.75,3.78"
12:34:34,"66,208,208,533,5,19.94,38.69,1012.79,3.81"
12:34:34,"66,210,210,533,5,19.95,38.70,1012.80,3.78"
12:34:34,"66,210,210,533,5,19.94,38.70,1012.79,3.79"
12:34:34,"66,208,208,533,5,19.94,38.71,1012.80,3.71"
12:34:34,"66,208,208,533,5,19.94,38.70,1012.78,3.94"
12:34:34,"66,208,208,533,5,19.95,38.70,1012.78,3.88"
12:34:34,"66,207,207,533,5,19.95,38.71,1012.80,3.75"
12:34:34,"66,207,207,533,5,19.95,38.71,1012.76,4.06"
12:34:34,"66,207,207,533,5,19.94,38.71,1012.78,3.90"
12:34:34,"64,205,205,533,5,19.95,38.71,1012.81,3.63"
12:34:34,"64,205,205,533,5,19.95,38.71,1012.78,3.89"
12:34:34,"64,205,205,533,5,19.95,38.71,1012.79,3.86"
12:34:34,"66,208,208,533,5,19.95,38.72,1012.80,3.76"
12:34:34,"66,208,208,533,5,19.95,38.73,1012.79,3.86"
12:34:34,"66,208,208,533,5,19.95,38.73,1012.78,3.88"
12:34:34,"66,207,207,533,5,19.95,38.75,1012.79,3.84"
12:34:34,"66,205,207,533,5,19.95,38.73,1012.78,3.91"
12:34:34,"66,204,205,533,5,19.95,38.75,1012.79,3.80"
12:34:34,"66,204,205,533,5,19.95,38.75,1012.80,3.78"
12:34:34,"66,204,204,533,5,19.94,38.73,1012.80,3.73"
12:34:34,"66,202,204,533,5,19.94,38.72,1012.79,3.79"
12:34:34,"64,201,202,533,5,19.95,38.71,1012.81,3.66"
12:34:34,"64,201,201,533,5,19.95,38.71,1012.81,3.66"
12:34:34,"63,201,201,533,5,19.95,38.70,1012.79,3.87"
12:34:34,"63,201,201,533,5,19.94,38.69,1012.79,3.80"
12:34:34,"63,202,202,533,5,19.94,38.69,1012.80,3.76"
12:34:34,"63,202,202,533,5,19.95,38.70,1012.80,3.71"
12:34:34,"63,202,202,533,5,19.94,38.73,1012.80,3.71"
12:34:34,"63,201,201,533,5,19.94,38.72,1012.77,4.04"
12:34:34,"63,204,204,533,5,19.94,38.75,1012.78,3.94"
12:34:34,"63,204,204,533,5,19.94,38.75,1012.79,3.81"
12:34:34,"60,204,204,533,5,19.95,38.75,1012.80,3.73"
12:34:34,"60,204,204,533,5,19.94,38.76,1012.79,3.87"
12:34:34,"60,204,204,533,5,19.94,38.77,1012.78,3.90"
12:34:34,"60,204,204,533,5,19.93,38.74,1012.78,3.90"
12:34:34,"61,204,204,533,5,19.94,38.73,1012.76,4.06"
12:34:34,"61,204,204,533,5,19.94,38.73,1012.77,4.03"
12:34:34,"63,205,205,533,5,19.93,38.72,1012.80,3.73"
12:34:34,"63,205,205,533,5,19.94,38.73,1012.79,3.80"
12:34:34,"64,207,207,533,5,19.93,38.72,1012.76,4.08"
12:34:34,PMS7003 checksum failed
12:34:34,"66,207,207,533,5,19.94,38.70,1012.78,3.87"
12:34:34,"66,208,208,532,5,19.94,38.71,1012.78,3.90"
12:34:34,"66,208,208,533,5,19.94,38.70,1012.76,4.05"
12:34:34,"66,208,208,533,5,19.94,38.71,1012.78,3.95"
12:34:34,"64,208,208,533,5,19.95,38.69,1012.78,3.89"
12:34:34,"64,208,208,533,5,19.95,38.70,1012.78,3.92"
12:34:34,"64,208,208,533,5,19.95,38.70,1012.80,3.77"
12:34:34,"64,208,208,533,5,19.95,38.70,1012.80,3.73"
12:34:34,"64,208,208,533,5,19.95,38.70,1012.80,3.75"
12:34:34,"64,210,210,533,5,19.95,38.71,1012.81,3.68"
12:34:34,"64,210,210,533,5,19.95,38.69,1012.79,3.79"
12:34:34,"64,210,210,533,5,19.95,38.70,1012.80,3.74"
12:34:34,"4,210,210,532,5,19.95,38.69,1012.80,3.76"
12:34:34,"66,210,210,533,5,19.95,38.70,1012.77,3.97"
12:34:34,"66,210,210,533,5,19.95,38.69,1012.79,3.83"
12:34:34,PMS7003 checksum failed
12:34:34,"64,210,210,533,5,19.95,38.70,1012.80,3.77"
12:34:34,"64,204,204,533,5,19.95,38.70,1012.77,4.02"
12:34:34,"64,201,201,533,5,19.95,38.69,1012.78,3.90"
12:34:34,"64,201,201,533,5,19.95,38.70,1012.79,3.86"
12:34:34,"66,201,201,532,5,19.95,38.68,1012.75,4.14"
12:34:34,"66,201,201,533,5,19.95,38.66,1012.77,4.02"
12:34:34,"66,201,201,533,5,19.95,38.68,1012.78,3.94"
12:34:34,"66,201,201,533,5,19.95,38.69,1012.77,4.00"
12:34:34,"66,202,202,533,5,19.95,38.67,1012.81,3.65"
12:34:34,"66,202,202,533,5,19.96,38.65,1012.79,3.80"
12:34:34,"64,204,204,533,5,19.95,38.64,1012.79,3.85"
12:34:34,"64,204,204,533,5,19.95,38.63,1012.75,4.15"
12:34:34,"64,204,204,533,5,19.95,38.64,1012.78,3.90"
12:34:34,"64,204,204,533,5,19.94,38.63,1012.76,4.07"
12:34:34,"63,207,207,533,5,19.95,38.62,1012.81,3.66"
12:34:34,"63,207,207,533,5,19.95,38.63,1012.76,4.06"
12:34:34,"63,207,207,533,5,19.95,38.64,1012.79,3.83"
12:34:34,"63,207,207,533,5,19.95,38.68,1012.77,4.04"
12:34:34,"3,208,208,533,5,19.95,38.69,1012.76,4.05"
12:34:34,"63,208,208,533,5,19.94,38.70,1012.76,4.06"
12:34:34,"63,208,208,533,5,19.94,38.70,1012.75,4.20"
12:34:34,"64,204,204,533,5,19.94,38.69,1012.75,4.14"
12:34:34,"64,202,202,533,5,19.94,38.66,1012.75,4.04"
12:34:34,"64,202,202,533,5,19.95,38.68,1012.78,3.88"
12:34:34,"66,202,204,533,5,19.94,38.68,1012.75,4.15"
12:34:34,"66,202,204,533,5,19.95,38.68,1012.77,3.99"
12:34:34,"64,204,204,533,5,19.95,38.66,1012.79,3.86"
12:34:34,"64,204,205,533,5,19.94,38.65,1012.73,4.32"
12:34:34,"66,205,207,533,5,19.94,38.65,1012.77,3.99"
12:34:34,"66,205,207,533,5,19.94,38.65,1012.79,3.86"
12:34:34,"66,205,207,533,5,19.94,38.64,1012.77,3.98"
12:34:34,"64,205,207,534,5,19.94,38.64,1012.76,4.07"
12:34:34,"64,205,205,534,5,19.94,38.63,1012.76,4.05"
12:34:34,"64,205,205,534,5,19.94,38.64,1012.81,3.66"
12:34:34,"64,205,205,534,5,19.93,38.65,1012.72,4.43"
12:34:34,"63,205,205,534,5,19.94,38.66,1012.75,4.18"
12:34:34,"63,205,205,534,5,19.94,38.71,1012.79,3.81"
12:34:34,"66,207,207,534,5,19.93,38.73,1012.77,4.02"
12:34:34,"66,208,208,534,5,19.93,38.74,1012.75,4.18"
12:34:34,"66,208,208,534,5,19.93,38.73,1012.73,4.32"
12:34:34,"66,208,208,534,5,19.93,38.74,1012.77,4.04"
12:34:34,"66,210,210,534,5,19.93,38.73,1012.78,3.94"
12:34:34,"66,210,210,534,5,19.93,38.74,1012.78,3.95"
12:34:34,"66,213,213,534,5,19.93,38.73,1012.77,3.96"
12:34:34,"64,211,211,534,5,19.93,38.73,1012.76,4.04"
12:34:34,"66,210,210,533,5,19.93,38.73,1012.78,3.92"
12:34:34,"66,210,210,534,5,19.93,38.72,1012.76,4.04"
12:34:34,"66,210,210,534,5,19.94,38.72,1012.78,3.95"
12:34:34,PMS7003 checksum failed
12:34:34,"63,204,204,534,5,19.94,38.72,1012.77,4.02"
12:34:34,"63,204,204,534,5,19.93,38.73,1012.77,4.01"
12:34:34,"61,201,201,534,5,19.93,38.74,1012.80,3.74"
12:34:34,"61,201,201,534,5,19.93,38.75,1012.78,3.96"
12:34:34,"61,199,199,534,5,19.93,38.75,1012.79,3.82"
12:34:34,"63,201,201,534,5,19.93,38.77,1012.76,4.12"
12:34:34,"63,201,201,535,5,19.92,38.78,1012.75,4.19"
12:34:34,"63,201,201,534,5,19.93,38.78,1012.77,3.99"
12:34:34,"63,201,201,534,5,19.93,38.78,1012.77,3.97"
12:34:34,"63,201,201,534,5,19.93,38.75,1012.76,4.04"
12:34:34,"63,201,201,535,5,19.93,38.75,1012.79,3.84"
12:34:34,"63,201,201,534,5,19.92,38.75,1012.73,4.33"
12:34:34,"63,201,201,535,5,19.93,38.74,1012.77,4.03"
12:34:34,"63,201,201,535,5,19.93,38.75,1012.74,4.25"
12:34:34,"66,201,201,535,5,19.93,38.73,1012.76,4.07"
12:34:34,"66,198,198,535,5,19.93,38.74,1012.77,3.97"
12:34:34,"64,198,198,535,5,19.93,38.74,1012.76,4.10"
12:34:34,"64,198,198,535,5,19.93,38.78,1012.75,4.13"
12:34:34,"63,199,199,535,5,19.94,38.74,1012.75,4.17"
12:34:34,"63,199,199,535,5,19.94,38.74,1012.77,3.97"
12:34:34,"63,199,199,535,5,19.94,38.73,1012.77,3.98"
12:34:34,"64,199,199,535,5,19.93,38.73,1012.78,3.87"
12:34:34,"64,199,199,535,5,19.94,38.74,1012.79,3.85"
12:34:34,"64,199,199,535,5,19.94,38.76,1012.76,4.11"
12:34:34,"64,199,199,535,5,19.94,38.74,1012.76,4.11"
12:34:34,"66,199,199,535,5,19.93,38.76,1012.75,4.16"
12:34:34,"66,199,199,535,5,19.93,38.74,1012.74,4.28"
12:34:34,"66,199,199,535,5,19.94,38.74,1012.76,4.05"
12:34:34,",195,195,535,5,19.94,38.76,1012.79,3.79"
12:34:34,"63,192,192,535,5,19.94,38.74,1012.79,3.85"
12:34:34,"63,193,193,535,5,19.93,38.74,1012.74,4.22"
12:34:34,"63,193,193,535,5,19.94,38.74,1012.76,4.10"
12:34:34,"63,193,193,535,5,19.94,38.73,1012.76,4.06"
12:34:34,"61,192,192,535,5,19.94,38.73,1012.78,3.92"
12:34:34,"63,193,193,535,5,19.94,38.73,1012.77,4.03"
12:34:34,"63,195,195,534,5,19.94,38.73,1012.79,3.83"
12:34:34,"63,195,195,534,5,19.94,38.72,1012.78,3.90"
12:34:34,"63,195,195,535,5,19.94,38.72,1012.76,4.05"
12:34:34,"63,195,195,534,5,19.94,38.72,1012.75,4.16"
12:34:34,"63,195,195,535,5,19.94,38.72,1012.71,4.46"
12:34:34,"61,195,195,535,5,19.94,38.72,1012.74,4.21"
12:34:34,"61,195,195,535,5,19.94,38.73,1012.75,4.17"
12:34:34,"63,195,195,535,5,19.94,38.73,1012.76,4.11"
12:34:34,"63,195,195,535,5,19.94,38.75,1012.74,4.25"
12:34:34,"64,195,195,535,5,19.95,38.75,1012.79,3.80"
12:34:34,"64,195,195,535,5,19.93,38.75,1012.74,4.24"
12:34:34,"64,193,193,535,5,19.92,38.80,1012.77,3.97"
12:34:34,"64,193,193,535,5,19.92,38.80,1012.76,4.10"
12:34:34,"63,193,193,535,5,19.92,38.81,1012.77,4.03"
12:34:34,"63,195,195,535,5,19.92,38.80,1012.76,4.12"
12:34:34,"61,192,192,535,5,19.92,38.81,1012.75,4.13"
12:34:34,"61,192,192,535,5,19.92,38.80,1012.76,4.10"
12:34:34,"61,192,192,535,5,19.92,38.79,1012.74,4.28"
12:34:34,"61,192,192,535,5,19.92,38.79,1012.74,4.24"
12:34:34,"61,192,192,535,5,19.92,38.80,1012.77,4.04"
12:34:34,"61,192,192,535,5,19.93,38.78,1012.81,3.68"
12:34:34,"61,192,192,535,5,19.92,38.78,1012.76,4.08"
12:34:34,"63,195,195,535,5,19.92,38.79,1012.77,4.00"
12:34:34,"63,195,196,535,5,19.93,38.80,1012.78,3.93"
12:34:34,"63,195,195,535,5,19.92,38.79,1012.73,4.31"
12:34:34,PMS7003 checksum failed
12:34:34,"64,195,195,535,5,19.92,38.79,1012.78,3.95"
12:34:34,"64,195,195,535,5,19.92,38.80,1012.76,4.05"
12:34:34,"64,195,195,535,5,19.92,38.80,1012.76,4.06"
12:34:34,"63,195,195,535,5,19.92,38.80,1012.80,3.75"
12:34:34,"63,195,195,535,5,19.92,38.79,1012.77,3.96"
12:34:34,",195,195,535,5,19.92,38.80,1012.75,4.17"
12:34:34,"63,195,195,535,5,19.91,38.80,1012.75,4.16"
12:34:34,"63,195,195,535,5,19.92,38.79,1012.78,3.89"
12:34:34,"63,196,196,535,5,19.91,38.79,1012.77,4.02"
12:34:34,"61,196,196,535,5,19.91,38.78,1012.77,4.00"
12:34:34,"61,196,196,536,5,19.91,38.79,1012.78,3.95"
12:34:34,"61,198,198,535,5,19.92,38.78,1012.78,3.93"
12:34:34,"63,204,204,535,5,19.91,38.77,1012.78,3.94"
12:34:34,"63,204,204,535,5,19.91,38.75,1012.78,3.90"
12:34:34,"63,204,204,536,5,19.91,38.75,1012.77,3.97"
12:34:34,"63,204,204,536,5,19.92,38.75,1012.79,3.83"
12:34:34,PMS7003 checksum failed
12:34:34,"63,202,202,536,5,19.92,38.74,1012.79,3.84"
12:34:34,"63,202,202,535,5,19.92,38.75,1012.78,3.92"
12:34:34,"64,204,204,535,5,19.91,38.75,1012.80,3.78"
12:34:34,"64,204,204,536,5,19.91,38.77,1012.78,3.88"
12:34:34,"64,204,204,536,5,19.92,38.78,1012.81,3.70"
12:34:34,"66,204,204,536,5,19.92,38.79,1012.76,4.06"
12:34:34,"66,204,204,536,5,19.92,38.81,1012.82,3.57"
12:34:34,"66,204,204,536,5,19.92,38.77,1012.83,3.47"
12:34:34,"66,204,204,536,5,19.91,38.77,1012.82,3.60"
12:34:34,"66,204,204,536,5,19.92,38.77,1012.78,3.95"
12:34:34,"66,204,204,536,5,19.91,38.77,1012.80,3.76"
12:34:34,"66,204,204,536,5,19.91,38.78,1012.81,3.68"
12:34:34,"64,202,202,536,5,19.90,38.76,1012.76,4.04"
12:34:34,"64,202,202,536,5,19.92,38.74,1012.80,3.78"
12:34:34,"64,202,202,535,5,19.92,38.74,1012.80,3.78"
12:34:34,"64,201,201,536,5,19.91,38.74,1012.78,3.93"
12:34:34,"64,201,201,535,5,19.92,38.74,1012.78,3.95"
12:34:34,PMS7003 checksum failed
12:34:34,"60,193,193,535,5,19.92,38.74,1012.79,3.84"
12:34:34,"60,193,193,536,5,19.92,38.73,1012.80,3.75"
12:34:34,"60,193,193,536,5,19.92,38.75,1012.80,3.76"
12:34:34,"60,192,192,535,5,19.91,38.78,1012.82,3.57"
12:34:34,"60,193,193,535,5,19.91,38.78,1012.77,4.02"
12:34:34,"60,193,193,536,5,19.92,38.78,1012.79,3.86"
12:34:34,"60,192,192,536,5,19.92,38.77,1012.81,3.67"
12:34:34,"60,192,192,536,5,19.91,38.77,1012.78,3.91"
12:34:34,"60,192,192,536,5,19.91,38.74,1012.81,3.66"
12:34:34,"60,192,192,536,5,19.92,38.75,1012.77,3.96"
12:34:34,"63,192,192,536,5,19.92,38.73,1012.75,4.20"
12:34:34,"63,192,192,536,5,19.92,38.73,1012.81,3.68"
12:34:34,"63,192,192,535,5,19.92,38.73,1012.81,3.67"
12:34:34,"63,192,192,536,5,19.92,38.72,1012.76,4.07"
12:34:34,"63,192,192,536,5,19.92,38.73,1012.79,3.84"
12:34:34,"63,192,192,536,5,19.92,38.73,1012.81,3.69"
12:34:34,"60,193,193,536,5,19.92,38.72,1012.82,3.55"
12:34:34,"60,193,193,536,5,19.92,38.72,1012.81,3.69"
12:34:34,"60,193,193,536,5,19.93,38.73,1012.81,3.62"
12:34:34,"60,193,193,536,5,19.92,38.72,1012.80,3.75"
12:34:34,"60,192,192,536,5,19.93,38.69,1012.82,3.58"
12:34:34,"60,192,192,536,5,19.92,38.67,1012.79,3.82"
12:34:34,"61,192,192,536,5,19.92,38.70,1012.80,3.76"
12:34:34,"60,192,192,536,5,19.92,38.74,1012.78,3.91"
12:34:34,"60,192,192,537,5,19.92,38.79,1012.82,3.60"
12:34:34,"60,192,192,537,5,19.92,38.79,1012.80,3.75"
12:34:34,"60,192,192,537,5,19.91,38.79,1012.81,3.68"
12:34:34,"61,189,189,536,5,19.91,38.79,1012.80,3.72"
12:34:34,"61,189,189,537,5,19.91,38.79,1012.82,3.62"
12:34:34,"60,189,189,537,5,19.91,38.79,1012.81,3.64"
12:34:34,"60,189,189,537,5,19.91,38.81,1012.81,3.65"
12:34:34,"60,189,189,537,5,19.92,38.80,1012.79,3.79"
12:34:34,"60,189,189,536,5,19.92,38.80,1012.79,3.86"
12:34:34,"60,189,189,537,5,19.92,38.80,1012.80,3.78"
12:34:34,"60,189,189,537,5,19.91,38.79,1012.80,3.77"
12:34:34,"60,189,189,537,5,19.92,38.78,1012.80,3.78"
12:34:34,"60,190,190,537,5,19.92,38.78,1012.79,3.85"
12:34:34,"61,193,193,537,5,19.92,38.79,1012.79,3.86"
12:34:34,"61,193,193,537,5,19.91,38.79,1012.83,3.54"
12:34:34,"63,196,196,537,5,19.92,38.79,1012.79,3.81"
12:34:34,"63,196,196,538,5,19.92,38.78,1012.80,3.74"
12:34:34,"63,196,196,538,5,19.92,38.78,1012.80,3.76"
12:34:34,"63,196,196,538,5,19.92,38.78,1012.83,3.48"
12:34:34,"60,193,193,538,5,19.92,38.78,1012.83,3.48"
12:34:34,"60,195,195,538,5,19.91,38.77,1012.79,3.80"
12:34:34,"60,195,195,538,5,19.93,38.78,1012.82,3.57"
12:34:34,"60,195,195,538,5,19.92,38.77,1012.83,3.50"
12:34:34,"60,195,195,538,5,19.92,38.77,1012.80,3.77"
12:34:34,"60,192,192,538,5,19.92,38.78,1012.80,3.73"
12:34:34,"60,190,190,538,5,19.92,38.75,1012.79,3.81"
12:34:34,"60,190,190,538,5,19.92,38.77,1012.80,3.78"
12:34:34,"60,189,189,538,5,19.92,38.75,1012.79,3.79"
12:34:34,"61,190,190,538,5,19.92,38.77,1012.81,3.66"
12:34:34,"60,193,193,538,5,19.92,38.75,1012.79,3.82"
12:34:34,PMS7003 checksum failed
12:34:34,"60,195,195,538,5,19.92,38.74,1012.81,3.69"
12:34:34,"60,195,195,538,5,19.92,38.75,1012.81,3.64"
12:34:34,"60,195,195,538,5,19.91,38.78,1012.81,3.66"
12:34:34,"60,195,195,539,5,19.91,38.78,1012.79,3.80"
12:34:34,"60,195,195,539,5,19.91,38.79,1012.81,3.69"
12:34:34,"60,195,195,539,5,19.92,38.80,1012.78,3.89"
12:34:34,"60,195,195,539,5,19.91,38.81,1012.81,3.62"
12:34:34,"60,195,195,539,5,19.92,38.81,1012.81,3.64"
12:34:34,"60,195,195,539,5,19.91,38.79,1012.79,3.85"
12:34:34,"60,195,195,539,5,19.91,38.81,1012.80,3.74"
12:34:34,"60,195,195,539,5,19.90,38.80,1012.79,3.81"
12:34:34,"57,190,190,539,5,19.91,38.80,1012.77,3.99"
12:34:34,"57,190,190,539,5,19.90,38.80,1012.81,3.63"
12:34:34,"57,190,190,539,5,19.90,38.79,1012.75,4.13"
12:34:34,"58,192,192,539,5,19.91,38.80,1012.84,3.40"
12:34:34,"60,192,192,540,5,19.90,38.82,1012.78,3.88"
12:34:34,PMS7003 checksum failed
12:34:34,"60,195,195,540,5,19.90,38.83,1012.80,3.50"
12:34:34,"61,195,195,540,5,19.91,38.83,1012.79,3.87"
12:34:34,"61,195,195,541,5,19.91,38.83,1012.83,3.48"
12:34:34,"64,201,201,540,5,19.90,38.84,1012.80,3.71"
12:34:34,"64,201,201,541,5,19.90,38.83,1012.79,3.81"
12:34:34,"64,201,201,541,5,19.90,38.83,1012.83,3.47"
12:34:34,"64,201,201,541,5,19.90,38.83,1012.83,3.52"
12:34:34,"64,201,201,541,5,19.91,38.82,1012.78,3.90"
12:34:34,"66,201,201,541,5,19.90,38.83,1012.85,3.32"
12:34:34,"66,201,201,541,5,19.90,38.82,1012.82,3.60"
12:34:34,"66,201,201,541,5,19.91,38.80,1012.78,3.89"
12:34:34,"66,205,205,542,5,19.91,38.79,1012.80,3.78"
12:34:34,"66,208,208,542,5,19.91,38.79,1012.83,3.50"
12:34:34,"66,208,208,542,5,19.91,38.79,1012.84,3.38"
12:34:34,"66,211,211,542,5,19.91,38.80,1012.84,3.40"
12:34:34,"67,213,213,542,5,19.91,38.82,1012.82,3.58"
12:34:34,"67,213,213,543,5,19.91,38.81,1012.82,3.58"
12:34:34,"67,213,213,543,5,19.91,38.81,1012.83,3.54"
12:34:34,"67,211,213,543,5,19.90,38.81,1012.82,3.60"
12:34:34,"67,211,213,543,5,19.90,38.73,1012.80,3.73"
12:34:34,"69,211,213,543,5,19.90,38.82,1012.81,3.65"
12:34:34,"69,211,213,543,5,19.90,38.82,1012.80,3.76"
12:34:34,"69,211,213,544,5,19.90,38.81,1012.81,3.67"
12:34:34,"69,211,213,544,5,19.89,38.82,1012.77,3.98"
12:34:34,"69,213,214,544,5,19.90,38.83,1012.83,3.53"
12:34:34,"69,213,214,544,5,19.91,38.82,1012.84,3.45"
12:34:34,"67,216,216,544,5,19.91,38.81,1012.82,3.62"
12:34:34,"67,216,216,544,5,19.90,38.81,1012.80,3.75"
12:34:34,"67,216,217,544,5,19.90,38.82,1012.83,3.52"
12:34:34,"67,216,217,544,5,19.91,38.81,1012.82,3.57"
12:34:34,"69,219,219,544,5,19.91,38.81,1012.83,3.51"
12:34:34,"69,217,219,544,5,19.91,38.80,1012.82,3.55"
12:34:34,"69,217,219,544,5,19.91,38.80,1012.81,3.67"
12:34:34,"69,219,219,544,5,19.91,38.81,1012.82,3.57"
12:34:34,"69,219,219,544,5,19.91,38.82,1012.81,3.69"
12:34:34,"69,222,222,544,5,19.91,38.81,1012.79,3.85"
12:34:34,"69,220,222,544,5,19.91,38.82,1012.81,3.69"
12:34:34,"69,220,222,544,5,19.91,38.83,1012.81,3.65"
12:34:34,"70,220,222,544,5,19.91,38.81,1012.86,3.30"
12:34:34,"70,220,220,544,5,19.92,38.80,1012.81,3.69"
12:34:34,"72,222,222,544,5,19.92,38.79,1012.82,3.60"
12:34:34,"72,222,222,544,5,19.92,38.79,1012.78,3.92"
12:34:34,"72,223,223,544,5,19.92,38.80,1012.83,3.51"
12:34:34,"70,223,223,543,5,19.92,38.80,1012.81,3.67"
12:34:34,"70,223,223,544,5,19.92,38.80,1012.81,3.62"
12:34:34,"70,223,223,543,5,19.92,38.79,1012.78,3.90"
12:34:34,"72,223,223,543,5,19.92,38.77,1012.81,3.68"
12:34:34,"72,222,222,543,5,19.92,38.77,1012.78,3.95"
12:34:34,"22,222,543,5,19.92,38.78,1012.82,3.55"
12:34:34,"72,222,222,543,5,19.92,38.77,1012.81,3.65"
12:34:34,"72,222,222,543,5,19.92,38.77,1012.81,3.69"
12:34:34,"70,222,222,542,5,19.92,38.74,1012.81,3.70"
12:34:34,"72,223,223,542,5,19.92,38.75,1012.83,3.52"
12:34:34,"72,222,222,542,5,19.92,38.72,1012.82,3.58"
12:34:34,"72,223,223,542,5,19.92,38.72,1012.80,3.79"
12:34:34,"72,222,222,542,5,19.92,38.70,1012.80,3.77"
12:34:34,"70,222,222,542,5,19.93,38.67,1012.82,3.54"
12:34:34,PMS7003 checksum failed
12:34:34,"72,222,222,542,5,19.92,38.69,1012.81,3.67"
12:34:34,"72,223,223,541,5,19.93,38.69,1012.82,3.55"
12:34:34,"72,223,223,541,5,19.92,38.67,1012.77,3.97"
12:34:34,"72,223,223,541,5,19.93,38.65,1012.81,3.62"
12:34:34,"72,228,228,541,5,19.92,38.64,1012.78,3.91"
12:34:34,"72,228,228,541,5,19.92,38.66,1012.81,3.69"
12:34:34,"72,228,228,540,5,19.91,38.65,1012.77,4.01"
12:34:34,"72,228,228,541,5,19.92,38.65,1012.81,3.68"
12:34:34,"72,228,228,540,5,19.91,38.66,1012.78,3.91"
12:34:34,"72,228,228,540,5,19.92,38.65,1012.80,3.76"
12:34:34,"72,228,228,540,5,19.91,38.66,1012.78,3.94"
12:34:34,"70,225,225,540,5,19.92,38.71,1012.81,3.67"
12:34:34,"69,225,225,540,5,19.91,38.72,1012.78,3.88"
12:34:34,"69,225,225,540,5,19.91,38.71,1012.76,4.09"
12:34:34,"69,228,228,540,5,19.91,38.67,1012.79,3.81"
12:34:34,"70,229,229,540,5,19.91,38.66,1012.79,3.86"
12:34:34,PMS7003 checksum failed
12:34:34,"70,225,225,540,5,19.92,38.65,1012.80,3.72"
12:34:34,"69,225,225,540,5,19.91,38.68,1012.77,4.02"
12:34:34,"5,225,540,5,19.91,38.71,1012.78,3.89"
12:34:34,"70,223,223,540,5,19.90,38.73,1012.77,3.96"
12:34:34,"70,223,223,541,5,19.91,38.73,1012.81,3.70"
12:34:34,"70,223,223,541,5,19.91,38.74,1012.81,3.69"
12:34:34,"70,222,223,541,5,19.91,38.74,1012.83,3.46"
12:34:34,"70,222,223,541,5,19.91,38.73,1012.78,3.95"
12:34:34,"70,222,223,541,5,19.91,38.74,1012.79,3.84"
12:34:34,"70,222,223,541,5,19.91,38.72,1012.79,3.87"
12:34:34,"70,222,223,541,5,19.92,38.72,1012.79,3.81"
12:34:34,"72,228,228,542,5,19.91,38.75,1012.80,3.76"
12:34:34,"72,228,229,542,5,19.91,38.77,1012.80,3.76"
12:34:34,"72,228,229,542,5,19.91,38.78,1012.79,3.81"
12:34:34,"72,231,231,542,5,19.91,38.79,1012.82,3.55"
12:34:34,"73,231,231,542,5,19.91,38.81,1012.78,3.92"
12:34:34,PMS7003 checksum failed
12:34:34,"73,232,232,543,5,19.91,38.82,1012.85,3.36"
12:34:34,"73,232,232,543,5,19.90,38.80,1012.82,3.55"
12:34:34,"73,232,232,543,5,19.90,38.79,1012.81,3.65"
12:34:34,"75,229,229,543,5,19.90,38.78,1012.83,3.46"
12:34:34,"75,229,229,543,5,19.89,38.79,1012.78,3.93"
12:34:34,"75,229,229,544,5,19.89,38.79,1012.79,3.81"
12:34:34,"75,231,231,544,5,19.90,38.78,1012.82,3.61"
12:34:34,"75,231,231,544,5,19.91,38.79,1012.83,3.50"
12:34:34,"75,229,229,544,5,19.91,38.77,1012.82,3.55"
12:34:34,"75,229,229,544,5,19.90,38.78,1012.80,3.74"
12:34:34,"75,229,229,544,5,19.90,38.78,1012.79,3.84"
12:34:34,"75,229,229,544,5,19.91,38.79,1012.78,3.95"
12:34:34,"75,229,229,544,5,19.91,38.73,1012.84,3.42"
12:34:34,"75,229,229,545,5,19.91,38.79,1012.82,3.59"
12:34:34,"75,228,228,545,5,19.90,38.79,1012.78,3.94"
12:34:34,"75,225,225,545,5,19.90,38.78,1012.82,3.58"
12:34:34,PMS7003 checksum failed
12:34:34,"73,225,225,545,5,19.92,38.78,1012.79,3.79"
12:34:34,"72,225,225,545,5,19.91,38.78,1012.76,4.06"
12:34:34,"72,225,225,545,5,19.91,38.78,1012.84,3.43"
12:34:34,"70,220,220,545,5,19.92,38.77,1012.77,4.00"
12:34:34,"70,220,220,545,5,19.91,38.78,1012.80,3.77"
12:34:34,"70,219,219,545,5,19.92,38.77,1012.81,3.69"
12:34:34,"70,217,217,545,5,19.91,38.80,1012.81,3.78"
12:34:34,"70,217,217,545,5,19.91,38.79,1012.82,3.57"
12:34:34,"70,217,217,545,5,19.92,38.78,1012.80,3.76"
12:34:34,"70,217,217,546,5,19.91,38.77,1012.81,3.67"
12:34:34,"70,217,217,546,5,19.92,38.78,1012.80,3.74"
12:34:34,"70,219,219,546,5,19.91,38.78,1012.81,3.66"
12:34:34,"70,219,219,546,5,19.91,38.79,1012.80,3.73"
12:34:34,"70,219,219,546,5,19.92,38.78,1012.79,3.81"
12:34:34,"72,223,223,546,5,19.92,38.77,1012.89,3.03"
12:34:34,"70,226,226,546,5,19.92,38.77,1012.80,3.74"
12:34:34,"70,226,226,546,5,19.92,38.75,1012.79,3.87"
12:34:34,"70,226,226,546,5,19.92,38.75,1012.78,3.91"
12:34:34,"70,226,226,546,5,19.92,38.78,1012.82,3.58"
12:34:34,"70,226,226,546,5,19.91,38.78,1012.77,4.02"
12:34:34,"72,225,225,546,5,19.91,38.79,1012.79,3.80"
12:34:34,"72,225,225,545,5,19.90,38.79,1012.80,3.74"
12:34:34,"72,225,225,545,5,19.90,38.79,1012.80,3.78"
12:34:34,"72,225,225,545,5,19.90,38.80,1012.82,3.56"
12:34:34,"2,225,225,545,5,19.90,38.81,1012.85,3.30"
12:34:34,"72,225,225,545,5,19.90,38.82,1012.79,3.84"
12:34:34,"72,225,225,545,5,19.90,38.78,1012.82,3.58"
12:34:34,"70,225,225,544,5,19.90,38.82,1012.83,3.47"
12:34:34,"70,225,225,544,5,19.90,38.82,1012.79,3.80"
12:34:34,"70,225,225,544,5,19.89,38.79,1012.78,3.89"
12:34:34,"67,219,219,544,5,19.89,38.76,1012.80,3.76"
12:34:34,"67,219,219,543,5,19.90,38.76,1012.79,3.80"
12:34:34,"67,219,219,543,5,19.90,38.76,1012.82,3.56"
12:34:34,"66,219,219,543,5,19.90,38.75,1012.80,3.77"
12:34:34,"66,219,219,543,5,19.90,38.75,1012.80,3.77"
12:34:34,"66,219,219,543,5,19.90,38.76,1012.81,3.68"
12:34:34,"66,219,219,543,5,19.91,38.77,1012.82,3.59"
12:34:34,"66,219,219,542,5,19.91,38.78,1012.82,3.55"
12:34:34,"67,219,219,543,5,19.91,38.78,1012.83,3.52"
12:34:34,"67,219,219,542,5,19.92,38.80,1012.81,3.62"
12:34:34,"66,217,217,542,5,19.91,38.78,1012.81,3.63"
12:34:34,"66,217,217,542,5,19.91,38.77,1012.85,3.32"
12:34:34,"66,216,216,542,5,19.91,38.77,1012.85,3.33"
12:34:34,"64,214,214,542,5,19.91,38.77,1012.80,3.78"
12:34:34,"64,213,213,542,5,19.91,38.77,1012.83,3.48"
12:34:34,"64,213,213,542,5,19.91,38.78,1012.81,3.64"
12:34:34,"64,213,213,542,5,19.92,38.77,1012.85,3.30"
12:34:34,"66,213,213,542,5,19.92,38.74,1012.86,3.29"
12:34:34,"66,213,213,542,5,19.92,38.73,1012.83,3.50"
12:34:34,"66,211,211,541,5,19.91,38.75,1012.84,3.43"
12:34:34,"66,211,211,542,5,19.91,38.77,1012.84,3.45"
12:34:34,"66,211,211,542,5,19.91,38.77,1012.80,3.78"
12:34:34,"66,211,211,542,5,19.90,38.78,1012.81,3.63"
12:34:34,"66,211,211,542,5,19.91,38.77,1012.81,3.68"
12:34:34,"66,213,213,541,5,19.91,38.78,1012.85,3.35"
12:34:34,"66,213,213,541,5,19.91,38.75,1012.80,3.76"
12:34:34,"66,213,213,541,5,19.91,38.78,1012.82,3.55"
12:34:34,PMS7003 checksum failed
12:34:34,"63,208,208,541,5,19.91,38.78,1012.83,3.53"
12:34:34,"63,207,207,541,5,19.92,38.77,1012.79,3.81"
12:34:34,"63,205,205,541,5,19.91,38.78,1012.82,3.55"
12:34:34,"63,205,205,541,5,19.91,38.78,1012.82,3.62"
12:34:34,"61,201,201,542,5,19.91,38.77,1012.82,3.60"
12:34:34,"61,201,201,542,5,19.92,38.77,1012.83,3.50"
12:34:34,"61,199,199,5219,435,435,563,5,19.71,38.82,1011.43,15.14"
12:34:35,"216,438,438,563,5,19.70,38.76,1011.41,15.29"
12:34:37,"216,436,436,563,5,19.70,38.55,1011.36,15.78"
12:34:40,"214,436,436,563,5,19.71,38.52,1011.40,15.43"
12:34:42,"214,438,438,563,5,19.70,38.54,1011.39,15.48"
12:34:44,"216,439,439,563,5,19.70,38.58,1011.38,15.61"
12:34:46,"216,441,441,563,5,19.70,38.63,1011.44,15.10"
12:34:48,"216,441,441,563,5,19.71,38.62,1011.40,15.42"
12:34:51,"216,442,442,562,5,19.71,38.61,1011.44,15.11"
12:34:53,"216,442,442,562,5,19.70,38.61,1011.38,15.55"
12:34:55,"216,442,442,562,5,19.71,38.67,1011.40,15.38"
12:34:57,"220,441,441,563,5,19.71,38.67,1011.41,15.31"
12:35:00,"220,441,441,563,5,19.71,38.68,1011.41,15.30"
12:35:02,"220,442,442,563,5,19.71,38.68,1011.40,15.42"
12:35:04,"220,442,442,563,5,19.71,38.67,1011.39,15.52"
12:35:06,"220,442,442,563,5,19.71,38.64,1011.43,15.15"
12:35:08,"220,442,442,563,5,19.72,38.60,1011.43,15.19"
12:35:11,"228,447,447,563,5,19.72,38.57,1011.45,15.02"
12:35:13,"231,450,450,563,5,19.72,38.54,1011.44,15.06"
12:35:15,"232,450,450,563,5,19.71,38.52,1011.41,15.31"
12:35:17,"231,450,450,563,5,19.71,38.49,1011.44,15.11"
12:35:19,"231,450,450,564,5,19.71,38.48,1011.39,15.47"
12:35:22,"225,450,450,564,5,19.71,38.47,1011.44,15.04"
12:35:24,"223,451,451,564,5,19.71,38.46,1011.46,14.92"
12:35:26,"223,451,453,565,5,19.71,38.48,1011.41,15.31"
12:35:28,"223,451,453,565,5,19.71,38.49,1011.38,15.57"
12:35:31,"219,448,450,566,5,19.71,38.50,1011.38,15.61"
12:35:33,"216,444,444,566,5,19.71,38.47,1011.39,15.49"
12:35:35,"216,438,438,567,5,19.70,38.45,1011.40,15.42"
12:35:37,"216,438,438,566,5,19.71,38.42,1011.36,15.75"
12:35:39,"214,435,435,567,5,19.71,38.42,1011.39,15.49"
12:35:42,"213,433,435,567,5,19.71,38.44,1011.40,15.36"
12:35:44,"207,426,426,567,5,19.71,38.44,1011.39,15.46"
12:35:46,"207,426,426,567,5,19.72,38.42,1011.39,15.46"
12:35:48,"210,429,429,567,5,19.72,38.41,1011.40,15.40"
12:35:50,"210,429,429,567,5,19.72,38.41,1011.38,15.56"
12:35:53,"208,429,429,568,5,19.72,38.42,1011.40,15.44"
12:35:55,"208,432,432,568,5,19.73,38.40,1011.38,15.58"
12:35:57,"208,432,432,567,5,19.72,38.38,1011.39,15.52"
12:35:59,"202,432,432,568,5,19.73,38.43,1011.40,15.40"
12:36:02,"201,430,430,568,5,19.73,38.45,1011.41,15.37"
12:36:04,"201,429,429,568,5,19.73,38.47,1011.42,15.26"
12:36:05,PMS7003 checksum failed
12:36:06,"199,420,420,568,5,19.73,38.47,1011.42,15.24"
12:36:08,"201,420,420,568,5,19.73,38.46,1011.38,15.60"
12:36:10,"201,420,420,568,5,19.73,38.47,1011.39,15.50"
12:36:13,"198,411,411,568,5,19.73,38.50,1011.40,15.44"
12:36:15,"196,411,411,568,5,19.73,38.51,1011.39,15.52"
12:36:17,"196,411,411,568,5,19.73,38.50,1011.40,15.45"
12:36:19,"193,414,414,568,5,19.74,38.52,1011.42,15.27"
12:36:22,"193,414,414,568,5,19.73,38.53,1011.39,15.46"
12:36:24,"193,414,414,568,5,19.73,38.51,1011.41,15.34"
12:36:26,"193,414,414,568,5,19.74,38.52,1011.38,15.60"
12:36:28,"193,414,414,569,5,19.74,38.52,1011.44,15.08"
12:36:30,"198,417,417,569,5,19.73,38.53,1011.41,15.30"
12:36:33,"201,417,417,569,5,19.73,38.52,1011.41,15.32"
12:36:35,"201,417,417,569,5,19.74,38.51,1011.42,15.18"
12:36:37,"201,415,415,569,5,19.74,38.52,1011.42,15.25"
12:36:39,"201,414,414,569,5,19.74,38.53,1011.43,15.14"
12:36:40,PMS7003 checksum failed
12:36:42,"202,420,420,568,5,19.74,38.53,1011.38,15.61"
12:36:44,"202,420,420,568,5,19.74,38.57,1011.41,15.35"
12:36:46,"202,418,418,567,5,19.73,38.58,1011.40,15.38"
12:36:48,"201,417,417,567,5,19.73,38.60,1011.41,15.35"
12:36:50,"201,417,417,567,5,19.74,38.55,1011.40,15.41"
12:36:53,"204,420,420,567,5,19.73,38.58,1011.38,15.56"
12:36:54,PMS7003 checksum failed
12:36:55,"202,423,423,567,5,19.74,38.57,1011.39,15.49"
12:36:57,"202,423,423,566,5,19.74,38.55,1011.43,15.20"
12:36:59,"202,426,426,566,5,19.74,38.55,1011.41,15.30"
12:37:02,"202,426,426,566,5,19.74,38.55,1011.42,15.27"
12:37:04,"195,418,418,565,5,19.74,38.55,1011.45,15.04"
12:37:06,"193,417,417,565,5,19.74,38.54,1011.38,15.58"
12:37:08,"192,417,417,565,5,19.75,38.55,1011.44,15.11"
12:37:10,"192,417,417,565,5,19.75,38.55,1011.44,15.09"
12:37:13,"192,417,417,565,5,19.75,38.55,1011.42,15.22"
12:37:15,"192,417,417,564,5,19.75,38.58,1011.43,15.20"
12:37:17,"192,417,417,564,5,19.75,38.59,1011.44,15.08"
12:37:19,"190,411,411,565,5,19.75,38.61,1011.41,15.29"
12:37:21,"192,409,409,564,5,19.74,38.61,1011.39,15.53"
12:37:24,"192,409,409,564,5,19.74,38.61,1011.42,15.25"
12:37:26,"192,408,408,564,5,19.74,38.62,1011.40,15.42"
12:37:28,"195,409,409,564,5,19.75,38.62,1011.43,15.18"
12:37:29,PMS7003 checksum failed
12:37:30,"204,417,417,564,5,19.75,38.62,1011.44,15.05"
12:37:33,"205,420,420,564,5,19.75,38.62,1011.43,15.17"
12:37:35,"205,420,420,564,5,19.74,38.65,1011.41,15.34"
12:37:37,"207,426,426,564,5,19.74,38.63,1011.42,15.21"
12:37:39,"207,426,426,564,5,19.74,38.66,1011.39,15.51"
12:37:41,"207,426,426,564,5,19.74,38.66,1011.39,15.47"
12:37:44,"207,426,426,564,5,19.75,38.63,1011.42,15.28"
12:37:46,"207,426,426,564,5,19.74,38.65,1011.41,15.30"
12:37:48,"208,427,427,564,5,19.76,38.65,1011.43,15.12"
12:37:50,"210,429,429,564,5,19.75,38.65,1011.44,15.09"
12:37:53,"210,429,429,564,5,19.75,38.66,1011.42,15.23"
12:37:55,"211,426,426,564,5,19.74,38.66,1011.42,15.21"
12:37:57,"211,426,426,564,5,19.75,38.66,1011.40,15.38"
12:37:59,"211,426,426,564,5,19.75,38.67,1011.46,14.92"
12:38:01,"211,424,424,564,5,19.75,38.68,1011.41,15.35"
12:38:04,"210,426,426,564,5,19.74,38.68,1011.41,15.33"
12:38:05,PMS7003 checksum failed
12:38:06,"211,426,426,564,5,19.75,38.67,1011.39,15.53"
12:38:08,"213,426,426,564,5,19.75,38.67,1011.42,15.24"
12:38:10,"213,426,426,564,5,19.75,38.66,1011.43,15.17"
12:38:13,"213,426,426,564,5,19.74,38.63,1011.43,15.16"
12:38:15,"213,426,426,564,5,19.75,38.64,1011.43,15.20"
12:38:17,"211,424,424,564,5,19.75,38.62,1011.40,15.41"
12:38:19,"211,423,423,563,5,19.76,38.64,1011.42,15.42"
12:38:21,"211,423,423,564,5,19.75,38.64,1011.44,15.09"
12:38:24,"210,421,421,564,5,19.75,38.65,1011.41,15.30"
12:38:26,"210,423,423,563,5,19.75,38.65,1011.43,15.12"
12:38:28,"210,423,423,563,5,19.75,38.65,1011.41,15.33"
12:38:30,"210,429,429,564,5,19.76,38.65,1011.42,15.22"
12:38:32,"208,430,430,564,5,19.75,38.65,1011.40,15.42"
12:38:35,"208,430,430,564,5,19.76,38.65,1011.41,15.31"
12:38:37,"208,435,435,564,5,19.76,38.65,1011.39,15.52"
12:38:39,"210,441,441,563,5,19.76,38.66,1011.41,15.36"
12:38:41,"210,441,441,563,5,19.76,38.67,1011.41,15.36"
12:38:44,"210,442,442,564,5,19.75,38.69,1011.42,15.22"
12:38:46,"210,441,441,564,5,19.76,38.67,1011.42,15.22"
12:38:48,"10,441,441,563,5,19.76,38.68,1011.42,15.29"
12:38:50,"211,435,435,564,5,19.75,38.69,1011.41,15.32"
12:38:52,"211,435,435,564,5,19.76,38.70,1011.43,15.15"
12:38:55,"211,433,433,563,5,19.76,38.70,1011.41,15.35"
12:38:57,"211,433,433,564,5,19.77,38.68,1011.45,15.03"
12:38:59,"213,427,427,564,5,19.77,38.67,1011.44,15.10"
12:39:01,"213,427,427,564,5,19.76,38.68,1011.44,15.05"
12:39:03,"216,429,429,564,5,19.76,38.71,1011.42,15.28"
12:39:06,"217,429,429,564,5,19.76,38.68,1011.42,15.29"
12:39:08,"219,432,432,564,5,19.76,38.67,1011.42,15.24"
12:39:10,"219,432,432,564,5,19.76,38.66,1011.45,14.99"
12:39:12,"220,436,436,564,5,19.77,38.67,1011.43,15.14"
12:39:15,"220,438,438,564,5,19.76,38.67,1011.44,15.04"
12:39:17,"222,438,438,564,5,19.77,38.67,1011.45,15.03"
12:39:18,PMS7003 checksum failed
12:39:19,"222,441,441,564,5,19.77,38.67,1011.45,15.01"
12:39:21,"220,441,441,564,5,19.76,38.70,1011.44,15.07"
12:39:23,"222,444,444,564,5,19.77,38.68,1011.48,14.79"
12:39:26,"222,444,444,564,5,19.77,38.66,1011.45,15.01"
12:39:28,"223,445,445,564,5,19.77,38.68,1011.45,15.02"
12:39:30,"223,445,445,564,5,19.77,38.70,1011.44,15.10"
12:39:32,"225,448,448,564,5,19.76,38.68,1011.42,15.28"
12:39:35,"225,448,448,564,5,19.77,38.71,1011.43,15.14"
12:39:37,"226,448,448,564,5,19.77,38.71,1011.42,15.26"
12:39:39,"228,450,450,564,5,19.76,38.72,1011.39,15.46"
12:39:41,"228,450,450,564,5,19.76,38.72,1011.41,15.33"
12:39:43,"232,451,451,564,5,19.76,38.72,1011.41,15.37"
12:39:46,"231,453,453,564,5,19.77,38.74,1011.42,15.25"
12:39:48,"231,453,453,564,5,19.76,38.75,1011.42,15.21"
12:39:50,"231,453,453,564,5,19.76,38.78,1011.42,15.21"
12:39:52,"229,453,453,564,5,19.76,38.76,1011.42,15.25"
12:39:54,"228,454,454,564,5,19.76,38.80,1011.47,14.83"
12:39:57,"225,456,456,564,5,19.77,38.78,1011.43,15.18"
12:39:59,"225,456,456,564,5,19.76,38.78,1011.43,15.19"
12:40:01,"225,454,454,564,5,19.76,38.79,1011.41,15.32"
12:40:03,"225,454,454,564,5,19.76,38.76,1011.41,15.34"
12:40:06,"222,450,450,564,5,19.76,38.75,1011.45,15.00"
12:40:08,"222,450,450,564,5,19.76,38.74,1011.45,15.03"
12:40:10,"222,450,450,565,5,19.76,38.72,1011.42,15.26"
12:40:12,"222,450,450,565,5,19.77,38.73,1011.42,15.24"
12:40:14,"222,450,450,565,5,19.77,38.73,1011.44,15.06"
12:40:17,"222,450,450,564,5,19.76,38.74,1011.43,15.12"
12:40:19,"219,451,451,565,5,19.77,38.73,1011.45,15.03"
12:40:21,"219,453,453,565,5,19.77,38.73,1011.41,15.35"
12:40:23,"219,453,453,565,5,19.76,38.74,1011.43,15.20"
12:40:25,"219,451,451,565,5,19.77,38.73,1011.43,15.20"
12:40:28,"217,450,450,565,5,19.77,38.75,1011.42,15.22"
12:40:30,"216,450,450,566,5,19.77,38.74,1011.41,15.30"
12:40:32,"217,448,448,566,5,19.78,38.72,1011.41,15.37"
12:40:34,"217,448,448,566,5,19.78,38.72,1011.43,15.13"
12:40:37,"217,447,447,566,5,19.77,38.72,1011.42,15.22"
12:40:39,"217,447,447,566,5,19.77,38.71,1011.43,15.19"
12:40:41,"217,447,447,566,5,19.78,38.68,1011.43,15.20"
12:40:43,"220,445,445,566,5,19.78,38.71,1011.41,15.33"
12:40:45,"220,445,445,566,5,19.78,38.71,1011.44,15.08"
12:40:48,"220,445,445,566,5,19.78,38.70,1011.45,15.02"
12:40:49,PMS7003 checksum failed
12:40:50,"222,450,450,566,5,19.78,38.72,1011.41,15.34"
12:40:52,"226,454,454,567,5,19.78,38.73,1011.42,15.29"
12:40:54,"231,462,462,567,5,19.78,38.72,1011.42,15.24"
12:40:57,"231,462,462,567,5,19.78,38.71,1011.42,15.23"
12:40:59,"231,463,463,567,5,19.78,38.72,1011.40,15.40"
12:41:01,"232,466,466,567,5,19.78,38.72,1011.42,15.24"
12:41:03,"234,466,466,567,5,19.78,38.72,1011.43,15.16"
12:41:05,"234,466,466,567,5,19.79,38.71,1011.43,15.19"
12:41:08,"234,465,465,567,5,19.78,38.72,1011.41,15.29"
12:41:10,"234,465,465,567,5,19.79,38.72,1011.45,15.02"
12:41:12,"234,465,465,567,5,19.78,38.73,1011.41,15.36"
12:41:14,"231,456,456,568,5,19.78,38.72,1011.41,15.37"
12:41:16,"234,459,459,567,5,19.78,38.73,1011.46,14.95"
12:41:19,"234,459,459,568,5,19.78,38.72,1011.44,15.05"
12:41:21,"235,459,459,568,5,19.79,38.73,1011.42,15.28"
12:41:23,"237,459,459,568,5,19.79,38.73,1011.44,15.08"
12:41:25,"232,454,454,568,5,19.77,38.73,1011.44,15.11"
12:41:28,"225,451,451,568,5,19.78,38.73,1011.43,15.12"
12:41:30,"222,450,450,568,5,19.78,38.73,1011.46,14.92"
12:41:32,"222,448,448,569,5,19.78,38.74,1011.45,15.00"
12:41:34,"220,448,448,569,5,19.78,38.74,1011.45,15.01"
12:41:36,"216,447,447,569,5,19.78,38.73,1011.43,15.18"
12:41:39,"216,450,450,569,5,19.78,38.74,1011.43,15.19"
12:41:41,"216,450,450,569,5,19.78,38.74,1011.43,15.12"
12:41:43,"217,453,453,569,5,19.78,38.74,1011.41,15.37"
12:41:45,"219,454,454,569,5,19.79,38.77,1011.47,14.79"
12:41:48,"219,454,454,569,5,19.78,38.75,1011.43,15.12"
12:41:50,"220,453,453,569,5,19.78,38.74,1011.44,15.10"
12:41:52,"219,453,453,569,5,19.78,38.73,1011.43,15.16"
12:41:54,"219,453,453,570,5,19.79,38.74,1011.46,14.95"
12:41:56,"219,453,453,569,5,19.77,38.73,1011.43,15.12"
12:41:59,"216,451,451,569,5,19.78,38.75,1011.41,15.29"
12:42:01,"216,451,451,569,5,19.79,38.75,1011.44,15.09"
12:42:03,"213,457,457,569,5,19.79,38.74,1011.45,15.00"
12:42:05,"214,459,459,569,5,19.78,38.74,1011.42,15.21"
12:42:07,"214,459,459,569,5,19.77,38.75,1011.45,15.02"
12:42:10,"213,456,456,570,5,19.78,38.76,1011.42,15.27"
12:42:12,"213,456,456,569,5,19.78,38.77,1011.45,14.97"
12:42:14,"204,447,447,569,5,19.78,38.76,1011.47,14.87"
12:42:16,"204,447,447,569,5,19.78,38.77,1011.43,15.20"
12:42:19,"202,448,448,569,5,19.79,38.78,1011.44,15.05"
12:42:21,"202,448,448,569,5,19.79,38.77,1011.47,14.81"
12:42:23,"195,445,445,570,5,19.78,38.74,1011.46,14.88"
12:42:25,"186,436,436,570,5,19.78,38.73,1011.41,15.29"
12:42:27,"183,429,429,570,5,19.78,38.76,1011.44,15.08"
12:42:30,"183,429,429,570,5,19.78,38.78,1011.47,14.82"
12:42:32,"181,426,426,570,5,19.78,38.79,1011.45,14.98"
12:42:34,"181,426,426,570,5,19.79,38.79,1011.47,14.86"
12:42:36,"177,415,415,570,5,19.78,38.79,1011.48,14.78"
12:42:38,"175,414,414,570,5,19.78,38.80,1011.42,15.24"
12:42:41,"175,414,414,570,5,19.78,38.80,1011.47,14.81"
12:42:43,"175,414,414,570,5,19.78,38.80,1011.45,14.98"
12:42:45,"174,414,414,570,5,19.78,38.75,1011.46,14.90"
12:42:47,"174,415,415,570,5,19.78,38.79,1011.46,14.91"
12:42:50,"174,415,415,570,5,19.78,38.78,1011.46,14.89"
12:42:52,"168,423,423,570,5,19.78,38.78,1011.48,14.71"
12:42:54,"166,423,423,570,5,19.78,38.79,1011.49,14.69"
12:42:56,"165,423,423,571,5,19.79,38.81,1011.46,14.93"
12:42:57,PMS7003 checksum failed
12:42:58,"163,429,429,571,5,19.79,38.80,1011.47,14.86"
12:43:01,"163,430,430,571,5,19.78,38.83,1011.50,14.59"
12:43:03,"163,430,430,571,5,19.77,38.84,1011.45,15.01"
12:43:05,"162,436,436,571,5,19.78,38.82,1011.49,14.64"
12:43:07,"162,438,438,571,5,19.78,38.82,1011.46,14.90"
12:43:10,"162,439,439,571,5,19.78,38.82,1011.50,14.60"
12:43:12,"160,447,447,571,5,19.79,38.82,1011.45,14.96"
12:43:14,"160,447,447,571,5,19.78,38.82,1011.49,14.69"
12:43:16,"159,447,447,571,5,19.78,38.82,1011.46,14.89"
12:43:18,"159,448,448,571,5,19.78,38.82,1011.49,14.69"
12:43:21,"159,448,448,571,5,19.78,38.81,1011.49,14.65"
12:43:23,"159,450,450,571,5,19.78,38.80,1011.46,14.88"
12:43:25,"156,448,448,570,5,19.78,38.79,1011.49,14.66"
12:43:27,"156,448,448,570,5,19.79,38.78,1011.48,14.74"
12:43:29,"156,448,448,570,5,19.79,38.77,1011.48,14.77"
12:43:32,"156,448,448,570,5,19.79,38.78,1011.47,14.81"
12:43:33,PMS7003 checksum failed
12:43:34,"157,475,475,571,5,19.79,38.78,1011.55,14.15"
12:43:36,"157,475,475,571,5,19.78,38.79,1011.48,14.76"
12:43:38,"157,475,475,571,5,19.79,38.78,1011.49,14.70"
12:43:41,"157,475,475,571,5,19.79,38.79,1011.47,14.86"
12:43:43,"157,477,477,571,5,19.79,38.79,1011.49,14.70"
12:43:45,"159,483,483,571,5,19.80,38.79,1011.49,14.67"
12:43:46,PMS7003 checksum failed
12:43:47,"159,493,493,571,5,19.79,38.78,1011.48,14.76"
12:43:49,"159,495,495,571,5,19.79,38.78,1011.50,14.60"
12:43:52,"159,496,496,571,5,19.79,38.79,1011.49,14.70"
12:43:54,"159,496,496,572,5,19.79,38.78,1011.47,14.85"
12:43:56,"159,522,522,572,5,19.80,38.77,1011.51,14.51"
12:43:58,"159,526,526,572,5,19.80,38.75,1011.53,14.37"
12:44:01,"159,531,531,572,5,19.81,38.73,1011.49,14.68"
12:44:03,"159,531,531,572,5,19.80,38.74,1011.47,14.83"
12:44:05,"160,535,535,572,5,19.80,38.75,1011.49,14.67"
12:44:07,"160,538,538,572,5,19.80,38.77,1011.49,14.71"
12:44:09,"160,538,538,572,5,19.80,38.74,1011.48,14.74"
12:44:12,"162,555,555,573,5,19.80,38.75,1011.48,14.72"
12:44:14,"162,559,559,573,5,19.80,38.74,1011.50,14.55"
12:44:16,"162,559,559,573,5,19.79,38.74,1011.52,14.43"
12:44:18,"163,571,571,573,5,19.79,38.74,1011.46,14.90"
12:44:21,"166,586,586,573,5,19.80,38.74,1011.50,14.57"
12:44:22,PMS7003 checksum failed
12:44:23,"171,633,633,573,5,19.80,38.74,1011.49,14.63"
12:44:25,"171,639,639,574,5,19.80,38.74,1011.48,14.78"
12:44:27,"171,639,639,573,5,19.81,38.74,1011.50,14.56"
12:44:29,"169,645,645,574,5,19.80,38.73,1011.50,14.56"
12:44:32,"169,645,645,573,5,19.80,38.72,1011.50,14.58"
12:44:34,"169,649,649,574,5,19.81,38.72,1011.52,14.44"
12:44:36,"169,654,654,574,5,19.81,38.74,1011.49,14.66"
12:44:38,"169,654,654,574,5,19.80,38.77,1011.48,14.77"
12:44:40,"169,660,660,574,5,19.80,38.76,1011.49,14.67"
12:44:43,"169,666,666,574,5,19.81,38.77,1011.50,14.60"
12:44:45,"169,666,666,574,5,19.80,38.75,1011.50,14.56"
12:44:47,"168,681,681,575,5,19.80,38.76,1011.50,14.57"
12:44:49,"168,678,678,574,5,19.80,38.75,1011.46,14.89"
12:44:52,"168,678,678,574,5,19.80,38.77,1011.52,14.40"
12:44:54,"168,669,669,574,5,19.79,38.75,1011.49,14.68"
12:44:56,"168,684,684,574,5,19.80,38.77,1011.47,14.87"
12:44:57,PMS7003 checksum failed
12:44:58,"175,723,723,574,5,19.80,38.73,1011.50,14.57"
12:45:00,"174,723,723,574,5,19.80,38.73,1011.49,14.67"
12:45:03,"174,723,723,575,5,19.79,38.72,1011.48,14.77"
12:45:05,"171,723,723,575,5,19.80,38.73,1011.52,14.39"
12:45:07,"171,723,723,575,5,19.80,38.72,1011.54,14.26"
12:45:09,"169,723,723,575,5,19.80,38.73,1011.48,14.71"
12:45:12,"169,724,724,575,5,19.81,38.73,1011.51,14.48"
12:45:14,"169,724,724,575,5,19.81,38.72,1011.51,14.51"
12:45:16,"168,726,726,575,5,19.81,38.75,1011.53,14.30"
12:45:18,"168,729,729,575,5,19.81,38.75,1011.52,14.40"
12:45:20,"168,729,729,575,5,19.81,38.76,1011.49,14.66"
12:45:23,"166,754,754,575,5,19.81,38.73,1011.52,14.43"
12:45:25,"166,757,757,575,5,19.81,38.73,1011.52,14.40"
12:45:27,"166,757,757,575,5,19.81,38.72,1011.49,14.70"
12:45:29,"169,783,783,576,5,19.81,38.73,1011.52,14.45"
12:45:31,"172,808,808,576,5,19.81,38.72,1011.53,14.33"
12:45:33,PMS7003 checksum failed
12:45:34,"180,867,867,575,5,19.81,38.75,1011.50,14.58"
12:45:36,"181,876,876,575,5,19.81,38.75,1011.50,14.61"
12:45:38,"181,876,876,575,5,19.81,38.75,1011.52,14.42"
12:45:40,"186,900,900,575,5,19.81,38.76,1011.50,14.57"
12:45:43,"186,900,900,575,5,19.81,38.77,1011.51,14.49"
12:45:45,"184,898,898,575,5,19.81,38.76,1011.52,14.44"
12:45:47,"183,897,897,575,5,19.80,38.74,1011.50,14.59"
12:45:49,"183,897,897,575,5,19.81,38.76,1011.51,14.46"
12:45:51,"183,897,897,575,5,19.81,38.77,1011.52,14.41"
12:45:54,"183,897,897,575,5,19.80,38.77,1011.51,14.54"
12:45:56,"183,897,897,575,5,19.80,38.77,1011.45,14.98"
12:45:58,"177,900,900,574,5,19.80,38.76,1011.48,14.76"
12:46:00,"177,903,903,574,5,19.81,38.77,1011.56,14.11"
12:46:03,"177,906,906,575,5,19.80,38.77,1011.48,14.71"
12:46:05,"178,921,921,574,5,19.80,38.77,1011.50,14.56"
12:46:07,"178,939,939,574,5,19.81,38.77,1011.52,14.43"
12:46:08,PMS7003 checksum failed
12:46:09,"183,954,954,574,5,19.81,38.80,1011.54,14.24"
12:46:11,"184,955,955,574,5,19.82,38.77,1011.53,14.35"
12:46:14,"184,955,955,574,5,19.81,38.77,1011.52,14.42"
12:46:16,"189,954,954,574,5,19.80,38.77,1011.50,14.62"
12:46:18,"189,954,954,574,5,19.80,38.78,1011.51,14.53"
12:46:20,"189,951,951,574,5,19.81,38.77,1011.50,14.54"
12:46:23,"186,945,945,574,5,19.81,38.78,1011.52,14.41"
12:46:25,"186,945,945,574,5,19.80,38.78,1011.47,14.83"
12:46:27,"184,939,939,574,5,19.81,38.76,1011.50,14.57"
12:46:29,"183,936,936,575,5,19.81,38.76,1011.49,14.68"
12:46:31,"183,936,936,575,5,19.81,38.77,1011.50,14.58"
12:46:34,"178,943,943,575,5,19.81,38.75,1011.48,14.75"
12:46:36,"177,945,945,575,5,19.81,38.75,1011.48,14.71"
12:46:38,"177,945,945,575,5,19.81,38.81,1011.48,14.68"
12:46:40,"180,963,963,575,5,19.81,38.76,1011.50,14.55"
12:46:42,"84,979,979,575,5,19.82,38.76,1011.51,14.47"
12:46:44,PMS7003 checksum failed
12:46:45,"183,993,993,575,5,19.81,38.75,1011.51,14.48"
12:46:47,"181,987,987,575,5,19.81,38.75,1011.51,14.47"
12:46:49,"181,987,987,575,5,19.81,38.72,1011.54,14.25"
12:46:51,"180,978,978,575,5,19.80,38.73,1011.49,14.66"
12:46:54,"180,978,978,575,5,19.80,38.74,1011.50,14.60"
12:46:56,"180,975,975,575,5,19.81,38.74,1011.51,14.52"
12:46:58,"178,972,972,575,5,19.81,38.75,1011.50,14.62"
12:47:00,"178,972,972,575,5,19.81,38.75,1011.51,14.52"
12:47:02,"178,970,970,575,5,19.81,38.73,1011.53,14.35"
12:47:05,"178,967,967,575,5,19.80,38.72,1011.47,14.79"
12:47:07,"178,967,967,575,5,19.81,38.73,1011.50,14.61"
12:47:09,"180,979,979,576,5,19.81,38.76,1011.57,14.00"
12:47:11,"180,982,982,575,5,19.81,38.76,1011.51,14.51"
12:47:14,"181,988,988,576,5,19.81,38.77,1011.54,14.25"
12:47:16,"183,1003,1003,576,5,19.81,38.77,1011.54,14.24"
12:47:18,"180,1008,1008,576,5,19.82,38.76,1011.51,14.53"
12:47:20,"180,1008,1008,576,5,19.82,38.75,1011.52,14.42"
12:47:22,"181,1026,1026,576,5,19.81,38.73,1011.52,14.41"
12:47:25,"183,1029,1029,576,5,19.81,38.73,1011.52,14.38"
12:47:27,"183,1029,1029,576,5,19.82,38.73,1011.53,14.30"
12:47:29,"177,1008,1008,576,5,19.82,38.71,1011.49,14.64"
12:47:31,"177,1008,1008,576,5,19.82,38.73,1011.52,14.41"
12:47:33,"177,1008,1008,577,5,19.82,38.71,1011.55,14.16"
12:47:36,"177,1008,1008,577,5,19.82,38.73,1011.52,14.40"
12:47:38,"177,1008,1008,577,5,19.83,38.72,1011.51,14.47"
12:47:40,"177,1008,1008,577,5,19.83,38.74,1011.53,14.32"
12:47:42,"177,1021,1021,577,5,19.83,38.75,1011.49,14.68"
12:47:45,"177,1029,1029,577,5,19.82,38.76,1011.51,14.45"
12:47:47,"178,1036,1036,577,5,19.82,38.73,1011.51,14.53"
12:47:49,"178,1036,1036,577,5,19.82,38.72,1011.51,14.50"
12:47:51,"183,1089,1089,577,5,19.83,38.73,1011.52,14.44"
12:47:53,"183,1090,1090,577,5,19.82,38.73,1011.50,14.56"
12:47:56,"183,1092,1092,577,5,19.82,38.76,1011.51,14.49"
12:47:58,"181,1080,1080,577,5,19.83,38.76,1011.53,14.34"
12:48:00,"181,1080,1080,577,5,19.82,38.75,1011.51,14.50"
12:48:02,"183,1080,1080,577,5,19.82,38.73,1011.50,14.55"
12:48:05,"180,1066,1066,578,5,19.82,38.75,1011.54,14.21"
12:48:07,"80,1066,1066,578,5,19.83,38.73,1011.55,14.17"
12:48:09,"178,1062,1062,577,5,19.82,38.75,1011.50,14.57"
12:48:11,"177,1060,1060,578,5,19.82,38.73,1011.52,14.45"
12:48:13,"177,1054,1054,578,5,19.82,38.73,1011.49,14.62"
12:48:16,"177,1054,1054,578,5,19.82,38.72,1011.53,14.33"
12:48:18,"177,1060,1060,578,5,19.82,38.72,1011.50,14.59"
12:48:20,"177,1056,1056,578,5,19.82,38.72,1011.51,14.46"
12:48:22,"177,1051,1051,577,5,19.82,38.71,1011.52,14.40"
12:48:24,"177,1051,1051,577,5,19.82,38.72,1011.48,14.76"
12:48:27,"174,1041,1041,578,5,19.83,38.72,1011.50,14.58"
12:48:29,"174,1044,1044,578,5,19.83,38.72,1011.49,14.67"
12:48:31,"174,1044,1044,578,5,19.83,38.71,1011.51,14.48"
12:48:33,"168,1029,1029,578,5,19.83,38.69,1011.53,14.36"
12:48:36,"168,1029,1029,578,5,19.83,38.70,1011.51,14.50"
12:48:38,"162,1012,1012,578,5,19.83,38.72,1011.52,14.41"
12:48:40,"160,996,996,578,5,19.83,38.72,1011.53,14.32"
12:48:42,"159,993,993,578,5,19.82,38.72,1011.53,14.37"
12:48:44,"159,991,991,578,5,19.82,38.72,1011.51,14.49"
12:48:47,"159,991,991,578,5,19.83,38.74,1011.51,14.48"
12:48:49,"163,1017,1017,579,5,19.83,38.72,1011.51,14.46"
12:48:50,PMS7003 checksum failed
12:48:51,"169,1053,1053,579,5,19.82,38.73,1011.49,14.68"
12:48:53,"171,1062,1062,579,5,19.82,38.77,1011.49,14.67"
12:48:56,"172,1072,1072,579,5,19.82,38.75,1011.52,14.42"
12:48:58,"172,1072,1072,579,5,19.82,38.72,1011.48,14.71"
12:49:00,"168,1063,1063,579,5,19.82,38.72,1011.48,14.75"
12:49:02,"168,1068,1068,578,5,19.82,38.71,1011.49,14.65"
12:49:04,"168,1071,1071,579,5,19.82,38.71,1011.48,14.75"
12:49:07,"168,1071,1071,579,5,19.83,38.71,1011.49,14.63"
12:49:09,"168,1077,1077,579,5,19.83,38.72,1011.48,14.75"
12:49:11,"169,1080,1080,579,5,19.83,38.72,1011.48,14.75"
12:49:13,"169,1080,1080,579,5,19.83,38.71,1011.49,14.69"
12:49:15,"168,1075,1075,580,5,19.83,38.73,1011.50,14.56"
12:49:18,"166,1071,1071,580,5,19.83,38.75,1011.47,14.85"
12:49:20,"166,1068,1068,580,5,19.83,38.76,1011.50,14.58"
12:49:22,"165,1056,1056,580,5,19.83,38.75,1011.49,14.68"
12:49:24,"162,1044,1044,580,5,19.83,38.76,1011.48,14.79"
12:49:27,"162,1044,1044,580,5,19.84,38.76,1011.51,14.46"
12:49:29,"157,1002,1002,580,5,19.84,38.76,1011.50,14.55"
12:49:31,"157,997,997,580,5,19.83,38.76,1011.49,14.69"
12:49:33,"157,997,997,580,5,19.83,38.76,1011.50,14.55"
12:49:35,"154,978,978,580,5,19.82,38.77,1011.50,14.57"
12:49:38,"154,978,978,580,5,19.83,38.77,1011.50,14.60"
12:49:40,"153,975,975,580,5,19.83,38.77,1011.47,14.81"
12:49:42,"153,973,973,580,5,19.82,38.80,1011.46,14.90"
12:49:44,"148,976,976,581,5,19.82,38.79,1011.49,14.66"
12:49:46,"148,976,976,581,5,19.83,38.79,1011.49,14.65"
12:49:49,"144,978,978,581,5,19.82,38.78,1011.51,14.51"
12:49:51,"144,978,978,581,5,19.82,38.79,1011.52,14.45"
12:49:53,"144,975,975,581,5,19.82,38.78,1011.46,14.92"
12:49:55,"144,975,975,581,5,19.83,38.78,1011.49,14.63"
12:49:58,"145,985,985,581,5,19.82,38.79,1011.50,14.59"
12:50:00,"145,987,987,581,5,19.82,38.77,1011.45,14.99"
12:50:02,"144,987,987,581,5,19.83,38.79,1011.44,15.10"
12:50:03,PMS7003 checksum failed
12:50:04,"142,981,981,581,5,19.83,38.79,1011.49,14.68"
12:50:06,"136,960,960,582,5,19.83,38.80,1011.45,14.96"
12:50:09,"135,949,949,582,5,19.83,38.83,1011.47,14.83"
12:50:11,"135,949,949,582,5,19.83,38.83,1011.45,14.97"
12:50:13,"135,946,946,582,5,19.82,38.80,1011.47,14.87"
12:50:15,"133,943,943,582,5,19.82,38.82,1011.46,14.88"
12:50:18,"132,942,942,582,5,19.83,38.80,1011.48,14.79"
12:50:20,"132,942,942,582,5,19.83,38.79,1011.47,14.80"
12:50:22,"132,937,937,582,5,19.83,38.78,1011.49,14.69"
12:50:24,"130,936,936,582,5,19.82,38.76,1011.47,14.81"
12:50:26,"130,936,936,582,5,19.83,38.75,1011.48,14.77"
12:50:29,"127,927,927,582,5,19.83,38.77,1011.47,14.79"
12:50:31,"126,922,922,582,5,19.82,38.75,1011.47,14.87"
12:50:33,"126,922,922,582,5,19.83,38.76,1011.49,14.64"
12:50:35,"126,921,921,582,5,19.83,38.76,1011.45,15.01"
12:50:37,"124,921,921,582,5,19.83,38.76,1011.47,14.87"
12:50:40,"120,904,904,583,5,19.83,38.77,1011.45,15.02"
12:50:42,"117,898,898,582,5,19.83,38.77,1011.44,15.04"
12:50:44,"117,897,897,583,5,19.84,38.77,1011.46,14.94"
12:50:46,"115,897,897,583,5,19.83,38.77,1011.50,14.62"
12:50:49,"115,900,900,583,5,19.83,38.76,1011.46,14.90"
12:50:51,"117,903,903,582,5,19.83,38.78,1011.44,15.07"
12:50:53,"115,903,903,582,5,19.83,38.78,1011.49,14.67"
12:50:55,"115,903,903,583,5,19.83,38.79,1011.47,14.81"
12:50:57,"115,906,906,583,5,19.83,38.78,1011.47,14.85"
12:51:00,"115,910,910,583,5,19.83,38.78,1011.47,14.79"
12:51:02,"115,910,910,583,5,19.83,38.79,1011.46,14.93"
12:51:04,"111,910,910,583,5,19.83,38.79,1011.48,14.77"
12:51:06,"109,907,907,583,5,19.84,38.77,1011.47,14.84"
12:51:08,"108,904,904,583,5,19.84,38.77,1011.46,14.94"
12:51:11,"108,904,904,583,5,19.83,38.77,1011.48,14.77"
12:51:13,"108,903,903,584,5,19.83,38.78,1011.49,14.63"
12:51:15,"108,900,900,584,5,19.83,38.77,1011.44,15.07"
12:51:17,"108,912,912,584,5,19.83,38.77,1011.47,14.86"
12:51:20,"111,930,930,583,5,19.84,38.76,1011.47,14.83"
12:51:22,"112,933,933,583,5,19.83,38.76,1011.47,14.84"
12:51:24,"114,937,937,584,5,19.84,38.76,1011.45,14.99"
12:51:26,"114,937,937,584,5,19.84,38.76,1011.46,14.94"
12:51:28,"115,930,930,584,5,19.84,38.74,1011.48,14.77"
12:51:31,"114,922,922,584,5,19.84,38.76,1011.46,14.89"
12:51:33,"114,915,915,584,5,19.84,38.78,1011.43,15.14"
12:51:34,PMS7003 checksum failed
12:51:35,"108,882,882,584,5,19.83,38.76,1011.46,14.91"
12:51:37,"105,862,862,584,5,19.84,38.78,1011.47,14.82"
12:51:40,"105,855,855,584,5,19.84,38.79,1011.45,15.03"
12:51:42,"105,855,855,584,5,19.84,38.79,1011.48,14.71"
12:51:44,"105,855,855,584,5,19.84,38.82,1011.47,14.81"
12:51:46,"105,855,855,583,5,19.84,38.79,1011.47,14.80"
12:51:48,"103,862,862,583,5,19.84,38.81,1011.48,14.77"
12:51:51,"103,862,862,583,5,19.85,38.81,1011.45,14.99"
12:51:53,"103,865,865,583,5,19.85,38.79,1011.46,14.90"
12:51:55,"105,868,868,583,5,19.84,38.79,1011.43,15.15"
12:51:57,"105,868,868,583,5,19.84,38.79,1011.45,14.96"
12:51:59,"105,874,874,583,5,19.84,38.79,1011.45,15.01"
12:52:02,"105,877,877,583,5,19.84,38.79,1011.45,14.99"
12:52:04,"105,877,877,583,5,19.84,38.78,1011.48,14.77"
12:52:06,"105,879,879,583,5,19.83,38.75,1011.44,15.05"
12:52:08,"105,880,880,583,5,19.84,38.74,1011.43,15.15"
12:52:11,"106,894,894,583,5,19.84,38.72,1011.46,14.90"
12:52:13,"105,901,901,583,5,19.84,38.71,1011.45,14.96"
12:52:15,"105,906,906,583,5,19.84,38.72,1011.45,15.03"
12:52:17,"105,909,909,583,5,19.84,38.74,1011.45,14.99"
12:52:19,"105,909,909,583,5,19.84,38.72,1011.46,14.91"
12:52:22,"108,933,933,584,5,19.85,38.72,1011.47,14.86"
12:52:24,"106,922,922,583,5,19.85,38.71,1011.48,14.74"
12:52:26,"106,922,922,583,5,19.85,38.76,1011.46,14.95"
12:52:28,"105,919,919,583,5,19.85,38.72,1011.45,14.97"
12:52:31,"105,919,919,583,5,19.85,38.72,1011.43,15.13"
12:52:33,"105,919,919,583,5,19.85,38.72,1011.43,15.20"
12:52:35,"108,949,949,583,5,19.86,38.74,1011.45,15.00"
12:52:37,"108,951,951,583,5,19.86,38.74,1011.43,15.19"
12:52:39,"108,951,951,583,5,19.85,38.75,1011.44,15.10"
12:52:42,"108,951,951,583,5,19.85,38.75,1011.45,15.00"
12:52:44,"108,952,952,583,5,19.86,38.74,1011.49,14.66"
12:52:46,"108,954,954,583,5,19.86,38.73,1011.46,14.93"
12:52:48,"106,966,966,583,5,19.85,38.73,1011.47,14.86"
12:52:50,"108,966,966,582,5,19.85,38.71,1011.46,14.93"
12:52:53,"108,961,961,583,5,19.85,38.73,1011.48,14.79"
12:52:55,"108,957,957,582,5,19.85,38.71,1011.46,14.90"
12:52:57,"108,955,955,582,5,19.86,38.73,1011.45,15.03"
12:52:59,"108,955,955,582,5,19.86,38.70,1011.44,15.10"
12:53:02,"108,957,957,582,5,19.86,38.70,1011.44,15.12"
12:53:04,"108,960,960,582,5,19.86,38.73,1011.42,15.22"
12:53:06,"108,960,960,582,5,19.86,38.73,1011.43,15.13"
12:53:08,"105,954,954,582,5,19.86,38.73,1011.44,15.11"
12:53:10,"103,946,946,582,5,19.86,38.71,1011.43,15.19"
12:53:13,"105,937,937,582,5,19.86,38.74,1011.45,15.02"
12:53:15,"105,937,937,582,5,19.86,38.76,1011.48,14.76"
12:53:17,"105,937,937,583,5,19.86,38.75,1011.43,15.12"
12:53:19,"105,939,939,583,5,19.85,38.75,1011.42,15.28"
12:53:21,"105,945,945,583,5,19.86,38.75,1011.41,15.29"
12:53:24,"105,948,948,583,5,19.85,38.74,1011.41,15.33"
12:53:26,"105,951,951,583,5,19.86,38.76,1011.43,15.21"
12:53:28,"105,951,951,583,5,19.85,38.75,1011.44,15.07"
12:53:30,"105,955,955,583,5,19.86,38.75,1011.45,15.03"
12:53:33,"105,951,951,583,5,19.86,38.75,1011.44,15.09"
12:53:35,"105,951,951,584,5,19.86,38.75,1011.44,15.08"
12:53:37,"105,922,922,583,5,19.86,38.75,1011.45,15.00"
12:53:39,"105,921,921,584,5,19.86,38.75,1011.42,15.22"
12:53:41,"105,921,921,583,5,19.86,38.76,1011.42,15.22"
12:53:42,PMS7003 checksum failed
12:53:44,"105,924,924,584,5,19.86,38.77,1011.45,15.01"
12:53:46,"105,919,919,584,5,19.85,38.78,1011.42,15.24"
12:53:48,"105,919,919,584,5,19.85,38.75,1011.43,15.14"
12:53:50,"106,930,930,583,5,19.86,38.74,1011.42,15.23"
12:53:53,"108,934,934,583,5,19.86,38.74,1011.45,15.01"
12:53:55,"108,936,936,583,5,19.85,38.75,1011.43,15.15"
12:53:56,PMS7003 checksum failed
12:53:57,"106,930,930,583,5,19.86,38.75,1011.45,14.99"
12:53:59,"106,928,928,583,5,19.85,38.73,1011.43,15.15"
12:54:01,"106,927,927,583,5,19.85,38.71,1011.41,15.32"
12:54:04,"106,927,927,583,5,19.85,38.69,1011.42,15.21"
12:54:06,"106,924,924,584,5,19.85,38.72,1011.43,15.14"
12:54:08,"108,924,924,584,5,19.85,38.77,1011.43,15.16"
12:54:10,"108,924,924,584,5,19.85,38.75,1011.44,15.10"
12:54:13,"108,924,924,584,5,19.85,38.76,1011.45,14.97"
12:54:15,"108,922,922,584,5,19.85,38.77,1011.43,15.19"
12:54:17,"108,922,922,584,5,19.85,38.78,1011.42,15.21"
12:54:19,"108,943,943,584,5,19.85,38.78,1011.40,15.40"
12:54:21,"109,949,949,584,5,19.85,38.77,1011.41,15.29"
12:54:24,"109,949,949,584,5,19.86,38.77,1011.44,15.09"
12:54:26,"109,946,946,584,5,19.86,38.77,1011.42,15.46"
12:54:28,"108,943,943,584,5,19.86,38.76,1011.43,15.19"
12:54:30,"108,942,942,584,5,19.86,38.76,1011.44,15.12"
12:54:31,PMS7003 checksum failed
12:54:32,"109,921,921,584,5,19.87,38.74,1011.42,15.24"
12:54:35,"109,921,921,584,5,19.86,38.74,1011.42,15.21"
12:54:37,"111,910,910,584,5,19.86,38.75,1011.42,15.28"
12:54:39,"111,912,912,584,5,19.86,38.75,1011.41,15.34"
12:54:41,"111,915,915,584,5,19.86,38.76,1011.39,15.46"
12:54:44,"111,915,915,584,5,19.86,38.74,1011.38,15.56"
12:54:46,"111,921,921,584,5,19.86,38.74,1011.43,15.15"
12:54:48,"112,924,924,584,5,19.86,38.77,1011.41,15.36"
12:54:50,"112,924,924,584,5,19.86,38.74,1011.43,15.19"
12:54:52,"112,924,924,584,5,19.86,38.75,1011.41,15.36"
12:54:55,"112,927,927,584,5,19.87,38.76,1011.45,15.00"
12:54:57,"112,927,927,584,5,19.86,38.80,1011.46,14.90"
12:54:59,"114,934,934,584,5,19.86,38.78,1011.42,15.24"
12:55:01,"115,937,937,584,5,19.86,38.80,1011.45,15.02"
12:55:04,"118,946,946,584,5,19.86,38.79,1011.41,15.36"
12:55:06,"118,948,948,584,5,19.87,38.77,1011.43,15.13"
12:55:08,"118,948,948,584,5,19.86,38.77,1011.39,15.49"
12:55:10,"118,951,951,584,5,19.86,38.77,1011.41,15.32"
12:55:12,"117,948,948,584,5,19.87,38.76,1011.43,15.19"
12:55:15,"117,948,948,584,5,19.87,38.76,1011.43,15.16"
12:55:17,"117,945,945,584,5,19.87,38.75,1011.42,15.21"
12:55:19,"117,943,943,585,5,19.86,38.75,1011.42,15.28"
12:55:21,"117,942,942,585,5,19.87,38.75,1011.43,15.15"
12:55:23,"117,942,942,585,5,19.87,38.75,1011.43,15.17"
12:55:26,"117,939,939,585,5,19.87,38.74,1011.42,15.23"
12:55:28,"117,937,937,586,5,19.86,38.69,1011.43,15.19"
12:55:30,"117,936,936,586,5,19.87,38.73,1011.46,14.94"
12:55:32,"117,936,936,586,5,19.87,38.73,1011.43,15.15"
12:55:35,"123,939,939,586,5,19.86,38.73,1011.43,15.16"
12:55:37,"123,936,936,586,5,19.87,38.76,1011.41,15.32"
12:55:39,"123,936,936,586,5,19.86,38.76,1011.40,15.41"
12:55:41,"126,931,931,586,5,19.86,38.75,1011.40,15.38"
12:55:43,"126,933,933,586,5,19.87,38.74,1011.45,14.99"
12:55:46,"126,931,931,586,5,19.87,38.73,1011.41,15.16"
12:55:48,"126,931,931,586,5,19.85,38.77,1011.41,15.33"
12:55:50,"123,924,924,587,5,19.87,38.76,1011.45,15.03"
12:55:52,"123,921,921,587,5,19.87,38.76,1011.42,15.22"
12:55:54,"123,921,921,586,5,19.87,38.76,1011.44,15.07"
12:55:57,"127,928,928,586,5,19.87,38.75,1011.44,15.04"
12:55:59,"127,928,928,587,5,19.87,38.75,1011.45,15.02"
12:56:01,"129,930,930,587,5,19.87,38.75,1011.45,14.96"
12:56:03,"129,933,933,587,5,19.88,38.76,1011.44,15.06"
12:56:06,"129,949,949,587,5,19.87,38.77,1011.48,14.74"
12:56:08,"129,957,957,587,5,19.87,38.75,1011.45,14.96"
12:56:10,"132,964,964,587,5,19.87,38.74,1011.43,15.15"
12:56:12,"132,964,964,587,5,19.87,38.75,1011.43,15.13"
12:56:14,"135,991,991,587,5,19.88,38.74,1011.44,15.10"
12:56:17,"138,1002,1002,587,5,19.87,38.74,1011.42,15.27"
12:56:19,"136,999,999,588,5,19.88,38.73,1011.45,14.99"
12:56:21,"136,999,999,587,5,19.88,38.69,1011.43,15.14"
12:56:23,"136,1005,1005,587,5,19.88,38.69,1011.44,15.09"
12:56:25,"136,1008,1008,587,5,19.88,38.71,1011.46,14.89"
12:56:28,"136,1008,1008,588,5,19.88,38.69,1011.46,14.95"
12:56:30,"136,1008,1008,588,5,19.88,38.73,1011.46,14.93"
12:56:32,"136,1008,1008,588,5,19.88,38.69,1011.44,15.08"
12:56:34,"136,1008,1008,588,5,19.88,38.71,1011.44,15.08"
12:56:37,"135,1011,1011,588,5,19.88,38.69,1011.41,15.29"
12:56:39,"136,1018,1018,588,5,19.89,38.69,1011.42,15.25"
12:56:41,"136,1035,1035,588,5,19.89,38.72,1011.44,15.05"
12:56:43,"136,1035,1035,589,5,19.88,38.72,1011.44,15.07"
12:56:45,"136,1035,1035,589,5,19.88,38.69,1011.42,15.23"
12:56:48,"135,1009,1009,589,5,19.88,38.69,1011.43,15.12"
12:56:50,"132,982,982,589,5,19.88,38.71,1011.45,15.03"
12:56:52,"130,975,975,588,5,19.88,38.71,1011.42,15.23"
12:56:54,"130,975,975,589,5,19.88,38.71,1011.45,14.98"
12:56:56,"132,987,987,589,5,19.88,38.70,1011.41,15.31"
12:56:59,"132,988,988,588,5,19.87,38.74,1011.45,14.96"
12:57:01,"132,990,990,588,5,19.88,38.73,1011.41,15.35"
12:57:03,"132,990,990,588,5,19.88,38.73,1011.42,15.22"
12:57:05,"132,993,993,589,5,19.87,38.73,1011.42,15.21"
12:57:08,"132,993,993,588,5,19.88,38.73,1011.46,14.92"
12:57:10,"132,993,993,589,5,19.87,38.71,1011.45,15.03"
12:57:12,"132,990,990,589,5,19.88,38.73,1011.47,14.85"
12:57:14,"132,990,990,589,5,19.87,38.73,1011.46,14.91"
12:57:16,"132,988,988,589,5,19.88,38.74,1011.46,14.91"
12:57:19,"132,987,987,589,5,19.87,38.74,1011.43,15.15"
12:57:21,"129,976,976,589,5,19.88,38.74,1011.42,15.25"
12:57:23,"129,969,969,589,5,19.88,38.73,1011.44,15.09"
12:57:25,"129,966,966,590,5,19.87,38.75,1011.44,15.11"
12:57:27,"129,966,966,589,5,19.87,38.76,1011.44,15.05"
12:57:30,"130,969,969,589,5,19.88,38.74,1011.45,15.11"
12:57:32,"130,972,972,590,5,19.88,38.76,1011.48,14.78"
12:57:34,"130,981,981,590,5,19.88,38.75,1011.45,15.02"
12:57:36,"130,984,984,590,5,19.88,38.73,1011.45,15.00"
12:57:39,"130,987,987,590,5,19.88,38.73,1011.46,14.92"
12:57:41,"132,993,993,590,5,19.88,38.72,1011.45,14.99"
12:57:43,"132,993,993,590,5,19.88,38.72,1011.46,14.92"
12:57:45,"133,1000,1000,590,5,19.88,38.70,1011.45,14.96"
12:57:47,"133,1000,1000,591,5,19.89,38.71,1011.47,14.80"
12:57:50,"138,1021,1021,591,5,19.89,38.69,1011.47,14.87"
12:57:52,"138,1026,1026,591,5,19.88,38.68,1011.41,15.29"
12:57:54,"136,1018,1018,591,5,19.89,38.67,1011.46,14.92"
12:57:55,PMS7003 checksum failed
12:57:56,"136,1020,1020,591,5,19.88,38.67,1011.45,14.99"
12:57:59,"138,1026,1026,591,5,19.89,38.66,1011.45,15.01"
12:58:01,"138,1026,1026,591,5,19.89,38.66,1011.48,14.75"
12:58:03,"145,1027,1027,591,5,19.89,38.66,1011.44,15.12"
12:58:05,"144,1021,1021,591,5,19.89,38.67,1011.46,14.91"
12:58:07,"144,1017,1017,591,5,19.90,38.67,1011.45,15.04"
12:58:09,PMS7003 checksum failed
12:58:10,"144,1008,1008,591,5,19.90,38.66,1011.44,15.05"
12:58:12,"144,1006,1006,590,5,19.90,38.65,1011.44,15.10"
12:58:14,"144,1002,1002,590,5,19.90,38.64,1011.45,15.02"
12:58:16,"144,1002,1002,591,5,19.90,38.65,1011.43,15.15"
12:58:19,"142,985,985,591,5,19.90,38.64,1011.44,15.07"
12:58:21,"141,975,975,591,5,19.90,38.65,1011.44,15.05"
12:58:23,"141,975,975,591,5,19.91,38.65,1011.44,15.09"
12:58:25,"141,975,975,591,5,19.91,38.65,1011.44,15.04"
12:58:27,"141,978,978,590,5,19.91,38.65,1011.44,15.12"
12:58:30,"141,978,978,591,5,19.90,38.63,1011.44,15.11"
12:58:32,"145,1011,1011,591,5,19.90,38.64,1011.42,15.22"
12:58:34,"147,1014,1014,591,5,19.90,38.65,1011.43,15.17"
12:58:36,"147,1014,1014,591,5,19.90,38.66,1011.46,14.93"
12:58:38,"147,1017,1017,591,5,19.91,38.66,1011.46,14.95"
12:58:41,"148,1020,1020,591,5,19.91,38.64,1011.46,14.93"
12:58:43,"150,1023,1023,591,5,19.91,38.65,1011.47,14.87"
12:58:44,PMS7003 checksum failed
12:58:45,"153,1029,1029,590,5,19.91,38.64,1011.45,14.99"
12:58:47,"153,1026,1026,590,5,19.91,38.65,1011.45,15.02"
12:58:50,"153,1026,1026,590,5,19.90,38.66,1011.43,15.20"
12:58:52,"153,1026,1026,590,5,19.90,38.71,1011.43,15.08"
12:58:54,"160,1018,1018,590,5,19.90,38.68,1011.44,15.09"
12:58:56,"162,1020,1020,590,5,19.90,38.68,1011.48,14.74"
12:58:58,"163,1020,1020,590,5,19.90,38.68,1011.46,14.95"
12:59:01,"163,1020,1020,590,5,19.90,38.68,1011.46,14.92"
12:59:03,"165,1023,1023,590,5,19.90,38.69,1011.49,14.65"
12:59:05,"165,1021,1021,590,5,19.90,38.70,1011.45,14.99"
12:59:07,"165,1021,1021,590,5,19.90,38.70,1011.44,15.09"
12:59:10,"166,1023,1023,590,5,19.90,38.69,1011.45,15.02"
12:59:12,"166,1024,1024,590,5,19.90,38.71,1011.46,14.94"
12:59:14,"166,1024,1024,590,5,19.90,38.69,1011.50,14.59"
12:59:16,"166,1026,1026,590,5,19.90,38.71,1011.45,15.02"
12:59:18,"172,1053,1053,589,5,19.90,38.71,1011.47,14.85"
12:59:19,PMS7003 checksum failed
12:59:21,"177,1078,1080,589,5,19.89,38.68,1011.43,15.12"
12:59:23,"175,1080,1080,589,5,19.89,38.68,1011.43,15.12"
12:59:25,"174,1074,1074,589,5,19.89,38.66,1011.45,15.00"
12:59:27,"171,1068,1068,589,5,19.89,38.67,1011.45,15.02"
12:59:30,"171,1068,1068,589,5,19.90,38.66,1011.45,14.96"
12:59:32,"169,1068,1069,589,5,19.90,38.66,1011.43,15.17"
12:59:34,"169,1071,1071,589,5,19.90,38.67,1011.44,15.08"
12:59:36,"169,1071,1071,589,5,19.90,38.66,1011.42,15.26"
12:59:38,"168,1071,1071,589,5,19.91,38.67,1011.44,15.11"
12:59:41,"168,1071,1071,589,5,19.90,38.68,1011.45,14.98"
12:59:43,"168,1071,1071,589,5,19.90,38.67,1011.42,15.24"
12:59:45,"162,1059,1059,589,5,19.90,38.68,1011.43,15.15"
12:59:47,"162,1062,1062,589,5,19.90,38.68,1011.41,15.37"
12:59:49,"162,1062,1062,589,5,19.90,38.68,1011.43,15.12"
12:59:52,"3,1078,1078,589,5,19.90,38.70,1011.47,14.87"
12:59:54,"163,1083,1083,589,5,19.91,38.68,1011.42,15.21"
12:59:55,PMS7003 checksum failed
12:59:56,"168,1074,1074,589,5,19.90,38.68,1011.39,15.46"
12:59:58,"168,1072,1072,589,5,19.91,38.66,1011.44,15.05"
13:00:01,"168,1072,1072,589,5,19.90,38.65,1011.44,15.12"
13:00:03,"168,1066,1066,589,5,19.90,38.64,1011.42,15.27"
13:00:05,"168,1066,1066,589,5,19.91,38.65,1011.43,15.20"
13:00:07,"168,1065,1065,589,5,19.91,38.65,1011.43,15.17"
13:00:09,"168,1068,1068,589,5,19.91,38.63,1011.43,15.16"
13:00:12,"168,1068,1068,589,5,19.91,38.63,1011.46,14.95"
13:00:14,"168,1069,1069,589,5,19.90,38.63,1011.40,15.38"
13:00:16,"168,1074,1074,589,5,19.91,38.64,1011.42,15.28"
13:00:18,"168,1074,1074,589,5,19.91,38.65,1011.42,15.26"
13:00:21,"174,1093,1093,590,5,19.91,38.66,1011.44,15.04"
13:00:23,"174,1093,1093,589,5,19.90,38.65,1011.44,15.06"
13:00:25,"174,1093,1093,589,5,19.90,38.66,1011.43,15.18"
13:00:27,"177,1095,1095,589,5,19.90,38.66,1011.42,15.24"
13:00:29,"178,1104,1104,590,5,19.91,38.66,1011.43,15.16"
13:00:30,PMS7003 checksum failed
13:00:32,"172,1092,1092,590,5,19.91,38.66,1011.42,15.25"
13:00:34,"172,1093,1093,590,5,19.90,38.67,1011.42,15.23"
13:00:36,"174,1095,1095,590,5,19.90,38.67,1011.44,15.12"
13:00:38,"174,1095,1095,590,5,19.90,38.66,1011.44,15.05"
13:00:41,"174,1095,1095,590,5,19.90,38.66,1011.43,15.15"
13:00:43,"174,1095,1095,590,5,19.91,38.68,1011.45,15.03"
13:00:45,"175,1095,1095,590,5,19.90,38.65,1011.43,15.15"
13:00:47,"175,1095,1095,590,5,19.91,38.68,1011.44,15.09"
13:00:49,"175,1096,1096,590,5,19.91,38.67,1011.44,15.07"
13:00:52,"177,1098,1098,590,5,19.91,38.63,1011.46,14.89"
13:00:54,"177,1098,1098,590,5,19.90,38.63,1011.46,14.94"
13:00:56,"183,1126,1126,590,5,19.90,38.64,1011.44,15.10"
13:00:58,"183,1134,1134,590,5,19.91,38.66,1011.45,14.96"
13:01:00,"183,1134,1134,590,5,19.91,38.63,1011.45,14.98"
13:01:03,"180,1110,1110,590,5,19.90,38.66,1011.45,14.98"
13:01:05,"177,1084,1084,590,5,19.91,38.68,1011.43,15.13"
13:01:06,PMS7003 checksum failed
13:01:07,"174,1062,1062,590,5,19.91,38.67,1011.45,15.01"
13:01:09,"174,1060,1060,590,5,19.91,38.67,1011.41,15.30"
13:01:12,"174,1060,1060,590,5,19.90,38.66,1011.44,15.09"
13:01:14,"181,1068,1068,590,5,19.90,38.66,1011.43,15.18"
13:01:16,"181,1068,1068,590,5,19.90,38.67,1011.48,14.77"
13:01:18,"183,1069,1069,590,5,19.92,38.67,1011.45,14.96"
13:01:20,"183,1071,1071,590,5,19.91,38.66,1011.43,15.14"
13:01:23,"183,1071,1071,590,5,19.91,38.67,1011.44,15.12"
13:01:25,"183,1071,1071,590,5,19.91,38.67,1011.45,15.04"
13:01:27,",1075,1075,590,5,19.92,38.67,1011.45,15.00"
13:01:29,"184,1075,1075,590,5,19.91,38.66,1011.45,14.98"
13:01:32,"177,1041,1041,590,5,19.91,38.68,1011.45,14.96"
13:01:34,"175,1036,1036,590,5,19.91,38.71,1011.45,15.00"
13:01:36,"175,1036,1036,589,5,19.91,38.68,1011.45,15.01"
13:01:38,"172,1024,1024,589,5,19.91,38.69,1011.46,14.95"
13:01:40,"169,1014,1014,589,5,19.91,38.67,1011.45,14.99"
13:01:41,PMS7003 checksum failed
13:01:43,"171,1033,1033,589,5,19.91,38.68,1011.44,15.11"
13:01:45,"172,1036,1036,589,5,19.90,38.68,1011.48,14.72"
13:01:47,"172,1036,1036,589,5,19.90,38.71,1011.45,15.03"
13:01:49,"4,1033,1033,589,5,19.91,38.68,1011.43,15.18"
13:01:52,"174,1033,1033,589,5,19.91,38.67,1011.45,14.96"
13:01:54,"175,1032,1032,589,5,19.91,38.67,1011.42,15.23"
13:01:56,"175,1030,1030,588,5,19.90,38.66,1011.44,15.10"
13:01:58,"175,1030,1030,588,5,19.91,38.66,1011.44,15.09"
13:02:00,"177,1030,1030,588,5,19.91,38.66,1011.44,15.06"
13:02:03,"177,1030,1030,588,5,19.91,38.66,1011.47,14.80"
13:02:05,"177,1030,1030,588,5,19.91,38.66,1011.49,14.68"
13:02:07,"171,1035,1035,588,5,19.91,38.67,1011.43,15.16"
13:02:09,"171,1035,1035,589,5,19.91,38.66,1011.50,14.61"
13:02:11,"171,1039,1039,588,5,19.92,38.65,1011.46,14.93"
13:02:14,"177,1059,1059,588,5,19.90,38.65,1011.43,15.19"
13:02:16,"183,1068,1068,588,5,19.91,38.66,1011.47,14.81"
13:02:17,PMS7003 checksum failed
13:02:18,"180,1035,1035,588,5,19.92,38.66,1011.49,14.64"
13:02:20,"180,1033,1035,588,5,19.91,38.65,1011.48,14.71"
13:02:23,"180,1033,1035,588,5,19.91,38.65,1011.47,14.81"
13:02:25,"181,1042,1044,588,5,19.91,38.67,1011.46,14.91"
13:02:27,"181,1042,1044,588,5,19.91,38.67,1011.46,14.88"
13:02:29,"183,1047,1048,588,5,19.92,38.67,1011.45,15.02"
13:02:31,"180,1042,1044,588,5,19.92,38.67,1011.48,14.74"
13:02:34,"180,1042,1044,587,5,19.92,38.64,1011.48,14.71"
13:02:36,"178,1038,1039,587,5,19.92,38.64,1011.46,14.94"
13:02:38,"177,1035,1036,587,5,19.93,38.63,1011.49,14.67"
13:02:40,"177,1035,1036,587,5,19.92,38.64,1011.48,14.73"
13:02:43,"174,1035,1035,587,5,19.92,38.62,1011.47,14.85"
13:02:45,"174,1035,1035,587,5,19.91,38.62,1011.49,14.66"
13:02:47,"174,1035,1035,587,5,19.92,38.64,1011.46,14.95"
13:02:49,"175,1054,1056,587,5,19.92,38.62,1011.50,14.59"
13:02:51,"180,1083,1084,587,5,19.91,38.63,1011.47,14.80"
13:02:52,PMS7003 checksum failed
13:02:54,"181,1098,1098,587,5,19.92,38.63,1011.46,14.87"
13:02:56,"180,1089,1089,587,5,19.91,38.63,1011.46,14.91"
13:02:58,"180,1089,1089,587,5,19.92,38.64,1011.45,14.99"
13:03:00,"174,1065,1065,587,5,19.91,38.63,1011.47,14.87"
13:03:03,"174,1065,1065,587,5,19.91,38.63,1011.46,14.91"
13:03:05,"171,1059,1059,587,5,19.91,38.63,1011.45,14.97"
13:03:07,"171,1054,1054,587,5,19.91,38.62,1011.44,15.12"
13:03:09,"171,1054,1054,587,5,19.91,38.66,1011.45,15.00"
13:03:11,"169,1051,1051,587,5,19.92,38.63,1011.45,14.99"
13:03:14,"168,1047,1047,587,5,19.92,38.64,1011.46,14.87"
13:03:16,"168,1047,1047,587,5,19.91,38.63,1011.47,14.79"
13:03:18,"168,1065,1065,588,5,19.92,38.62,1011.47,14.80"
13:03:20,"168,1071,1071,588,5,19.91,38.59,1011.46,14.93"
13:03:22,"171,1077,1077,588,5,19.91,38.59,1011.47,14.86"
13:03:25,"174,1087,1087,588,5,19.90,38.61,1011.45,14.98"
13:03:27,"174,1092,1092,588,5,19.91,38.65,1011.46,14.90"
13:03:28,PMS7003 checksum failed
13:03:29,"175,1099,1099,588,5,19.91,38.65,1011.46,14.89"
13:03:31,"175,1101,1101,588,5,19.91,38.65,1011.47,14.80"
13:03:34,"175,1101,1101,588,5,19.91,38.66,1011.50,14.60"
13:03:36,"6,1056,1056,588,5,19.91,38.68,1011.48,14.78"
13:03:38,"166,1056,1056,588,5,19.91,38.71,1011.45,14.97"
13:03:40,"165,1050,1050,588,5,19.92,38.70,1011.48,14.73"
13:03:42,"162,1044,1044,588,5,19.91,38.71,1011.49,14.67"
13:03:45,"162,1044,1044,588,5,19.91,38.70,1011.48,14.72"
13:03:47,"162,1038,1038,588,5,19.91,38.71,1011.49,14.69"
13:03:49,"159,1035,1035,588,5,19.92,38.70,1011.48,14.77"
13:03:51,"159,1035,1035,589,5,19.91,38.70,1011.47,14.83"
13:03:54,"153,999,999,588,5,19.91,38.70,1011.44,15.11"
13:03:56,"153,999,999,589,5,19.91,38.71,1011.47,14.85"
13:03:58,"153,999,999,589,5,19.91,38.71,1011.45,15.01"
13:04:00,"153,996,996,589,5,19.92,38.71,1011.48,14.73"
13:04:02,"153,1003,1003,589,5,19.91,38.70,1011.46,14.94"
13:04:03,PMS7003 checksum failed
13:04:05,"148,996,996,589,5,19.92,38.70,1011.47,14.80"
13:04:07,"148,993,993,589,5,19.91,38.67,1011.42,15.23"
13:04:09,"148,993,993,589,5,19.91,38.67,1011.46,14.89"
13:04:11,"144,976,976,590,5,19.91,38.66,1011.47,14.82"
13:04:13,"144,976,976,590,5,19.92,38.67,1011.49,14.70"
13:04:16,"142,978,978,590,5,19.91,38.70,1011.48,14.74"
13:04:18,"142,979,979,590,5,19.92,38.71,1011.47,14.80"
13:04:20,"142,979,979,590,5,19.91,38.71,1011.49,14.70"
13:04:22,"142,982,982,590,5,19.91,38.71,1011.46,14.94"
13:04:25,"144,990,990,590,5,19.91,38.72,1011.48,14.74"
13:04:27,"144,990,990,590,5,19.92,38.72,1011.50,14.59"
13:04:29,"147,1023,1023,590,5,19.91,38.71,1011.50,14.61"
13:04:31,"147,1026,1026,590,5,19.91,38.70,1011.52,14.44"
13:04:33,"147,1026,1026,590,5,19.90,38.68,1011.49,14.67"
13:04:36,"147,1035,1035,590,5,19.91,38.70,1011.49,14.68"
13:04:38,"145,1030,1030,590,5,19.91,38.68,1011.50,14.56"
13:04:39,PMS7003 checksum failed
13:04:40,"138,1014,1014,590,5,19.90,38.68,1011.49,14.65"
13:04:42,"138,1014,1014,591,5,19.90,38.70,1011.49,14.63"
13:04:45,"138,1014,1014,591,5,19.91,38.71,1011.51,14.51"
13:04:47,"138,1008,1008,591,5,19.91,38.68,1011.55,14.16"
13:04:49,"138,1008,1008,590,5,19.91,38.68,1011.51,14.48"
13:04:51,"138,1008,1008,590,5,19.91,38.68,1011.51,14.49"
13:04:53,"138,1008,1008,590,5,19.91,38.68,1011.48,14.73"
13:04:56,"138,1008,1008,590,5,19.91,38.66,1011.54,14.24"
13:04:58,"138,1008,1008,591,5,19.91,38.66,1011.48,14.74"
13:05:00,"138,1011,1011,591,5,19.92,38.66,1011.50,14.61"
13:05:02,"138,1011,1011,591,5,19.92,38.66,1011.51,14.49"
13:05:04,"138,1020,1020,591,5,19.92,38.67,1011.52,14.42"
13:05:07,"138,1020,1020,591,5,19.92,38.67,1011.51,14.53"
13:05:09,"138,1020,1020,591,5,19.92,38.67,1011.51,14.47"
13:05:11,"138,1026,1026,591,5,19.92,38.66,1011.50,14.54"
13:05:13,"136,1026,1026,591,5,19.91,38.68,1011.50,14.59"
13:05:14,PMS7003 checksum failed
13:05:16,"129,990,990,592,5,19.93,38.69,1011.54,14.26"
13:05:18,"129,984,984,592,5,19.92,38.69,1011.56,14.04"
13:05:20,"129,984,984,592,5,19.92,38.64,1011.55,14.37"
13:05:22,"127,970,970,593,5,19.92,38.67,1011.52,14.40"
13:05:24,"127,970,970,593,5,19.92,38.66,1011.53,14.36"
13:05:27,"129,972,972,593,5,19.93,38.67,1011.51,14.52"
13:05:29,"129,970,970,593,5,19.93,38.67,1011.53,14.30"
13:05:31,"129,970,970,593,5,19.93,38.66,1011.52,14.38"
13:05:33,"129,970,970,593,5,19.93,38.65,1011.54,14.24"
13:05:36,"127,972,972,593,5,19.93,38.65,1011.52,14.39"
13:05:38,"127,972,972,593,5,19.93,38.69,1011.54,14.23"
13:05:40,"126,978,978,593,5,19.93,38.66,1011.57,13.98"
13:05:42,"126,973,973,593,5,19.94,38.66,1011.58,13.91"
13:05:44,"126,973,973,593,5,19.93,38.64,1011.53,14.31"
13:05:47,"126,967,969,593,5,19.94,38.65,1011.52,14.41"
13:05:49,"123,958,958,593,5,19.94,38.66,1011.53,14.34"
13:05:50,PMS7003 checksum failed
13:05:51,"117,943,943,593,5,19.94,38.65,1011.56,14.06"
13:05:53,"117,942,942,593,5,19.94,38.64,1011.57,14.02"
13:05:56,"117,942,942,593,5,19.94,38.64,1011.57,13.99"
13:05:58,"118,943,943,593,5,19.95,38.61,1011.56,14.07"
13:06:00,"118,943,943,593,5,19.95,38.61,1011.55,14.15"
13:06:02,"120,949,949,593,5,19.94,38.62,1011.58,13.91"
13:06:04,"121,955,955,593,5,19.94,38.64,1011.54,14.25"
13:06:07,"121,955,955,593,5,19.94,38.63,1011.60,13.72"
13:06:09,"123,957,957,593,5,19.95,38.63,1011.57,13.98"
13:06:11,"123,957,957,593,5,19.95,38.62,1011.57,13.99"
13:06:13,"123,957,957,593,5,19.94,38.62,1011.54,14.22"
13:06:15,"121,969,969,593,5,19.94,38.63,1011.58,13.94"
13:06:18,"121,970,970,593,5,19.95,38.64,1011.55,14.14"
13:06:20,"121,970,970,593,5,19.95,38.65,1011.58,13.89"
13:06:22,"118,960,960,593,5,19.94,38.68,1011.57,13.98"
13:06:24,"117,951,951,593,5,19.95,38.66,1011.59,13.85"
13:06:25,PMS7003 checksum failed
13:06:27,"114,955,955,593,5,19.95,38.65,1011.57,13.96"
13:06:29,"114,952,952,592,5,19.95,38.64,1011.58,13.95"
13:06:31,"114,952,952,592,5,19.94,38.62,1011.56,14.10"
13:06:33,"114,939,939,592,5,19.95,38.61,1011.58,13.90"
13:06:35,"114,939,939,592,5,19.95,38.61,1011.56,14.08"
13:06:38,"114,939,939,592,5,19.95,38.62,1011.57,14.01"
13:06:40,"114,939,939,592,5,19.95,38.61,1011.58,13.90"
13:06:42,"114,939,939,591,5,19.95,38.61,1011.59,13.79"
13:06:44,"114,942,942,591,5,19.95,38.62,1011.58,13.92"
13:06:47,"114,945,945,592,5,19.95,38.65,1011.59,13.79"
13:06:49,"114,945,945,592,5,19.95,38.64,1011.57,13.98"
13:06:51,"109,927,927,592,5,19.95,38.66,1011.61,13.70"
13:06:53,"108,925,925,592,5,19.94,38.69,1011.60,13.75"
13:06:55,"108,925,925,591,5,19.95,38.66,1011.55,14.16"
13:06:58,"109,933,933,591,5,19.95,38.66,1011.60,13.77"
13:07:00,"108,930,930,591,5,19.95,38.66,1011.61,13.68"
13:07:02,"108,930,930,590,5,19.95,38.65,1011.60,13.78"
13:07:04,"108,916,916,590,5,19.95,38.66,1011.63,13.53"
13:07:06,"108,915,915,590,5,19.95,38.65,1011.57,13.96"
13:07:09,"108,915,915,590,5,19.95,38.64,1011.57,14.02"
13:07:11,"106,897,897,590,5,19.94,38.64,1011.61,13.65"
13:07:13,"106,897,897,590,5,19.95,38.64,1011.61,13.69"
13:07:15,"106,892,892,590,5,19.95,38.63,1011.58,13.94"
13:07:18,"105,891,891,590,5,19.95,38.62,1011.60,13.74"
13:07:20,"105,888,888,589,5,19.94,38.65,1011.59,13.80"
13:07:22,"105,888,888,589,5,19.95,38.65,1011.59,13.82"
13:07:24,"105,888,888,589,5,19.95,38.65,1011.60,13.71"
13:07:26,"103,885,885,589,5,19.96,38.64,1011.63,13.52"
13:07:29,"103,883,883,589,5,19.94,38.62,1011.60,13.72"
13:07:31,"103,883,883,589,5,19.95,38.63,1011.59,13.82"
13:07:33,"105,888,888,589,5,19.95,38.63,1011.62,13.62"
13:07:35,"106,891,891,590,5,19.95,38.63,1011.61,13.65"
13:07:37,"106,894,894,590,5,19.96,38.62,1011.62,13.60"
13:07:39,PMS7003 checksum failed
13:07:40,"108,906,906,590,5,19.95,38.62,1011.60,13.70"
13:07:42,"108,930,930,590,5,19.96,38.63,1011.63,13.51"
13:07:44,"109,942,942,590,5,19.96,38.61,1011.61,13.62"
13:07:46,"109,942,942,590,5,19.96,38.62,1011.60,13.77"
13:07:49,"108,939,939,591,5,19.97,38.61,1011.63,13.52"
13:07:51,"108,933,933,591,5,19.96,38.61,1011.60,13.76"
13:07:53,"108,918,918,591,5,19.96,38.61,1011.61,13.69"
13:07:55,"108,918,918,591,5,19.97,38.60,1011.66,13.21"
13:07:57,"108,918,918,591,5,19.97,38.60,1011.63,13.52"
13:08:00,"108,919,919,591,5,19.97,38.60,1011.61,13.69"
13:08:02,"108,919,919,592,5,19.97,38.60,1011.65,13.34"
13:08:04,"109,925,925,591,5,19.98,38.61,1011.64,13.43"
13:08:06,"108,927,927,591,5,19.98,38.61,1011.63,13.50"
13:08:09,"108,927,927,592,5,19.98,38.60,1011.64,13.43"
13:08:11,"108,928,928,592,5,19.97,38.57,1011.64,13.45"
13:08:13,"108,930,930,592,5,19.97,38.56,1011.61,13.65"
13:08:15,"108,937,937,592,5,19.97,38.56,1011.63,13.48"
13:08:17,"108,924,924,593,5,19.97,38.56,1011.62,13.60"
13:08:20,"108,922,922,593,5,19.96,38.54,1011.64,13.43"
13:08:22,"108,924,924,593,5,19.96,38.54,1011.61,13.62"
13:08:24,"108,924,924,593,5,19.97,38.54,1011.61,13.67"
13:08:26,"108,931,931,593,5,19.98,38.52,1011.63,13.53"
13:08:29,"105,924,924,593,5,19.97,38.52,1011.64,13.41"
13:08:31,"105,924,924,593,5,19.97,38.53,1011.63,13.50"
13:08:33,"105,924,924,593,5,19.97,38.52,1011.63,13.52"
13:08:35,"105,922,922,593,5,19.97,38.49,1011.65,13.33"
13:08:37,"105,922,922,593,5,19.98,38.50,1011.65,13.29"
13:08:40,"105,924,924,594,5,19.97,38.49,1011.66,13.28"
13:08:42,"105,924,924,594,5,19.96,38.48,1011.61,13.65"
13:08:44,"105,921,921,594,5,19.98,38.48,1011.67,13.16"
13:08:46,"105,921,921,594,5,19.98,38.47,1011.64,13.43"
13:08:48,"105,918,918,594,5,19.98,38.46,1011.63,13.53"
13:08:51,"105,916,916,595,5,19.97,38.47,1011.61,13.69"
13:08:53,"106,916,916,595,5,19.97,38.46,1011.61,13.64"
13:08:55,"105,918,918,595,5,19.99,38.46,1011.64,13.40"
13:08:57,"105,915,915,595,5,19.98,38.47,1011.65,13.29"
13:09:00,"105,912,912,595,5,19.98,38.44,1011.66,13.28"
13:09:02,"105,912,912,595,5,19.98,38.42,1011.64,13.40"
13:09:04,"105,900,900,596,5,19.99,38.41,1011.69,13.02"
13:09:06,"105,900,900,596,5,19.98,38.41,1011.65,13.37"
13:09:08,"105,898,898,596,5,19.98,38.40,1011.65,13.34"
13:09:11,"105,898,898,596,5,19.98,38.40,1011.64,13.39"
13:09:13,"102,895,895,597,5,19.99,38.40,1011.67,13.15"
13:09:15,"102,903,903,597,5,19.99,38.39,1011.67,13.16"
13:09:17,"105,913,913,597,5,19.99,38.40,1011.65,13.33"
13:09:19,"105,913,913,598,5,19.99,38.38,1011.69,13.01"
13:09:22,"105,912,912,598,5,19.99,38.39,1011.65,13.29"
13:09:24,"106,912,912,598,5,20.00,38.39,1011.68,13.04"
13:09:26,"108,921,921,599,5,20.00,38.39,1011.70,12.95"
13:09:28,"108,927,927,599,5,19.99,38.39,1011.68,13.09"
13:09:31,"08,927,927,599,5,19.99,38.37,1011.70,12.95"
13:09:33,"108,927,927,599,5,19.99,38.37,1011.67,13.12"
13:09:35,"108,927,927,599,5,19.99,38.38,1011.66,13.23"
13:09:37,"108,930,930,600,5,19.99,38.38,1011.68,13.07"
13:09:39,"108,930,930,600,5,19.99,38.39,1011.70,12.93"
13:09:42,"108,918,918,600,5,19.99,38.39,1011.66,13.24"
13:09:44,"106,918,918,600,5,19.99,38.38,1011.68,13.10"
13:09:46,"106,919,921,601,5,20.00,38.39,1011.70,12.94"
13:09:47,PMS7003 checksum failed
13:09:48,"105,934,936,601,5,20.00,38.39,1011.67,13.15"
13:09:51,"105,934,934,601,5,19.99,38.37,1011.68,13.06"
13:09:53,"105,934,934,601,5,19.99,38.38,1011.68,13.30"
13:09:55,"105,934,934,601,5,19.98,38.37,1011.67,13.17"
13:09:57,"105,934,934,601,5,20.00,38.36,1011.67,13.17"
13:09:59,"105,936,936,602,5,20.00,38.32,1011.73,12.66"
13:10:00,PMS7003 checksum failed
13:10:02,"103,927,927,602,5,20.00,38.31,1011.68,13.07"
13:10:04,"103,925,925,602,5,20.01,38.32,1011.71,12.87"
13:10:06,"103,924,924,601,5,20.00,38.30,1011.69,13.02"
13:10:08,"103,924,924,601,5,20.00,38.27,1011.71,12.80"
13:10:11,"103,931,931,601,5,20.00,38.25,1011.68,13.05"
13:10:13,"105,939,939,601,5,20.01,38.24,1011.70,12.94"
13:10:15,"105,939,939,601,5,20.01,38.26,1011.70,12.93"
13:10:17,"105,942,942,602,5,20.01,38.26,1011.68,13.06"
13:10:19,"105,946,946,602,5,20.01,38.28,1011.70,12.90"
13:10:22,"105,946,946,602,5,20.01,38.30,1011.69,12.98"
13:10:24,"106,975,975,602,5,20.01,38.32,1011.68,13.06"
13:10:26,"106,972,972,602,5,20.00,38.33,1011.68,13.12"
13:10:28,"106,972,972,602,5,20.01,38.30,1011.67,13.17"
13:10:30,"106,970,970,602,5,20.00,38.29,1011.66,13.21"
13:10:33,"108,969,969,602,5,20.01,38.30,1011.65,13.33"
13:10:35,"108,969,969,602,5,20.01,38.32,1011.67,13.17"
13:10:36,PMS7003 checksum failed
13:10:37,"109,982,982,602,5,20.01,38.30,1011.67,13.17"
13:10:39,"109,987,987,601,5,20.01,38.26,1011.67,13.13"
13:10:42,"109,987,987,602,5,20.01,38.25,1011.69,12.97"
13:10:44,"109,987,987,602,5,20.01,38.28,1011.64,13.38"
13:10:46,"109,1002,1002,601,5,20.01,38.23,1011.67,13.18"
13:10:48,"111,1008,1008,601,5,20.01,38.20,1011.67,13.13"
13:10:50,"111,1015,1015,601,5,20.01,38.21,1011.67,13.14"
13:10:53,"111,1015,1015,601,5,20.01,38.20,1011.65,13.33"
13:10:55,"111,1014,1014,601,5,20.01,38.20,1011.68,13.08"
13:10:57,"111,1014,1014,601,5,20.01,38.20,1011.69,13.01"
13:10:59,"111,1014,1014,600,5,20.01,38.21,1011.71,12.82"
13:11:02,"111,990,990,601,5,20.00,38.22,1011.69,13.02"
13:11:04,"111,987,987,601,5,20.00,38.22,1011.68,13.04"
13:11:06,"111,987,987,600,5,20.02,38.20,1011.68,13.11"
13:11:08,"111,973,973,600,5,20.01,38.22,1011.65,13.23"
13:11:10,"111,966,966,600,5,20.02,38.20,1011.68,13.08"
13:11:11,PMS7003 checksum failed
13:11:13,"111,972,972,600,5,20.02,38.17,1011.68,13.08"
13:11:15,"111,969,969,600,5,20.02,38.18,1011.67,13.15"
13:11:17,"111,969,969,600,5,20.02,38.17,1011.67,13.13"
13:11:19,"108,945,945,600,5,20.02,38.18,1011.67,13.14"
13:11:22,"108,945,945,600,5,20.02,38.18,1011.68,13.06"
13:11:24,"108,942,942,599,5,20.02,38.16,1011.66,13.23"
13:11:26,"108,939,939,599,5,20.03,38.14,1011.69,12.99"
13:11:28,"108,939,939,599,5,20.02,38.15,1011.66,13.26"
13:11:30,"108,937,937,599,5,20.02,38.17,1011.67,13.19"
13:11:33,"106,937,937,599,5,20.03,38.16,1011.65,13.30"
13:11:35,"106,937,937,599,5,20.03,38.15,1011.71,12.80"
13:11:37,"105,942,942,599,5,20.03,38.15,1011.67,13.20"
13:11:39,"105,942,942,598,5,20.03,38.16,1011.67,13.14"
13:11:41,"105,942,942,598,5,20.02,38.17,1011.69,12.98"
13:11:44,"105,946,946,599,5,20.03,38.12,1011.67,13.16"
13:11:46,"108,945,945,599,5,20.02,38.08,1011.64,13.38"
13:11:48,"108,945,945,599,5,20.02,38.05,1011.66,13.21"
13:11:50,"106,930,930,599,5,20.02,38.06,1011.66,13.21"
13:11:53,"106,931,931,598,5,20.04,38.06,1011.68,13.07"
13:11:55,"106,931,931,598,5,20.03,38.05,1011.66,13.25"
13:11:57,"108,927,927,598,5,20.03,38.06,1011.65,13.35"
13:11:59,"108,927,927,598,5,20.03,38.09,1011.67,13.12"
13:12:01,"106,919,919,598,5,20.03,38.10,1011.66,13.24"
13:12:04,"106,913,913,598,5,20.03,38.12,1011.66,13.21"
13:12:06,"105,904,904,598,5,20.03,38.13,1011.66,13.24"
13:12:08,"105,904,904,597,5,20.04,38.13,1011.68,13.10"
13:12:10,"105,906,906,598,5,20.04,38.09,1011.67,13.20"
13:12:12,"105,906,906,597,5,20.03,38.06,1011.66,13.21"
13:12:15,"105,907,907,597,5,20.04,38.09,1011.68,13.02"
13:12:17,"105,907,907,597,5,20.03,38.08,1011.63,13.47"
13:12:19,"108,910,910,597,5,20.03,38.08,1011.67,13.12"
13:12:21,"108,912,912,597,5,20.03,38.08,1011.68,13.09"
13:12:24,"108,916,916,597,5,20.03,38.07,1011.66,13.24"
13:12:25,PMS7003 checksum failed
13:12:26,"108,918,918,597,5,20.04,38.06,1011.68,13.12"
13:12:28,"105,904,904,596,5,20.03,38.06,1011.66,13.26"
13:12:30,"106,915,915,596,5,20.04,38.04,1011.69,12.98"
13:12:32,"106,915,915,596,5,20.04,38.01,1011.68,13.05"
13:12:35,"106,918,919,596,5,20.04,37.98,1011.64,13.44"
13:12:37,"105,921,921,596,5,20.04,37.99,1011.68,13.06"
13:12:39,"105,930,930,596,5,20.04,38.01,1011.69,12.99"
13:12:41,"105,930,930,596,5,20.04,38.06,1011.68,13.08"
13:12:44,"105,933,933,596,5,20.05,38.07,1011.68,13.11"
13:12:46,"105,939,939,596,5,20.05,38.12,1011.68,13.09"
13:12:48,"105,939,939,596,5,20.04,38.12,1011.67,13.19"
13:12:50,"106,955,955,595,5,20.04,38.13,1011.69,12.99"
13:12:52,"108,964,964,595,5,20.05,38.12,1011.68,12.88"
13:12:55,"108,964,964,595,5,20.04,38.13,1011.69,12.97"
13:12:57,"109,966,966,595,5,20.05,38.11,1011.71,12.82"
13:12:59,"109,966,966,595,5,20.04,38.05,1011.67,13.18"
13:13:01,"108,988,988,595,5,20.04,38.08,1011.66,13.28"
13:13:03,"105,984,984,594,5,20.04,38.05,1011.68,13.10"
13:13:06,"105,981,981,594,5,20.05,38.08,1011.69,13.00"
13:13:08,"103,978,978,594,5,20.04,38.06,1011.66,13.22"
13:13:10,"103,978,978,594,5,20.05,38.04,1011.69,12.98"
13:13:12,"103,970,970,594,5,20.05,38.08,1011.69,12.96"
13:13:15,"103,975,975,593,5,20.05,38.13,1011.69,13.03"
13:13:17,"103,975,975,593,5,20.05,38.11,1011.71,12.86"
13:13:19,"103,975,975,593,5,20.06,38.08,1011.69,13.00"
13:13:21,"103,972,972,593,5,20.05,38.09,1011.68,13.10"
13:13:23,"103,972,972,593,5,20.06,38.08,1011.68,13.08"
13:13:26,"106,984,984,593,5,20.05,38.09,1011.66,13.27"
13:13:28,"108,991,991,592,5,20.06,38.09,1011.67,13.18"
13:13:30,"108,991,991,592,5,20.06,38.11,1011.68,13.11"
13:13:32,"108,991,991,592,5,20.06,38.13,1011.69,13.01"
13:13:34,"108,991,991,592,5,20.07,38.15,1011.71,12.83"
13:13:37,"108,991,991,592,5,20.06,38.18,1011.68,13.08"
13:13:39,"111,993,993,592,5,20.06,38.19,1011.69,12.98"
13:13:41,"111,999,999,592,5,20.05,38.20,1011.68,13.09"
13:13:43,"111,996,996,591,5,20.05,38.23,1011.68,13.08"
13:13:46,"111,993,993,591,5,20.05,38.23,1011.70,12.94"
13:13:48,"111,993,993,591,5,20.05,38.22,1011.71,12.85"
13:13:50,"111,993,993,591,5,20.05,38.23,1011.70,12.89"
13:13:52,"111,997,997,591,5,20.05,38.23,1011.70,12.95"
13:13:54,"111,999,999,591,5,20.04,38.23,1011.68,13.10"
13:13:57,"111,999,999,591,5,20.05,38.26,1011.69,13.01"
13:13:59,"108,1002,1002,591,5,20.04,38.26,1011.67,13.12"
13:14:01,"108,996,996,591,5,20.05,38.25,1011.65,13.29"
13:14:03,"108,991,991,590,5,20.05,38.26,1011.68,13.11"
13:14:05,"108,991,991,591,5,20.05,38.23,1011.72,12.77"
13:14:08,"108,990,990,591,5,20.05,38.23,1011.69,12.97"
13:14:10,"108,990,990,590,5,20.06,38.25,1011.68,13.07"
13:14:12,"108,972,972,590,5,20.06,38.25,1011.67,13.13"
13:14:14,"108,972,972,591,5,20.06,38.23,1011.67,13.15"
13:14:17,"108,972,972,590,5,20.06,38.22,1011.66,13.25"
13:14:19,"108,972,972,590,5,20.06,38.21,1011.68,13.11"
13:14:21,"108,973,973,590,5,20.06,38.20,1011.67,13.15"
13:14:23,"109,976,976,590,5,20.06,38.20,1011.66,13.21"
13:14:25,"109,976,976,590,5,20.06,38.22,1011.67,13.17"
13:14:28,"108,967,967,590,5,20.06,38.19,1011.64,13.38"
13:14:30,"108,964,964,590,5,20.07,38.20,1011.66,13.22"
13:14:32,"108,963,963,590,5,20.06,38.21,1011.66,13.23"
13:14:33,PMS7003 checksum failed
13:14:34,"109,961,961,589,5,20.07,38.22,1011.67,13.14"
13:14:37,"108,957,957,589,5,20.06,38.22,1011.68,13.11"
13:14:39,"108,957,957,589,5,20.06,38.22,1011.68,13.06"
13:14:41,"105,942,942,589,5,20.07,38.24,1011.68,13.06"
13:14:43,"105,945,945,589,5,20.07,38.22,1011.68,13.11"
13:14:45,"105,948,948,589,5,20.06,38.25,1011.68,13.14"
13:14:46,PMS7003 checksum failed
13:14:48,"105,951,951,589,5,20.07,38.20,1011.68,13.09"
13:14:50,"105,951,951,589,5,20.07,38.18,1011.69,13.01"
13:14:52,"105,951,951,589,5,20.07,38.19,1011.71,12.85"
13:14:54,"105,951,951,589,5,20.07,38.18,1011.68,13.05"
13:14:57,"106,955,955,589,5,20.06,38.18,1011.70,12.92"
13:14:59,"109,960,960,589,5,20.06,38.18,1011.66,13.26"
13:15:01,"109,960,960,589,5,20.07,38.18,1011.68,13.05"
13:15:03,"109,960,960,589,5,20.07,38.19,1011.66,13.25"
13:15:05,"108,961,961,589,5,20.07,38.20,1011.71,12.82"
13:15:08,"108,961,961,589,5,20.07,38.20,1011.69,12.99"
13:15:10,"106,972,972,589,5,20.07,38.21,1011.71,12.80"
13:15:12,"106,973,973,589,5,20.07,38.19,1011.69,13.01"
13:15:14,"106,973,973,589,5,20.06,38.19,1011.69,13.04"
13:15:16,"106,975,975,589,5,20.05,38.20,1011.65,13.31"
13:15:19,"106,973,973,589,5,20.06,38.22,1011.66,13.22"
13:15:21,"106,973,973,589,5,20.06,38.21,1011.67,13.14"
13:15:22,PMS7003 checksum failed
13:15:23,"109,987,987,589,5,20.06,38.22,1011.67,13.19"
13:15:25,"109,993,993,589,5,20.05,38.22,1011.66,13.21"
13:15:28,"108,988,988,589,5,20.06,38.20,1011.66,13.26"
13:15:30,"108,988,988,588,5,20.05,38.19,1011.66,13.25"
13:15:32,"105,973,973,588,5,20.05,38.19,1011.66,13.28"
13:15:34,"105,975,975,588,5,20.06,38.20,1011.66,13.26"
13:15:36,"105,975,975,588,5,20.05,38.22,1011.66,13.25"
13:15:39,"105,975,975,588,5,20.05,38.22,1011.64,13.41"
13:15:41,"105,975,975,588,5,20.05,38.23,1011.65,13.31"
13:15:43,"105,975,975,588,5,20.05,38.23,1011.64,13.37"
13:15:45,"105,975,975,587,5,20.05,38.25,1011.66,13.22"
13:15:48,"105,957,957,587,5,20.05,38.26,1011.63,13.48"
13:15:50,"106,957,957,587,5,20.05,38.25,1011.64,13.38"
13:15:52,"106,957,957,587,5,20.05,38.23,1011.66,13.22"
13:15:54,"108,963,963,587,5,20.05,38.25,1011.67,13.15"
13:15:56,"108,957,957,587,5,20.05,38.23,1011.67,13.20"
13:15:59,"108,957,957,587,5,20.05,38.25,1011.68,13.10"
13:16:01,"108,957,957,586,5,20.05,38.23,1011.68,13.07"
13:16:03,"108,955,955,587,5,20.05,38.23,1011.65,13.36"
13:16:05,"108,955,955,586,5,20.04,38.23,1011.66,13.28"
13:16:07,"106,937,937,586,5,20.04,38.22,1011.64,13.39"
13:16:10,"106,937,937,586,5,20.04,38.21,1011.65,13.31"
13:16:12,"106,934,934,586,5,20.04,38.22,1011.63,13.47"
13:16:14,"106,931,931,586,5,20.04,38.22,1011.67,13.14"
13:16:16,"105,930,930,585,5,20.05,38.23,1011.67,13.18"
13:16:19,"105,930,930,585,5,20.05,38.22,1011.67,13.17"
13:16:21,"105,939,939,585,5,20.05,38.23,1011.68,13.10"
13:16:23,"105,936,936,584,5,20.04,38.22,1011.68,13.09"
13:16:25,"105,930,930,585,5,20.04,38.23,1011.67,13.18"
13:16:27,"105,930,930,585,5,20.04,38.23,1011.64,13.41"
13:16:30,"105,924,924,584,5,20.05,38.23,1011.67,13.19"
13:16:32,"105,927,927,584,5,20.05,38.23,1011.68,13.06"
13:16:34,"103,930,930,584,5,20.05,38.22,1011.69,12.98"
13:16:35,PMS7003 checksum failed
13:16:36,"102,922,922,584,5,20.05,38.22,1011.66,13.26"
13:16:39,"100,903,903,584,5,20.05,38.23,1011.70,12.94"
13:16:41,"102,901,901,583,5,20.06,38.21,1011.70,12.89"
13:16:43,"102,901,901,583,5,20.05,38.22,1011.68,13.11"
13:16:45,"102,903,903,583,5,20.05,38.20,1011.68,13.11"
13:16:47,"102,906,906,583,5,20.06,38.21,1011.68,13.06"
13:16:50,"102,906,906,582,5,20.07,38.21,1011.69,12.98"
13:16:52,"102,906,906,582,5,20.05,38.22,1011.67,13.15"
13:16:54,"102,907,907,582,5,20.05,38.21,1011.66,13.29"
13:16:56,"102,909,909,581,5,20.06,38.20,1011.69,13.01"
13:16:58,"102,909,909,581,5,20.05,38.23,1011.68,13.10"
13:17:01,"105,925,925,581,5,20.06,38.22,1011.67,13.16"
13:17:03,"105,928,928,580,5,20.05,38.23,1011.68,13.10"
13:17:05,"105,928,928,581,5,20.05,38.23,1011.67,13.20"
13:17:07,"106,927,927,581,5,20.05,38.23,1011.69,12.96"
13:17:10,"106,927,927,580,5,20.06,38.22,1011.69,13.04"
13:17:12,"108,933,933,580,5,20.05,38.23,1011.67,13.18"
13:17:14,"106,921,921,580,5,20.05,38.23,1011.68,13.08"
13:17:16,"105,918,918,580,5,20.05,38.25,1011.69,13.02"
13:17:18,"105,916,916,580,5,20.05,38.25,1011.69,13.03"
13:17:21,"105,916,916,580,5,20.04,38.25,1011.68,13.08"
13:17:23,"105,924,924,579,5,20.05,38.26,1011.69,13.03"
13:17:25,"105,930,930,579,5,20.05,38.26,1011.69,12.99"
13:17:27,"105,930,930,579,5,20.04,38.26,1011.70,12.94"
13:17:29,"105,928,928,579,5,20.05,38.23,1011.68,13.05"
13:17:32,"105,922,922,579,5,20.05,38.25,1011.67,13.15"
13:17:34,"105,922,922,579,5,20.04,38.25,1011.67,13.16"
13:17:36,"102,883,883,579,5,20.04,38.25,1011.68,13.10"
13:17:38,"102,882,882,579,5,20.05,38.27,1011.70,13.26"
13:17:41,"102,879,879,579,5,20.05,38.22,1011.67,13.20"
13:17:43,"102,879,879,579,5,20.05,38.22,1011.70,12.91"
13:17:45,"102,876,876,579,5,20.05,38.21,1011.68,13.10"
13:17:47,"102,873,873,578,5,20.06,38.22,1011.69,12.97"
13:17:49,"105,901,901,579,5,20.06,38.23,1011.68,13.04"
13:17:52,"105,901,901,579,5,20.06,38.25,1011.68,13.05"
13:17:54,"105,906,906,579,5,20.05,38.25,1011.69,12.96"
13:17:56,"105,907,907,579,5,20.05,38.25,1011.70,12.88"
13:17:58,"105,907,907,579,5,20.06,38.26,1011.68,13.10"
13:18:01,"106,906,906,579,5,20.05,38.23,1011.67,13.19"
13:18:03,"106,909,909,579,5,20.06,38.25,1011.69,13.01"
13:18:05,"106,913,913,579,5,20.06,38.23,1011.67,13.13"
13:18:06,PMS7003 checksum failed
13:18:07,"105,912,912,579,5,20.06,38.23,1011.68,13.05"
13:18:09,"105,906,906,579,5,20.06,38.23,1011.71,12.84"
13:18:12,"106,912,912,579,5,20.06,38.23,1011.70,12.90"
13:18:14,"106,912,912,580,5,20.06,38.26,1011.69,12.98"
13:18:16,"106,912,912,580,5,20.06,38.28,1011.71,12.82"
13:18:18,"106,912,912,579,5,20.07,38.26,1011.71,12.86"
13:18:20,"105,912,912,580,5,20.07,38.25,1011.70,12.94"
13:18:23,"105,912,912,580,5,20.07,38.23,1011.70,12.90"
13:18:25,"105,915,915,580,5,20.06,38.23,1011.68,13.11"
13:18:27,"105,915,915,580,5,20.06,38.23,1011.69,12.97"
13:18:29,"105,915,915,580,5,20.06,38.23,1011.69,12.99"
13:18:32,"106,933,933,580,5,20.06,38.26,1011.73,12.70"
13:18:34,"108,939,939,580,5,20.06,38.25,1011.72,12.75"
13:18:36,"108,939,939,581,5,20.06,38.27,1011.71,12.79"
13:18:38,"108,936,936,581,5,20.07,38.26,1011.72,12.78"
13:18:40,"108,933,933,581,5,20.07,38.26,1011.73,12.65"
13:18:43,"106,927,927,581,5,20.07,38.26,1011.71,12.81"
13:18:45,"106,931,931,581,5,20.06,38.29,1011.73,12.67"
13:18:47,"105,930,930,581,5,20.06,38.28,1011.70,12.88"
13:18:49,"105,925,925,582,5,20.07,38.28,1011.74,12.55"
13:18:52,"105,925,925,582,5,20.07,38.27,1011.73,12.69"
13:18:54,"105,925,925,581,5,20.06,38.27,1011.71,12.80"
13:18:56,"103,937,937,582,5,20.07,38.28,1011.76,12.44"
13:18:58,"103,937,937,582,5,20.07,38.27,1011.72,12.72"
13:19:00,"103,939,939,582,5,20.06,38.32,1011.74,12.56"
13:19:03,"103,942,942,582,5,20.06,38.28,1011.74,12.62"
13:19:05,"103,942,942,582,5,20.06,38.26,1011.75,12.49"
13:19:07,"102,924,924,583,5,20.06,38.28,1011.72,12.76"
13:19:09,"102,922,922,583,5,20.06,38.27,1011.74,12.56"
13:19:11,"102,924,924,583,5,20.06,38.27,1011.73,12.65"
13:19:14,"102,924,924,583,5,20.07,38.29,1011.73,12.70"
13:19:16,"102,927,927,583,5,20.07,38.28,1011.73,12.69"
13:19:18,"102,930,930,583,5,20.07,38.29,1011.74,12.59"
13:19:20,"102,954,954,584,5,20.07,38.28,1011.75,12.48"
13:19:23,"103,969,969,584,5,20.07,38.29,1011.73,12.63"
13:19:25,"103,975,975,584,5,20.06,38.30,1011.73,12.65"
13:19:27,"105,978,978,584,5,20.06,38.29,1011.73,12.65"
13:19:29,"105,978,978,584,5,20.07,38.30,1011.74,12.59"
13:19:31,"105,952,952,584,5,20.07,38.30,1011.72,12.71"
13:19:34,"105,951,951,584,5,20.07,38.30,1011.77,12.35"
13:19:36,"105,954,954,584,5,20.07,38.32,1011.71,12.81"
13:19:38,"105,954,954,584,5,20.07,38.30,1011.76,12.44"
13:19:40,"105,969,969,584,5,20.06,38.30,1011.71,12.83"
13:19:42,"105,966,966,584,5,20.07,38.30,1011.77,12.33"
13:19:45,"108,966,966,584,5,20.07,38.29,1011.74,12.60"
13:19:47,"108,966,966,584,5,20.07,38.29,1011.77,12.29"
13:19:49,"108,967,967,584,5,20.07,38.29,1011.72,12.78"
13:19:51,"108,969,969,584,5,20.08,38.27,1011.77,12.31"
13:19:54,"108,955,955,584,5,20.08,38.28,1011.77,12.37"
13:19:56,"106,951,951,584,5,20.08,38.28,1011.75,12.50"
13:19:58,"105,948,948,584,5,20.08,38.33,1011.77,12.29"
13:20:00,"105,948,948,584,5,20.08,38.27,1011.75,12.53"
13:20:02,"105,948,948,585,5,20.08,38.28,1011.77,12.30"
13:20:05,"105,948,948,585,5,20.08,38.29,1011.74,12.60"
13:20:07,"105,948,948,585,5,20.08,38.29,1011.74,12.60"
13:20:09,"103,972,972,585,5,20.08,38.29,1011.76,12.43"
13:20:11,"103,969,969,585,5,20.08,38.29,1011.78,12.21"
13:20:13,"102,970,970,585,5,20.08,38.30,1011.75,12.48"
13:20:16,"102,970,970,585,5,20.07,38.29,1011.78,12.23"
13:20:18,"102,970,970,585,5,20.07,38.29,1011.76,12.45"
13:20:20,"102,973,973,585,5,20.07,38.30,1011.72,12.76"
13:20:22,"102,973,973,585,5,20.07,38.30,1011.75,12.50"
13:20:25,"102,937,937,585,5,20.07,38.32,1011.74,12.58"
13:20:27,"102,933,933,585,5,20.07,38.30,1011.76,12.38"
13:20:29,"102,927,927,586,5,20.08,38.30,1011.80,12.04"
13:20:30,PMS7003 checksum failed
13:20:31,"99,918,918,586,5,20.07,38.30,1011.77,12.31"
13:20:33,"99,915,915,586,5,20.08,38.30,1011.78,12.25"
13:20:36,"99,916,916,586,5,20.07,38.32,1011.77,12.30"
13:20:38,"99,921,921,586,5,20.08,38.32,1011.80,12.08"
13:20:40,"99,921,921,586,5,20.07,38.32,1011.75,12.47"
13:20:42,"99,924,924,586,5,20.07,38.30,1011.75,12.50"
13:20:45,"99,928,928,587,5,20.08,38.30,1011.77,12.32"
13:20:47,"100,940,940,587,5,20.08,38.29,1011.75,12.50"
13:20:49,"100,940,940,587,5,20.08,38.29,1011.78,12.22"
13:20:51,"99,930,930,588,5,20.08,38.29,1011.78,12.24"
13:20:53,"99,928,928,587,5,20.08,38.29,1011.77,12.32"
13:20:56,"100,927,928,588,5,20.08,38.28,1011.76,12.43"
13:20:58,"100,927,928,587,5,20.09,38.29,1011.77,12.29"
13:21:00,"102,933,933,588,5,20.09,38.29,1011.77,12.31"
13:21:02,"102,930,930,587,5,20.09,38.31,1011.75,12.52"
13:21:04,"102,927,927,588,5,20.09,38.29,1011.76,12.42"
13:21:06,PMS7003 checksum failed
13:21:07,"100,924,924,588,5,20.09,38.31,1011.76,12.39"
13:21:09,"102,925,925,588,5,20.09,38.27,1011.76,12.43"
13:21:11,"106,931,931,588,5,20.09,38.27,1011.78,12.28"
13:21:13,"106,931,931,588,5,20.09,38.28,1011.76,12.37"
13:21:16,"106,936,936,589,5,20.09,38.28,1011.76,12.45"
13:21:18,"106,939,939,589,5,20.09,38.32,1011.75,12.50"
13:21:20,"108,954,954,588,5,20.09,38.31,1011.80,12.05"
13:21:22,"108,954,954,589,5,20.10,38.31,1011.79,12.14"
13:21:24,"108,960,960,589,5,20.09,38.31,1011.73,12.67"
13:21:27,"108,958,958,589,5,20.09,38.28,1011.75,12.52"
13:21:29,"108,958,958,589,5,20.09,38.29,1011.79,12.13"
13:21:31,"105,943,943,589,5,20.08,38.28,1011.80,12.09"
13:21:33,"105,924,924,589,5,20.09,38.25,1011.82,11.94"
13:21:36,"105,924,924,589,5,20.10,38.26,1011.80,12.06"
13:21:38,"105,921,921,589,5,20.10,38.30,1011.79,12.16"
13:21:40,"105,921,921,589,5,20.09,38.27,1011.78,12.26"
13:21:42,"105,927,927,589,5,20.09,38.28,1011.78,12.22"
13:21:44,"106,934,934,589,5,20.10,38.30,1011.77,12.33"
13:21:47,"108,936,936,589,5,20.09,38.30,1011.78,12.23"
13:21:49,"108,939,939,589,5,20.10,38.30,1011.80,12.11"
13:21:51,"108,939,939,589,5,20.09,38.27,1011.77,12.34"
13:21:53,"109,942,942,590,5,20.09,38.28,1011.74,12.57"
13:21:55,"108,930,930,590,5,20.10,38.28,1011.79,12.19"
13:21:58,"108,930,930,590,5,20.09,38.27,1011.78,12.24"
13:22:00,"108,928,928,590,5,20.09,38.28,1011.75,12.53"
13:22:02,"108,927,927,590,5,20.10,38.27,1011.76,12.37"
13:22:04,"108,927,927,590,5,20.09,38.28,1011.79,12.18"
13:22:07,"108,937,937,590,5,20.10,38.27,1011.78,12.16"
13:22:09,"109,939,939,590,5,20.10,38.27,1011.78,12.23"
13:22:11,"109,939,939,590,5,20.09,38.27,1011.78,12.23"
13:22:13,"109,939,939,590,5,20.10,38.30,1011.79,12.13"
13:22:15,"109,939,939,590,5,20.11,38.28,1011.79,12.17"
13:22:18,"109,939,939,590,5,20.10,38.26,1011.80,12.09"
13:22:20,"109,949,949,591,5,20.10,38.28,1011.79,12.17"
13:22:22,"108,934,934,590,5,20.10,38.27,1011.78,12.27"
13:22:24,"108,931,931,590,5,20.09,38.28,1011.79,12.15"
13:22:26,"108,930,930,590,5,20.10,38.28,1011.78,12.23"
13:22:29,"108,930,930,590,5,20.08,38.30,1011.74,12.60"
13:22:31,"108,933,934,590,5,20.09,38.29,1011.76,12.39"
13:22:33,"108,930,930,590,5,20.09,38.31,1011.76,12.41"
13:22:35,"108,925,927,590,5,20.09,38.31,1011.78,12.22"
13:22:38,"108,925,927,590,5,20.09,38.32,1011.81,11.97"
13:22:40,"106,915,915,590,5,20.09,38.33,1011.80,12.09"
13:22:42,"108,909,909,590,5,20.09,38.32,1011.77,12.34"
13:22:44,"111,906,907,590,5,20.09,38.32,1011.75,12.53"
13:22:46,"111,906,907,590,5,20.09,38.32,1011.74,12.59"
13:22:49,"111,904,906,590,5,20.09,38.32,1011.75,12.48"
13:22:51,"111,906,907,590,5,20.09,38.29,1011.79,12.12"
13:22:53,"114,919,921,590,5,20.09,38.31,1011.79,12.12"
13:22:55,"114,918,919,590,5,20.09,38.32,1011.77,12.32"
13:22:58,"114,919,921,591,5,20.10,38.32,1011.79,12.20"
13:23:00,"114,919,921,591,5,20.09,38.32,1011.77,12.35"
13:23:02,"114,922,924,591,5,20.10,38.33,1011.77,12.34"
13:23:04,"114,919,919,591,5,20.10,38.32,1011.77,12.35"
13:23:06,"114,919,919,591,5,20.10,38.32,1011.81,12.07"
13:23:09,"109,906,906,591,5,20.09,38.32,1011.79,12.18"
13:23:11,"111,906,906,591,5,20.09,38.33,1011.78,12.26"
13:23:13,"111,906,906,591,5,20.10,38.34,1011.81,12.01"
13:23:14,PMS7003 checksum failed
13:23:15,"109,892,892,591,5,20.09,38.33,1011.79,12.19"
13:23:17,"109,888,888,591,5,20.09,38.33,1011.78,12.23"
13:23:20,"109,888,888,591,5,20.09,38.35,1011.78,12.25"
13:23:22,"108,885,885,592,5,20.09,38.33,1011.80,12.12"
13:23:24,"108,888,888,592,5,20.10,38.34,1011.77,12.29"
13:23:26,"108,886,886,592,5,20.11,38.34,1011.78,12.23"
13:23:27,PMS7003 checksum failed
13:23:29,"106,880,880,592,5,20.11,38.33,1011.78,12.27"
13:23:31,"106,879,879,592,5,20.10,38.32,1011.80,12.11"
13:23:33,"108,879,879,592,5,20.11,38.31,1011.79,12.17"
13:23:35,"108,879,879,592,5,20.11,38.31,1011.78,12.28"
13:23:37,"108,880,880,592,5,20.11,38.32,1011.78,12.26"
13:23:40,"108,879,879,592,5,20.11,38.30,1011.79,12.14"
13:23:42,"108,879,879,591,5,20.11,38.29,1011.75,12.48"
13:23:44,"108,879,879,591,5,20.12,38.27,1011.78,12.25"
13:23:46,"108,879,879,592,5,20.12,38.29,1011.77,12.36"
13:23:49,"108,879,879,592,5,20.12,38.30,1011.78,12.23"
13:23:51,"108,877,877,592,5,20.11,38.31,1011.77,12.37"
13:23:53,"108,876,876,592,5,20.11,38.32,1011.75,12.52"
13:23:55,"108,876,876,592,5,20.11,38.32,1011.76,12.45"
13:23:57,"108,876,876,592,5,20.12,38.32,1011.77,12.34"
13:24:00,"108,873,873,592,5,20.11,38.32,1011.75,12.53"
13:24:02,"108,873,873,591,5,20.11,38.31,1011.76,12.43"
13:24:03,PMS7003 checksum failed
13:24:04,"114,897,897,592,5,20.11,38.33,1011.79,12.19"
13:24:06,"114,897,897,592,5,20.12,38.32,1011.79,12.20"
13:24:09,"114,894,894,592,5,20.11,38.31,1011.76,12.45"
13:24:11,"114,894,894,592,5,20.11,38.32,1011.77,12.34"
13:24:13,"114,900,900,592,5,20.10,38.33,1011.77,12.32"
13:24:15,"114,900,900,592,5,20.11,38.34,1011.78,12.24"
13:24:17,"114,901,901,592,5,20.11,38.33,1011.78,12.21"
13:24:20,"114,901,901,592,5,20.11,38.34,1011.80,12.11"
13:24:22,"114,903,903,592,5,20.11,38.32,1011.78,12.21"
13:24:24,"114,906,906,592,5,20.11,38.33,1011.77,12.31"
13:24:26,"114,906,906,592,5,20.11,38.33,1011.76,12.38"
13:24:28,"114,910,910,592,5,20.11,38.30,1011.78,12.46"
13:24:31,"115,910,910,593,5,20.11,38.28,1011.76,12.38"
13:24:33,"115,910,910,592,5,20.11,38.27,1011.75,12.49"
13:24:35,"120,928,928,593,5,20.11,38.25,1011.77,12.36"
13:24:37,"123,936,936,593,5,20.11,38.26,1011.81,12.03"
13:24:38,PMS7003 checksum failed
13:24:40,"123,940,940,592,5,20.11,38.26,1011.77,12.31"
13:24:42,"121,936,936,593,5,20.11,38.25,1011.77,12.29"
13:24:44,"121,936,936,592,5,20.11,38.25,1011.76,12.39"
13:24:46,"123,924,924,592,5,20.11,38.26,1011.77,12.36"
13:24:48,"123,924,924,592,5,20.11,38.27,1011.76,12.38"
13:24:51,"123,921,921,592,5,20.11,38.27,1011.75,12.50"
13:24:53,"123,918,918,592,5,20.12,38.26,1011.78,12.26"
13:24:55,"123,918,918,592,5,20.11,38.27,1011.76,12.45"
13:24:57,"123,916,916,592,5,20.11,38.29,1011.75,12.52"
13:25:00,"123,916,916,592,5,20.12,38.29,1011.77,12.32"
13:25:02,"123,916,916,592,5,20.12,38.26,1011.73,12.68"
13:25:04,"123,921,921,592,5,20.11,38.27,1011.74,12.59"
13:25:06,"23,921,921,592,5,20.12,38.27,1011.73,12.64"
13:25:08,"123,921,921,592,5,20.12,38.27,1011.74,12.61"
13:25:11,"123,924,924,592,5,20.12,38.27,1011.76,12.41"
13:25:13,"130,949,949,592,5,20.12,38.28,1011.77,12.37"
13:25:14,PMS7003 checksum failed
13:25:15,"135,973,973,592,5,20.12,38.31,1011.74,12.62"
13:25:17,"135,972,972,592,5,20.11,38.31,1011.73,12.70"
13:25:20,"135,972,972,593,5,20.11,38.33,1011.74,12.58"
13:25:22,"136,978,978,593,5,20.12,38.33,1011.74,12.55"
13:25:24,"136,978,978,593,5,20.11,38.32,1011.75,12.48"
13:25:26,"138,981,981,593,5,20.11,38.33,1011.74,12.59"
13:25:28,"138,984,984,593,5,20.11,38.32,1011.78,12.25"
13:25:31,"138,984,984,593,5,20.11,38.33,1011.72,12.74"
13:25:33,"138,984,984,593,5,20.11,38.33,1011.74,12.57"
13:25:35,"138,985,985,593,5,20.11,38.33,1011.75,12.46"
13:25:37,"138,985,985,594,5,20.11,38.32,1011.72,12.71"
13:25:39,"144,1002,1002,594,5,20.11,38.32,1011.72,12.73"
13:25:42,"145,1000,1000,594,5,20.11,38.34,1011.71,12.81"
13:25:44,"145,1000,1000,593,5,20.11,38.34,1011.71,12.80"
13:25:46,"150,993,993,593,5,20.11,38.35,1011.74,12.55"
13:25:48,"147,970,970,594,5,20.10,38.35,1011.72,12.73"
13:25:49,PMS7003 checksum failed
13:25:51,"148,973,973,594,5,20.11,38.35,1011.74,12.58"
13:25:53,"148,973,973,594,5,20.10,38.35,1011.71,12.79"
13:25:55,"148,973,973,594,5,20.11,38.35,1011.72,12.74"
13:25:57,"151,990,990,594,5,20.11,38.34,1011.72,12.78"
13:25:59,"151,990,990,594,5,20.10,38.35,1011.71,12.80"
13:26:02,"153,996,996,594,5,20.11,38.34,1011.71,12.85"
13:26:04,"156,1002,1002,594,5,20.12,38.33,1011.75,12.48"
13:26:06,"156,1002,1002,594,5,20.11,38.31,1011.73,12.64"
13:26:08,"156,1009,1009,594,5,20.11,38.33,1011.75,12.52"
13:26:11,"159,1017,1017,594,5,20.12,38.33,1011.73,12.69"
13:26:13,"159,1017,1017,594,5,20.12,38.33,1011.74,12.60"
13:26:15,"165,1039,1039,594,5,20.11,38.34,1011.72,12.73"
13:26:17,"163,1033,1033,594,5,20.12,38.33,1011.72,12.70"
13:26:19,"163,1033,1033,594,5,20.12,38.33,1011.73,12.64"
13:26:22,"160,1020,1020,593,5,20.12,38.34,1011.71,12.79"
13:26:24,"162,1020,1020,593,5,20.11,38.33,1011.73,12.68"
13:26:26,"162,1020,1020,593,5,20.11,38.34,1011.72,12.78"
13:26:28,"172,1041,1041,594,5,20.11,38.34,1011.74,12.60"
13:26:30,"174,1042,1042,594,5,20.11,38.34,1011.71,12.81"
13:26:33,"177,1047,1047,594,5,20.12,38.32,1011.71,12.83"
13:26:35,"180,1051,1051,594,5,20.11,38.34,1011.74,12.54"
13:26:37,"180,1051,1051,594,5,20.11,38.33,1011.73,12.70"
13:26:39,"180,1047,1047,593,5,20.12,38.33,1011.73,12.69"
13:26:42,"178,1044,1044,593,5,20.12,38.31,1011.73,12.65"
13:26:44,"174,1021,1021,593,5,20.11,38.32,1011.71,12.84"
13:26:46,"174,1021,1021,593,5,20.11,38.32,1011.69,12.97"
13:26:48,"171,1014,1014,593,5,20.11,38.33,1011.70,12.88"
13:26:50,"171,1012,1012,593,5,20.11,38.32,1011.72,12.76"
13:26:53,"171,1014,1014,593,5,20.11,38.33,1011.73,12.63"
13:26:55,"171,1014,1014,593,5,20.11,38.34,1011.75,12.48"
13:26:57,"171,1017,1017,593,5,20.10,38.34,1011.72,12.71"
13:26:59,"172,1021,1021,593,5,20.11,38.34,1011.71,12.84"
13:27:01,"174,1026,1026,593,5,20.11,38.34,1011.73,12.66"
13:27:03,PMS7003 checksum failed
13:27:04,"175,1045,1045,593,5,20.11,38.35,1011.72,12.72"
13:27:06,"172,1027,1027,593,5,20.11,38.34,1011.76,12.41"
13:27:08,"174,1026,1026,593,5,20.11,38.34,1011.73,12.70"
13:27:10,"174,1026,1026,593,5,20.11,38.36,1011.71,12.81"
13:27:13,"174,1029,1029,593,5,20.10,38.31,1011.70,12.89"
13:27:15,"174,1032,1032,593,5,20.11,38.34,1011.71,12.82"
13:27:17,"171,1024,1024,593,5,20.11,38.34,1011.73,12.64"
13:27:19,"171,1024,1024,593,5,20.11,38.37,1011.71,12.81"
13:27:21,"171,1020,1020,593,5,20.11,38.34,1011.72,12.75"
13:27:24,"171,1018,1018,593,5,20.12,38.36,1011.74,12.55"
13:27:26,"171,1018,1018,593,5,20.11,38.34,1011.74,12.56"
13:27:28,"169,1017,1017,593,5,20.10,38.35,1011.72,12.73"
13:27:30,"171,1017,1018,592,5,20.11,38.35,1011.75,12.53"
13:27:33,",1017,1018,592,5,20.11,38.38,1011.71,12.87"
13:27:35,"171,1017,1020,592,5,20.11,38.36,1011.72,12.79"
13:27:37,"171,1017,1020,593,5,20.11,38.34,1011.72,12.75"
13:27:39,"177,1044,1047,592,5,20.11,38.36,1011.70,12.88"
13:27:41,"177,1053,1053,593,5,20.11,38.33,1011.71,12.86"
13:27:44,"051,1053,593,5,20.12,38.34,1011.72,12.78"
13:27:46,"175,1041,1042,593,5,20.11,38.32,1011.73,12.69"
13:27:48,"175,1041,1042,593,5,20.11,38.31,1011.72,12.79"
13:27:50,"169,1017,1017,593,5,20.12,38.31,1011.68,13.12"
13:27:52,"168,1014,1014,592,5,20.12,38.30,1011.70,12.90"
13:27:55,"168,1014,1014,593,5,20.12,38.30,1011.70,12.87"
13:27:57,"166,1011,1011,593,5,20.12,38.27,1011.69,12.79"
13:27:59,"165,1011,1011,592,5,20.11,38.31,1011.71,12.80"
13:28:01,"165,1011,1011,592,5,20.12,38.32,1011.69,12.99"
13:28:04,"165,1023,1023,592,5,20.12,38.31,1011.71,12.83"
13:28:06,"166,1027,1027,592,5,20.12,38.31,1011.71,12.82"
13:28:08,"168,1029,1029,592,5,20.11,38.31,1011.71,12.82"
13:28:10,"168,1029,1029,593,5,20.12,38.30,1011.70,12.91"
13:28:12,"168,1032,1032,593,5,20.12,38.31,1011.69,13.03"
13:28:15,"169,1038,1038,593,5,20.12,38.31,1011.70,12.89"
13:28:17,"174,1059,1059,593,5,20.12,38.31,1011.68,13.07"
13:28:19,"180,1086,1086,593,5,20.12,38.30,1011.70,12.95"
13:28:21,"180,1089,1089,593,5,20.13,38.30,1011.73,12.70"
13:28:23,"181,1093,1093,593,5,20.12,38.30,1011.70,12.89"
13:28:26,"183,1098,1098,593,5,20.12,38.29,1011.71,12.85"
13:28:28,"175,1059,1059,593,5,20.12,38.30,1011.70,12.89"
13:28:30,"175,1056,1056,593,5,20.13,38.31,1011.70,12.95"
13:28:32,"175,1053,1053,593,5,20.12,38.31,1011.73,12.69"
13:28:35,"175,1053,1053,593,5,20.12,38.33,1011.70,12.89"
13:28:37,"175,1053,1053,593,5,20.11,38.34,1011.70,12.91"
13:28:39,"180,1065,1065,593,5,20.11,38.35,1011.72,12.76"
13:28:41,"183,1075,1075,593,5,20.11,38.33,1011.74,12.64"
13:28:43,"183,1075,1075,593,5,20.11,38.32,1011.69,13.01"
13:28:46,"184,1077,1077,593,5,20.11,38.34,1011.70,12.90"
13:28:48,"184,1080,1080,594,5,20.10,38.35,1011.73,12.66"
13:28:50,"172,1038,1038,594,5,20.11,38.34,1011.71,12.80"
13:28:52,"171,1030,1030,594,5,20.11,38.35,1011.74,12.57"
13:28:55,"169,1023,1023,594,5,20.09,38.38,1011.73,12.66"
13:28:57,"169,1023,1023,594,5,20.10,38.39,1011.70,12.90"
13:28:59,"168,1021,1021,594,5,20.10,38.38,1011.72,12.75"
13:29:01,"168,1023,1023,594,5,20.09,38.39,1011.72,12.78"
13:29:03,"168,1023,1023,594,5,20.10,38.38,1011.73,12.69"
13:29:06,"168,1026,1026,595,5,20.09,38.38,1011.72,12.77"
13:29:08,"166,1027,1027,594,5,20.09,38.37,1011.68,13.05"
13:29:10,"166,1026,1026,595,5,20.10,38.37,1011.72,12.75"
13:29:11,PMS7003 checksum failed
13:29:12,"165,1029,1029,595,5,20.10,38.35,1011.73,12.68"
13:29:15,"165,1027,1027,594,5,20.09,38.35,1011.69,13.01"
13:29:17,"165,1027,1027,594,5,20.10,38.38,1011.74,12.59"
13:29:19,"156,1011,1011,595,5,20.10,38.35,1011.74,12.61"
13:29:21,"154,1009,1009,594,5,20.10,38.37,1011.73,12.66"
13:29:23,"153,1011,1011,595,5,20.10,38.37,1011.75,12.50"
13:29:26,"150,1011,1011,595,5,20.10,38.37,1011.73,12.66"
13:29:28,"150,1011,1011,595,5,20.10,38.38,1011.74,12.61"
13:29:30,"150,1011,1011,595,5,20.10,38.38,1011.72,12.73"
13:29:32,"150,1011,1011,595,5,20.10,38.41,1011.71,12.87"
13:29:34,"150,1011,1011,595,5,20.10,38.39,1011.70,12.90"
13:29:37,"151,1020,1020,595,5,20.10,38.39,1011.70,12.95"
13:29:39,"156,1033,1033,595,5,20.10,38.39,1011.73,12.69"
13:29:41,"156,1033,1033,595,5,20.11,38.38,1011.74,12.62"
13:29:43,"157,1038,1038,596,5,20.11,38.37,1011.72,12.77"
13:29:46,"157,1036,1036,595,5,20.11,38.38,1011.71,12.86"
13:29:47,PMS7003 checksum failed
13:29:48,"159,1050,1050,596,5,20.11,38.37,1011.72,12.75"
13:29:50,"159,1050,1050,595,5,20.11,38.36,1011.73,12.70"
13:29:52,"159,1050,1050,595,5,20.11,38.35,1011.72,12.74"
13:29:54,"160,1054,1054,595,5,20.11,38.35,1011.74,12.79"
13:29:57,"159,1045,1045,595,5,20.11,38.37,1011.72,12.77"
13:29:59,"151,1023,1023,595,5,20.11,38.36,1011.73,12.63"
13:30:00,PMS7003 checksum failed
13:30:01,"145,1015,1015,595,5,20.11,38.38,1011.72,12.71"
13:30:03,"145,1014,1014,595,5,20.12,38.38,1011.73,12.65"
13:30:06,"144,1014,1014,595,5,20.12,38.36,1011.74,12.62"
13:30:08,"144,1014,1014,595,5,20.11,38.36,1011.72,12.74"
13:30:10,"142,1017,1017,595,5,20.12,38.33,1011.73,12.65"
13:30:12,"142,1020,1020,595,5,20.12,38.33,1011.72,12.72"
13:30:14,"142,1017,1017,595,5,20.12,38.34,1011.72,12.71"
13:30:17,"142,1017,1017,595,5,20.12,38.37,1011.72,12.70"
13:30:19,"142,1014,1014,595,5,20.12,38.33,1011.74,12.55"
13:30:21,"141,1009,1009,595,5,20.12,38.33,1011.76,12.42"
13:30:23,"141,1009,1009,595,5,20.11,38.32,1011.72,12.74"
13:30:25,"138,972,972,595,5,20.12,38.33,1011.74,12.58"
13:30:28,"135,963,963,595,5,20.11,38.33,1011.73,12.69"
13:30:30,"135,963,963,594,5,20.12,38.34,1011.73,12.65"
13:30:32,"133,942,942,595,5,20.11,38.33,1011.72,12.77"
13:30:34,"132,939,939,595,5,20.12,38.33,1011.72,12.75"
13:30:37,"132,939,939,595,5,20.12,38.33,1011.71,12.86"
13:30:39,"136,951,951,595,5,20.12,38.34,1011.69,12.96"
13:30:41,"135,945,945,595,5,20.12,38.34,1011.72,12.76"
13:30:43,"135,945,945,595,5,20.12,38.33,1011.71,12.82"
13:30:45,"136,931,931,595,5,20.12,38.34,1011.70,12.92"
13:30:48,"136,931,931,595,5,20.12,38.32,1011.70,12.92"
13:30:50,"135,922,922,595,5,20.13,38.32,1011.70,12.88"
13:30:52,"133,915,915,595,5,20.12,38.31,1011.70,12.92"
13:30:54,"129,900,900,595,5,20.13,38.30,1011.72,12.78"
13:30:57,"129,900,900,595,5,20.13,38.29,1011.72,12.74"
13:30:59,"127,898,898,595,5,20.13,38.28,1011.72,12.78"
13:31:01,"126,897,897,595,5,20.13,38.26,1011.72,12.76"
13:31:03,"126,895,895,595,5,20.13,38.25,1011.70,12.93"
13:31:05,"126,895,895,595,5,20.12,38.29,1011.74,12.58"
13:31:08,"129,903,903,595,5,20.12,38.29,1011.70,12.87"
13:31:10,"129,903,903,595,5,20.13,38.31,1011.72,12.73"
13:31:12,"129,901,901,595,5,20.12,38.32,1011.74,12.59"
13:31:13,PMS7003 checksum failed
13:31:14,"127,912,912,595,5,20.12,38.32,1011.73,12.67"
13:31:16,"127,924,924,595,5,20.12,38.33,1011.74,12.62"
13:31:19,"127,928,928,595,5,20.12,38.33,1011.70,12.88"
13:31:21,"127,928,928,595,5,20.12,38.33,1011.71,12.80"
13:31:23,"127,928,928,595,5,20.12,38.33,1011.76,12.40"
13:31:25,"127,930,930,595,5,20.12,38.33,1011.72,12.72"
13:31:28,"126,924,924,595,5,20.13,38.31,1011.73,12.64"
13:31:30,"126,924,924,595,5,20.13,38.30,1011.72,12.77"
13:31:32,"126,925,927,595,5,20.13,38.30,1011.73,12.70"
13:31:34,"126,930,930,595,5,20.12,38.31,1011.70,12.94"
13:31:36,"126,930,930,595,5,20.12,38.31,1011.73,12.64"
13:31:39,"129,946,948,595,5,20.12,38.31,1011.71,12.87"
13:31:41,"132,960,961,595,5,20.13,38.31,1011.74,12.56"
13:31:43,"132,960,961,595,5,20.13,38.29,1011.75,12.47"
13:31:45,"133,964,966,595,5,20.12,38.32,1011.72,12.77"
13:31:48,"133,966,967,595,5,20.12,38.31,1011.72,12.73"
13:31:50,"132,975,975,595,5,20.13,38.32,1011.71,12.79"
13:31:52,"130,963,963,596,5,20.12,38.31,1011.68,13.06"
13:31:54,"129,957,957,596,5,20.13,38.30,1011.71,12.81"
13:31:56,"129,954,954,596,5,20.13,38.31,1011.73,12.67"
13:31:59,"129,954,954,596,5,20.12,38.33,1011.70,12.87"
13:32:01,"129,942,942,596,5,20.12,38.33,1011.71,12.82"
13:32:03,"129,949,949,596,5,20.12,38.32,1011.70,12.95"
13:32:05,"129,949,949,596,5,20.12,38.33,1011.70,12.88"
13:32:07,"129,955,955,596,5,20.12,38.36,1011.72,12.76"
13:32:10,"129,960,960,596,5,20.12,38.32,1011.70,12.89"
13:32:12,"129,960,960,596,5,20.12,38.34,1011.71,12.82"
13:32:14,"132,967,967,596,5,20.10,38.34,1011.71,12.86"
13:32:16,"132,964,964,596,5,20.11,38.34,1011.71,12.80"
13:32:19,"132,960,960,596,5,20.12,38.36,1011.72,12.71"
13:32:21,"132,960,960,596,5,20.12,38.37,1011.71,12.85"
13:32:23,"132,957,957,596,5,20.11,38.34,1011.71,12.87"
13:32:25,"130,954,954,596,5,20.12,38.34,1011.70,12.89"
13:32:27,"126,942,942,596,5,20.12,38.34,1011.71,12.86"
13:32:30,"121,930,930,596,5,20.12,38.34,1011.72,12.74"
13:32:32,"121,927,927,596,5,20.12,38.33,1011.71,12.86"
13:32:34,"120,924,924,596,5,20.11,38.34,1011.70,12.93"
13:32:36,"120,924,924,596,5,20.11,38.35,1011.73,12.62"
13:32:38,"120,930,930,596,5,20.11,38.34,1011.73,12.63"
13:32:41,"120,936,936,596,5,20.12,38.34,1011.72,12.72"
13:32:43,"121,939,939,596,5,20.11,38.34,1011.71,12.86"
13:32:44,PMS7003 checksum failed
13:32:45,"124,946,946,596,5,20.11,38.34,1011.71,12.86"
13:32:47,"126,954,954,596,5,20.12,38.32,1011.71,12.82"
13:32:50,"127,951,951,596,5,20.12,38.32,1011.73,12.65"
13:32:52,"127,951,951,596,5,20.12,38.33,1011.73,12.63"
13:32:54,"127,951,951,597,5,20.11,38.32,1011.71,12.84"
13:32:56,"129,951,951,596,5,20.12,38.32,1011.67,13.19"
13:32:58,"129,948,948,596,5,20.13,38.31,1011.71,12.83"
13:33:01,"129,948,948,596,5,20.12,38.29,1011.71,12.79"
13:33:03,"129,948,948,596,5,20.12,38.30,1011.69,12.99"
13:33:05,"129,951,951,596,5,20.12,38.31,1011.71,12.86"
13:33:07,"129,951,951,596,5,20.12,38.31,1011.70,12.92"
13:33:10,"133,978,978,596,5,20.13,38.32,1011.73,12.68"
13:33:12,"136,988,988,596,5,20.13,38.32,1011.70,12.95"
13:33:14,"136,988,988,597,5,20.13,38.31,1011.73,12.67"
13:33:16,"136,990,990,597,5,20.13,38.31,1011.74,12.61"
13:33:18,"138,991,991,597,5,20.13,38.32,1011.71,12.80"
13:33:21,"135,976,976,597,5,20.13,38.33,1011.72,12.75"
13:33:23,"136,979,979,597,5,20.12,38.33,1011.71,12.82"
13:33:25,"135,978,978,597,5,20.13,38.33,1011.75,12.54"
13:33:27,"135,978,978,597,5,20.13,38.32,1011.69,13.00"
13:33:29,"135,981,981,597,5,20.13,38.32,1011.71,12.80"
13:33:32,"135,984,984,597,5,20.12,38.34,1011.69,12.96"
13:33:34,"135,976,976,597,5,20.12,38.37,1011.73,12.69"
13:33:36,"135,976,976,597,5,20.12,38.37,1011.72,12.78"
13:33:38,"133,972,972,597,5,20.12,38.37,1011.71,12.85"
13:33:41,"133,969,969,597,5,20.11,38.37,1011.72,12.71"
13:33:43,"133,969,969,597,5,20.11,38.37,1011.70,12.88"
13:33:45,"130,942,942,597,5,20.11,38.36,1011.71,12.81"
13:33:47,"130,940,940,597,5,20.12,38.36,1011.71,12.87"
13:33:49,"130,942,942,597,5,20.12,38.34,1011.68,13.08"
13:33:52,"130,942,942,597,5,20.12,38.34,1011.68,13.05"
13:33:54,"132,943,943,597,5,20.12,38.34,1011.72,12.74"
13:33:56,"132,945,945,598,5,20.12,38.33,1011.70,12.90"
13:33:58,"135,948,948,598,5,20.13,38.34,1011.71,12.79"
13:34:00,"138,957,957,598,5,20.13,38.33,1011.70,12.93"
13:34:03,"141,960,960,598,5,20.13,38.33,1011.74,12.59"
13:34:05,"141,963,963,598,5,20.13,38.32,1011.71,12.84"
13:34:07,"141,963,963,598,5,20.13,38.32,1011.72,12.78"
13:34:09,"144,969,969,598,5,20.14,38.31,1011.72,12.78"
13:34:12,"144,966,966,598,5,20.13,38.31,1011.72,12.77"
13:34:14,"142,966,966,598,5,20.14,38.32,1011.69,12.99"
13:34:16,"142,966,966,598,5,20.14,38.32,1011.73,12.66"
13:34:18,"138,951,951,598,5,20.14,38.30,1011.72,12.78"
13:34:20,"135,942,942,598,5,20.14,38.31,1011.72,12.71"
13:34:23,"132,939,939,598,5,20.13,38.31,1011.70,12.91"
13:34:25,"132,939,939,598,5,20.14,38.31,1011.70,12.90"
13:34:27,"132,940,940,598,5,20.14,38.30,1011.71,12.85"
13:34:29,"132,939,939,598,5,20.14,38.29,1011.72,12.77"
13:34:31,"127,942,942,598,5,20.14,38.31,1011.71,12.79"
13:34:34,"127,945,945,598,5,20.15,38.31,1011.73,12.66"
13:34:36,"127,949,949,598,5,20.14,38.30,1011.72,12.71"
13:34:38,"127,949,949,598,5,20.14,38.31,1011.68,13.10"
13:34:40,"127,948,948,598,5,20.15,38.30,1011.72,12.74"
13:34:43,"127,949,949,599,5,20.14,38.30,1011.70,12.95"
13:34:45,"127,949,949,599,5,20.15,38.30,1011.69,13.00"
13:34:47,"132,963,963,599,5,20.14,38.30,1011.72,12.78"
13:34:49,"132,966,966,599,5,20.13,38.30,1011.71,12.82"
13:34:51,"132,964,964,599,5,20.14,38.30,1011.72,12.74"
13:34:53,PMS7003 checksum failed
13:34:54,"135,969,969,599,5,20.14,38.31,1011.71,12.87"
13:34:56,"135,972,972,599,5,20.13,38.32,1011.70,12.90"
13:34:58,"135,972,972,599,5,20.14,38.32,1011.72,12.76"
13:35:00,"142,985,985,599,5,20.13,38.32,1011.72,12.72"
13:35:03,"142,984,984,599,5,20.13,38.32,1011.71,12.83"
13:35:05,"142,982,982,599,5,20.14,38.33,1011.74,12.56"
13:35:06,PMS7003 checksum failed
13:35:07,"144,985,985,599,5,20.14,38.32,1011.72,12.71"
13:35:09,"144,987,987,599,5,20.13,38.33,1011.72,12.76"
13:35:11,"144,987,987,599,5,20.13,38.34,1011.73,12.66"
13:35:14,"144,987,987,599,5,20.13,38.32,1011.75,12.60"
13:35:16,"142,979,979,599,5,20.14,38.34,1011.72,12.78"
13:35:18,"141,963,963,599,5,20.14,38.34,1011.70,12.95"
13:35:20,"141,963,963,599,5,20.14,38.32,1011.72,12.75"
13:35:23,"141,960,960,600,5,20.15,38.30,1011.70,12.91"
13:35:25,"139,957,957,599,5,20.14,38.30,1011.69,13.00"
13:35:27,"139,957,957,599,5,20.14,38.30,1011.73,12.68"
13:35:29,"136,952,954,599,5,20.15,38.28,1011.73,12.64"
13:35:31,"138,957,957,599,5,20.14,38.30,1011.71,12.79"
13:35:34,"138,957,957,599,5,20.14,38.30,1011.71,12.79"
13:35:36,"138,961,961,599,5,20.14,38.30,1011.72,12.73"
13:35:38,"139,966,966,599,5,20.15,38.30,1011.70,12.94"
13:35:40,"139,966,966,599,5,20.14,38.30,1011.73,12.68"
13:35:41,PMS7003 checksum failed
13:35:43,"138,973,973,599,5,20.15,38.30,1011.72,12.79"
13:35:45,"138,972,972,599,5,20.14,38.28,1011.71,12.82"
13:35:47,"138,973,973,599,5,20.14,38.29,1011.73,12.66"
13:35:49,"138,973,973,600,5,20.14,38.31,1011.71,12.82"
13:35:51,"136,969,969,600,5,20.14,38.30,1011.73,12.62"
13:35:54,"138,969,969,600,5,20.14,38.30,1011.71,12.80"
13:35:56,"138,970,970,600,5,20.14,38.30,1011.73,12.68"
13:35:58,"138,970,970,601,5,20.14,38.30,1011.71,12.84"
13:36:00,"138,973,973,601,5,20.14,38.30,1011.72,12.71"
13:36:02,"138,979,979,601,5,20.14,38.30,1011.72,12.71"
13:36:05,"138,979,979,601,5,20.14,38.29,1011.71,12.87"
13:36:07,"141,1000,1000,601,5,20.14,38.32,1011.73,12.64"
13:36:09,"141,1002,1002,601,5,20.14,38.31,1011.71,12.82"
13:36:11,"141,1002,1002,601,5,20.13,38.31,1011.69,12.97"
13:36:14,"136,972,972,601,5,20.13,38.30,1011.70,12.94"
13:36:16,"135,957,957,601,5,20.13,38.29,1011.74,12.58"
13:36:18,"135,957,957,601,5,20.14,38.29,1011.72,12.73"
13:36:20,"132,963,963,601,5,20.13,38.30,1011.71,12.86"
13:36:22,"132,967,969,601,5,20.13,38.30,1011.69,13.00"
13:36:25,"133,973,975,601,5,20.13,38.29,1011.72,12.74"
13:36:27,"133,993,994,601,5,20.13,38.29,1011.74,12.57"
13:36:29,"133,993,994,601,5,20.13,38.30,1011.71,12.80"
13:36:31,"133,996,996,601,5,20.13,38.29,1011.70,12.88"
13:36:33,"133,999,1000,601,5,20.14,38.29,1011.72,12.78"
13:36:36,"2,1005,1005,601,5,20.14,38.30,1011.71,12.83"
13:36:38,"132,1005,1005,601,5,20.14,38.29,1011.70,12.94"
13:36:40,"130,990,990,602,5,20.13,38.30,1011.72,12.72"
13:36:42,"129,987,987,602,5,20.14,38.33,1011.71,12.79"
13:36:45,"129,981,981,602,5,20.14,38.32,1011.74,12.60"
13:36:47,"129,981,981,602,5,20.14,38.32,1011.72,12.71"
13:36:49,"127,952,952,602,5,20.13,38.33,1011.70,12.75"
13:36:51,"126,952,952,602,5,20.14,38.31,1011.73,12.67"
13:36:53,"126,954,954,602,5,20.13,38.32,1011.70,12.93"
13:36:54,PMS7003 checksum failed
13:36:56,"127,961,961,602,5,20.14,38.32,1011.72,12.73"
13:36:58,"127,958,960,602,5,20.14,38.32,1011.71,12.83"
13:37:00,"129,951,951,602,5,20.13,38.32,1011.70,12.92"
13:37:02,"129,951,951,602,5,20.13,38.32,1011.69,13.02"
13:37:05,"130,954,954,602,5,20.13,38.33,1011.72,12.78"
13:37:07,"132,955,957,602,5,20.15,38.32,1011.70,12.90"
13:37:09,",969,970,602,5,20.14,38.32,1011.70,12.94"
13:37:11,"138,969,970,602,5,20.14,38.23,1011.68,13.10"
13:37:13,"139,975,976,601,5,20.14,38.29,1011.69,13.02"
13:37:16,"139,978,978,601,5,20.14,38.29,1011.70,12.90"
13:37:18,"139,978,978,601,5,20.14,38.31,1011.71,12.84"
13:37:20,"142,988,988,601,5,20.14,38.30,1011.70,12.90"
13:37:22,"148,999,999,601,5,20.15,38.30,1011.72,12.72"
13:37:24,"148,999,999,601,5,20.15,38.30,1011.68,13.04"
13:37:27,"150,999,999,601,5,20.15,38.31,1011.68,13.12"
13:37:29,"151,1002,1002,601,5,20.14,38.30,1011.70,12.89"
13:37:31,"156,1023,1023,601,5,20.15,38.31,1011.70,12.90"
13:37:33,"162,1047,1047,601,5,20.15,38.30,1011.69,12.98"
13:37:36,"162,1047,1047,601,5,20.15,38.30,1011.69,13.02"
13:37:38,"163,1048,1048,601,5,20.15,38.30,1011.70,12.90"
13:37:40,"163,1048,1048,601,5,20.15,38.29,1011.71,12.86"
13:37:42,"165,1041,1041,601,5,20.15,38.29,1011.70,12.91"
13:37:44,"162,1032,1032,601,5,20.16,38.29,1011.68,13.05"
13:37:47,"162,1032,1032,601,5,20.16,38.27,1011.68,13.08"
13:37:49,"160,1029,1029,601,5,20.15,38.26,1011.69,12.96"
13:37:51,"160,1029,1029,601,5,20.16,38.28,1011.72,12.79"
13:37:53,"160,1029,1029,601,5,20.16,38.28,1011.69,12.96"
13:37:55,"159,1041,1041,601,5,20.16,38.28,1011.69,12.98"
13:37:58,"160,1044,1044,601,5,20.15,38.28,1011.67,13.13"
13:38:00,"162,1047,1047,601,5,20.15,38.28,1011.73,12.64"
13:38:02,"162,1047,1047,601,5,20.15,38.28,1011.72,12.75"
13:38:04,"163,1050,1050,601,5,20.16,38.28,1011.66,13.21"
13:38:07,"165,1051,1051,601,5,20.15,38.29,1011.71,12.87"
13:38:09,"168,1051,1051,601,5,20.15,38.29,1011.72,12.74"
13:38:11,"162,1026,1026,601,5,20.15,38.28,1011.69,13.03"
13:38:13,"162,1026,1026,601,5,20.15,38.28,1011.73,12.69"
13:38:15,"162,1026,1026,601,5,20.15,38.30,1011.71,12.82"
13:38:18,"162,1030,1030,601,5,20.14,38.29,1011.70,12.92"
13:38:20,"162,1048,1048,601,5,20.14,38.29,1011.70,12.88"
13:38:22,"163,1053,1053,601,5,20.14,38.30,1011.73,12.66"
13:38:24,"165,1059,1059,601,5,20.14,38.31,1011.73,12.70"
13:38:27,"165,1059,1059,601,5,20.15,38.29,1011.73,12.68"
13:38:29,"172,1078,1078,601,5,20.14,38.30,1011.71,12.80"
13:38:31,"180,1087,1087,601,5,20.14,38.30,1011.69,13.01"
13:38:33,"180,1071,1071,601,5,20.14,38.30,1011.68,13.09"
13:38:35,"180,1071,1071,601,5,20.14,38.30,1011.70,12.93"
13:38:38,"180,1071,1071,601,5,20.14,38.30,1011.67,13.18"
13:38:40,"181,1075,1075,601,5,20.14,38.32,1011.69,13.02"
13:38:42,"186,1099,1099,601,5,20.13,38.32,1011.70,12.92"
13:38:44,"186,1092,1092,601,5,20.14,38.32,1011.71,12.80"
13:38:46,"183,1086,1086,601,5,20.14,38.32,1011.69,13.04"
13:38:49,"183,1086,1086,601,5,20.13,38.33,1011.67,13.16"
13:38:51,"183,1083,1083,601,5,20.12,38.33,1011.65,13.31"
13:38:53,"183,1077,1077,601,5,20.14,38.32,1011.67,13.14"
13:38:55,"183,1077,1077,601,5,20.14,38.32,1011.68,13.07"
13:38:58,"183,1071,1071,601,5,20.14,38.32,1011.69,12.99"
13:39:00,"183,1072,1072,601,5,20.14,38.33,1011.66,13.23"
13:39:02,"183,1077,1077,601,5,20.14,38.36,1011.70,12.89"
13:39:03,PMS7003 checksum failed
13:39:04,"171,1039,1039,601,5,20.14,38.36,1011.64,13.38"
13:39:06,"171,1035,1035,601,5,20.14,38.34,1011.67,13.17"
13:39:09,"171,1035,1035,601,5,20.14,38.33,1011.69,13.03"
13:39:11,"168,1017,1017,601,5,20.14,38.32,1011.69,12.96"
13:39:13,"168,1017,1018,601,5,20.14,38.33,1011.66,13.28"
13:39:15,"171,1023,1023,600,5,20.14,38.33,1011.71,12.85"
13:39:18,"175,1035,1035,601,5,20.14,38.32,1011.70,12.92"
13:39:20,"175,1035,1035,601,5,20.14,38.31,1011.69,13.03"
13:39:22,"175,1035,1035,601,5,20.14,38.32,1011.70,12.88"
13:39:24,"177,1035,1036,601,5,20.15,38.31,1011.69,12.96"
13:39:26,"177,1035,1036,601,5,20.14,38.33,1011.68,13.07"
13:39:29,"175,1036,1036,601,5,20.15,38.31,1011.66,13.27"
13:39:31,"166,1014,1014,600,5,20.15,38.31,1011.70,12.88"
13:39:33,"166,1014,1014,600,5,20.15,38.31,1011.69,12.97"
13:39:35,"165,1012,1012,601,5,20.15,38.31,1011.71,12.86"
13:39:37,"165,1011,1011,601,5,20.15,38.31,1011.69,13.03"
13:39:39,PMS7003 checksum failed
13:39:40,"166,1020,1020,601,5,20.14,38.31,1011.68,13.07"
13:39:42,"166,1020,1020,601,5,20.14,38.31,1011.65,13.37"
13:39:44,"168,1021,1023,601,5,20.14,38.32,1011.66,13.23"
13:39:46,"169,1024,1026,601,5,20.14,38.29,1011.69,12.98"
13:39:49,"171,1026,1027,601,5,20.14,38.28,1011.67,13.14"
13:39:51,"177,1036,1038,601,5,20.13,38.26,1011.69,12.97"
13:39:52,S7003 checksum failed
13:39:53,"178,1038,1038,601,5,20.14,38.26,1011.68,13.11"
13:39:55,"178,1032,1033,601,5,20.14,38.28,1011.69,13.02"
13:39:57,"180,1029,1029,601,5,20.14,38.34,1011.67,13.17"
13:40:00,"180,1029,1029,601,5,20.14,38.29,1011.67,13.16"
13:40:02,"183,1032,1032,601,5,20.13,38.31,1011.66,13.21"
13:40:04,"183,1033,1035,601,5,20.14,38.32,1011.69,13.03"
13:40:06,"181,1029,1029,601,5,20.14,38.36,1011.67,13.14"
13:40:09,"181,1029,1029,601,5,20.13,38.33,1011.67,13.20"
13:40:11,"180,1024,1026,601,5,20.14,38.34,1011.65,13.35"
13:40:13,"178,1021,1023,601,5,20.14,38.34,1011.70,12.92"
13:40:15,"178,1021,1023,601,5,20.14,38.32,1011.69,13.02"
13:40:17,"174,1018,1020,601,5,20.13,38.30,1011.68,13.04"
13:40:20,"172,1018,1020,601,5,20.13,38.31,1011.68,13.07"
13:40:22,"172,1018,1020,601,5,20.12,38.29,1011.62,13.56"
13:40:24,"172,1015,1017,601,5,20.14,38.30,1011.65,13.36"
13:40:26,"177,1005,1005,601,5,20.13,38.31,1011.67,13.19"
13:40:27,PMS7003 checksum failed
13:40:29,"174,1002,1002,600,5,20.13,38.32,1011.65,13.31"
13:40:31,"172,999,999,600,5,20.13,38.32,1011.66,13.26"
13:40:33,"172,999,999,601,5,20.13,38.32,1011.66,13.23"
13:40:35,"171,999,999,600,5,20.14,38.32,1011.67,13.16"
13:40:37,"171,999,999,601,5,20.13,38.31,1011.66,13.28"
13:40:40,"172,1002,1002,601,5,20.13,38.29,1011.64,13.41"
13:40:42,"174,1005,1005,601,5,20.13,38.28,1011.66,13.23"
13:40:44,"174,1005,1005,601,5,20.14,38.28,1011.69,12.97"
13:40:46,"174,1009,1009,601,5,20.15,38.31,1011.67,13.18"
13:40:48,"175,1014,1014,601,5,20.14,38.31,1011.67,13.15"
13:40:51,"175,1014,1014,601,5,20.14,38.31,1011.65,13.33"
13:40:53,"177,1018,1020,601,5,20.14,38.31,1011.63,13.49"
13:40:55,"177,1014,1014,601,5,20.14,38.35,1011.64,13.38"
13:40:57,"177,1009,1011,601,5,20.13,38.36,1011.65,13.37"
13:41:00,"175,993,996,601,5,20.13,38.34,1011.67,13.17"
13:41:02,"172,972,973,601,5,20.14,38.36,1011.67,13.12"
13:41:04,"172,972,973,601,5,20.14,38.34,1011.68,13.14"
13:41:06,"171,966,967,601,5,20.14,38.36,1011.69,12.97"
13:41:08,"171,969,969,600,5,20.14,38.38,1011.65,13.31"
13:41:11,"171,969,969,600,5,20.14,38.36,1011.68,13.11"
13:41:13,"175,981,981,600,5,20.14,38.34,1011.63,13.51"
13:41:15,"175,981,981,601,5,20.14,38.35,1011.65,13.29"
13:41:17,"177,984,985,601,5,20.14,38.33,1011.67,13.20"
13:41:20,"180,987,987,601,5,20.14,38.29,1011.65,13.29"
13:41:22,"186,1003,1003,601,5,20.14,38.31,1011.68,13.07"
13:41:24,"186,1003,1003,601,5,20.15,38.30,1011.65,13.31"
13:41:26,"190,1011,1011,601,5,20.15,38.30,1011.65,13.34"
13:41:28,"190,1011,1011,601,5,20.15,38.30,1011.66,13.27"
13:41:31,"189,1000,1000,601,5,20.14,38.30,1011.65,13.33"
13:41:33,"189,1000,1000,601,5,20.15,38.29,1011.65,13.34"
13:41:35,"183,966,966,601,5,20.15,38.29,1011.69,13.03"
13:41:37,"184,966,966,601,5,20.14,38.28,1011.70,12.90"
13:41:39,"184,969,969,601,5,20.15,38.30,1011.67,13.20"
13:41:41,PMS7003 checksum failed
13:41:42,"186,972,972,600,5,20.15,38.29,1011.63,13.46"
13:41:44,"186,963,963,601,5,20.16,38.28,1011.66,13.26"
13:41:46,"189,960,960,601,5,20.16,38.29,1011.65,13.34"
13:41:48,"189,960,960,601,5,20.15,38.29,1011.67,13.20"
13:41:51,"189,958,958,601,5,20.15,38.29,1011.67,13.20"
13:41:53,"189,958,958,601,5,20.15,38.29,1011.66,13.23"
13:41:55,"180,945,945,601,5,20.16,38.27,1011.67,13.14"
13:41:57,"180,945,945,601,5,20.15,38.25,1011.67,13.18"
13:41:59,"180,942,942,601,5,20.16,38.25,1011.69,13.03"
13:42:02,"180,942,942,601,5,20.15,38.25,1011.67,13.18"
13:42:04,"180,942,942,601,5,20.15,38.26,1011.68,13.08"
13:42:06,"178,939,939,601,5,20.15,38.29,1011.66,13.24"
13:42:08,"180,948,948,601,5,20.15,38.28,1011.67,13.15"
13:42:11,"180,948,948,601,5,20.15,38.30,1011.67,13.20"
13:42:13,"180,951,951,602,5,20.15,38.31,1011.72,12.77"
13:42:15,"181,957,957,602,5,20.15,38.33,1011.66,13.22"
13:42:17,"184,984,984,602,5,20.14,38.35,1011.62,13.54"
13:42:19,"184,987,987,602,5,20.15,38.35,1011.67,13.20"
13:42:22,"183,981,981,601,5,20.15,38.31,1011.66,13.21"
13:42:24,"183,975,975,601,5,20.14,38.30,1011.67,13.16"
13:42:26,"183,975,975,602,5,20.15,38.31,1011.66,13.26"
13:42:28,"180,963,963,601,5,20.14,38.31,1011.64,13.41"
13:42:30,"175,939,939,602,5,20.15,38.28,1011.65,13.37"
13:42:33,"175,939,939,602,5,20.16,38.29,1011.67,13.20"
13:42:35,"174,934,934,602,5,20.15,38.26,1011.66,13.25"
13:42:37,"172,933,933,602,5,20.15,38.28,1011.63,13.46"
13:42:39,"172,933,933,602,5,20.16,38.28,1011.63,13.49"
13:42:42,"178,942,942,602,5,20.16,38.27,1011.65,13.36"
13:42:44,"178,946,946,602,5,20.15,38.28,1011.65,13.32"
13:42:46,"180,951,951,602,5,20.15,38.27,1011.64,13.40"
13:42:48,"180,951,951,602,5,20.16,38.28,1011.65,13.30"
13:42:50,"180,955,955,603,5,20.16,38.29,1011.64,13.41"
13:42:53,"181,960,960,603,5,20.16,38.30,1011.62,13.62"
13:42:55,"186,993,993,603,5,20.15,38.30,1011.62,13.58"
13:42:57,"189,1014,1014,603,5,20.14,38.32,1011.63,13.51"
13:42:59,"189,1014,1014,603,5,20.15,38.29,1011.63,13.48"
13:43:01,"187,1014,1014,603,5,20.15,38.26,1011.65,13.37"
13:43:04,"187,1014,1014,603,5,20.15,38.29,1011.64,13.39"
13:43:06,"174,966,966,602,5,20.15,38.30,1011.63,13.46"
13:43:08,"172,961,961,602,5,20.16,38.30,1011.62,13.61"
13:43:10,"171,957,958,602,5,20.16,38.30,1011.62,13.56"
13:43:13,"171,957,958,602,5,20.16,38.30,1011.69,13.03"
13:43:15,"169,955,957,602,5,20.16,38.29,1011.65,13.32"
13:43:17,"172,957,958,602,5,20.16,38.30,1011.65,13.37"
13:43:19,"177,957,958,602,5,20.16,38.28,1011.65,13.33"
13:43:21,"177,957,958,602,5,20.16,38.27,1011.66,13.25"
13:43:24,"178,960,960,602,5,20.16,38.29,1011.61,13.70"
13:43:26,"177,952,954,602,5,20.15,38.27,1011.64,13.32"
13:43:28,"166,913,915,602,5,20.15,38.23,1011.62,13.54"
13:43:30,"165,909,910,602,5,20.15,38.24,1011.62,13.55"
13:43:32,"165,909,909,602,5,20.15,38.25,1011.65,13.37"
13:43:35,"165,909,909,602,5,20.15,38.26,1011.62,13.61"
13:43:37,"165,909,909,602,5,20.15,38.28,1011.63,13.51"
13:43:39,"166,906,906,602,5,20.15,38.28,1011.62,13.58"
13:43:41,"166,906,906,602,5,20.16,38.28,1011.61,13.65"
13:43:44,"174,915,915,602,5,20.16,38.28,1011.65,13.29"
13:43:46,"175,918,918,602,5,20.15,38.27,1011.62,13.57"
13:43:48,"177,915,915,602,5,20.16,38.27,1011.63,13.48"
13:43:49,PMS7003 checksum failed
13:43:50,"184,910,910,602,5,20.16,38.28,1011.64,13.42"
13:43:52,"183,906,906,602,5,20.16,38.29,1011.67,13.15"
13:43:55,"183,906,906,602,5,20.16,38.29,1011.65,13.34"
13:43:57,"177,882,882,601,5,20.16,38.29,1011.62,13.55"
13:43:59,"177,882,882,602,5,20.16,38.28,1011.62,13.61"
13:44:01,"177,882,882,602,5,20.17,38.29,1011.67,13.14"
13:44:04,"175,891,891,602,5,20.16,38.30,1011.66,13.23"
13:44:06,"75,891,891,602,5,20.15,38.29,1011.59,13.82"
13:44:08,"175,894,894,602,5,20.15,38.31,1011.64,13.39"
13:44:10,"177,897,897,602,5,20.16,38.31,1011.64,13.43"
13:44:12,"177,897,897,602,5,20.16,38.30,1011.62,13.59"
13:44:15,"178,904,904,602,5,20.15,38.30,1011.62,13.56"
13:44:17,"183,919,919,602,5,20.15,38.32,1011.62,13.56"
13:44:19,"183,919,919,602,5,20.16,38.34,1011.72,12.77"
13:44:21,"183,921,921,602,5,20.16,38.31,1011.63,13.47"
13:44:23,"183,925,925,602,5,20.16,38.32,1011.65,13.30"
13:44:25,PMS7003 checksum failed
13:44:26,"181,910,910,601,5,20.15,38.31,1011.60,13.74"
13:44:28,"181,906,906,601,5,20.15,38.29,1011.61,13.65"
13:44:30,"181,906,906,601,5,20.15,38.28,1011.62,13.57"
13:44:32,"180,901,901,601,5,20.15,38.28,1011.60,13.71"
13:44:35,"180,898,898,601,5,20.16,38.30,1011.64,13.38"
13:44:37,"178,897,897,601,5,20.16,38.29,1011.67,13.15"
13:44:38,PMS7003 checksum failed
13:44:39,"180,897,897,601,5,20.15,38.29,1011.60,13.73"
13:44:41,"181,900,900,601,5,20.16,38.29,1011.65,13.35"
13:44:44,"181,903,903,602,5,20.16,38.28,1011.61,13.70"
13:44:46,"181,903,903,601,5,20.16,38.25,1011.65,13.34"
13:44:48,"177,870,870,601,5,20.16,38.24,1011.62,13.62"
13:44:50,"177,867,867,601,5,20.16,38.23,1011.59,13.82"
13:44:52,"175,864,864,601,5,20.17,38.24,1011.63,13.47"
13:44:55,"175,864,864,602,5,20.16,38.27,1011.66,13.21"
13:44:57,"175,862,862,602,5,20.16,38.24,1011.62,13.62"
13:44:59,"175,864,864,602,5,20.17,38.27,1011.65,13.34"
13:45:01,"175,864,864,602,5,20.17,38.28,1011.63,13.49"
13:45:03,"171,855,855,601,5,20.16,38.29,1011.61,13.64"
13:45:06,"171,853,853,602,5,20.16,38.29,1011.61,13.66"
13:45:08,"171,853,853,602,5,20.16,38.29,1011.62,13.61"
13:45:10,"175,862,862,602,5,20.16,38.29,1011.64,13.38"
13:45:12,"178,883,883,602,5,20.16,38.29,1011.62,13.55"
13:45:13,PMS7003 checksum failed
13:45:15,"181,906,906,602,5,20.16,38.29,1011.63,13.50"
13:45:17,"183,910,910,602,5,20.16,38.28,1011.63,13.51"
13:45:19,"184,922,922,602,5,20.16,38.29,1011.63,13.52"
13:45:21,"184,924,924,602,5,20.16,38.29,1011.58,13.94"
13:45:23,"184,924,924,602,5,20.16,38.29,1011.62,13.54"
13:45:26,"183,921,921,602,5,20.16,38.29,1011.61,13.68"
13:45:28,"181,919,919,602,5,20.16,38.29,1011.61,13.63"
13:45:30,"181,919,919,602,5,20.17,38.28,1011.62,13.59"
13:45:32,"180,919,919,602,5,20.16,38.28,1011.59,13.80"
13:45:35,"180,919,919,602,5,20.17,38.28,1011.66,13.29"
13:45:37,"180,919,919,602,5,20.17,38.29,1011.65,13.35"
13:45:39,"181,942,942,602,5,20.17,38.28,1011.65,13.32"
13:45:41,"181,948,948,602,5,20.17,38.29,1011.62,13.60"
13:45:43,"183,954,954,602,5,20.17,38.29,1011.62,13.60"
13:45:46,"184,955,955,601,5,20.17,38.27,1011.61,13.67"
13:45:48,"186,951,951,601,5,20.17,38.27,1011.61,13.68"
13:45:49,PMS7003 checksum failed
13:45:50,"180,924,924,601,5,20.17,38.28,1011.60,13.71"
13:45:52,"178,922,922,602,5,20.17,38.27,1011.62,13.57"
13:45:55,"178,922,922,602,5,20.17,38.27,1011.60,13.73"
13:45:57,"180,912,912,602,5,20.17,38.29,1011.63,13.50"
13:45:59,"180,912,912,602,5,20.17,38.27,1011.59,13.84"
13:46:01,"180,912,913,601,5,20.17,38.27,1011.62,13.56"
13:46:03,"180,912,913,602,5,20.17,38.27,1011.63,13.50"
13:46:06,"180,912,913,602,5,20.16,38.25,1011.60,13.70"
13:46:08,"181,913,915,602,5,20.16,38.27,1011.63,13.53"
13:46:10,"183,915,916,602,5,20.17,38.29,1011.65,13.37"
13:46:12,"183,915,916,602,5,20.17,38.30,1011.62,13.61"
13:46:14,"178,879,879,602,5,20.16,38.30,1011.61,13.68"
13:46:17,"177,874,874,602,5,20.17,38.29,1011.61,13.40"
13:46:19,"177,874,874,602,5,20.17,38.29,1011.64,13.43"
13:46:21,"177,864,864,602,5,20.17,38.28,1011.62,13.54"
13:46:23,"171,850,850,602,5,20.17,38.28,1011.60,13.76"
13:46:26,"171,850,850,602,5,20.18,38.28,1011.61,13.66"
13:46:28,"171,858,858,602,5,20.17,38.28,1011.60,13.79"
13:46:30,"171,861,861,602,5,20.18,38.28,1011.62,13.58"
13:46:32,"171,861,861,602,5,20.18,38.27,1011.59,13.84"
13:46:34,"174,873,873,603,5,20.18,38.27,1011.62,13.57"
13:46:37,"174,873,873,602,5,20.17,38.26,1011.58,13.88"
13:46:39,"175,873,873,602,5,20.18,38.26,1011.57,13.98"
13:46:41,"177,873,873,602,5,20.18,38.26,1011.60,13.73"
13:46:43,"180,883,883,603,5,20.18,38.29,1011.61,13.64"
13:46:45,"180,883,883,603,5,20.18,38.28,1011.59,13.80"
13:46:48,"177,868,868,603,5,20.19,38.26,1011.61,13.66"
13:46:50,"174,862,862,602,5,20.19,38.28,1011.60,13.77"
13:46:52,"174,858,858,603,5,20.18,38.25,1011.59,13.84"
13:46:54,"174,855,855,602,5,20.19,38.26,1011.59,13.79"
13:46:57,"175,852,853,602,5,20.19,38.22,1011.62,13.58"
13:46:59,"175,852,853,603,5,20.19,38.19,1011.61,13.70"
13:47:01,"175,852,853,603,5,20.19,38.18,1011.60,13.71"
13:47:02,PMS7003 checksum failed
13:47:03,"177,850,850,602,5,20.19,38.18,1011.57,14.01"
13:47:05,"177,831,831,602,5,20.18,38.20,1011.57,14.00"
13:47:08,"177,825,825,602,5,20.19,38.20,1011.61,13.70"
13:47:10,"177,825,825,602,5,20.18,38.20,1011.62,13.59"
13:47:12,"177,825,825,602,5,20.18,38.20,1011.61,13.66"
13:47:14,"175,822,822,602,5,20.18,38.21,1011.58,13.95"
13:47:17,"171,817,817,602,5,20.18,38.22,1011.59,13.84"
13:47:19,"171,817,817,603,5,20.18,38.24,1011.59,13.85"
13:47:21,"171,819,819,603,5,20.18,38.24,1011.60,13.74"
13:47:23,"171,822,822,603,5,20.18,38.23,1011.57,14.00"
13:47:25,"171,822,822,603,5,20.18,38.22,1011.60,13.72"
13:47:28,"172,822,822,603,5,20.18,38.26,1011.60,13.73"
13:47:30,"174,825,825,602,5,20.18,38.27,1011.58,13.88"
13:47:32,"174,825,825,603,5,20.17,38.23,1011.59,13.86"
13:47:34,"174,828,828,603,5,20.17,38.23,1011.60,13.74"
13:47:36,"175,829,829,602,5,20.18,38.23,1011.59,13.79"
13:47:39,"177,852,852,602,5,20.18,38.24,1011.59,13.79"
13:47:41,"180,858,858,602,5,20.18,38.24,1011.56,14.08"
13:47:43,"180,858,858,602,5,20.17,38.24,1011.59,13.80"
13:47:45,"181,861,861,603,5,20.17,38.24,1011.59,13.83"
13:47:48,"181,861,861,603,5,20.18,38.23,1011.60,13.79"
13:47:50,"184,868,868,602,5,20.18,38.22,1011.58,13.93"
13:47:52,"178,853,853,603,5,20.18,38.22,1011.61,13.66"
13:47:54,"178,853,853,603,5,20.18,38.25,1011.58,13.95"
13:47:56,"177,843,843,603,5,20.18,38.25,1011.58,13.92"
13:47:59,"175,834,834,603,5,20.18,38.25,1011.56,14.08"
13:48:01,"175,834,834,603,5,20.17,38.23,1011.57,14.00"
13:48:03,"174,780,780,603,5,20.17,38.23,1011.57,14.00"
13:48:05,"174,777,777,603,5,20.18,38.26,1011.58,13.95"
13:48:07,"174,777,777,603,5,20.18,38.24,1011.60,13.76"
13:48:10,"174,771,771,603,5,20.18,38.24,1011.58,13.89"
13:48:12,"174,765,765,603,5,20.18,38.24,1011.57,14.00"
13:48:14,"174,762,762,603,5,20.18,38.24,1011.60,13.74"
13:48:16,"174,750,750,604,5,20.18,38.24,1011.58,13.90"
13:48:19,"177,750,750,604,5,20.18,38.24,1011.56,14.05"
13:48:21,"175,747,747,604,5,20.18,38.27,1011.57,14.02"
13:48:23,"175,744,744,604,5,20.18,38.26,1011.54,14.27"
13:48:25,"175,744,744,604,5,20.17,38.24,1011.53,14.34"
13:48:27,"174,735,735,604,5,20.18,38.25,1011.56,14.11"
13:48:30,"174,738,738,604,5,20.18,38.23,1011.58,13.90"
13:48:32,"175,738,738,604,5,20.18,38.25,1011.56,14.10"
13:48:33,PMS7003 checksum failed
13:48:34,"175,738,738,604,5,20.18,38.24,1011.56,14.10"
13:48:36,"5,726,726,604,5,20.18,38.25,1011.55,14.13"
13:48:39,"177,717,717,604,5,20.19,38.23,1011.57,14.01"
13:48:41,"177,717,717,604,5,20.18,38.23,1011.57,14.01"
13:48:43,"177,714,714,604,5,20.17,38.22,1011.55,14.25"
13:48:45,"175,712,712,605,5,20.18,38.24,1011.56,14.04"
13:48:47,"172,688,688,605,5,20.18,38.25,1011.58,13.94"
13:48:50,"172,688,688,605,5,20.17,38.24,1011.56,14.05"
13:48:52,"171,684,684,605,5,20.18,38.26,1011.57,13.99"
13:48:54,"171,681,681,605,5,20.17,38.26,1011.56,14.12"
13:48:56,"171,681,681,605,5,20.18,38.26,1011.58,13.89"
13:48:58,"174,673,673,605,5,20.17,38.26,1011.58,13.91"
13:49:01,"172,667,667,605,5,20.18,38.26,1011.59,13.81"
13:49:03,"172,667,667,605,5,20.18,38.25,1011.57,14.02"
13:49:05,"172,664,664,605,5,20.18,38.23,1011.57,14.02"
13:49:07,"171,660,660,605,5,20.19,38.23,1011.56,14.08"
13:49:10,"168,645,645,606,5,20.19,38.23,1011.54,14.21"
13:49:12,"169,646,646,606,5,20.17,38.26,1011.55,14.19"
13:49:14,"168,648,648,606,5,20.17,38.27,1011.54,14.22"
13:49:16,"168,648,648,606,5,20.17,38.27,1011.54,14.25"
13:49:18,"169,645,645,606,5,20.18,38.27,1011.55,14.19"
13:49:21,"171,639,639,606,5,20.18,38.26,1011.56,14.08"
13:49:23,"172,634,636,606,5,20.17,38.26,1011.54,14.27"
13:49:25,"172,634,636,606,5,20.18,38.26,1011.57,14.00"
13:49:27,"172,636,636,606,5,20.18,38.25,1011.57,14.03"
13:49:29,"172,631,631,607,5,20.18,38.25,1011.56,14.06"
13:49:32,",631,631,607,5,20.18,38.24,1011.56,14.10"
13:49:34,"168,618,618,607,5,20.18,38.24,1011.57,13.99"
13:49:36,"168,618,619,607,5,20.17,38.22,1011.58,13.94"
13:49:38,"168,619,619,607,5,20.17,38.22,1011.57,14.02"
13:49:41,"168,619,619,607,5,20.18,38.20,1011.55,14.16"
13:49:43,"168,618,619,607,5,20.18,38.22,1011.57,13.99"
13:49:45,"168,619,619,607,5,20.18,38.23,1011.53,14.33"
13:49:47,"5,607,607,607,5,20.18,38.23,1011.55,14.20"
13:49:49,"166,607,607,607,5,20.18,38.25,1011.53,14.32"
13:49:52,"166,609,609,607,5,20.18,38.25,1011.57,13.96"
13:49:54,"168,610,610,607,5,20.18,38.24,1011.51,14.49"
13:49:56,"168,610,610,607,5,20.18,38.26,1011.56,14.12"
13:49:58,"165,613,613,606,5,20.18,38.25,1011.55,14.14"
13:50:00,"166,615,615,606,5,20.18,38.26,1011.56,14.10"
13:50:03,"166,615,615,606,5,20.18,38.26,1011.59,13.85"
13:50:05,"166,615,615,606,5,20.17,38.26,1011.55,14.20"
13:50:07,"168,621,621,606,5,20.17,38.26,1011.57,14.01"
13:50:09,"166,615,615,606,5,20.18,38.26,1011.61,13.63"
13:50:12,"165,607,607,606,5,20.18,38.27,1011.55,14.17"
13:50:14,"165,607,607,606,5,20.17,38.26,1011.59,13.86"
13:50:16,"165,606,606,606,5,20.18,38.24,1011.54,14.29"
13:50:18,"165,606,606,606,5,20.18,38.22,1011.58,13.94"
13:50:20,"163,600,600,606,5,20.18,38.22,1011.55,14.14"
13:50:23,"163,597,597,606,5,20.19,38.20,1011.57,13.96"
13:50:25,"163,597,597,606,5,20.19,38.20,1011.57,13.98"
13:50:27,"163,597,597,606,5,20.18,38.22,1011.55,14.17"
13:50:29,"163,594,594,606,5,20.18,38.23,1011.55,14.13"
13:50:32,"165,594,594,605,5,20.18,38.23,1011.54,14.24"
13:50:34,"165,594,594,605,5,20.18,38.22,1011.57,13.98"
13:50:36,"165,594,594,605,5,20.18,38.22,1011.56,14.10"
13:50:38,"165,591,591,606,5,20.18,38.21,1011.55,14.19"
13:50:40,"165,588,588,605,5,20.18,38.23,1011.55,14.19"
13:50:43,"165,588,588,605,5,20.18,38.23,1011.55,14.19"
13:50:45,"165,579,579,605,5,20.18,38.21,1011.53,14.29"
13:50:47,"166,582,582,605,5,20.18,38.21,1011.53,14.31"
13:50:49,"166,582,582,605,5,20.18,38.22,1011.54,14.27"
13:50:51,"168,597,597,605,5,20.18,38.21,1011.53,14.30"
13:50:54,"168,598,598,605,5,20.18,38.21,1011.54,14.25"
13:50:56,"168,600,600,605,5,20.18,38.22,1011.52,14.40"
13:50:57,PMS7003 checksum failed
13:50:58,"168,591,591,605,5,20.19,38.23,1011.54,14.21"
13:51:00,"168,586,586,605,5,20.18,38.23,1011.54,14.27"
13:51:03,"168,586,586,604,5,20.18,38.22,1011.53,14.31"
13:51:05,"165,570,570,604,5,20.18,38.20,1011.50,14.55"
13:51:07,"165,570,570,603,5,20.19,38.21,1011.55,14.20"
13:51:09,"165,571,571,603,5,20.19,38.19,1011.56,14.06"
13:51:11,"165,571,571,603,5,20.18,38.19,1011.52,14.39"
13:51:14,"163,570,570,603,5,20.18,38.18,1011.51,14.49"
13:51:16,"163,570,570,603,5,20.18,38.16,1011.54,14.27"
13:51:18,"162,556,556,603,5,20.18,38.16,1011.55,14.12"
13:51:20,"162,552,552,603,5,20.18,38.16,1011.50,14.56"
13:51:23,"160,547,547,603,5,20.18,38.19,1011.50,14.54"
13:51:25,"160,547,547,603,5,20.18,38.19,1011.55,14.12"
13:51:27,"162,541,541,603,5,20.18,38.19,1011.54,14.24"
13:51:29,"162,543,543,603,5,20.18,38.19,1011.55,14.19"
13:51:31,"162,541,541,603,5,20.18,38.19,1011.53,14.33"
13:51:32,PMS7003 checksum failed
13:51:34,"162,543,543,603,5,20.18,38.18,1011.52,14.45"
13:51:36,"162,555,555,602,5,20.18,38.18,1011.54,14.27"
13:51:38,"162,555,555,602,5,20.18,38.19,1011.53,14.32"
13:51:40,"162,555,555,602,5,20.18,38.17,1011.53,14.33"
13:51:43,"162,553,553,602,5,20.18,38.18,1011.53,14.30"
13:51:45,"162,553,553,603,5,20.18,38.18,1011.55,14.20"
13:51:47,"163,556,556,603,5,20.18,38.18,1011.54,14.21"
13:51:49,"163,556,556,603,5,20.18,38.18,1011.60,13.73"
13:51:51,"165,558,558,603,5,20.18,38.20,1011.53,14.32"
13:51:54,"165,561,561,603,5,20.19,38.19,1011.55,14.18"
13:51:56,"165,561,561,603,5,20.19,38.18,1011.55,14.13"
13:51:58,"165,562,562,603,5,20.19,38.17,1011.52,14.42"
13:52:00,"165,561,561,603,5,20.19,38.15,1011.54,14.26"
13:52:02,"165,561,561,603,5,20.19,38.14,1011.56,14.04"
13:52:05,"165,562,562,603,5,20.20,38.17,1011.54,13.92"
13:52:07,"166,564,564,603,5,20.20,38.15,1011.58,13.92"
13:52:09,"165,558,558,603,5,20.20,38.15,1011.58,13.90"
13:52:11,"165,555,555,603,5,20.20,38.15,1011.55,14.16"
13:52:14,"165,553,553,603,5,20.20,38.15,1011.53,14.37"
13:52:16,"165,555,555,603,5,20.20,38.15,1011.54,14.24"
13:52:18,"165,555,555,603,5,20.19,38.17,1011.51,14.50"
13:52:20,"163,552,552,603,5,20.19,38.18,1011.54,14.25"
13:52:22,"159,543,543,604,5,20.20,38.17,1011.57,13.99"
13:52:25,"159,543,543,603,5,20.21,38.18,1011.55,14.12"
13:52:27,"159,540,540,603,5,20.20,38.17,1011.57,13.97"
13:52:29,"159,540,540,603,5,20.19,38.17,1011.57,13.99"
13:52:31,"159,540,540,604,5,20.19,38.19,1011.52,14.37"
13:52:33,"159,555,555,603,5,20.20,38.18,1011.56,14.09"
13:52:36,"159,558,558,604,5,20.19,38.18,1011.55,14.14"
13:52:38,"160,561,561,604,5,20.20,38.20,1011.56,14.12"
13:52:40,"160,561,561,604,5,20.20,38.21,1011.53,14.36"
13:52:42,"160,561,561,604,5,20.20,38.21,1011.56,14.06"
13:52:45,"160,561,561,604,5,20.20,38.21,1011.56,14.12"
13:52:47,"163,555,555,605,5,20.20,38.15,1011.55,14.14"
13:52:49,"160,547,547,605,5,20.20,38.14,1011.55,14.13"
13:52:51,"160,546,546,605,5,20.19,38.15,1011.58,13.88"
13:52:53,"160,546,546,605,5,20.19,38.17,1011.57,13.99"
13:52:56,"160,546,546,605,5,20.19,38.15,1011.55,14.20"
13:52:58,"160,549,549,605,5,20.20,38.17,1011.57,14.01"
13:53:00,"160,547,547,605,5,20.20,38.19,1011.52,14.38"
13:53:02,"160,546,546,605,5,20.20,38.17,1011.57,14.03"
13:53:04,"160,546,546,605,5,20.20,38.19,1011.55,14.12"
13:53:07,"159,534,534,605,5,20.20,38.19,1011.54,14.21"
13:53:09,"159,522,522,605,5,20.20,38.19,1011.53,14.32"
13:53:11,"159,513,513,605,5,20.20,38.18,1011.57,14.02"
13:53:13,"159,513,513,605,5,20.21,38.19,1011.58,13.93"
13:53:16,"159,511,511,605,5,20.21,38.19,1011.56,14.12"
13:53:18,"159,510,510,605,5,20.21,38.18,1011.56,14.07"
13:53:20,"160,510,510,605,5,20.20,38.18,1011.54,14.29"
13:53:22,"160,508,508,605,5,20.21,38.18,1011.55,14.14"
13:53:24,"160,508,508,605,5,20.20,38.14,1011.58,13.90"
13:53:27,"160,508,508,605,5,20.19,38.17,1011.55,14.18"
13:53:29,"160,505,505,605,5,20.19,38.18,1011.57,14.01"
13:53:31,"159,504,504,605,5,20.19,38.20,1011.54,14.03"
13:53:33,"159,504,504,605,5,20.19,38.18,1011.56,14.04"
13:53:35,"159,489,489,605,5,20.19,38.20,1011.55,14.17"
13:53:38,"157,489,489,605,5,20.19,38.21,1011.56,14.08"
13:53:40,"157,489,489,605,5,20.19,38.21,1011.53,14.35"
13:53:41,PMS7003 checksum failed
13:53:42,"156,477,477,605,5,20.19,38.23,1011.54,14.28"
13:53:44,"156,477,477,605,5,20.19,38.22,1011.57,14.03"
13:53:47,"156,477,477,605,5,20.19,38.22,1011.58,13.94"
13:53:49,"159,469,469,605,5,20.19,38.22,1011.56,14.11"
13:53:51,"159,468,468,605,5,20.19,38.21,1011.55,14.17"
13:53:53,"157,465,465,605,5,20.19,38.20,1011.53,14.32"
13:53:54,PMS7003 checksum failed
13:53:56,"156,459,459,605,5,20.20,38.21,1011.54,14.23"
13:53:58,"157,459,459,605,5,20.19,38.21,1011.54,14.25"
13:54:00,"157,459,459,606,5,20.20,38.21,1011.55,14.16"
13:54:02,"157,459,459,606,5,20.19,38.23,1011.55,14.18"
13:54:04,"159,463,463,606,5,20.19,38.25,1011.56,14.06"
13:54:07,"157,459,459,606,5,20.19,38.23,1011.55,14.15"
13:54:09,"157,459,459,606,5,20.19,38.23,1011.54,14.25"
13:54:11,"157,459,459,606,5,20.19,38.25,1011.58,13.92"
13:54:13,"159,460,460,606,5,20.19,38.23,1011.54,14.24"
13:54:15,"159,460,460,606,5,20.18,38.23,1011.55,14.15"
13:54:18,"159,459,459,606,5,20.19,38.23,1011.54,14.23"
13:54:20,"159,459,459,606,5,20.18,38.23,1011.53,14.31"
13:54:22,"159,459,459,606,5,20.18,38.23,1011.55,14.17"
13:54:24,"159,457,457,606,5,20.18,38.23,1011.54,14.27"
13:54:27,"157,457,457,606,5,20.18,38.24,1011.53,14.35"
13:54:29,"157,457,457,606,5,20.18,38.24,1011.53,14.35"
13:54:30,PMS7003 checksum failed
13:54:31,"157,447,447,606,5,20.18,38.24,1011.53,14.31"
13:54:33,"156,444,444,606,5,20.18,38.25,1011.57,13.96"
13:54:35,"156,441,441,606,5,20.17,38.27,1011.53,14.33"
13:54:38,"156,441,441,606,5,20.17,38.29,1011.56,14.08"
13:54:40,"156,432,432,606,5,20.17,38.28,1011.54,14.26"
13:54:42,"156,430,430,606,5,20.18,38.27,1011.57,14.03"
13:54:44,"156,429,429,606,5,20.18,38.26,1011.55,14.13"
13:54:47,"156,429,429,606,5,20.19,38.23,1011.57,14.01"
13:54:49,"156,429,429,606,5,20.18,38.23,1011.55,14.17"
13:54:51,"157,429,429,606,5,20.19,38.23,1011.56,14.08"
13:54:53,"157,429,429,606,5,20.19,38.23,1011.54,14.27"
13:54:55,"160,429,429,607,5,20.20,38.21,1011.55,14.13"
13:54:58,"162,430,430,606,5,20.19,38.21,1011.58,13.94"
13:55:00,"162,430,430,606,5,20.20,38.20,1011.55,14.20"
13:55:02,"162,429,429,607,5,20.20,38.20,1011.56,14.08"
13:55:04,"160,423,423,607,5,20.20,38.20,1011.58,13.92"
13:55:06,"160,423,423,607,5,20.20,38.20,1011.55,14.16"
13:55:09,"159,421,421,607,5,20.20,38.20,1011.55,14.19"
13:55:11,"159,421,421,606,5,20.19,38.21,1011.57,14.00"
13:55:13,"159,421,421,606,5,20.20,38.21,1011.54,14.22"
13:55:15,"159,423,423,606,5,20.20,38.21,1011.57,14.02"
13:55:18,"159,423,423,606,5,20.20,38.20,1011.55,14.16"
13:55:20,"159,423,423,607,5,20.20,38.20,1011.57,13.97"
13:55:22,"159,424,424,607,5,20.20,38.22,1011.55,14.14"
13:55:24,"160,429,429,606,5,20.20,38.20,1011.55,14.19"
13:55:26,"160,429,429,607,5,20.20,38.20,1011.59,13.82"
13:55:29,"159,427,427,606,5,20.20,38.19,1011.55,14.14"
13:55:31,"159,429,429,606,5,20.20,38.18,1011.54,14.21"
13:55:33,"159,429,429,606,5,20.20,38.17,1011.57,13.99"
13:55:35,"159,429,429,606,5,20.20,38.19,1011.54,14.25"
13:55:37,"172,444,444,607,5,20.20,38.19,1011.58,13.91"
13:55:40,"174,444,444,606,5,20.19,38.15,1011.57,14.00"
13:55:42,"174,444,444,607,5,20.20,38.17,1011.56,14.09"
13:55:43,PMS7003 checksum failed
13:55:44,"175,438,439,607,5,20.20,38.17,1011.55,14.20"
13:55:46,"174,438,438,607,5,20.19,38.19,1011.54,14.28"
13:55:49,"169,433,435,607,5,20.19,38.19,1011.55,14.16"
13:55:51,"169,433,435,607,5,20.19,38.20,1011.53,14.32"
13:55:53,"169,432,433,607,5,20.19,38.21,1011.55,14.18"
13:55:55,"168,432,432,607,5,20.19,38.23,1011.56,14.05"
13:55:57,"168,432,432,607,5,20.19,38.22,1011.53,14.35"
13:56:00,"168,432,432,607,5,20.19,38.22,1011.56,14.08"
13:56:02,"168,433,433,607,5,20.20,38.23,1011.58,13.91"
13:56:04,"168,432,432,607,5,20.19,38.22,1011.54,14.22"
13:56:06,"168,432,432,607,5,20.19,38.22,1011.56,14.08"
13:56:09,"165,426,426,607,5,20.19,38.25,1011.55,14.20"
13:56:11,"165,424,424,607,5,20.19,38.25,1011.55,14.18"
13:56:13,"165,424,424,607,5,20.19,38.20,1011.59,13.82"
13:56:15,"165,426,426,607,5,20.19,38.23,1011.58,13.87"
13:56:17,"165,427,427,607,5,20.19,38.22,1011.55,14.13"
13:56:20,"166,429,429,607,5,20.20,38.23,1011.57,13.96"
13:56:22,"165,424,424,607,5,20.20,38.22,1011.55,14.13"
13:56:24,"165,424,424,607,5,20.19,38.21,1011.57,13.99"
13:56:26,"165,424,424,607,5,20.19,38.20,1011.56,14.06"
13:56:28,"165,424,424,607,5,20.19,38.20,1011.54,14.24"
13:56:31,"165,426,426,607,5,20.20,38.21,1011.55,14.20"
13:56:33,"165,426,426,607,5,20.20,38.20,1011.58,13.90"
13:56:35,"165,426,426,607,5,20.20,38.20,1011.56,14.12"
13:56:37,"165,427,427,607,5,20.20,38.19,1011.54,14.21"
13:56:40,"165,429,429,608,5,20.20,38.19,1011.53,14.36"
13:56:42,"165,429,429,607,5,20.20,38.20,1011.55,14.15"
13:56:44,"165,433,433,608,5,20.19,38.19,1011.56,14.11"
13:56:46,"165,432,432,608,5,20.19,38.18,1011.53,14.32"
13:56:48,"165,432,432,608,5,20.19,38.19,1011.52,14.43"
13:56:51,"165,432,432,608,5,20.20,38.19,1011.55,14.14"
13:56:53,"165,432,432,608,5,20.20,38.20,1011.55,14.19"
13:56:55,"165,430,430,608,5,20.19,38.20,1011.56,14.08"
13:56:57,"165,429,429,608,5,20.20,38.21,1011.53,14.34"
13:56:59,"165,426,426,608,5,20.20,38.20,1011.56,14.07"
13:57:02,"165,424,424,608,5,20.20,38.20,1011.53,14.34"
13:57:04,"165,424,424,608,5,20.20,38.21,1011.56,14.08"
13:57:06,"165,424,424,608,5,20.19,38.20,1011.54,14.23"
13:57:08,"163,420,420,608,5,20.20,38.21,1011.53,14.30"
13:57:11,"163,418,418,608,5,20.19,38.21,1011.53,14.30"
13:57:13,"162,418,418,608,5,20.20,38.21,1011.55,14.16"
13:57:15,"162,418,418,608,5,20.20,38.21,1011.55,14.15"
13:57:17,"165,420,420,608,5,20.20,38.22,1011.57,13.98"
13:57:19,"168,421,421,608,5,20.20,38.21,1011.53,14.36"
13:57:22,"168,417,417,608,5,20.20,38.22,1011.54,14.29"
13:57:24,"168,417,417,608,5,20.20,38.22,1011.56,14.10"
13:57:26,"168,415,415,608,5,20.20,38.21,1011.53,14.34"
13:57:28,"168,415,415,608,5,20.21,38.20,1011.52,14.43"
13:57:31,"169,420,420,608,5,20.21,38.19,1011.56,14.07"
13:57:33,"169,420,420,608,5,20.21,38.20,1011.55,14.12"
13:57:35,"168,418,418,608,5,20.21,38.19,1011.52,14.38"
13:57:37,"168,418,418,608,5,20.21,38.20,1011.53,14.29"
13:57:39,"168,418,418,608,5,20.21,38.20,1011.57,14.00"
13:57:42,"168,418,418,608,5,20.21,38.20,1011.48,14.77"
13:57:44,"168,418,418,608,5,20.21,38.20,1011.52,14.38"
13:57:46,"168,426,426,609,5,20.21,38.19,1011.54,14.21"
13:57:48,"168,427,427,609,5,20.21,38.19,1011.53,14.34"
13:57:50,"168,427,427,609,5,20.22,38.20,1011.53,14.34"
13:57:52,PMS7003 checksum failed
13:57:53,"166,418,418,609,5,20.22,38.21,1011.52,14.38"
13:57:55,"166,417,417,609,5,20.21,38.21,1011.53,14.34"
13:57:57,"166,417,417,609,5,20.21,38.21,1011.54,14.23"
13:57:59,"12,412,609,5,20.22,38.21,1011.56,14.11"
13:58:02,"168,411,411,608,5,20.22,38.20,1011.52,14.39"
13:58:04,"168,412,412,608,5,20.22,38.22,1011.51,14.48"
13:58:05,PMS7003 checksum failed
13:58:06,"169,415,415,609,5,20.21,38.20,1011.54,14.26"
13:58:08,"171,417,417,608,5,20.22,38.20,1011.54,14.26"
13:58:10,"171,420,420,608,5,20.22,38.21,1011.52,14.42"
13:58:13,"171,420,420,608,5,20.21,38.21,1011.53,14.29"
13:58:15,"174,418,418,609,5,20.21,38.21,1011.52,14.41"
13:58:17,"174,417,417,608,5,20.20,38.21,1011.49,14.66"
13:58:19,"174,417,417,608,5,20.21,38.20,1011.50,14.54"
13:58:22,"174,415,415,608,5,20.21,38.21,1011.53,14.34"
13:58:24,"175,415,415,608,5,20.21,38.21,1011.49,14.69"
13:58:26,"175,415,415,608,5,20.21,38.21,1011.49,14.77"
13:58:28,"177,420,420,608,5,20.20,38.23,1011.51,14.53"
13:58:30,"177,420,420,608,5,20.20,38.22,1011.51,14.48"
13:58:33,"177,420,420,608,5,20.19,38.22,1011.50,14.59"
13:58:35,"177,421,421,608,5,20.20,38.20,1011.53,14.30"
13:58:37,"178,423,423,608,5,20.20,38.19,1011.52,14.43"
13:58:39,"178,423,423,608,5,20.21,38.15,1011.50,14.55"
13:58:40,PMS7003 checksum failed
13:58:42,"190,436,436,608,5,20.20,38.14,1011.50,14.61"
13:58:44,"192,438,438,608,5,20.21,38.12,1011.50,14.57"
13:58:46,"192,438,438,608,5,20.20,38.14,1011.47,14.81"
13:58:48,"192,438,438,608,5,20.21,38.14,1011.51,14.49"
13:58:50,"195,454,454,608,5,20.21,38.14,1011.54,14.26"
13:58:53,"198,457,457,608,5,20.21,38.17,1011.50,14.57"
13:58:55,"198,457,457,608,5,20.21,38.19,1011.51,14.52"
13:58:57,"198,457,457,608,5,20.20,38.19,1011.51,14.48"
13:58:59,"198,456,456,608,5,20.20,38.20,1011.48,14.75"
13:59:01,"199,456,456,608,5,20.20,38.19,1011.49,14.68"
13:59:04,"199,456,456,608,5,20.20,38.20,1011.48,14.78"
13:59:06,"195,450,450,608,5,20.20,38.19,1011.45,15.03"
13:59:08,"195,448,448,608,5,20.20,38.20,1011.45,15.03"
13:59:10,"195,448,448,608,5,20.20,38.21,1011.49,14.65"
13:59:13,"190,441,441,608,5,20.19,38.20,1011.46,14.93"
13:59:15,"190,442,442,608,5,20.20,38.19,1011.47,14.83"
13:59:17,"190,442,442,608,5,20.20,38.19,1011.48,14.78"
13:59:19,"186,438,439,608,5,20.20,38.19,1011.54,14.29"
13:59:21,"184,436,438,608,5,20.20,38.19,1011.46,14.88"
13:59:24,"184,436,438,608,5,20.20,38.19,1011.47,14.86"
13:59:26,"180,438,438,608,5,20.20,38.20,1011.48,14.74"
13:59:28,"180,438,438,608,5,20.20,38.19,1011.45,14.98"
13:59:30,"180,438,439,608,5,20.20,38.17,1011.44,15.05"
13:59:32,"180,439,441,608,5,20.20,38.18,1011.45,15.00"
13:59:35,"180,444,444,608,5,20.20,38.20,1011.46,14.90"
13:59:37,"0,444,444,607,5,20.20,38.20,1011.46,14.89"
13:59:39,"178,439,441,607,5,20.20,38.15,1011.49,14.65"
13:59:41,"178,439,441,608,5,20.20,38.12,1011.45,14.99"
13:59:44,"177,441,441,608,5,20.20,38.12,1011.49,14.70"
13:59:46,"177,441,441,608,5,20.20,38.14,1011.45,14.98"
13:59:48,"177,438,438,608,5,20.20,38.15,1011.46,14.91"
13:59:50,"175,436,436,608,5,20.20,38.17,1011.43,15.15"
13:59:52,"177,436,436,608,5,20.20,38.15,1011.45,14.96"
13:59:54,PMS7003 checksum failed
13:59:55,"178,435,435,608,5,20.19,38.15,1011.42,15.12"
13:59:57,"180,433,433,608,5,20.20,38.15,1011.42,15.22"
13:59:59,"178,423,423,607,5,20.20,38.14,1011.44,15.12"
14:00:01,"178,423,423,607,5,20.20,38.17,1011.48,14.75"
14:00:04,"177,423,423,608,5,20.21,38.17,1011.46,14.89"
14:00:06,"177,423,423,608,5,20.21,38.15,1011.45,14.98"
14:00:08,"186,429,429,608,5,20.21,38.18,1011.47,14.85"
14:00:10,"186,429,429,608,5,20.21,38.18,1011.43,15.19"
14:00:12,"186,429,429,608,5,20.21,38.18,1011.43,15.14"
14:00:15,"186,429,429,607,5,20.21,38.14,1011.43,15.20"
14:00:17,"186,429,429,607,5,20.21,38.16,1011.43,15.20"
14:00:19,"190,430,430,608,5,20.22,38.16,1011.47,14.86"
14:00:21,"192,432,432,608,5,20.22,38.16,1011.43,15.14"
14:00:23,"192,432,432,608,5,20.21,38.13,1011.43,15.16"
14:00:26,"192,432,432,608,5,20.21,38.13,1011.40,15.41"
14:00:28,"192,432,432,607,5,20.21,38.14,1011.42,15.27"
14:00:30,"184,429,429,608,5,20.21,38.14,1011.43,15.15"
14:00:32,"183,435,435,608,5,20.21,38.14,1011.43,15.19"
14:00:35,"186,438,438,608,5,20.20,38.15,1011.43,15.13"
14:00:37,"187,441,441,608,5,20.20,38.17,1011.44,15.05"
14:00:39,"187,441,441,608,5,20.20,38.18,1011.47,14.83"
14:00:41,"192,450,450,608,5,20.20,38.18,1011.42,15.27"
14:00:43,"196,453,453,608,5,20.20,38.19,1011.46,14.95"
14:00:46,"196,453,453,607,5,20.20,38.19,1011.42,15.26"
14:00:48,"198,454,454,608,5,20.20,38.19,1011.41,15.29"
14:00:50,"198,454,454,608,5,20.20,38.20,1011.45,15.02"
14:00:52,"198,454,454,608,5,20.20,38.20,1011.45,15.01"
14:00:55,"198,447,447,608,5,20.20,38.20,1011.42,15.26"
14:00:57,"196,447,447,607,5,20.20,38.20,1011.43,15.13"
14:00:59,"195,444,444,607,5,20.20,38.21,1011.43,15.17"
14:01:01,"195,444,444,607,5,20.19,38.23,1011.41,15.35"
14:01:03,"195,444,444,608,5,20.20,38.21,1011.41,15.30"
14:01:06,"195,444,444,608,5,20.20,38.20,1011.42,15.29"
14:01:08,"201,447,447,607,5,20.20,38.22,1011.44,15.06"
14:01:10,"201,439,439,607,5,20.19,38.22,1011.41,15.31"
14:01:12,"201,438,438,607,5,20.20,38.21,1011.41,15.33"
14:01:14,"202,438,438,607,5,20.19,38.21,1011.39,15.50"
14:01:17,"202,438,438,607,5,20.20,38.22,1011.39,15.50"
14:01:19,"207,441,441,607,5,20.20,38.22,1011.44,15.07"
14:01:21,"210,444,444,607,5,20.20,38.20,1011.42,15.24"
14:01:23,"210,447,447,607,5,20.20,38.21,1011.40,15.43"
14:01:26,"210,447,447,607,5,20.21,38.20,1011.44,15.06"
14:01:28,"207,445,445,607,5,20.22,38.20,1011.42,15.24"
14:01:30,"202,444,444,606,5,20.21,38.19,1011.40,15.38"
14:01:32,"196,439,439,606,5,20.21,38.17,1011.39,15.48"
14:01:34,"196,439,439,607,5,20.22,38.16,1011.39,15.52"
14:01:37,"195,438,438,607,5,20.22,38.10,1011.40,15.43"
14:01:39,"195,439,439,606,5,20.22,38.14,1011.43,15.13"
14:01:41,"192,441,441,607,5,20.21,38.14,1011.40,15.45"
14:01:43,"192,439,439,607,5,20.21,38.14,1011.42,15.23"
14:01:45,"192,441,441,607,5,20.21,38.15,1011.39,15.47"
14:01:48,"192,441,441,607,5,20.21,38.15,1011.39,15.52"
14:01:50,"192,441,441,607,5,20.21,38.17,1011.40,15.41"
14:01:52,"192,441,441,606,5,20.20,38.15,1011.38,15.58"
14:01:54,"192,441,441,606,5,20.20,38.17,1011.39,15.48"
14:01:57,"195,441,441,606,5,20.21,38.17,1011.41,15.36"
14:01:59,"195,441,441,606,5,20.20,38.15,1011.40,15.41"
14:02:01,"196,441,441,606,5,20.20,38.14,1011.47,14.86"
14:02:02,PMS7003 checksum failed
14:02:03,"201,450,450,606,5,20.20,38.11,1011.40,15.45"
14:02:05,"201,451,453,606,5,20.21,38.12,1011.41,15.36"
14:02:08,"202,453,454,606,5,20.20,38.15,1011.38,15.62"
14:02:10,"205,456,456,606,5,20.20,38.17,1011.39,15.52"
14:02:12,"207,457,457,606,5,20.20,38.15,1011.41,15.35"
14:02:14,"207,459,459,606,5,20.20,38.17,1011.42,15.26"
14:02:15,PMS7003 checksum failed
14:02:17,"211,463,463,606,5,20.20,38.17,1011.41,15.33"
14:02:19,"211,463,463,606,5,20.20,38.19,1011.43,15.18"
14:02:21,"211,462,462,606,5,20.19,38.18,1011.37,15.68"
14:02:23,"211,462,462,606,5,20.19,38.20,1011.39,15.51"
14:02:25,"213,460,460,606,5,20.19,38.19,1011.41,15.35"
14:02:28,"210,456,456,606,5,20.19,38.17,1011.40,15.42"
14:02:30,"210,456,456,606,5,20.19,38.17,1011.41,15.30"
14:02:32,"208,456,456,606,5,20.19,38.17,1011.37,15.68"
14:02:34,"208,456,456,607,5,20.20,38.17,1011.41,15.34"
14:02:37,"208,456,456,607,5,20.20,38.13,1011.40,15.39"
14:02:39,"205,451,451,607,5,20.19,38.13,1011.38,15.54"
14:02:41,"205,453,453,607,5,20.19,38.13,1011.39,15.46"
14:02:43,"205,453,453,607,5,20.20,38.15,1011.35,15.82"
14:02:45,"207,456,456,607,5,20.20,38.15,1011.36,15.71"
14:02:48,"207,457,457,607,5,20.20,38.14,1011.38,15.61"
14:02:50,"210,460,460,607,5,20.20,38.18,1011.39,15.50"
14:02:51,PMS7003 checksum failed
14:02:52,"219,474,474,607,5,20.20,38.15,1011.40,15.44"
14:02:54,"219,474,474,607,5,20.21,38.15,1011.41,15.31"
14:02:56,"217,474,475,607,5,20.20,38.17,1011.38,15.58"
14:02:59,"217,474,475,608,5,20.21,38.17,1011.38,15.56"
14:03:01,"214,474,474,608,5,20.20,38.17,1011.38,15.56"
14:03:03,"213,471,471,608,5,20.20,38.15,1011.37,15.63"
14:03:05,"213,468,469,608,5,20.22,38.14,1011.40,15.41"
14:03:08,"213,468,469,608,5,20.21,38.13,1011.37,15.64"
14:03:10,"213,466,466,608,5,20.22,38.13,1011.41,15.32"
14:03:12,"211,465,465,607,5,20.22,38.13,1011.38,15.65"
14:03:14,"211,465,465,607,5,20.22,38.13,1011.38,15.58"
14:03:16,"219,465,465,607,5,20.21,38.14,1011.38,15.57"
14:03:19,"222,466,466,608,5,20.21,38.14,1011.37,15.68"
14:03:21,"225,468,468,608,5,20.21,38.13,1011.37,15.65"
14:03:23,"231,474,474,608,5,20.22,38.13,1011.36,15.77"
14:03:25,"229,474,474,607,5,20.22,38.13,1011.36,15.74"
14:03:26,PMS7003 checksum failed
14:03:28,"231,471,471,607,5,20.22,38.14,1011.34,15.88"
14:03:30,"231,468,468,607,5,20.22,38.13,1011.37,15.70"
14:03:32,"231,468,468,607,5,20.21,38.13,1011.38,15.61"
14:03:34,"231,465,465,608,5,20.22,38.14,1011.40,15.38"
14:03:36,"231,465,465,608,5,20.21,38.15,1011.38,15.60"
14:03:39,"231,466,466,608,5,20.22,38.16,1011.41,15.37"
14:03:41,"231,468,468,608,5,20.21,38.16,1011.38,15.57"
14:03:43,"231,468,468,608,5,20.22,38.17,1011.38,15.58"
14:03:45,"231,468,468,607,5,20.22,38.16,1011.35,15.83"
14:03:48,"231,469,469,608,5,20.21,38.17,1011.36,15.77"
14:03:50,"231,469,469,608,5,20.22,38.19,1011.40,15.41"
14:03:52,"225,468,468,608,5,20.21,38.18,1011.36,15.73"
14:03:54,"223,465,465,608,5,20.21,38.17,1011.39,15.53"
14:03:56,"223,465,465,608,5,20.21,38.15,1011.38,15.56"
14:03:59,"7,457,457,608,5,20.21,38.14,1011.38,15.54"
14:04:01,"216,450,450,608,5,20.22,38.16,1011.38,15.55"
14:04:03,"216,450,450,608,5,20.21,38.14,1011.39,15.46"
14:04:05,"216,451,451,607,5,20.22,38.14,1011.39,15.50"
14:04:07,"217,451,451,608,5,20.22,38.16,1011.39,15.52"
14:04:10,"217,451,451,607,5,20.22,38.16,1011.40,15.44"
14:04:12,"220,456,456,607,5,20.21,38.17,1011.38,15.61"
14:04:14,"220,456,456,607,5,20.22,38.16,1011.39,15.48"
14:04:16,"220,456,456,607,5,20.23,38.16,1011.39,15.50"
14:04:19,"220,457,457,607,5,20.23,38.14,1011.41,15.36"
14:04:21,"223,463,463,607,5,20.23,38.14,1011.39,15.51"
14:04:23,"223,463,463,607,5,20.22,38.14,1011.41,15.32"
14:04:25,"228,468,468,607,5,20.22,38.16,1011.38,15.61"
14:04:27,"228,468,468,607,5,20.22,38.16,1011.37,15.63"
14:04:30,"226,468,468,607,5,20.21,38.13,1011.39,15.47"
14:04:32,"226,468,468,607,5,20.21,38.11,1011.37,15.56"
14:04:34,"219,465,465,607,5,20.21,38.13,1011.37,15.67"
14:04:36,"219,465,465,607,5,20.21,38.14,1011.38,15.58"
14:04:38,"219,465,465,607,5,20.21,38.12,1011.40,15.45"
14:04:40,PMS7003 checksum failed
14:04:41,"222,471,471,607,5,20.21,38.12,1011.39,15.49"
14:04:43,"231,483,483,607,5,20.21,38.12,1011.34,15.93"
14:04:45,"234,483,483,607,5,20.21,38.12,1011.38,15.55"
14:04:47,"234,483,483,607,5,20.20,38.14,1011.38,15.61"
14:04:50,"234,483,483,607,5,20.20,38.14,1011.40,15.45"
14:04:52,"234,483,483,607,5,20.20,38.13,1011.37,15.67"
14:04:54,"228,477,477,607,5,20.20,38.17,1011.38,15.55"
14:04:56,"228,477,477,607,5,20.21,38.14,1011.40,15.41"
14:04:58,"228,478,478,607,5,20.20,38.14,1011.37,15.62"
14:05:01,"228,480,480,607,5,20.20,38.13,1011.39,15.47"
14:05:03,"228,480,480,606,5,20.21,38.13,1011.37,15.67"
14:05:05,"226,480,480,607,5,20.22,38.14,1011.41,15.36"
14:05:07,"226,483,483,607,5,20.22,38.12,1011.39,15.53"
14:05:10,"226,483,483,607,5,20.21,38.12,1011.36,15.78"
14:05:12,"226,486,486,607,5,20.22,38.12,1011.41,15.32"
14:05:14,"228,487,487,607,5,20.23,38.10,1011.41,15.36"
14:05:16,"235,490,490,607,5,20.23,38.10,1011.40,15.38"
14:05:18,"231,481,481,607,5,20.23,38.11,1011.38,15.57"
14:05:21,"229,480,480,607,5,20.23,38.11,1011.37,15.65"
14:05:23,"228,478,478,607,5,20.22,38.10,1011.33,16.01"
14:05:25,"228,478,478,606,5,20.23,38.09,1011.36,15.71"
14:05:27,"229,475,475,606,5,20.24,38.08,1011.37,15.63"
14:05:29,"228,471,471,606,5,20.24,38.08,1011.36,15.71"
14:05:32,"228,471,471,606,5,20.24,38.09,1011.37,15.69"
14:05:34,"228,471,471,606,5,20.24,38.09,1011.37,15.66"
14:05:36,"228,469,469,606,5,20.24,38.09,1011.36,15.74"
14:05:38,"228,469,469,606,5,20.24,38.10,1011.36,15.71"
14:05:41,"220,459,459,606,5,20.24,38.09,1011.35,15.85"
14:05:43,"219,456,456,606,5,20.25,38.08,1011.41,15.32"
14:05:45,"219,453,453,605,5,20.25,38.05,1011.38,15.61"
14:05:47,"219,453,453,605,5,20.25,38.03,1011.36,15.71"
14:05:49,"217,451,451,606,5,20.25,38.03,1011.39,15.52"
14:05:52,"216,450,450,606,5,20.25,38.01,1011.37,15.68"
14:05:54,"219,453,453,606,5,20.25,38.00,1011.39,15.51"
14:05:56,"222,456,456,606,5,20.25,38.01,1011.34,15.93"
14:05:58,"222,456,456,606,5,20.25,38.00,1011.41,15.30"
14:06:00,"222,453,453,606,5,20.25,38.00,1011.40,15.43"
14:06:03,"222,453,453,606,5,20.26,38.01,1011.39,15.50"
14:06:05,"214,456,456,606,5,20.26,37.98,1011.38,15.62"
14:06:07,"213,454,454,606,5,20.26,38.01,1011.36,15.77"
14:06:09,"213,454,454,607,5,20.25,38.03,1011.36,15.73"
14:06:12,"213,454,454,607,5,20.26,38.03,1011.35,15.82"
14:06:14,"205,450,450,607,5,20.26,38.04,1011.38,15.61"
14:06:16,"201,454,454,607,5,20.27,38.04,1011.38,15.59"
14:06:18,"198,456,456,607,5,20.26,38.04,1011.36,15.71"
14:06:20,"198,456,456,607,5,20.26,38.04,1011.34,15.94"
14:06:23,"196,454,454,607,5,20.27,38.05,1011.36,15.76"
14:06:25,"196,453,453,607,5,20.27,38.06,1011.34,15.88"
14:06:27,"198,459,459,607,5,20.27,38.07,1011.35,15.82"
14:06:29,"199,460,460,607,5,20.27,38.05,1011.36,15.72"
14:06:31,"201,462,462,607,5,20.27,38.05,1011.35,15.80"
14:06:34,"201,462,462,607,5,20.27,38.07,1011.37,15.70"
14:06:36,"201,462,462,607,5,20.27,38.07,1011.38,15.58"
14:06:38,"204,462,462,608,5,20.27,38.07,1011.35,15.79"
14:06:40,"204,462,462,608,5,20.27,38.08,1011.37,15.66"
14:06:43,"204,459,459,608,5,20.27,38.08,1011.36,15.74"
14:06:45,"205,460,460,608,5,20.27,38.09,1011.35,15.82"
14:06:47,"205,462,462,608,5,20.27,38.07,1011.35,15.87"
14:06:48,PMS7003 checksum failed
14:06:49,"210,468,468,608,5,20.27,38.06,1011.34,15.92"
14:06:51,"211,469,469,609,5,20.27,38.07,1011.34,15.93"
14:06:54,"211,469,469,609,5,20.27,38.06,1011.36,15.71"
14:06:56,"211,471,472,609,5,20.27,38.03,1011.35,15.80"
14:06:58,"213,471,471,609,5,20.27,38.03,1011.34,15.90"
14:07:00,"213,469,471,609,5,20.28,38.02,1011.39,15.46"
14:07:01,PMS7003 checksum failed
14:07:03,"211,462,462,609,5,20.28,38.02,1011.36,15.76"
14:07:05,"210,459,460,610,5,20.28,38.01,1011.37,15.70"
14:07:07,"210,457,459,610,5,20.27,38.01,1011.37,15.68"
14:07:09,"210,457,459,610,5,20.27,38.00,1011.37,15.69"
14:07:11,"208,450,450,611,5,20.27,37.99,1011.34,15.90"
14:07:14,"205,441,441,611,5,20.28,37.99,1011.35,15.83"
14:07:16,"205,441,441,611,5,20.27,38.00,1011.35,15.84"
14:07:18,"205,441,442,611,5,20.27,37.97,1011.35,15.85"
14:07:20,"205,441,442,611,5,20.28,37.99,1011.34,15.96"
14:07:23,"205,441,442,612,5,20.27,37.99,1011.35,15.82"
14:07:25,"207,444,444,612,5,20.28,38.00,1011.37,15.70"
14:07:27,"207,442,444,612,5,20.28,37.99,1011.36,15.73"
14:07:29,"207,442,444,612,5,20.27,37.99,1011.36,15.77"
14:07:31,"207,441,442,612,5,20.26,37.99,1011.34,15.92"
14:07:34,"207,441,442,612,5,20.27,38.00,1011.34,15.87"
14:07:36,"205,439,441,612,5,20.27,38.01,1011.37,15.70"
14:07:37,PMS7003 checksum failed
14:07:38,"205,436,436,613,5,20.28,38.02,1011.34,15.95"
14:07:40,"205,435,435,613,5,20.28,38.01,1011.32,16.04"
14:07:43,"205,435,435,613,5,20.28,38.00,1011.33,15.71"
14:07:45,"205,435,435,613,5,20.27,38.00,1011.31,16.15"
14:07:47,"208,447,447,613,5,20.27,37.99,1011.31,16.18"
14:07:49,"210,447,447,613,5,20.27,37.99,1011.34,15.92"
14:07:51,"210,448,448,613,5,20.27,38.00,1011.34,15.92"
14:07:54,"210,448,448,613,5,20.28,38.00,1011.38,15.60"
14:07:56,"210,450,450,613,5,20.28,38.01,1011.35,15.80"
14:07:58,"211,453,453,613,5,20.27,38.01,1011.34,15.91"
14:08:00,"211,453,453,613,5,20.28,38.01,1011.35,15.82"
14:08:02,"210,454,454,613,5,20.28,38.02,1011.34,15.92"
14:08:05,"210,456,456,613,5,20.28,38.01,1011.35,15.81"
14:08:07,"210,456,456,613,5,20.27,37.99,1011.38,15.56"
14:08:09,"204,447,447,613,5,20.28,37.99,1011.36,15.73"
14:08:11,"199,442,442,613,5,20.28,37.99,1011.39,15.50"
14:08:14,"199,442,442,614,5,20.29,38.00,1011.37,15.62"
14:08:16,"201,447,447,614,5,20.28,38.01,1011.37,15.68"
14:08:18,"202,447,447,613,5,20.28,38.01,1011.34,15.92"
14:08:20,"202,447,447,613,5,20.28,38.00,1011.37,15.67"
14:08:22,"208,448,448,613,5,20.29,38.01,1011.37,15.69"
14:08:25,"208,448,448,613,5,20.28,38.00,1011.37,15.64"
14:08:27,"208,450,450,613,5,20.28,38.01,1011.34,15.91"
14:08:29,"208,448,448,613,5,20.28,38.00,1011.35,15.79"
14:08:31,"204,444,445,613,5,20.28,38.00,1011.37,15.67"
14:08:33,"204,444,445,613,5,20.29,38.00,1011.38,15.58"
14:08:36,"198,441,441,613,5,20.28,38.02,1011.37,15.69"
14:08:38,"196,439,441,614,5,20.28,38.01,1011.37,15.63"
14:08:40,"195,438,439,613,5,20.28,38.01,1011.37,15.64"
14:08:42,"195,438,439,614,5,20.28,38.01,1011.40,15.39"
14:08:45,"192,433,435,613,5,20.29,38.03,1011.41,15.34"
14:08:47,"192,432,433,614,5,20.28,38.02,1011.35,15.81"
14:08:49,"192,432,433,614,5,20.28,38.02,1011.36,15.73"
14:08:50,PMS7003 checksum failed
14:08:51,"192,435,436,614,5,20.29,38.02,1011.37,15.64"
14:08:53,"195,444,444,614,5,20.28,38.02,1011.35,15.82"
14:08:56,"198,447,447,614,5,20.28,38.02,1011.37,15.63"
14:08:58,"198,447,447,613,5,20.28,38.03,1011.37,15.67"
14:09:00,"198,445,447,613,5,20.28,38.03,1011.35,15.81"
14:09:02,"198,447,447,613,5,20.29,38.02,1011.36,15.79"
14:09:05,"198,451,453,613,5,20.29,38.03,1011.35,15.84"
14:09:07,"198,451,453,613,5,20.29,38.05,1011.38,15.60"
14:09:09,"198,451,453,614,5,20.29,38.05,1011.37,15.67"
14:09:11,"198,451,453,614,5,20.29,38.03,1011.35,15.81"
14:09:13,"198,451,453,614,5,20.29,38.06,1011.35,15.87"
14:09:16,"195,447,448,613,5,20.29,38.05,1011.38,15.60"
14:09:18,"190,441,441,613,5,20.28,38.04,1011.35,15.86"
14:09:20,"190,441,441,613,5,20.29,38.05,1011.37,15.64"
14:09:22,"189,441,441,614,5,20.29,38.02,1011.37,15.68"
14:09:24,"189,441,441,614,5,20.29,38.02,1011.37,15.69"
14:09:27,"186,438,438,614,5,20.29,38.00,1011.36,15.74"
14:09:29,"186,441,441,614,5,20.29,38.01,1011.35,15.82"
14:09:31,"184,441,441,614,5,20.29,37.99,1011.38,15.62"
14:09:33,"184,441,441,614,5,20.29,37.99,1011.36,15.74"
14:09:36,"184,441,441,614,5,20.29,37.96,1011.37,15.64"
14:09:38,"181,438,438,614,5,20.29,37.95,1011.36,15.77"
14:09:40,"3,441,441,614,5,20.29,37.94,1011.37,15.67"
14:09:42,"183,441,441,614,5,20.30,37.93,1011.38,15.54"
14:09:44,"183,444,444,613,5,20.29,37.93,1011.37,15.65"
14:09:47,"183,447,447,614,5,20.29,37.93,1011.38,15.60"
14:09:49,"183,447,447,613,5,20.29,37.94,1011.35,15.87"
14:09:51,"189,456,456,614,5,20.29,37.93,1011.37,15.65"
14:09:53,"189,456,456,613,5,20.29,37.94,1011.37,15.69"
14:09:55,"189,456,456,613,5,20.29,37.94,1011.34,15.90"
14:09:58,"189,456,456,613,5,20.28,37.94,1011.33,16.01"
14:10:00,"189,456,456,613,5,20.29,37.95,1011.36,15.74"
14:10:02,"190,459,459,613,5,20.29,37.96,1011.38,15.56"
14:10:04,"195,465,465,613,5,20.29,37.95,1011.36,15.74"
14:10:07,"198,459,459,613,5,20.29,37.95,1011.33,15.99"
14:10:09,"198,459,459,613,5,20.29,37.95,1011.37,15.65"
14:10:11,"198,459,459,613,5,20.29,37.94,1011.37,15.67"
14:10:13,"198,459,459,613,5,20.29,37.95,1011.36,15.71"
14:10:15,"198,456,456,613,5,20.29,37.94,1011.37,15.67"
14:10:18,"196,453,453,613,5,20.30,37.93,1011.36,15.71"
14:10:20,"195,453,453,613,5,20.29,37.93,1011.33,15.97"
14:10:22,"195,453,453,613,5,20.30,37.94,1011.35,15.82"
14:10:24,"192,450,450,613,5,20.29,37.94,1011.40,15.44"
14:10:27,"192,451,451,613,5,20.29,37.95,1011.36,15.72"
14:10:29,"189,447,447,613,5,20.29,37.96,1011.36,15.74"
14:10:31,"189,447,447,613,5,20.30,37.97,1011.36,15.78"
14:10:33,"189,447,447,612,5,20.29,37.96,1011.33,15.96"
14:10:35,"190,448,448,613,5,20.29,37.95,1011.38,15.58"
14:10:38,"193,459,459,613,5,20.29,37.95,1011.38,15.54"
14:10:40,"193,457,457,612,5,20.30,37.94,1011.36,15.78"
14:10:42,"193,457,457,613,5,20.30,37.94,1011.38,15.57"
14:10:44,"193,457,457,612,5,20.29,37.93,1011.39,15.53"
14:10:46,"192,457,457,612,5,20.29,37.92,1011.35,15.84"
14:10:49,"190,456,456,612,5,20.29,37.91,1011.32,16.04"
14:10:51,"190,456,456,612,5,20.30,37.90,1011.35,15.86"
14:10:53,"187,456,456,612,5,20.29,37.90,1011.33,16.03"
14:10:55,"189,459,459,612,5,20.29,37.91,1011.36,15.70"
14:10:58,"190,459,459,612,5,20.29,37.90,1011.36,15.72"
14:10:59,PMS7003 checksum failed
14:11:00,"195,457,457,611,5,20.29,37.90,1011.34,15.93"
14:11:02,"195,456,456,611,5,20.29,37.91,1011.34,15.91"
14:11:04,"195,456,456,611,5,20.29,37.92,1011.36,15.71"
14:11:06,"187,450,450,611,5,20.29,37.92,1011.35,15.82"
14:11:09,"186,450,450,611,5,20.29,37.93,1011.32,16.07"
14:11:11,"184,447,447,610,5,20.30,37.94,1011.34,15.89"
14:11:13,"183,444,444,611,5,20.29,37.94,1011.34,15.93"
14:11:15,"183,444,444,610,5,20.30,37.95,1011.37,15.68"
14:11:18,"183,444,444,610,5,20.29,37.95,1011.34,15.94"
14:11:20,"183,445,445,610,5,20.30,37.97,1011.35,15.82"
14:11:22,"183,445,445,610,5,20.29,37.96,1011.31,16.19"
14:11:24,"183,448,448,610,5,20.30,37.97,1011.34,15.91"
14:11:26,"183,453,453,610,5,20.29,37.96,1011.32,16.10"
14:11:29,"183,453,453,610,5,20.30,37.97,1011.34,15.95"
14:11:31,"183,454,454,610,5,20.30,37.98,1011.36,16.01"
14:11:33,"184,456,456,610,5,20.30,37.95,1011.35,15.82"
14:11:34,PMS7003 checksum failed
14:11:35,"186,459,459,610,5,20.30,37.95,1011.35,15.81"
14:11:37,"186,459,459,610,5,20.29,37.95,1011.35,15.82"
14:11:40,"186,457,459,610,5,20.30,37.94,1011.34,15.94"
14:11:42,"186,456,456,610,5,20.30,37.93,1011.36,15.72"
14:11:44,"186,456,456,609,5,20.30,37.93,1011.36,15.74"
14:11:46,"186,453,454,609,5,20.30,37.93,1011.42,15.27"
14:11:47,PMS7003 checksum failed
14:11:49,"186,450,451,609,5,20.29,37.92,1011.33,15.96"
14:11:51,"186,450,450,609,5,20.30,37.91,1011.36,15.78"
14:11:53,"187,450,450,609,5,20.30,37.92,1011.34,15.94"
14:11:55,"187,450,450,609,5,20.29,37.92,1011.33,16.02"
14:11:57,"198,459,459,609,5,20.29,37.92,1011.34,15.90"
14:12:00,"199,460,462,608,5,20.30,37.91,1011.37,15.65"
14:12:02,"201,462,462,609,5,20.30,37.92,1011.35,15.80"
14:12:04,"201,462,462,608,5,20.30,37.91,1011.35,15.86"
14:12:06,"204,465,465,608,5,20.30,37.91,1011.36,15.73"
14:12:09,"205,468,468,608,5,20.30,37.92,1011.33,16.01"
14:12:11,"205,468,468,608,5,20.30,37.92,1011.34,15.92"
14:12:13,"202,472,472,607,5,20.30,37.93,1011.35,15.85"
14:12:15,"201,471,471,608,5,20.29,37.94,1011.35,15.87"
14:12:17,"201,471,471,608,5,20.29,37.95,1011.34,15.89"
14:12:20,"195,462,462,608,5,20.28,37.92,1011.36,15.72"
14:12:22,"193,457,457,607,5,20.28,37.91,1011.33,16.03"
14:12:23,PMS7003 checksum failed
14:12:24,"196,465,465,607,5,20.28,37.89,1011.34,15.88"
14:12:26,"198,465,465,607,5,20.28,37.84,1011.35,15.82"
14:12:29,"198,465,465,607,5,20.28,37.83,1011.36,15.78"
14:12:31,"195,459,459,607,5,20.27,37.80,1011.32,16.06"
14:12:33,"195,459,459,606,5,20.27,37.79,1011.35,15.84"
14:12:35,"195,459,459,607,5,20.27,37.77,1011.37,15.72"
14:12:37,"195,459,459,607,5,20.27,37.75,1011.34,15.94"
14:12:40,"195,459,459,607,5,20.28,37.74,1011.39,15.53"
14:12:42,"195,457,457,607,5,20.28,37.74,1011.36,15.76"
14:12:44,"193,456,456,606,5,20.27,37.75,1011.37,15.70"
14:12:46,"193,456,456,606,5,20.27,37.74,1011.38,15.61"
14:12:48,"186,441,441,606,5,20.27,37.74,1011.34,15.94"
14:12:51,"184,441,441,606,5,20.27,37.75,1011.37,15.69"
14:12:53,"184,441,441,606,5,20.27,37.75,1011.37,15.68"
14:12:55,"186,442,442,606,5,20.28,37.76,1011.41,15.33"
14:12:57,"186,444,444,606,5,20.28,37.74,1011.37,15.66"
14:12:58,PMS7003 checksum failed
14:13:00,"183,445,447,606,5,20.28,37.74,1011.39,15.53"
14:13:02,"183,445,447,606,5,20.28,37.76,1011.34,15.88"
14:13:04,"183,445,447,606,5,20.26,37.74,1011.31,16.13"
14:13:06,"180,445,447,606,5,20.27,37.72,1011.35,15.80"
14:13:08,"180,445,447,606,5,20.27,37.72,1011.35,15.79"
14:13:11,"180,445,445,605,5,20.28,37.74,1011.35,15.85"
14:13:13,"178,445,445,605,5,20.27,37.77,1011.35,15.85"
14:13:15,"178,445,445,605,5,20.27,37.78,1011.37,15.70"
14:13:17,"178,445,445,605,5,20.27,37.77,1011.35,15.87"
14:13:20,"178,445,445,605,5,20.27,37.78,1011.36,15.73"
14:13:22,"45,445,604,5,20.27,37.77,1011.35,15.86"
14:13:24,"184,448,448,604,5,20.26,37.78,1011.37,15.69"
14:13:26,"186,447,447,604,5,20.25,37.76,1011.35,15.86"
14:13:28,"186,447,447,604,5,20.27,37.77,1011.39,15.53"
14:13:31,"7,459,459,604,5,20.27,37.78,1011.35,15.82"
14:13:33,"189,468,468,603,5,20.27,37.75,1011.38,15.62"
14:13:34,PMS7003 checksum failed
14:13:35,"183,456,456,603,5,20.27,37.77,1011.37,15.70"
14:13:37,"181,454,454,602,5,20.27,37.77,1011.32,16.09"
14:13:40,"181,454,454,602,5,20.27,37.75,1011.35,15.80"
14:13:42,"180,453,453,601,5,20.27,37.77,1011.36,15.75"
14:13:44,"180,453,453,601,5,20.27,37.77,1011.36,15.72"
14:13:46,"178,451,451,601,5,20.27,37.78,1011.41,15.31"
14:13:48,"178,451,451,601,5,20.28,37.78,1011.39,15.52"
14:13:51,"178,451,451,600,5,20.28,37.78,1011.38,15.59"
14:13:53,"178,451,451,600,5,20.27,37.80,1011.38,15.62"
14:13:55,"178,453,453,600,5,20.27,37.79,1011.37,15.63"
14:13:57,"178,453,453,599,5,20.27,37.79,1011.37,15.64"
14:13:59,"177,457,457,599,5,20.28,37.78,1011.39,15.49"
14:14:02,"175,457,457,599,5,20.28,37.78,1011.39,15.49"
14:14:04,"175,457,457,599,5,20.27,37.80,1011.36,15.75"
14:14:06,"174,450,450,598,5,20.28,37.79,1011.38,15.62"
14:14:08,"177,453,453,598,5,20.28,37.79,1011.38,15.62"
14:14:09,PMS7003 checksum failed
14:14:11,"180,453,454,598,5,20.28,37.79,1011.36,15.74"
14:14:13,"178,451,451,598,5,20.29,37.79,1011.37,15.67"
14:14:15,"178,451,451,597,5,20.28,37.79,1011.37,15.69"
14:14:17,"180,444,445,597,5,20.28,37.77,1011.40,15.42"
14:14:19,"180,444,445,597,5,20.29,37.77,1011.38,15.60"
14:14:22,"180,445,447,596,5,20.28,37.76,1011.37,15.64"
14:14:24,"180,445,447,596,5,20.28,37.76,1011.35,15.85"
14:14:26,"180,445,447,596,5,20.28,37.76,1011.36,15.73"
14:14:28,"178,444,445,596,5,20.28,37.74,1011.34,15.94"
14:14:31,"178,444,445,596,5,20.28,37.77,1011.37,15.66"
14:14:33,"178,444,445,596,5,20.27,37.75,1011.34,15.89"
14:14:35,"178,445,447,596,5,20.27,37.78,1011.36,15.77"
14:14:37,"178,445,447,596,5,20.27,37.80,1011.37,15.65"
14:14:39,"178,445,447,596,5,20.26,37.79,1011.36,15.77"
14:14:42,"177,448,448,596,5,20.27,37.79,1011.37,15.68"
14:14:44,"175,453,453,596,5,20.27,37.77,1011.37,15.70"
14:14:46,"175,453,453,596,5,20.27,37.78,1011.39,15.49"
14:14:48,"174,459,459,596,5,20.28,37.77,1011.36,15.77"
14:14:50,"171,459,459,596,5,20.27,37.77,1011.36,15.74"
14:14:53,"171,459,459,596,5,20.26,37.74,1011.36,15.76"
14:14:55,"169,456,456,595,5,20.26,37.72,1011.39,15.53"
14:14:57,"169,456,456,595,5,20.27,37.75,1011.35,15.85"
14:14:59,"171,456,456,595,5,20.27,37.75,1011.40,15.42"
14:15:02,"171,457,457,595,5,20.27,37.77,1011.35,15.84"
14:15:04,"174,459,459,596,5,20.26,37.73,1011.36,15.74"
14:15:06,"174,459,459,596,5,20.27,37.73,1011.35,15.79"
14:15:08,"172,456,456,595,5,20.27,37.74,1011.38,15.57"
14:15:10,"172,456,456,595,5,20.27,37.77,1011.36,15.77"
14:15:13,"172,456,456,595,5,20.26,37.76,1011.35,15.80"
14:15:15,"172,456,456,595,5,20.27,37.78,1011.37,15.69"
14:15:17,"171,456,456,595,5,20.26,37.80,1011.35,15.82"
14:15:19,"171,456,456,595,5,20.27,37.75,1011.35,15.56"
14:15:21,"171,454,454,595,5,20.26,37.76,1011.35,15.82"
14:15:24,"168,450,450,595,5,20.27,37.75,1011.36,15.77"
14:15:26,"168,450,450,595,5,20.26,37.75,1011.35,15.80"
14:15:28,"174,459,459,595,5,20.26,37.75,1011.36,15.77"
14:15:30,"180,463,463,595,5,20.25,37.76,1011.33,15.98"
14:15:33,"181,465,465,595,5,20.25,37.78,1011.32,16.05"
14:15:35,"183,466,466,595,5,20.25,37.78,1011.31,16.17"
14:15:37,"184,469,469,595,5,20.25,37.79,1011.33,15.96"
14:15:39,"183,474,474,595,5,20.26,37.78,1011.36,15.77"
14:15:41,"183,474,474,595,5,20.25,37.78,1011.36,15.71"
14:15:44,"183,481,481,595,5,20.25,37.75,1011.35,15.86"
14:15:46,"183,481,481,595,5,20.24,37.75,1011.33,16.03"
14:15:48,"183,480,480,595,5,20.25,37.74,1011.31,16.01"
14:15:50,"183,480,480,595,5,20.25,37.78,1011.35,15.83"
14:15:52,"177,468,468,595,5,20.25,37.81,1011.33,16.03"
14:15:55,"177,468,468,594,5,20.25,37.82,1011.34,15.92"
14:15:57,"177,466,466,594,5,20.26,37.82,1011.31,16.13"
14:15:59,"174,460,460,594,5,20.26,37.82,1011.34,15.89"
14:16:01,"174,460,460,594,5,20.26,37.82,1011.38,15.56"
14:16:04,"172,457,459,594,5,20.26,37.81,1011.33,16.03"
14:16:06,"174,462,463,594,5,20.26,37.82,1011.33,16.02"
14:16:08,"174,463,465,593,5,20.26,37.82,1011.33,16.03"
14:16:10,"174,463,465,593,5,20.25,37.83,1011.36,15.73"
14:16:12,"174,462,463,593,5,20.25,37.83,1011.34,15.94"
14:16:15,"172,462,462,592,5,20.24,37.82,1011.34,15.92"
14:16:16,PMS7003 checksum failed
14:16:17,"172,462,463,592,5,20.26,37.82,1011.34,15.91"
14:16:19,"172,462,463,592,5,20.25,37.82,1011.37,15.68"
14:16:21,"172,463,465,592,5,20.24,37.82,1011.35,15.87"
14:16:24,"172,463,465,592,5,20.24,37.83,1011.38,15.61"
14:16:26,"169,459,459,591,5,20.24,37.83,1011.34,15.90"
14:16:28,"169,459,459,590,5,20.24,37.83,1011.35,15.79"
14:16:30,"171,459,459,590,5,20.24,37.83,1011.35,15.85"
14:16:32,"171,459,459,590,5,20.24,37.84,1011.33,15.97"
14:16:35,"171,459,459,590,5,20.24,37.86,1011.38,15.62"
14:16:37,"171,459,459,590,5,20.25,37.85,1011.35,15.81"
14:16:39,"171,459,459,590,5,20.24,37.82,1011.34,15.91"
14:16:41,"168,453,453,589,5,20.24,37.82,1011.32,16.10"
14:16:44,"168,451,451,589,5,20.24,37.83,1011.31,16.16"
14:16:46,"168,451,451,589,5,20.24,37.82,1011.32,16.09"
14:16:48,"165,448,448,589,5,20.25,37.82,1011.34,15.95"
14:16:50,"165,450,450,588,5,20.25,37.82,1011.36,15.77"
14:16:51,PMS7003 checksum failed
14:16:52,"165,447,447,589,5,20.25,37.83,1011.33,15.96"
14:16:55,"165,450,450,588,5,20.25,37.82,1011.34,15.88"
14:16:57,"165,450,450,588,5,20.26,37.81,1011.33,15.99"
14:16:59,"163,450,450,588,5,20.25,37.82,1011.35,15.84"
14:17:01,"163,450,450,588,5,20.24,37.82,1011.33,15.97"
14:17:03,"163,447,447,587,5,20.25,37.83,1011.32,16.12"
14:17:06,"163,447,447,587,5,20.26,37.83,1011.39,15.48"
14:17:08,"163,447,447,587,5,20.26,37.82,1011.35,15.82"
14:17:10,"163,445,445,587,5,20.25,37.82,1011.35,15.83"
14:17:12,"163,444,444,587,5,20.25,37.83,1011.36,15.77"
14:17:15,"163,444,444,587,5,20.25,37.85,1011.32,16.10"
14:17:17,"166,444,444,587,5,20.25,37.85,1011.34,15.88"
14:17:19,"168,444,444,586,5,20.25,37.85,1011.34,15.92"
14:17:21,"168,444,444,586,5,20.25,37.85,1011.32,16.06"
14:17:23,"165,441,441,586,5,20.25,37.85,1011.31,16.18"
14:17:26,"165,447,447,586,5,20.25,37.85,1011.31,16.20"
14:17:28,"165,447,447,586,5,20.27,37.85,1011.34,15.90"
14:17:30,"165,444,444,586,5,20.26,37.86,1011.32,16.11"
14:17:32,"166,442,442,586,5,20.26,37.86,1011.35,15.84"
14:17:35,"166,442,442,586,5,20.26,37.87,1011.34,15.92"
14:17:37,"168,439,439,585,5,20.26,37.86,1011.34,15.91"
14:17:39,"168,439,439,586,5,20.26,37.85,1011.34,15.89"
14:17:41,"168,439,439,585,5,20.25,37.86,1011.33,15.96"
14:17:43,"168,439,439,586,5,20.26,37.85,1011.36,15.75"
14:17:46,"165,438,438,586,5,20.26,37.83,1011.36,15.77"
14:17:48,"165,438,438,586,5,20.26,37.85,1011.36,15.75"
14:17:50,"165,438,438,586,5,20.25,37.86,1011.33,16.02"
14:17:52,"165,439,439,586,5,20.25,37.86,1011.31,16.15"
14:17:54,"165,441,441,586,5,20.25,37.87,1011.33,16.00"
14:17:57,"165,441,441,586,5,20.26,37.86,1011.35,15.79"
14:17:59,"165,447,447,586,5,20.26,37.88,1011.40,15.42"
14:18:01,"165,447,447,586,5,20.26,37.87,1011.32,16.10"
14:18:03,"165,448,448,586,5,20.26,37.87,1011.34,15.95"
14:18:04,PMS7003 checksum failed
14:18:06,"168,453,453,587,5,20.26,37.87,1011.32,16.04"
14:18:08,"165,450,450,587,5,20.26,37.88,1011.33,16.01"
14:18:10,"163,451,451,586,5,20.26,37.88,1011.30,16.23"
14:18:12,"163,451,451,586,5,20.25,37.88,1011.30,16.25"
14:18:14,"163,453,453,586,5,20.26,37.88,1011.34,15.92"
14:18:17,"163,453,453,586,5,20.26,37.87,1011.32,16.05"
14:18:19,"162,457,457,586,5,20.26,37.88,1011.34,15.92"
14:18:21,"162,457,457,585,5,20.24,37.88,1011.32,16.12"
14:18:23,"162,456,456,586,5,20.26,37.87,1011.34,15.91"
14:18:26,"162,453,453,585,5,20.26,37.88,1011.33,16.01"
14:18:28,"162,453,453,585,5,20.25,37.89,1011.36,15.78"
14:18:30,"160,447,447,585,5,20.25,37.89,1011.33,15.96"
14:18:32,"162,447,447,585,5,20.25,37.88,1011.31,16.15"
14:18:34,"162,447,447,585,5,20.26,37.88,1011.35,15.87"
14:18:37,"162,447,447,585,5,20.26,37.87,1011.34,15.92"
14:18:39,"160,445,445,585,5,20.26,37.87,1011.35,15.87"
14:18:41,"162,447,447,585,5,20.26,37.87,1011.34,15.88"
14:18:43,"163,453,453,585,5,20.27,37.87,1011.35,15.80"
14:18:45,"163,453,453,585,5,20.27,37.87,1011.38,15.58"
14:18:48,"163,453,453,585,5,20.27,37.87,1011.35,15.82"
14:18:50,"163,453,453,585,5,20.26,37.86,1011.38,15.58"
14:18:52,"166,459,459,585,5,20.27,37.85,1011.37,15.66"
14:18:54,"171,469,469,585,5,20.28,37.83,1011.36,15.78"
14:18:57,"171,469,469,585,5,20.28,37.83,1011.36,15.73"
14:18:59,"171,471,471,585,5,20.28,37.84,1011.33,16.00"
14:19:01,"171,474,474,585,5,20.28,37.83,1011.35,15.85"
14:19:03,"171,474,474,585,5,20.28,37.84,1011.32,16.05"
14:19:05,"168,453,453,585,5,20.29,37.84,1011.34,15.88"
14:19:08,"168,451,451,585,5,20.29,37.83,1011.38,15.54"
14:19:10,"168,450,450,585,5,20.28,37.83,1011.36,15.74"
14:19:12,"168,450,450,585,5,20.29,37.83,1011.40,15.41"
14:19:14,"168,448,448,585,5,20.28,37.84,1011.36,15.77"
14:19:16,"169,447,447,585,5,20.28,37.84,1011.38,15.55"
14:19:19,"168,442,442,585,5,20.28,37.84,1011.34,15.94"
14:19:21,"169,447,447,585,5,20.28,37.85,1011.35,15.79"
14:19:23,"171,448,448,585,5,20.28,37.84,1011.38,15.58"
14:19:25,"171,450,450,585,5,20.27,37.85,1011.38,15.54"
14:19:28,"171,450,450,585,5,20.27,37.85,1011.38,15.57"
14:19:30,"171,451,451,585,5,20.28,37.85,1011.39,15.49"
14:19:32,"171,451,451,585,5,20.29,37.85,1011.40,15.43"
14:19:34,"171,453,453,585,5,20.29,37.85,1011.39,15.51"
14:19:36,"171,453,453,585,5,20.28,37.85,1011.42,15.28"
14:19:39,"2,462,462,586,5,20.28,37.84,1011.37,15.68"
14:19:41,"171,462,462,585,5,20.28,37.84,1011.38,15.60"
14:19:43,"171,462,462,586,5,20.28,37.84,1011.34,15.91"
14:19:45,"171,462,462,585,5,20.29,37.80,1011.40,15.40"
14:19:47,"171,463,463,586,5,20.28,37.84,1011.39,15.49"
14:19:50,"171,463,463,585,5,20.29,37.84,1011.37,15.69"
14:19:52,"169,456,456,586,5,20.29,37.81,1011.40,15.41"
14:19:54,"168,453,453,586,5,20.29,37.81,1011.40,15.38"
14:19:56,"168,450,450,586,5,20.29,37.81,1011.37,15.65"
14:19:59,"168,450,450,586,5,20.28,37.83,1011.40,15.45"
14:20:01,"168,448,448,586,5,20.29,37.83,1011.39,15.46"
14:20:03,"166,447,447,587,5,20.28,37.83,1011.39,15.52"
14:20:05,"166,447,447,587,5,20.29,37.84,1011.37,15.65"
14:20:07,"165,448,448,587,5,20.29,37.83,1011.37,15.66"
14:20:10,"165,448,448,587,5,20.29,37.83,1011.37,15.64"
14:20:12,"165,447,447,587,5,20.30,37.83,1011.38,15.56"
14:20:13,PMS7003 checksum failed
14:20:14,"166,451,451,587,5,20.30,37.83,1011.38,15.57"
14:20:16,"166,453,453,587,5,20.30,37.83,1011.42,15.27"
14:20:19,"166,453,453,587,5,20.30,37.83,1011.41,15.37"
14:20:21,"168,447,447,587,5,20.30,37.84,1011.38,15.57"
14:20:23,"168,447,447,588,5,20.30,37.82,1011.38,15.58"
14:20:25,"168,447,447,588,5,20.30,37.83,1011.40,15.42"
14:20:26,PMS7003 checksum failed
14:20:27,"168,453,453,588,5,20.30,37.84,1011.40,15.44"
14:20:30,"168,454,454,588,5,20.30,37.84,1011.40,15.38"
14:20:32,"168,454,454,588,5,20.30,37.84,1011.42,15.24"
14:20:34,"168,454,454,588,5,20.30,37.83,1011.40,15.42"
14:20:36,"165,453,453,588,5,20.30,37.82,1011.44,15.10"
14:20:39,"168,450,450,588,5,20.29,37.81,1011.40,15.41"
14:20:41,"168,450,450,589,5,20.30,37.80,1011.43,15.13"
14:20:43,"169,450,450,589,5,20.30,37.84,1011.43,15.15"
14:20:45,"169,448,450,589,5,20.30,37.80,1011.42,15.28"
14:20:47,"169,448,450,589,5,20.30,37.79,1011.41,15.32"
14:20:50,"172,438,438,589,5,20.31,37.80,1011.44,15.09"
14:20:52,"172,436,438,589,5,20.30,37.80,1011.44,15.08"
14:20:54,"172,436,438,589,5,20.30,37.79,1011.42,15.23"
14:20:56,"174,435,436,590,5,20.30,37.80,1011.47,14.84"
14:20:58,"174,436,438,590,5,20.30,37.80,1011.43,15.16"
14:21:01,"174,436,438,590,5,20.30,37.80,1011.42,15.27"
14:21:02,PMS7003 checksum failed
14:21:03,"171,432,432,590,5,20.30,37.80,1011.40,15.38"
14:21:05,"171,432,432,590,5,20.30,37.80,1011.45,14.98"
14:21:07,"171,433,433,590,5,20.30,37.83,1011.42,15.22"
14:21:10,"171,433,433,590,5,20.30,37.82,1011.42,15.22"
14:21:12,"168,432,432,590,5,20.30,37.84,1011.41,15.32"
14:21:14,"169,432,432,590,5,20.31,37.84,1011.42,15.21"
14:21:16,"169,432,432,590,5,20.31,37.83,1011.46,14.93"
14:21:18,"169,432,432,590,5,20.30,37.83,1011.44,15.12"
14:21:21,"171,432,432,591,5,20.30,37.82,1011.41,15.37"
14:21:23,"171,432,432,591,5,20.31,37.82,1011.42,15.28"
14:21:25,"171,432,432,591,5,20.31,37.82,1011.40,15.38"
14:21:27,"172,435,435,591,5,20.30,37.80,1011.47,14.83"
14:21:30,"171,433,433,591,5,20.30,37.83,1011.42,15.24"
14:21:32,"171,433,433,591,5,20.30,37.85,1011.44,15.06"
14:21:34,"169,427,427,591,5,20.30,37.87,1011.42,15.24"
14:21:36,"175,433,433,591,5,20.29,37.87,1011.43,15.17"
14:21:38,"175,433,433,591,5,20.29,37.88,1011.45,14.97"
14:21:41,"180,435,435,591,5,20.29,37.87,1011.44,15.05"
14:21:43,"180,435,435,591,5,20.29,37.88,1011.47,14.86"
14:21:45,"180,435,435,591,5,20.28,37.89,1011.43,15.13"
14:21:47,"177,436,436,591,5,20.28,37.88,1011.46,14.91"
14:21:49,"177,436,436,591,5,20.28,37.88,1011.44,15.07"
14:21:52,"177,435,435,591,5,20.29,37.89,1011.45,15.02"
14:21:54,"177,435,435,591,5,20.28,37.88,1011.44,15.08"
14:21:56,"174,435,435,591,5,20.28,37.89,1011.46,14.95"
14:21:58,"174,435,435,591,5,20.28,37.91,1011.48,14.72"
14:22:01,"177,439,439,591,5,20.28,37.91,1011.46,14.90"
14:22:03,"180,442,442,591,5,20.29,37.89,1011.48,14.74"
14:22:05,"181,447,447,590,5,20.28,37.88,1011.46,14.88"
14:22:07,"181,447,447,591,5,20.28,37.89,1011.48,14.71"
14:22:09,"189,454,454,591,5,20.29,37.88,1011.49,14.62"
14:22:12,"189,456,456,591,5,20.29,37.88,1011.45,14.99"
14:22:14,"189,456,456,591,5,20.29,37.88,1011.49,14.63"
14:22:16,"190,460,460,591,5,20.29,37.88,1011.49,14.66"
14:22:18,"190,460,460,591,5,20.30,37.87,1011.45,14.96"
14:22:20,"189,457,457,591,5,20.30,37.87,1011.45,14.96"
14:22:23,"186,451,451,591,5,20.30,37.86,1011.45,15.01"
14:22:25,"186,450,450,591,5,20.30,37.86,1011.48,14.77"
14:22:27,"186,450,450,591,5,20.30,37.86,1011.46,14.91"
14:22:29,"186,448,448,591,5,20.29,37.86,1011.46,14.94"
14:22:32,"184,448,448,591,5,20.29,37.88,1011.44,15.05"
14:22:34,"184,448,448,591,5,20.29,37.86,1011.44,15.10"
14:22:36,"184,454,454,591,5,20.30,37.87,1011.45,15.00"
14:22:38,"184,459,459,591,5,20.29,37.88,1011.44,15.04"
14:22:40,"186,463,463,591,5,20.30,37.88,1011.49,14.67"
14:22:43,"186,463,463,591,5,20.30,37.87,1011.48,14.75"
14:22:45,"89,474,474,591,5,20.29,37.91,1011.45,15.02"
14:22:47,"189,474,474,592,5,20.29,37.87,1011.46,14.93"
14:22:49,"189,471,471,592,5,20.30,37.90,1011.49,14.66"
14:22:51,"189,468,468,592,5,20.29,37.88,1011.48,14.78"
14:22:54,"189,468,468,591,5,20.29,37.90,1011.44,15.07"
14:22:56,"189,466,466,591,5,20.29,37.89,1011.47,14.81"
14:22:58,"186,457,457,591,5,20.29,37.89,1011.43,14.85"
14:23:00,"186,457,457,591,5,20.29,37.90,1011.51,14.53"
14:23:03,"186,456,456,591,5,20.29,37.90,1011.49,14.69"
14:23:05,"186,456,456,591,5,20.29,37.90,1011.47,14.87"
14:23:07,"189,454,454,591,5,20.28,37.88,1011.45,14.97"
14:23:08,PMS7003 checksum failed
14:23:09,"192,448,448,591,5,20.29,37.90,1011.46,14.90"
14:23:11,"193,447,447,591,5,20.31,37.88,1011.49,14.68"
14:23:14,"195,447,447,591,5,20.30,37.87,1011.44,15.06"
14:23:16,"195,447,447,591,5,20.29,37.88,1011.45,15.00"
14:23:18,"199,454,454,591,5,20.29,37.88,1011.47,14.85"
14:23:20,"199,454,454,591,5,20.30,37.88,1011.47,14.79"
14:23:23,"199,454,454,592,5,20.30,37.90,1011.47,14.79"
14:23:25,"199,454,454,592,5,20.30,37.88,1011.47,14.82"
14:23:27,"199,454,454,592,5,20.31,37.88,1011.46,14.88"
14:23:29,"199,456,456,591,5,20.30,37.88,1011.49,14.70"
14:23:31,"199,456,456,592,5,20.30,37.90,1011.49,14.65"
14:23:34,"195,456,456,592,5,20.30,37.88,1011.45,15.01"
14:23:36,"195,457,457,592,5,20.30,37.87,1011.50,14.59"
14:23:38,"195,457,457,592,5,20.30,37.86,1011.48,14.78"
14:23:40,"190,459,459,592,5,20.30,37.87,1011.48,14.77"
14:23:42,"190,457,457,592,5,20.31,37.88,1011.45,14.98"
14:23:44,PMS7003 checksum failed
14:23:45,"193,465,465,592,5,20.30,37.90,1011.47,14.79"
14:23:47,"193,465,465,592,5,20.30,37.90,1011.46,14.94"
14:23:49,"193,465,465,592,5,20.30,37.90,1011.47,14.86"
14:23:51,"189,453,453,592,5,20.31,37.90,1011.47,14.80"
14:23:54,"189,453,453,592,5,20.30,37.88,1011.45,14.99"
14:23:56,"189,453,453,592,5,20.30,37.88,1011.49,14.66"
14:23:58,"189,453,453,592,5,20.30,37.88,1011.47,14.80"
14:24:00,"189,453,453,592,5,20.30,37.90,1011.47,14.84"
14:24:02,"190,453,453,592,5,20.30,37.90,1011.49,14.70"
14:24:05,"190,453,453,592,5,20.30,37.90,1011.50,14.59"
14:24:07,"190,453,453,592,5,20.29,37.90,1011.47,14.84"
14:24:09,"192,453,453,593,5,20.29,37.90,1011.49,14.69"
14:24:11,"192,453,453,593,5,20.30,37.88,1011.50,14.59"
14:24:14,"193,453,453,593,5,20.29,37.90,1011.51,14.53"
14:24:16,"195,451,451,593,5,20.30,37.91,1011.50,14.57"
14:24:18,"196,451,453,593,5,20.29,37.88,1011.49,14.68"
14:24:20,"196,451,453,593,5,20.30,37.90,1011.50,14.55"
14:24:22,"192,448,450,593,5,20.30,37.88,1011.50,14.59"
14:24:25,"193,450,451,593,5,20.30,37.88,1011.52,14.44"
14:24:27,"193,450,451,593,5,20.29,37.87,1011.49,14.70"
14:24:29,"196,459,460,593,5,20.31,37.88,1011.50,14.57"
14:24:31,"196,459,460,593,5,20.30,37.88,1011.50,14.56"
14:24:33,"198,462,462,593,5,20.30,37.87,1011.47,14.84"
14:24:36,"198,463,465,593,5,20.30,37.87,1011.52,14.44"
14:24:38,"199,469,469,593,5,20.30,37.87,1011.50,14.61"
14:24:40,"199,469,469,593,5,20.30,37.90,1011.47,14.87"
14:24:42,"196,466,466,593,5,20.29,37.88,1011.51,14.46"
14:24:45,"198,466,466,593,5,20.29,37.89,1011.50,14.57"
14:24:47,"198,466,466,592,5,20.28,37.91,1011.48,14.74"
14:24:49,"198,466,466,592,5,20.29,37.91,1011.51,14.51"
14:24:51,"201,474,475,592,5,20.29,37.87,1011.47,14.74"
14:24:53,"201,477,477,593,5,20.28,37.91,1011.48,14.71"
14:24:56,"201,477,477,592,5,20.29,37.90,1011.49,14.65"
14:24:58,"201,472,474,592,5,20.29,37.91,1011.50,14.55"
14:25:00,"201,472,474,592,5,20.29,37.92,1011.51,14.51"
14:25:02,"202,471,472,591,5,20.29,37.92,1011.49,14.67"
14:25:05,"208,474,475,591,5,20.28,37.93,1011.46,14.89"
14:25:07,"208,474,475,591,5,20.28,37.93,1011.48,14.73"
14:25:09,"210,474,474,591,5,20.29,37.94,1011.50,14.61"
14:25:11,"210,474,474,591,5,20.28,37.94,1011.47,14.86"
14:25:13,"213,474,474,591,5,20.28,37.94,1011.51,14.52"
14:25:16,"213,474,474,591,5,20.29,37.94,1011.53,14.37"
14:25:18,"207,471,472,591,5,20.29,37.94,1011.49,14.68"
14:25:20,"207,471,471,591,5,20.29,37.92,1011.52,14.59"
14:25:22,"205,471,471,591,5,20.29,37.93,1011.49,14.68"
14:25:24,"205,471,471,591,5,20.28,37.92,1011.47,14.85"
14:25:27,"198,456,456,591,5,20.28,37.91,1011.47,14.83"
14:25:29,"198,456,456,591,5,20.29,37.91,1011.46,14.89"
14:25:31,"196,456,456,591,5,20.29,37.91,1011.48,14.75"
14:25:33,"198,459,459,591,5,20.29,37.90,1011.45,14.98"
14:25:36,"198,459,459,591,5,20.30,37.90,1011.48,14.76"
14:25:38,"204,465,465,591,5,20.31,37.90,1011.49,14.65"
14:25:40,"216,477,477,591,5,20.30,37.90,1011.47,14.82"
14:25:42,"219,480,480,591,5,20.30,37.90,1011.46,14.91"
14:25:44,"222,483,483,591,5,20.30,37.90,1011.46,14.91"
14:25:47,"222,483,483,591,5,20.31,37.88,1011.51,14.52"
14:25:49,"228,483,483,591,5,20.31,37.89,1011.48,14.75"
14:25:50,PMS7003 checksum failed
14:25:51,"225,478,478,591,5,20.31,37.89,1011.45,15.01"
14:25:53,"225,478,478,592,5,20.30,37.90,1011.44,15.04"
14:25:56,"225,480,480,592,5,20.31,37.93,1011.45,15.02"
14:25:58,"225,480,480,592,5,20.31,37.89,1011.46,14.95"
14:26:00,"232,490,490,591,5,20.31,37.89,1011.45,15.02"
14:26:02,"234,489,489,591,5,20.31,37.90,1011.47,14.80"
14:26:04,"234,490,490,591,5,20.31,37.90,1011.47,14.87"
14:26:07,"234,490,490,592,5,20.31,37.88,1011.45,15.00"
14:26:09,"234,489,489,592,5,20.32,37.89,1011.46,14.91"
14:26:11,"234,489,489,592,5,20.31,37.90,1011.47,14.80"
14:26:13,"234,489,489,592,5,20.30,37.88,1011.47,14.84"
14:26:15,"231,483,483,592,5,20.30,37.88,1011.46,14.94"
14:26:18,"231,480,480,592,5,20.31,37.90,1011.47,14.87"
14:26:20,"231,480,480,592,5,20.30,37.90,1011.45,14.96"
14:26:22,"228,472,472,592,5,20.30,37.92,1011.44,15.06"
14:26:24,"226,474,474,592,5,20.30,37.91,1011.48,14.78"
14:26:25,PMS7003 checksum failed
14:26:27,"231,475,475,592,5,20.30,37.92,1011.49,14.68"
14:26:29,"231,474,474,592,5,20.29,37.91,1011.47,14.84"
14:26:31,"231,474,474,592,5,20.30,37.94,1011.49,14.72"
14:26:33,"226,471,471,592,5,20.29,37.91,1011.47,14.83"
14:26:35,"226,471,471,592,5,20.29,37.92,1011.46,14.88"
14:26:38,"225,471,471,592,5,20.30,37.92,1011.49,14.64"
14:26:40,"225,469,469,592,5,20.30,37.92,1011.49,14.70"
14:26:42,"225,469,469,592,5,20.29,37.93,1011.45,15.03"
14:26:44,"225,468,468,593,5,20.29,37.92,1011.49,14.67"
14:26:47,"225,468,468,593,5,20.29,37.93,1011.48,14.74"
14:26:49,"225,468,468,593,5,20.29,37.94,1011.47,14.80"
14:26:51,"222,465,465,592,5,20.29,37.95,1011.47,14.86"
14:26:53,"223,468,468,593,5,20.29,37.94,1011.47,14.86"
14:26:55,"223,468,468,592,5,20.28,37.96,1011.48,14.71"
14:26:58,"228,474,474,592,5,20.29,37.98,1011.47,14.81"
14:27:00,"229,478,478,592,5,20.28,37.96,1011.49,14.63"
14:27:02,"229,478,478,592,5,20.28,37.98,1011.45,15.00"
14:27:04,"234,486,486,593,5,20.29,37.96,1011.49,14.64"
14:27:06,"234,486,486,593,5,20.28,37.98,1011.45,14.98"
14:27:09,"237,489,489,593,5,20.29,37.98,1011.48,14.72"
14:27:11,"237,489,489,593,5,20.28,37.98,1011.48,14.73"
14:27:13,"237,489,489,593,5,20.28,37.96,1011.49,14.68"
14:27:15,"235,489,489,593,5,20.28,37.96,1011.50,14.58"
14:27:18,"234,489,489,593,5,20.28,37.96,1011.49,14.70"
14:27:20,"237,492,492,592,5,20.29,37.96,1011.48,14.74"
14:27:22,"237,492,492,592,5,20.29,37.96,1011.50,14.55"
14:27:24,"240,492,492,592,5,20.29,37.96,1011.49,14.68"
14:27:26,"241,492,492,592,5,20.29,37.96,1011.47,14.83"
14:27:29,"243,492,492,592,5,20.30,37.97,1011.49,14.69"
14:27:31,"243,492,492,592,5,20.30,37.98,1011.48,14.77"
14:27:33,"249,498,498,592,5,20.30,37.97,1011.46,14.91"
14:27:35,"249,498,498,592,5,20.30,37.97,1011.49,14.69"
14:27:37,"250,501,501,592,5,20.30,37.98,1011.50,14.58"
14:27:39,PMS7003 checksum failed
14:27:40,"253,504,504,592,5,20.30,37.97,1011.49,14.69"
14:27:42,"247,501,501,592,5,20.30,37.97,1011.48,14.71"
14:27:44,"246,498,498,592,5,20.30,37.95,1011.49,14.69"
14:27:46,"246,498,498,592,5,20.30,37.94,1011.50,14.54"
14:27:49,"246,498,498,592,5,20.31,37.94,1011.48,14.71"
14:27:51,"244,496,496,592,5,20.30,37.94,1011.47,14.79"
14:27:53,"244,495,495,592,5,20.31,37.92,1011.50,14.61"
14:27:55,"244,495,495,592,5,20.31,37.92,1011.48,14.73"
14:27:57,"246,496,496,592,5,20.31,37.92,1011.51,14.53"
14:28:00,"247,498,498,592,5,20.31,37.91,1011.50,14.59"
14:28:02,"247,498,498,592,5,20.30,37.91,1011.48,14.71"
14:28:04,"252,502,502,592,5,20.31,37.92,1011.47,14.84"
14:28:06,"255,510,510,592,5,20.31,37.89,1011.48,14.76"
14:28:09,"255,510,510,592,5,20.30,37.90,1011.50,14.60"
14:28:11,"253,510,510,592,5,20.31,37.90,1011.52,14.42"
14:28:13,"252,510,510,592,5,20.30,37.92,1011.49,14.65"
14:28:15,"253,508,508,592,5,20.30,37.91,1011.48,14.75"
14:28:17,"250,501,501,592,5,20.30,37.91,1011.48,14.72"
14:28:20,"249,498,498,592,5,20.29,37.91,1011.50,14.60"
14:28:22,"247,496,496,592,5,20.30,37.91,1011.47,14.79"
14:28:24,"247,496,496,592,5,20.29,37.90,1011.45,15.01"
14:28:26,"249,495,495,592,5,20.29,37.90,1011.51,14.47"
14:28:28,"252,496,496,593,5,20.30,37.90,1011.50,14.58"
14:28:31,"252,496,496,593,5,20.30,37.91,1011.49,14.62"
14:28:33,"250,495,495,593,5,20.29,37.91,1011.47,14.80"
14:28:35,"250,496,496,593,5,20.30,37.92,1011.50,14.61"
14:28:37,"250,496,496,593,5,20.29,37.93,1011.50,14.55"
14:28:40,"249,498,498,593,5,20.29,37.93,1011.49,14.65"
14:28:42,"249,498,498,593,5,20.29,37.93,1011.48,14.76"
14:28:44,"249,498,498,593,5,20.30,37.93,1011.49,14.64"
14:28:46,"249,498,498,593,5,20.30,37.93,1011.49,14.66"
14:28:48,"249,498,498,593,5,20.30,37.93,1011.50,14.60"
14:28:51,"249,498,498,593,5,20.31,37.92,1011.51,14.47"
14:28:53,"243,496,496,593,5,20.30,37.92,1011.47,14.82"
14:28:55,"249,495,495,593,5,20.30,37.92,1011.50,14.62"
14:28:57,"249,495,495,593,5,20.31,37.93,1011.48,14.73"
14:28:59,"249,493,493,593,5,20.31,37.91,1011.51,14.47"
14:29:02,"249,493,493,594,5,20.31,37.87,1011.50,14.56"
14:29:04,"255,493,493,594,5,20.31,37.87,1011.55,14.15"
14:29:06,"256,493,493,594,5,20.31,37.87,1011.50,14.57"
14:29:08,"258,493,493,594,5,20.30,37.87,1011.50,14.59"
14:29:09,PMS7003 checksum failed
14:29:11,"258,492,492,594,5,20.30,37.87,1011.49,14.70"
14:29:13,"252,489,489,594,5,20.31,37.89,1011.51,14.54"
14:29:15,"250,489,489,593,5,20.31,37.89,1011.52,14.45"
14:29:17,"250,489,489,593,5,20.31,37.86,1011.52,14.42"
14:29:19,"249,487,487,593,5,20.31,37.87,1011.52,14.42"
14:29:22,"249,487,487,594,5,20.32,37.86,1011.55,14.13"
14:29:24,"241,483,483,593,5,20.31,37.85,1011.52,14.42"
14:29:26,"241,483,483,593,5,20.32,37.85,1011.55,14.19"
14:29:28,"240,483,483,593,5,20.32,37.85,1011.54,14.24"
14:29:31,"237,483,484,593,5,20.32,37.86,1011.52,14.38"
14:29:33,"237,483,484,593,5,20.31,37.86,1011.53,14.30"
14:29:35,"231,477,477,593,5,20.31,37.87,1011.52,14.40"
14:29:37,"229,475,477,593,5,20.30,37.87,1011.51,14.53"
14:29:39,"229,475,477,593,5,20.31,37.87,1011.52,14.40"
14:29:42,"229,477,477,593,5,20.30,37.88,1011.55,14.15"
14:29:44,"228,475,477,593,5,20.31,37.89,1011.51,14.50"
14:29:46,"228,474,474,593,5,20.31,37.89,1011.52,14.40"
14:29:48,"229,468,469,593,5,20.31,37.88,1011.48,14.71"
14:29:50,"229,468,469,593,5,20.30,37.88,1011.50,14.55"
14:29:53,"231,469,471,593,5,20.32,37.87,1011.54,14.25"
14:29:55,"231,469,471,593,5,20.32,37.89,1011.54,14.24"
14:29:57,"225,465,465,593,5,20.32,37.89,1011.56,14.10"
14:29:59,"223,462,462,593,5,20.32,37.89,1011.54,14.26"
14:30:02,"223,462,462,592,5,20.32,37.87,1011.55,14.17"
14:30:04,"223,462,462,592,5,20.32,37.89,1011.54,14.27"
14:30:06,"223,460,460,592,5,20.33,37.88,1011.51,14.57"
14:30:08,"223,460,460,592,5,20.33,37.86,1011.55,14.15"
14:30:10,"222,459,459,592,5,20.32,37.88,1011.54,14.26"
14:30:13,"223,459,459,592,5,20.33,37.88,1011.55,14.20"
14:30:15,"225,459,459,592,5,20.33,37.89,1011.51,14.52"
14:30:17,"225,459,459,592,5,20.33,37.86,1011.53,14.34"
14:30:19,"225,459,459,592,5,20.33,37.85,1011.51,14.50"
14:30:22,"226,459,459,592,5,20.33,37.84,1011.55,14.13"
14:30:24,"228,459,459,592,5,20.34,37.84,1011.55,14.13"
14:30:26,"228,462,462,592,5,20.33,37.85,1011.54,14.23"
14:30:28,"228,465,465,592,5,20.33,37.84,1011.51,14.48"
14:30:30,"229,466,466,592,5,20.33,37.83,1011.56,14.10"
14:30:33,"229,466,466,592,5,20.33,37.85,1011.52,14.40"
14:30:35,"229,474,474,592,5,20.34,37.83,1011.54,14.51"
14:30:37,"228,472,472,592,5,20.33,37.85,1011.57,13.98"
14:30:39,"226,471,471,592,5,20.33,37.86,1011.48,14.71"
14:30:41,"226,471,471,592,5,20.34,37.84,1011.55,14.14"
14:30:44,"225,468,468,592,5,20.34,37.84,1011.50,14.55"
14:30:46,"223,465,465,592,5,20.34,37.84,1011.51,14.54"
14:30:48,"225,465,465,592,5,20.34,37.85,1011.51,14.49"
14:30:50,"225,465,465,592,5,20.33,37.84,1011.57,13.96"
14:30:53,"225,465,465,592,5,20.35,37.85,1011.54,14.27"
14:30:55,"225,465,465,593,5,20.34,37.84,1011.54,14.23"
14:30:57,"231,469,469,592,5,20.34,37.84,1011.51,14.47"
14:30:59,"231,471,471,593,5,20.34,37.84,1011.55,14.14"
14:31:01,"229,471,471,593,5,20.34,37.84,1011.53,14.31"
14:31:04,"229,471,471,593,5,20.34,37.87,1011.53,14.34"
14:31:06,"228,471,471,593,5,20.33,37.85,1011.54,14.21"
14:31:08,"228,471,471,593,5,20.32,37.83,1011.53,14.29"
14:31:10,"228,471,471,593,5,20.32,37.83,1011.54,14.27"
14:31:12,"225,474,474,593,5,20.33,37.82,1011.53,14.37"
14:31:15,"225,474,474,593,5,20.33,37.81,1011.53,14.33"
14:31:17,"223,474,474,593,5,20.32,37.83,1011.55,14.19"
14:31:18,PMS7003 checksum failed
14:31:19,"231,480,480,593,5,20.32,37.84,1011.53,14.29"
14:31:21,"232,481,483,593,5,20.32,37.84,1011.54,14.21"
14:31:24,"232,481,483,593,5,20.32,37.85,1011.52,14.39"
14:31:26,"234,483,483,593,5,20.32,37.84,1011.53,14.35"
14:31:28,"234,483,483,593,5,20.31,37.86,1011.52,14.42"
14:31:30,"232,483,483,593,5,20.31,37.85,1011.55,14.20"
14:31:31,PMS7003 checksum failed
14:31:32,"235,484,484,593,5,20.32,37.85,1011.53,14.33"
14:31:35,"234,484,484,593,5,20.32,37.86,1011.53,14.31"
14:31:37,"235,484,486,594,5,20.31,37.86,1011.52,14.40"
14:31:39,"235,484,486,594,5,20.32,37.86,1011.51,14.50"
14:31:41,"231,483,483,594,5,20.32,37.85,1011.50,14.57"
14:31:44,"228,481,481,594,5,20.32,37.85,1011.52,14.42"
14:31:46,"228,481,481,594,5,20.32,37.86,1011.54,14.26"
14:31:48,"228,480,480,594,5,20.31,37.85,1011.54,14.21"
14:31:50,"229,480,480,594,5,20.32,37.86,1011.50,14.57"
14:31:52,"229,480,480,594,5,20.31,37.85,1011.51,14.52"
14:31:55,"231,481,481,594,5,20.32,37.84,1011.53,14.35"
14:31:57,"229,480,480,595,5,20.31,37.85,1011.52,14.42"
14:31:59,"229,480,480,594,5,20.32,37.84,1011.55,14.16"
14:32:01,"228,480,480,595,5,20.32,37.84,1011.53,14.33"
14:32:04,"228,480,480,595,5,20.32,37.83,1011.50,14.56"
14:32:06,"228,480,480,595,5,20.32,37.82,1011.50,14.62"
14:32:07,PMS7003 checksum failed
14:32:08,"226,480,480,595,5,20.32,37.85,1011.50,14.34"
14:32:10,"228,481,481,595,5,20.32,37.86,1011.52,14.44"
14:32:12,"231,483,483,595,5,20.32,37.87,1011.50,14.60"
14:32:15,"231,483,483,595,5,20.31,37.90,1011.49,14.67"
14:32:17,"231,477,477,595,5,20.31,37.90,1011.48,14.71"
14:32:19,"231,474,474,595,5,20.31,37.91,1011.49,14.62"
14:32:21,"229,474,474,595,5,20.31,37.91,1011.52,14.40"
14:32:23,"229,474,474,595,5,20.31,37.91,1011.52,14.40"
14:32:26,"228,471,471,595,5,20.31,37.91,1011.50,14.59"
14:32:28,"228,469,469,595,5,20.31,37.88,1011.53,14.36"
14:32:30,"228,469,469,595,5,20.30,37.90,1011.50,14.60"
14:32:32,"229,471,471,595,5,20.30,37.88,1011.51,14.51"
14:32:35,"231,471,472,595,5,20.31,37.87,1011.50,14.56"
14:32:37,"231,471,472,595,5,20.30,37.87,1011.49,14.69"
14:32:39,"228,471,471,595,5,20.30,37.87,1011.50,14.58"
14:32:41,"228,468,468,595,5,20.31,37.86,1011.48,14.77"
14:32:42,PMS7003 checksum failed
14:32:43,"225,465,465,595,5,20.31,37.84,1011.52,14.45"
14:32:46,"225,465,465,595,5,20.31,37.86,1011.51,14.50"
14:32:48,"225,465,465,595,5,20.30,37.88,1011.50,14.60"
14:32:50,"228,465,465,595,5,20.30,37.92,1011.47,14.87"
14:32:52,"228,465,465,595,5,20.30,37.93,1011.50,14.61"
14:32:55,"228,465,465,595,5,20.30,37.94,1011.46,14.89"
14:32:57,"228,465,465,595,5,20.30,37.94,1011.52,14.45"
14:32:59,"228,465,465,595,5,20.30,37.91,1011.50,14.54"
14:33:01,"229,466,466,595,5,20.31,37.93,1011.51,14.49"
14:33:03,"229,468,468,595,5,20.31,37.92,1011.52,14.44"
14:33:06,"229,468,468,595,5,20.30,37.94,1011.49,14.66"
14:33:08,"225,465,465,595,5,20.30,37.94,1011.49,14.67"
14:33:10,"225,465,465,594,5,20.30,37.94,1011.50,14.58"
14:33:12,"225,465,465,595,5,20.30,37.93,1011.48,14.77"
14:33:14,"225,472,472,595,5,20.30,37.92,1011.47,14.81"
14:33:17,"228,474,474,595,5,20.29,37.92,1011.45,15.00"
14:33:19,"228,474,474,594,5,20.29,37.93,1011.48,14.73"
14:33:21,"234,483,483,595,5,20.29,37.94,1011.50,14.54"
14:33:23,"234,486,486,594,5,20.29,37.93,1011.50,14.62"
14:33:26,"234,486,486,594,5,20.29,37.93,1011.51,14.53"
14:33:28,"232,483,483,594,5,20.30,37.93,1011.50,14.60"
14:33:30,"232,483,483,594,5,20.29,37.92,1011.49,14.70"
14:33:32,"232,481,481,594,5,20.30,37.94,1011.47,14.87"
14:33:34,"232,481,481,595,5,20.30,37.94,1011.48,14.76"
14:33:37,"232,483,483,594,5,20.29,37.93,1011.47,14.80"
14:33:39,",483,483,595,5,20.30,37.92,1011.48,14.76"
14:33:41,"228,481,481,594,5,20.30,37.92,1011.49,14.70"
14:33:43,"228,480,480,594,5,20.30,37.92,1011.49,14.64"
14:33:46,"228,480,480,594,5,20.30,37.92,1011.50,14.60"
14:33:48,"228,480,480,594,5,20.30,37.91,1011.49,14.70"
14:33:50,"228,483,483,594,5,20.31,37.91,1011.49,14.68"
14:33:52,"228,483,483,594,5,20.31,37.90,1011.53,14.31"
14:33:54,"228,483,483,594,5,20.31,37.89,1011.51,14.54"
14:33:55,PMS7003 checksum failed
14:33:57,"229,484,484,595,5,20.31,37.90,1011.45,14.97"
14:33:59,"234,487,487,595,5,20.30,37.90,1011.47,14.84"
14:34:01,"231,489,490,595,5,20.30,37.90,1011.49,14.69"
14:34:03,"231,489,490,595,5,20.30,37.90,1011.47,14.80"
14:34:05,"232,492,492,595,5,20.30,37.88,1011.48,14.73"
14:34:08,"234,492,492,595,5,20.30,37.91,1011.51,14.53"
14:34:10,"237,495,495,595,5,20.31,37.91,1011.48,14.78"
14:34:12,"237,495,495,595,5,20.31,37.92,1011.49,14.63"
14:34:14,"240,495,495,596,5,20.31,37.90,1011.46,14.95"
14:34:17,"240,496,496,595,5,20.30,37.91,1011.48,14.72"
14:34:19,"240,496,496,596,5,20.31,37.91,1011.48,14.76"
14:34:21,"237,492,492,596,5,20.30,37.92,1011.50,14.59"
14:34:23,"235,492,492,596,5,20.30,37.92,1011.47,14.83"
14:34:25,"235,492,492,596,5,20.30,37.92,1011.49,14.62"
14:34:28,"235,493,493,596,5,20.30,37.91,1011.46,14.90"
14:34:30,"234,492,492,596,5,20.31,37.92,1011.46,14.90"
14:34:32,"237,498,498,596,5,20.31,37.91,1011.48,14.71"
14:34:34,"240,495,495,596,5,20.31,37.92,1011.51,14.52"
14:34:37,"241,495,495,596,5,20.31,37.91,1011.47,14.83"
14:34:39,"243,496,496,596,5,20.31,37.91,1011.45,14.97"
14:34:41,"243,496,496,596,5,20.31,37.90,1011.45,14.97"
14:34:43,"238,489,489,596,5,20.32,37.91,1011.46,14.90"
14:34:45,"234,486,486,596,5,20.31,37.91,1011.48,14.73"
14:34:48,"234,486,486,596,5,20.32,37.91,1011.50,14.57"
14:34:50,"234,486,486,596,5,20.32,37.90,1011.46,14.91"
14:34:52,"234,486,486,596,5,20.31,37.89,1011.49,14.65"
14:34:54,"234,486,486,596,5,20.31,37.87,1011.51,14.50"
14:34:56,"226,477,477,596,5,20.31,37.87,1011.47,14.81"
14:34:59,"225,477,477,596,5,20.31,37.90,1011.47,14.85"
14:35:01,"226,477,477,596,5,20.32,37.92,1011.50,14.49"
14:35:03,"226,477,477,596,5,20.32,37.91,1011.47,14.82"
14:35:05,"226,475,475,596,5,20.32,37.91,1011.49,14.67"
14:35:08,"228,474,474,597,5,20.33,37.89,1011.49,14.63"
14:35:10,"228,471,471,597,5,20.33,37.88,1011.50,14.54"
14:35:12,"225,466,466,597,5,20.33,37.86,1011.47,14.86"
14:35:14,"226,466,466,596,5,20.32,37.85,1011.50,14.57"
14:35:16,"226,466,466,596,5,20.33,37.85,1011.48,14.72"
14:35:19,"226,466,466,596,5,20.32,37.85,1011.47,14.83"
14:35:21,"228,471,471,597,5,20.33,37.86,1011.46,14.89"
14:35:23,"228,471,471,597,5,20.33,37.88,1011.47,14.84"
14:35:25,"228,471,471,596,5,20.33,37.86,1011.48,14.73"
14:35:27,"228,471,471,596,5,20.33,37.86,1011.48,14.77"
14:35:30,"229,472,472,597,5,20.33,37.90,1011.47,14.94"
14:35:32,"231,478,478,596,5,20.33,37.85,1011.49,14.67"
14:35:34,"237,487,487,596,5,20.33,37.86,1011.47,14.80"
14:35:36,"237,487,487,596,5,20.34,37.86,1011.49,14.65"
14:35:39,"238,487,487,596,5,20.34,37.89,1011.51,14.52"
14:35:41,"240,486,486,596,5,20.34,37.86,1011.48,14.72"
14:35:43,"244,489,489,596,5,20.34,37.85,1011.46,14.87"
14:35:45,"243,489,489,596,5,20.33,37.84,1011.50,14.62"
14:35:47,"243,487,487,596,5,20.33,37.84,1011.50,14.57"
14:35:50,"243,487,487,597,5,20.32,37.86,1011.45,15.02"
14:35:52,"241,487,487,596,5,20.32,37.88,1011.46,14.95"
14:35:54,"240,487,487,596,5,20.32,37.84,1011.47,14.83"
14:35:56,"240,486,486,596,5,20.32,37.84,1011.44,15.06"
14:35:58,"234,480,480,596,5,20.33,37.86,1011.48,14.72"
14:36:01,"232,478,478,596,5,20.32,37.87,1011.45,15.02"
14:36:03,"231,477,477,596,5,20.32,37.89,1011.47,14.81"
14:36:04,PMS7003 checksum failed
14:36:05,"222,471,471,596,5,20.31,37.90,1011.47,14.83"
14:36:07,"222,471,471,596,5,20.30,37.90,1011.44,15.06"
14:36:10,"222,471,471,596,5,20.31,37.91,1011.45,14.96"
14:36:12,"229,469,469,596,5,20.31,37.92,1011.46,14.90"
14:36:14,"229,468,468,596,5,20.31,37.92,1011.48,14.74"
14:36:16,"228,468,468,596,5,20.31,37.91,1011.43,15.15"
14:36:17,PMS7003 checksum failed
14:36:19,"228,462,462,596,5,20.32,37.92,1011.47,14.85"
14:36:21,"228,460,460,596,5,20.32,37.91,1011.46,14.95"
14:36:23,"228,460,460,596,5,20.32,37.91,1011.47,14.80"
14:36:25,"228,460,460,596,5,20.31,37.90,1011.47,14.86"
14:36:27,"225,459,459,596,5,20.32,37.87,1011.46,14.90"
14:36:30,"225,465,465,596,5,20.32,37.87,1011.47,14.83"
14:36:32,"225,465,465,596,5,20.33,37.85,1011.50,14.60"
14:36:34,"226,465,465,596,5,20.33,37.85,1011.49,14.65"
14:36:36,"228,466,466,596,5,20.32,37.85,1011.48,14.76"
14:36:38,"228,466,466,597,5,20.32,37.84,1011.47,14.85"
14:36:41,"234,471,471,597,5,20.33,37.84,1011.49,14.67"
14:36:43,"234,471,471,597,5,20.33,37.85,1011.50,14.55"
14:36:45,"234,471,471,596,5,20.33,37.84,1011.48,14.76"
14:36:47,"232,471,471,596,5,20.34,37.86,1011.50,14.61"
14:36:50,"231,471,471,596,5,20.34,37.86,1011.51,14.53"
14:36:52,"231,471,471,596,5,20.34,37.86,1011.49,14.64"
14:36:53,PMS7003 checksum failed
14:36:54,"226,469,469,596,5,20.34,37.86,1011.47,14.79"
14:36:56,"228,471,471,596,5,20.33,37.88,1011.45,14.97"
14:36:58,"231,471,471,596,5,20.32,37.86,1011.47,14.81"
14:37:01,"231,471,471,596,5,20.33,37.89,1011.48,14.75"
14:37:03,"240,466,466,596,5,20.32,37.86,1011.46,14.88"
14:37:05,"240,465,465,596,5,20.33,37.88,1011.50,14.59"
14:37:07,"238,465,465,596,5,20.33,37.88,1011.49,14.69"
14:37:10,"238,465,465,596,5,20.33,37.86,1011.46,14.90"
14:37:12,"237,463,463,596,5,20.33,37.85,1011.48,14.72"
14:37:14,"235,462,462,596,5,20.33,37.85,1011.47,14.82"
14:37:16,"235,462,462,596,5,20.34,37.86,1011.47,14.79"
14:37:18,"231,457,457,596,5,20.33,37.85,1011.49,14.67"
14:37:21,"231,456,456,595,5,20.34,37.84,1011.49,14.69"
14:37:23,"231,456,456,595,5,20.34,37.85,1011.52,14.39"
14:37:25,"231,450,450,595,5,20.34,37.85,1011.50,14.61"
14:37:27,"234,450,450,595,5,20.34,37.84,1011.53,14.37"
14:37:28,PMS7003 checksum failed
14:37:30,"235,460,460,595,5,20.34,37.85,1011.51,14.52"
14:37:32,"234,460,460,595,5,20.35,37.84,1011.48,14.73"
14:37:34,"234,460,460,595,5,20.34,37.83,1011.49,14.66"
14:37:36,"229,465,465,595,5,20.34,37.81,1011.50,14.62"
14:37:38,"229,465,465,595,5,20.33,37.85,1011.46,14.89"
14:37:41,"229,466,466,595,5,20.33,37.86,1011.49,14.63"
14:37:43,"229,468,468,595,5,20.34,37.85,1011.51,14.52"
14:37:45,"229,468,468,595,5,20.34,37.84,1011.51,14.49"
14:37:47,"229,469,469,595,5,20.34,37.85,1011.51,14.52"
14:37:49,"231,471,471,595,5,20.35,37.88,1011.52,14.45"
14:37:52,"231,471,471,595,5,20.34,37.84,1011.51,14.46"
14:37:54,"234,471,471,595,5,20.34,37.85,1011.49,14.68"
14:37:56,"234,471,471,595,5,20.35,37.84,1011.49,14.64"
14:37:58,"234,471,471,595,5,20.35,37.82,1011.51,14.48"
14:38:01,"237,468,468,595,5,20.36,37.82,1011.50,14.61"
14:38:03,"238,468,468,595,5,20.36,37.82,1011.53,14.31"
14:38:04,PMS7003 checksum failed
14:38:05,"234,459,459,595,5,20.35,37.83,1011.53,14.29"
14:38:07,"232,457,457,595,5,20.35,37.85,1011.48,14.72"
14:38:09,"232,457,457,595,5,20.36,37.84,1011.50,14.61"
14:38:12,"226,456,456,595,5,20.35,37.84,1011.50,14.56"
14:38:14,"226,456,456,595,5,20.35,37.83,1011.51,14.52"
14:38:16,"226,454,454,595,5,20.34,37.83,1011.52,14.40"
14:38:18,"225,454,454,595,5,20.35,37.81,1011.50,14.57"
14:38:21,"225,454,454,595,5,20.35,37.82,1011.53,14.33"
14:38:23,"225,453,453,595,5,20.35,37.81,1011.51,14.48"
14:38:25,"225,451,451,595,5,20.34,37.80,1011.51,14.52"
14:38:27,"225,451,451,595,5,20.34,37.80,1011.47,14.80"
14:38:29,"225,453,453,595,5,20.34,37.81,1011.53,14.36"
14:38:32,"226,456,456,595,5,20.34,37.81,1011.51,14.47"
14:38:34,"226,456,456,595,5,20.34,37.84,1011.51,14.47"
14:38:36,"228,454,454,595,5,20.34,37.86,1011.53,14.31"
14:38:38,"228,453,453,595,5,20.33,37.89,1011.50,14.56"
14:38:40,"228,453,453,596,5,20.33,37.89,1011.49,14.63"
14:38:43,"225,447,447,595,5,20.33,37.91,1011.50,14.62"
14:38:45,"225,447,447,596,5,20.33,37.91,1011.49,14.65"
14:38:47,"225,447,447,596,5,20.32,37.91,1011.51,14.52"
14:38:49,"225,450,450,596,5,20.33,37.91,1011.49,14.68"
14:38:52,"225,450,450,595,5,20.32,37.91,1011.49,14.68"
14:38:54,"225,453,453,596,5,20.33,37.90,1011.50,14.55"
14:38:56,"225,453,453,596,5,20.33,37.90,1011.48,14.73"
14:38:58,"228,459,459,596,5,20.33,37.88,1011.49,14.65"
14:39:00,"228,459,459,595,5,20.32,37.88,1011.50,14.61"
14:39:03,"232,465,465,596,5,20.32,37.86,1011.49,14.62"
14:39:05,"234,465,465,596,5,20.33,37.85,1011.48,14.74"
14:39:07,"234,465,465,596,5,20.33,37.86,1011.50,14.56"
14:39:09,"234,465,465,596,5,20.33,37.86,1011.50,14.57"
14:39:11,"244,472,472,596,5,20.33,37.88,1011.52,14.43"
14:39:14,"246,474,474,596,5,20.33,37.89,1011.47,14.83"
14:39:16,"247,477,477,596,5,20.34,37.89,1011.51,14.50"
14:39:17,PMS7003 checksum failed
14:39:18,"243,477,477,596,5,20.34,37.88,1011.50,14.60"
14:39:20,"234,471,471,596,5,20.34,37.87,1011.51,14.47"
14:39:23,"231,469,469,596,5,20.34,37.86,1011.51,14.52"
14:39:25,"231,469,469,596,5,20.34,37.85,1011.50,14.57"
14:39:27,"229,469,469,596,5,20.35,37.84,1011.50,14.54"
14:39:29,"228,469,469,596,5,20.34,37.82,1011.47,14.80"
14:39:31,"231,475,475,596,5,20.35,37.82,1011.52,14.40"
14:39:34,"231,475,475,596,5,20.34,37.81,1011.48,14.74"
14:39:36,"231,472,472,595,5,20.35,37.82,1011.48,14.78"
14:39:38,"231,469,469,596,5,20.35,37.83,1011.52,14.38"
14:39:40,"231,469,469,596,5,20.35,37.85,1011.51,14.49"
14:39:43,"231,462,462,595,5,20.34,37.84,1011.48,14.73"
14:39:45,"226,454,454,595,5,20.34,37.84,1011.48,14.71"
14:39:47,"226,454,454,595,5,20.35,37.84,1011.47,14.79"
14:39:49,"225,453,453,595,5,20.35,37.84,1011.50,14.62"
14:39:51,"225,453,453,596,5,20.35,37.82,1011.48,14.74"
14:39:54,"222,453,453,596,5,20.35,37.79,1011.50,14.62"
14:39:56,"219,456,456,595,5,20.36,37.82,1011.45,14.96"
14:39:58,"219,456,456,595,5,20.36,37.82,1011.51,14.46"
14:40:00,"219,456,456,596,5,20.35,37.82,1011.50,14.59"
14:40:02,"219,456,456,595,5,20.35,37.81,1011.52,14.38"
14:40:05,"223,462,462,596,5,20.35,37.80,1011.49,14.66"
14:40:07,"223,468,468,596,5,20.35,37.83,1011.48,14.72"
14:40:09,"223,468,468,596,5,20.35,37.83,1011.53,14.37"
14:40:11,"223,471,471,596,5,20.35,37.83,1011.46,14.95"
14:40:14,"225,474,474,595,5,20.35,37.84,1011.51,14.52"
14:40:16,"225,474,474,595,5,20.35,37.82,1011.49,14.66"
14:40:18,"235,480,480,595,5,20.35,37.84,1011.51,14.52"
14:40:20,"235,478,478,595,5,20.34,37.84,1011.48,14.73"
14:40:22,"235,478,478,595,5,20.33,37.83,1011.48,14.74"
14:40:25,"235,478,478,595,5,20.35,37.85,1011.46,14.88"
14:40:27,"237,478,478,595,5,20.35,37.84,1011.48,14.76"
14:40:29,"234,477,477,595,5,20.35,37.84,1011.51,14.50"
14:40:31,"228,469,469,595,5,20.35,37.83,1011.49,14.65"
14:40:33,"225,471,471,595,5,20.35,37.83,1011.49,14.66"
14:40:36,"225,471,471,595,5,20.35,37.79,1011.49,14.65"
14:40:38,"225,472,472,595,5,20.35,37.81,1011.48,14.71"
14:40:40,"223,471,471,594,5,20.35,37.82,1011.51,14.47"
14:40:42,"225,468,468,594,5,20.35,37.82,1011.48,14.77"
14:40:45,"225,468,468,594,5,20.36,37.81,1011.45,14.99"
14:40:47,"225,468,468,594,5,20.36,37.79,1011.49,14.66"
14:40:49,"225,468,468,595,5,20.36,37.79,1011.51,14.54"
14:40:51,"225,468,468,594,5,20.35,37.75,1011.46,14.91"
14:40:53,"220,462,462,594,5,20.35,37.75,1011.49,14.66"
14:40:56,"219,463,463,594,5,20.35,37.73,1011.49,14.67"
14:40:58,"219,463,463,594,5,20.35,37.77,1011.49,14.64"
14:41:00,"219,465,465,594,5,20.35,37.80,1011.48,14.76"
14:41:02,"217,465,465,594,5,20.35,37.80,1011.50,14.53"
14:41:04,"222,471,471,594,5,20.35,37.82,1011.48,14.74"
14:41:07,"222,471,471,594,5,20.36,37.82,1011.48,14.71"
14:41:09,"223,471,471,594,5,20.36,37.81,1011.51,14.51"
14:41:11,"223,471,471,594,5,20.36,37.80,1011.50,14.59"
14:41:13,"225,472,472,594,5,20.36,37.80,1011.49,14.66"
14:41:16,"226,472,472,594,5,20.36,37.80,1011.46,14.90"
14:41:18,"226,472,472,594,5,20.36,37.82,1011.50,14.58"
14:41:20,"229,480,480,594,5,20.36,37.83,1011.50,14.62"
14:41:22,"231,480,480,594,5,20.36,37.83,1011.47,14.83"
14:41:24,"231,483,483,594,5,20.36,37.83,1011.49,14.70"
14:41:26,PMS7003 checksum failed
14:41:27,"231,483,483,594,5,20.36,37.83,1011.50,14.61"
14:41:29,"228,483,483,594,5,20.36,37.82,1011.48,14.75"
14:41:31,"228,483,483,594,5,20.36,37.82,1011.47,14.80"
14:41:33,"225,478,478,594,5,20.36,37.79,1011.51,14.47"
14:41:36,"26,480,480,594,5,20.36,37.79,1011.51,14.48"
14:41:38,"226,480,480,594,5,20.35,37.77,1011.50,14.59"
14:41:39,PMS7003 checksum failed
14:41:40,"228,483,483,594,5,20.35,37.75,1011.49,14.63"
14:41:42,"229,484,484,594,5,20.35,37.75,1011.51,14.48"
14:41:44,"231,484,484,594,5,20.36,37.74,1011.48,14.78"
14:41:47,"231,484,484,594,5,20.36,37.74,1011.46,14.89"
14:41:49,"235,484,484,594,5,20.35,37.74,1011.48,14.71"
14:41:51,"237,489,489,594,5,20.35,37.74,1011.48,14.71"
14:41:53,"237,489,489,594,5,20.36,37.74,1011.49,14.65"
14:41:56,"238,490,490,594,5,20.37,37.75,1011.49,14.68"
14:41:58,"238,492,492,594,5,20.36,37.75,1011.51,14.48"
14:42:00,"238,492,492,594,5,20.36,37.75,1011.50,14.59"
14:42:02,"246,504,504,594,5,20.36,37.76,1011.52,14.42"
14:42:04,"247,505,505,594,5,20.36,37.77,1011.47,14.86"
14:42:07,"247,505,505,594,5,20.36,37.79,1011.51,14.46"
14:42:09,"246,504,504,594,5,20.37,37.79,1011.50,14.58"
14:42:11,"244,504,504,594,5,20.36,37.79,1011.54,14.27"
14:42:13,"243,502,502,594,5,20.36,37.80,1011.48,14.73"
14:42:14,PMS7003 checksum failed
14:42:16,"243,495,496,595,5,20.36,37.82,1011.51,14.53"
14:42:18,"241,493,495,595,5,20.36,37.82,1011.48,14.72"
14:42:20,"240,495,495,595,5,20.36,37.77,1011.46,14.88"
14:42:22,"240,495,495,595,5,20.35,37.82,1011.48,14.72"
14:42:24,"243,495,496,595,5,20.35,37.82,1011.50,14.56"
14:42:27,"244,495,498,595,5,20.35,37.83,1011.51,14.52"
14:42:29,"246,495,498,595,5,20.35,37.84,1011.50,14.57"
14:42:31,"246,495,498,595,5,20.35,37.81,1011.51,14.50"
14:42:33,"246,496,498,595,5,20.35,37.81,1011.50,14.55"
14:42:35,"249,498,501,595,5,20.35,37.80,1011.51,14.52"
14:42:38,"249,498,501,595,5,20.35,37.80,1011.50,14.59"
14:42:40,"243,496,498,595,5,20.35,37.80,1011.52,14.39"
14:42:42,"243,495,496,595,5,20.35,37.80,1011.51,14.50"
14:42:44,"243,495,496,596,5,20.35,37.81,1011.49,14.66"
14:42:47,"246,492,492,596,5,20.36,37.80,1011.53,14.37"
14:42:49,"241,487,487,595,5,20.36,37.80,1011.53,14.37"
14:42:50,PMS7003 checksum failed
14:42:51,"234,483,483,596,5,20.36,37.80,1011.51,14.52"
14:42:53,"232,481,483,595,5,20.36,37.79,1011.52,14.37"
14:42:55,"232,481,483,595,5,20.36,37.77,1011.52,14.48"
14:42:58,"226,486,486,595,5,20.36,37.77,1011.52,14.43"
14:43:00,"226,486,486,596,5,20.35,37.79,1011.48,14.77"
14:43:02,"225,486,486,596,5,20.36,37.77,1011.51,14.50"
14:43:04,"225,486,487,596,5,20.36,37.75,1011.49,14.67"
14:43:07,"225,486,487,596,5,20.37,37.76,1011.51,14.50"
14:43:09,"225,487,489,596,5,20.37,37.76,1011.53,14.34"
14:43:11,"225,487,489,596,5,20.36,37.79,1011.51,14.51"
14:43:13,"225,487,489,596,5,20.36,37.81,1011.51,14.48"
14:43:15,"231,495,496,596,5,20.36,37.82,1011.52,14.42"
14:43:18,"231,498,498,596,5,20.36,37.80,1011.49,14.70"
14:43:20,"231,498,498,596,5,20.36,37.77,1011.49,14.68"
14:43:22,"237,498,498,596,5,20.36,37.77,1011.48,14.72"
14:43:24,"238,495,495,596,5,20.36,37.79,1011.52,14.44"
14:43:26,"238,495,495,597,5,20.35,37.81,1011.49,14.64"
14:43:29,"231,483,483,596,5,20.36,37.80,1011.51,14.54"
14:43:31,"231,481,481,597,5,20.35,37.81,1011.49,14.64"
14:43:33,"231,481,481,597,5,20.36,37.82,1011.51,14.50"
14:43:35,"231,477,477,597,5,20.35,37.82,1011.50,14.56"
14:43:38,"231,477,477,597,5,20.36,37.82,1011.53,14.37"
14:43:40,"231,478,480,597,5,20.34,37.81,1011.48,14.73"
14:43:42,"231,480,481,597,5,20.35,37.82,1011.51,14.52"
14:43:44,"234,489,489,597,5,20.36,37.83,1011.49,14.63"
14:43:46,"234,489,489,597,5,20.36,37.83,1011.48,14.76"
14:43:49,"237,495,495,597,5,20.36,37.82,1011.50,14.62"
14:43:51,"237,492,492,597,5,20.36,37.81,1011.51,14.51"
14:43:53,"237,489,489,597,5,20.37,37.83,1011.49,14.69"
14:43:55,"237,489,489,597,5,20.36,37.82,1011.50,14.60"
14:43:57,"234,480,480,598,5,20.36,37.82,1011.52,14.44"
14:44:00,"234,478,478,597,5,20.37,37.80,1011.50,14.54"
14:44:02,"234,480,480,597,5,20.36,37.77,1011.49,14.66"
14:44:03,PMS7003 checksum failed
14:44:04,"234,480,480,597,5,20.37,37.77,1011.55,14.16"
14:44:06,"231,478,478,598,5,20.37,37.80,1011.49,14.63"
14:44:09,"231,477,477,598,5,20.37,37.80,1011.50,14.54"
14:44:11,"231,477,477,597,5,20.36,37.81,1011.49,14.68"
14:44:13,"231,477,477,597,5,20.36,37.77,1011.49,14.68"
14:44:15,"231,477,477,597,5,20.36,37.81,1011.49,14.63"
14:44:17,"234,483,483,598,5,20.36,37.81,1011.49,14.67"
14:44:20,"234,483,483,598,5,20.36,37.80,1011.51,14.46"
14:44:22,"234,481,481,597,5,20.36,37.81,1011.51,14.53"
14:44:24,"234,480,480,597,5,20.36,37.82,1011.48,14.76"
14:44:26,"234,480,480,597,5,20.35,37.85,1011.49,14.62"
14:44:29,"237,477,477,597,5,20.36,37.84,1011.49,14.68"
14:44:31,"231,471,471,597,5,20.36,37.84,1011.49,14.64"
14:44:33,"231,471,471,597,5,20.36,37.83,1011.52,14.42"
14:44:35,"231,469,469,597,5,20.36,37.85,1011.50,14.61"
14:44:37,"231,468,468,597,5,20.36,37.83,1011.54,14.22"
14:44:40,"8,466,466,597,5,20.36,37.82,1011.48,14.71"
14:44:42,"225,469,469,597,5,20.36,37.88,1011.51,14.47"
14:44:44,"223,468,468,597,5,20.35,37.82,1011.49,14.69"
14:44:46,"223,468,468,597,5,20.35,37.81,1011.52,14.38"
14:44:48,"223,468,468,596,5,20.35,37.82,1011.48,14.72"
14:44:51,"223,466,466,597,5,20.36,37.83,1011.48,14.72"
14:44:53,"225,469,469,596,5,20.36,37.80,1011.50,14.57"
14:44:55,"225,469,469,596,5,20.36,37.81,1011.51,14.51"
14:44:57,"225,471,471,596,5,20.36,37.81,1011.53,14.34"
14:45:00,"225,472,472,596,5,20.36,37.82,1011.49,14.63"
14:45:02,"225,472,472,596,5,20.36,37.82,1011.50,14.58"
14:45:04,"222,468,468,596,5,20.36,37.81,1011.52,14.44"
14:45:06,"222,468,468,596,5,20.36,37.79,1011.53,14.32"
14:45:08,"223,468,468,596,5,20.36,37.79,1011.49,14.63"
14:45:11,"223,468,468,596,5,20.37,37.77,1011.50,14.59"
14:45:13,"223,471,471,596,5,20.37,37.80,1011.54,14.26"
14:45:15,"223,471,471,596,5,20.37,37.80,1011.51,14.46"
14:45:17,"223,472,472,596,5,20.36,37.80,1011.51,14.48"
14:45:19,"226,472,472,596,5,20.36,37.81,1011.50,14.55"
14:45:22,"226,474,474,595,5,20.37,37.79,1011.53,14.37"
14:45:24,"228,475,475,596,5,20.37,37.76,1011.51,14.51"
14:45:26,"229,475,475,596,5,20.36,37.76,1011.54,14.28"
14:45:28,"235,480,480,595,5,20.36,37.74,1011.57,13.99"
14:45:31,"235,480,480,595,5,20.36,37.75,1011.54,14.26"
14:45:33,"237,480,480,596,5,20.37,37.75,1011.54,14.25"
14:45:35,"237,480,480,595,5,20.36,37.75,1011.55,14.15"
14:45:37,"237,483,483,595,5,20.36,37.75,1011.51,14.53"
14:45:39,"232,481,481,595,5,20.36,37.75,1011.56,14.05"
14:45:42,"231,483,483,595,5,20.37,37.75,1011.54,14.27"
14:45:44,"231,483,483,595,5,20.36,37.76,1011.55,14.20"
14:45:46,"231,483,483,595,5,20.36,37.77,1011.54,14.28"
14:45:48,"231,481,481,595,5,20.36,37.77,1011.55,14.20"
14:45:51,"231,481,481,595,5,20.36,37.79,1011.50,14.55"
14:45:53,"231,480,480,595,5,20.36,37.79,1011.54,14.27"
14:45:55,"231,480,480,595,5,20.36,37.79,1011.56,14.09"
14:45:57,"231,480,480,595,5,20.36,37.80,1011.54,14.22"
14:45:59,"234,483,483,595,5,20.36,37.79,1011.54,14.23"
14:46:02,"234,483,483,594,5,20.36,37.77,1011.53,14.29"
14:46:04,"234,483,483,594,5,20.37,37.80,1011.61,13.66"
14:46:06,"234,483,483,595,5,20.36,37.77,1011.57,13.96"
14:46:08,"34,481,481,595,5,20.36,37.77,1011.53,14.31"
14:46:10,"234,481,481,594,5,20.37,37.76,1011.55,14.20"
14:46:12,PMS7003 checksum failed
14:46:13,"234,481,481,594,5,20.36,37.77,1011.57,14.01"
14:46:15,"232,481,481,594,5,20.37,37.76,1011.55,14.16"
14:46:17,"232,481,481,594,5,20.36,37.75,1011.56,14.10"
14:46:19,"228,480,480,594,5,20.36,37.75,1011.56,14.07"
14:46:22,"229,481,481,594,5,20.37,37.76,1011.56,14.06"
14:46:24,"229,481,481,594,5,20.37,37.79,1011.59,13.79"
14:46:25,PMS7003 checksum failed
14:46:26,"229,484,484,594,5,20.36,37.79,1011.56,14.06"
14:46:28,"229,486,486,594,5,20.35,37.79,1011.56,14.11"
14:46:30,"228,483,483,594,5,20.36,37.79,1011.55,14.17"
14:46:33,"228,483,483,594,5,20.36,37.79,1011.58,13.89"
14:46:35,"225,480,480,594,5,20.35,37.76,1011.58,13.95"
14:46:37,"228,481,481,594,5,20.35,37.77,1011.59,13.84"
14:46:39,"228,481,481,594,5,20.36,37.77,1011.55,14.13"
14:46:42,"226,481,481,594,5,20.36,37.75,1011.58,13.90"
14:46:44,"225,483,483,594,5,20.36,37.76,1011.54,14.22"
14:46:46,"225,483,483,594,5,20.35,37.73,1011.59,13.91"
14:46:48,"226,477,477,594,5,20.36,37.76,1011.58,13.90"
14:46:50,"226,477,477,593,5,20.36,37.77,1011.57,14.02"
14:46:53,"226,477,477,594,5,20.36,37.79,1011.60,13.77"
14:46:55,"225,475,475,594,5,20.36,37.79,1011.58,13.90"
14:46:57,"225,474,474,594,5,20.35,37.79,1011.61,13.66"
14:46:59,"225,474,474,594,5,20.36,37.81,1011.59,13.82"
14:47:00,PMS7003 checksum failed
14:47:02,"222,459,459,594,5,20.36,37.81,1011.59,13.80"
14:47:04,"220,459,459,594,5,20.37,37.79,1011.58,13.91"
14:47:06,"219,459,459,594,5,20.36,37.77,1011.57,14.00"
14:47:08,"219,459,459,593,5,20.36,37.80,1011.57,13.96"
14:47:10,"214,448,448,594,5,20.36,37.81,1011.55,14.20"
14:47:13,"216,447,447,594,5,20.36,37.82,1011.57,14.00"
14:47:15,"216,447,447,594,5,20.36,37.81,1011.59,13.86"
14:47:17,"216,447,447,594,5,20.35,37.80,1011.58,13.93"
14:47:19,"216,447,447,593,5,20.35,37.81,1011.58,13.92"
14:47:21,"217,447,447,593,5,20.36,37.82,1011.60,13.77"
14:47:24,"217,447,447,593,5,20.36,37.82,1011.59,13.83"
14:47:26,"216,453,453,593,5,20.35,37.81,1011.62,13.58"
14:47:28,"216,451,451,593,5,20.35,37.82,1011.56,14.09"
14:47:30,"216,451,451,594,5,20.35,37.82,1011.58,13.94"
14:47:33,"216,447,447,593,5,20.36,37.84,1011.61,13.64"
14:47:35,"214,444,444,594,5,20.36,37.84,1011.61,13.65"
14:47:36,PMS7003 checksum failed
14:47:37,"219,453,453,594,5,20.35,37.83,1011.59,13.81"
14:47:39,"220,453,453,594,5,20.36,37.83,1011.59,13.82"
14:47:41,"220,453,453,594,5,20.36,37.83,1011.61,13.70"
14:47:44,"219,457,457,594,5,20.36,37.84,1011.57,13.98"
14:47:46,"219,457,457,594,5,20.35,37.85,1011.60,13.73"
14:47:48,"219,457,457,594,5,20.35,37.81,1011.59,13.85"
14:47:50,"219,457,457,594,5,20.36,37.80,1011.62,13.61"
14:47:53,"219,457,457,594,5,20.36,37.80,1011.61,13.70"
14:47:55,"219,457,457,594,5,20.36,37.79,1011.62,13.58"
14:47:57,"219,456,456,594,5,20.36,37.75,1011.59,13.61"
14:47:59,"219,456,456,594,5,20.36,37.72,1011.58,13.93"
14:48:01,"220,459,459,594,5,20.35,37.75,1011.59,13.85"
14:48:04,"220,459,459,594,5,20.35,37.75,1011.62,13.61"
14:48:06,"220,459,459,594,5,20.35,37.74,1011.58,13.92"
14:48:08,"217,456,456,594,5,20.35,37.76,1011.60,13.76"
14:48:10,"216,454,454,594,5,20.35,37.80,1011.59,13.85"
14:48:12,"216,454,454,595,5,20.35,37.81,1011.62,13.56"
14:48:15,"216,451,451,595,5,20.35,37.83,1011.60,13.76"
14:48:17,"216,451,451,595,5,20.35,37.82,1011.60,13.71"
14:48:19,"216,451,451,595,5,20.35,37.82,1011.64,13.43"
14:48:21,"219,450,450,595,5,20.35,37.83,1011.62,13.56"
14:48:24,"219,450,450,595,5,20.35,37.85,1011.60,13.71"
14:48:26,"219,450,450,595,5,20.35,37.84,1011.60,13.75"
14:48:28,"219,450,450,595,5,20.34,37.82,1011.61,13.67"
14:48:30,"222,450,450,595,5,20.34,37.83,1011.61,13.66"
14:48:32,"222,450,450,596,5,20.35,37.85,1011.63,13.52"
14:48:35,"225,454,454,596,5,20.35,37.85,1011.62,13.59"
14:48:37,"228,456,456,596,5,20.34,37.84,1011.60,13.70"
14:48:39,"228,456,456,596,5,20.34,37.86,1011.61,13.66"
14:48:41,"228,456,456,596,5,20.33,37.85,1011.59,13.80"
14:48:44,"232,459,459,595,5,20.34,37.85,1011.61,13.65"
14:48:46,"234,460,460,596,5,20.34,37.90,1011.62,13.57"
14:48:48,"234,462,462,595,5,20.34,37.89,1011.62,13.59"
14:48:49,PMS7003 checksum failed
14:48:50,"234,468,468,595,5,20.34,37.89,1011.64,13.37"
14:48:52,"228,468,468,595,5,20.35,37.87,1011.62,13.56"
14:48:55,"223,469,469,595,5,20.34,37.85,1011.62,13.62"
14:48:57,"223,469,469,595,5,20.34,37.85,1011.63,13.51"
14:48:59,"222,469,469,595,5,20.34,37.81,1011.62,13.56"
14:49:01,"222,469,469,595,5,20.34,37.76,1011.60,13.73"
14:49:03,"222,472,472,595,5,20.35,37.74,1011.64,13.43"
14:49:06,"222,472,472,595,5,20.36,37.73,1011.65,13.33"
14:49:08,"220,469,469,595,5,20.35,37.75,1011.63,13.52"
14:49:10,"219,466,466,595,5,20.35,37.74,1011.65,13.33"
14:49:12,"219,466,466,595,5,20.35,37.72,1011.60,13.73"
14:49:15,"219,460,460,595,5,20.34,37.78,1011.61,13.63"
14:49:17,"213,453,453,594,5,20.35,37.70,1011.61,13.69"
14:49:19,"213,453,453,595,5,20.36,37.69,1011.65,13.37"
14:49:21,"213,451,451,594,5,20.36,37.72,1011.62,13.61"
14:49:23,"211,451,451,594,5,20.36,37.73,1011.61,13.67"
14:49:26,"211,459,459,594,5,20.36,37.73,1011.61,13.63"
14:49:28,"213,468,468,594,5,20.37,37.75,1011.64,13.52"
14:49:30,"213,468,468,594,5,20.37,37.76,1011.67,13.20"
14:49:32,"213,468,468,594,5,20.37,37.77,1011.64,13.44"
14:49:35,"213,468,468,594,5,20.36,37.76,1011.64,13.39"
14:49:37,"217,469,469,594,5,20.36,37.79,1011.63,13.53"
14:49:39,"219,468,468,594,5,20.36,37.77,1011.64,13.42"
14:49:41,"219,468,468,594,5,20.36,37.77,1011.63,13.51"
14:49:43,"219,471,471,594,5,20.35,37.77,1011.64,13.41"
14:49:46,"220,474,474,594,5,20.36,37.81,1011.61,13.69"
14:49:48,"220,474,474,594,5,20.36,37.82,1011.58,13.92"
14:49:50,"235,486,486,594,5,20.36,37.82,1011.61,13.69"
14:49:52,"235,487,487,594,5,20.36,37.83,1011.63,13.51"
14:49:54,"237,489,489,594,5,20.35,37.82,1011.62,13.59"
14:49:57,"237,489,489,594,5,20.35,37.82,1011.59,13.84"
14:49:59,"237,489,489,594,5,20.36,37.80,1011.59,13.81"
14:50:01,"235,489,489,593,5,20.36,37.75,1011.62,13.61"
14:50:03,"231,484,484,593,5,20.36,37.76,1011.61,13.66"
14:50:06,"231,478,478,593,5,20.36,37.77,1011.62,13.60"
14:50:08,"229,478,478,593,5,20.36,37.77,1011.59,13.82"
14:50:10,"229,478,478,593,5,20.36,37.68,1011.63,13.50"
14:50:12,"229,477,477,592,5,20.36,37.80,1011.61,13.63"
14:50:14,"232,475,475,592,5,20.35,37.77,1011.64,13.42"
14:50:17,"232,477,477,592,5,20.35,37.76,1011.61,13.64"
14:50:19,"232,477,477,592,5,20.36,37.77,1011.60,13.72"
14:50:21,"232,477,477,592,5,20.36,37.82,1011.61,13.66"
14:50:23,"231,480,480,592,5,20.36,37.77,1011.66,13.27"
14:50:25,"228,480,480,592,5,20.36,37.76,1011.64,13.44"
14:50:28,"228,483,483,592,5,20.36,37.74,1011.58,13.88"
14:50:30,"228,483,483,592,5,20.35,37.75,1011.60,13.76"
14:50:32,"228,484,484,592,5,20.36,37.76,1011.61,13.70"
14:50:34,"226,486,486,592,5,20.36,37.77,1011.59,13.82"
14:50:37,"228,484,484,592,5,20.37,37.79,1011.62,13.58"
14:50:39,"228,483,483,592,5,20.36,37.81,1011.62,13.55"
14:50:41,"229,481,481,592,5,20.35,37.81,1011.59,13.81"
14:50:43,"229,481,481,592,5,20.35,37.79,1011.60,13.74"
14:50:45,"231,481,481,592,5,20.36,37.79,1011.62,13.55"
14:50:48,"231,480,480,592,5,20.36,37.77,1011.59,13.81"
14:50:50,"231,480,480,591,5,20.35,37.80,1011.59,13.84"
14:50:52,"231,480,480,592,5,20.36,37.82,1011.61,13.67"
14:50:54,"232,480,480,591,5,20.36,37.79,1011.60,13.73"
14:50:56,"232,480,480,592,5,20.37,37.79,1011.60,13.75"
14:50:58,PMS7003 checksum failed
14:50:59,"234,489,489,591,5,20.36,37.77,1011.63,13.52"
14:51:01,"231,490,490,591,5,20.36,37.76,1011.60,13.73"
14:51:03,"231,490,490,591,5,20.36,37.77,1011.59,13.85"
14:51:05,"231,492,492,591,5,20.37,37.76,1011.60,13.72"
14:51:08,"231,492,492,592,5,20.37,37.76,1011.59,13.80"
14:51:10,"231,490,490,591,5,20.38,37.76,1011.60,13.73"
14:51:12,"231,489,489,591,5,20.37,37.74,1011.61,13.69"
14:51:14,"231,489,489,591,5,20.37,37.73,1011.59,13.86"
14:51:16,"231,489,489,591,5,20.37,37.73,1011.58,13.88"
14:51:19,"229,486,486,592,5,20.37,37.73,1011.60,13.75"
14:51:21,"229,486,486,591,5,20.37,37.74,1011.61,13.66"
14:51:23,"225,477,477,591,5,20.37,37.74,1011.60,13.72"
14:51:25,"226,469,469,591,5,20.37,37.77,1011.60,13.74"
14:51:28,"226,469,469,591,5,20.37,37.80,1011.59,13.80"
14:51:30,"225,468,468,591,5,20.37,37.81,1011.59,13.85"
14:51:32,"225,468,468,592,5,20.37,37.81,1011.57,13.99"
14:51:33,PMS7003 checksum failed
14:51:34,"226,465,466,592,5,20.36,37.79,1011.59,13.82"
14:51:36,"225,466,468,592,5,20.36,37.79,1011.57,14.01"
14:51:39,"225,466,468,592,5,20.36,37.79,1011.60,13.77"
14:51:41,"225,466,468,592,5,20.36,37.80,1011.58,13.89"
14:51:43,"225,466,468,592,5,20.36,37.81,1011.59,13.83"
14:51:45,"228,468,469,593,5,20.36,37.82,1011.59,13.81"
14:51:46,PMS7003 checksum failed
14:51:48,"232,475,477,593,5,20.36,37.84,1011.58,13.91"
14:51:50,"231,475,477,593,5,20.36,37.84,1011.58,13.90"
14:51:52,"231,477,477,593,5,20.35,37.84,1011.59,13.81"
14:51:54,"231,477,477,593,5,20.35,37.85,1011.58,13.90"
14:51:56,"226,475,477,594,5,20.35,37.85,1011.55,14.12"
14:51:59,"226,477,477,593,5,20.36,37.87,1011.59,13.82"
14:52:01,"226,477,477,593,5,20.36,37.88,1011.58,13.93"
14:52:03,"226,477,477,593,5,20.36,37.84,1011.54,14.27"
14:52:05,"226,477,477,593,5,20.36,37.83,1011.58,13.95"
14:52:08,"226,477,477,593,5,20.37,37.83,1011.57,14.03"
14:52:10,"226,477,477,594,5,20.36,37.83,1011.57,14.03"
14:52:12,"225,468,469,594,5,20.36,37.82,1011.59,13.87"
14:52:14,"225,468,468,594,5,20.36,37.82,1011.59,13.87"
14:52:16,"225,468,468,594,5,20.36,37.81,1011.58,13.94"
14:52:19,"462,462,593,5,20.37,37.82,1011.59,13.84"
14:52:21,"229,462,462,593,5,20.36,37.81,1011.56,14.09"
14:52:23,"229,462,462,593,5,20.36,37.79,1011.57,14.09"
14:52:25,"235,469,469,593,5,20.36,37.83,1011.58,13.91"
14:52:27,"235,471,471,593,5,20.36,37.83,1011.56,14.10"
14:52:30,"235,471,471,593,5,20.36,37.86,1011.54,14.24"
14:52:32,"231,472,472,593,5,20.36,37.83,1011.56,14.09"
14:52:34,"231,472,472,593,5,20.36,37.82,1011.56,14.12"
14:52:36,"231,471,471,593,5,20.36,37.81,1011.54,14.22"
14:52:39,"229,471,471,593,5,20.37,37.81,1011.57,14.03"
14:52:41,"228,468,468,593,5,20.37,37.83,1011.53,14.35"
14:52:43,"228,468,468,593,5,20.36,37.80,1011.53,14.32"
14:52:45,"228,468,468,593,5,20.36,37.77,1011.52,14.41"
14:52:47,"229,469,469,593,5,20.36,37.75,1011.54,14.25"
14:52:50,"231,471,471,593,5,20.36,37.75,1011.57,14.03"
14:52:52,"231,471,471,592,5,20.36,37.76,1011.56,14.10"
14:52:54,"237,472,472,592,5,20.36,37.77,1011.52,14.38"
14:52:56,"237,471,471,592,5,20.37,37.77,1011.53,14.34"
14:52:58,"235,469,469,592,5,20.37,37.76,1011.56,14.06"
14:53:01,"229,468,468,592,5,20.36,37.75,1011.55,14.19"
14:53:03,"229,468,468,592,5,20.36,37.75,1011.54,14.22"
14:53:05,"228,465,465,592,5,20.36,37.75,1011.52,14.38"
14:53:07,"228,463,463,592,5,20.36,37.77,1011.55,14.15"
14:53:10,"228,463,463,592,5,20.36,37.76,1011.53,14.30"
14:53:12,"228,463,463,592,5,20.36,37.76,1011.57,13.99"
14:53:14,"228,463,463,591,5,20.36,37.76,1011.55,14.17"
14:53:16,"231,465,465,592,5,20.37,37.77,1011.57,13.99"
14:53:18,"231,465,465,592,5,20.37,37.80,1011.54,14.22"
14:53:21,"235,471,471,592,5,20.36,37.80,1011.55,14.20"
14:53:23,"237,472,472,592,5,20.35,37.81,1011.55,14.12"
14:53:25,"237,472,472,592,5,20.36,37.80,1011.55,14.18"
14:53:27,"237,472,472,592,5,20.36,37.81,1011.55,14.20"
14:53:29,"231,472,472,591,5,20.37,37.81,1011.58,13.89"
14:53:32,"231,471,471,591,5,20.35,37.76,1011.52,14.43"
14:53:34,"231,472,472,591,5,20.37,37.76,1011.58,13.91"
14:53:36,"229,471,471,591,5,20.37,37.76,1011.58,13.94"
14:53:38,"229,471,471,591,5,20.37,37.79,1011.54,14.21"
14:53:41,"223,469,469,591,5,20.37,37.76,1011.56,14.10"
14:53:43,"223,468,468,591,5,20.36,37.76,1011.55,14.17"
14:53:45,"223,468,468,591,5,20.36,37.75,1011.56,14.04"
14:53:47,"223,468,468,591,5,20.36,37.75,1011.54,14.25"
14:53:49,"223,469,469,591,5,20.36,37.73,1011.56,14.08"
14:53:52,"225,474,474,590,5,20.37,37.73,1011.58,13.94"
14:53:53,PMS7003 checksum failed
14:53:54,"222,466,466,590,5,20.37,37.73,1011.57,13.96"
14:53:56,"222,466,466,591,5,20.37,37.73,1011.58,13.94"
14:53:58,"222,465,465,591,5,20.37,37.72,1011.53,14.30"
14:54:01,"222,465,465,590,5,20.37,37.72,1011.54,14.26"
14:54:03,"219,466,466,590,5,20.37,37.71,1011.53,14.33"
14:54:05,"219,466,466,590,5,20.37,37.73,1011.57,14.03"
14:54:07,"219,466,466,590,5,20.38,37.72,1011.55,14.14"
14:54:09,"219,466,466,590,5,20.38,37.71,1011.51,14.47"
14:54:12,"220,466,466,591,5,20.38,37.72,1011.54,14.22"
14:54:14,"222,468,468,591,5,20.39,37.72,1011.56,14.11"
14:54:16,"222,468,468,591,5,20.38,37.69,1011.53,14.34"
14:54:18,"226,477,477,591,5,20.38,37.71,1011.56,14.11"
14:54:20,"226,477,477,591,5,20.38,37.71,1011.54,14.22"
14:54:23,"226,477,477,591,5,20.38,37.69,1011.57,14.17"
14:54:25,"222,471,471,591,5,20.38,37.71,1011.57,13.99"
14:54:27,"220,466,466,591,5,20.39,37.70,1011.54,14.24"
14:54:28,PMS7003 checksum failed
14:54:29,"214,462,462,591,5,20.39,37.70,1011.54,14.26"
14:54:32,"214,460,460,591,5,20.39,37.71,1011.54,14.24"
14:54:34,"214,460,460,591,5,20.38,37.71,1011.54,14.28"
14:54:36,"216,462,462,591,5,20.38,37.71,1011.56,14.07"
14:54:38,"216,462,462,590,5,20.38,37.72,1011.56,14.05"
14:54:40,"217,463,463,590,5,20.37,37.73,1011.54,14.23"
14:54:43,"219,465,465,590,5,20.37,37.75,1011.56,14.07"
14:54:45,"219,465,465,590,5,20.37,37.74,1011.59,13.83"
14:54:47,"219,465,465,590,5,20.37,37.74,1011.55,14.15"
14:54:49,"220,468,468,590,5,20.37,37.74,1011.54,14.25"
14:54:52,"220,468,468,590,5,20.38,37.71,1011.57,13.99"
14:54:54,"234,474,474,590,5,20.37,37.70,1011.56,14.12"
14:54:56,"237,475,475,591,5,20.38,37.69,1011.56,14.08"
14:54:58,"237,475,475,590,5,20.37,37.62,1011.56,14.08"
14:55:00,"237,474,474,590,5,20.37,37.72,1011.55,14.15"
14:55:03,"234,474,474,590,5,20.37,37.73,1011.55,14.18"
14:55:05,"234,474,474,590,5,20.38,37.71,1011.57,14.01"
14:55:07,"232,477,477,590,5,20.38,37.73,1011.54,14.23"
14:55:09,"232,477,477,590,5,20.38,37.71,1011.55,14.18"
14:55:11,"232,477,477,590,5,20.38,37.73,1011.53,14.32"
14:55:14,"234,477,477,590,5,20.38,37.72,1011.57,13.99"
14:55:16,"234,477,477,590,5,20.38,37.73,1011.56,14.06"
14:55:18,"234,477,477,590,5,20.38,37.71,1011.57,14.02"
14:55:20,"234,477,477,590,5,20.39,37.72,1011.54,14.24"
14:55:23,"231,475,475,590,5,20.39,37.72,1011.54,14.22"
14:55:25,"231,475,475,590,5,20.39,37.73,1011.56,14.12"
14:55:27,"228,472,472,590,5,20.39,37.73,1011.59,13.86"
14:55:29,"228,472,472,590,5,20.39,37.72,1011.57,13.98"
14:55:31,"228,472,472,590,5,20.39,37.70,1011.56,14.09"
14:55:34,"8,472,472,590,5,20.40,37.70,1011.56,14.05"
14:55:36,"225,471,471,590,5,20.39,37.68,1011.58,13.93"
14:55:38,"222,471,471,590,5,20.40,37.68,1011.59,13.84"
14:55:40,"222,468,468,591,5,20.39,37.70,1011.56,14.15"
14:55:41,PMS7003 checksum failed
14:55:43,"219,462,462,591,5,20.39,37.71,1011.57,14.03"
14:55:45,"219,459,459,591,5,20.39,37.72,1011.58,13.92"
14:55:47,"219,462,462,591,5,20.40,37.72,1011.57,14.01"
14:55:49,"219,462,462,591,5,20.39,37.71,1011.58,13.93"
14:55:51,"220,462,462,591,5,20.40,37.71,1011.59,13.82"
14:55:54,"220,462,462,591,5,20.40,37.71,1011.62,13.61"
14:55:56,"225,463,463,591,5,20.40,37.72,1011.55,14.14"
14:55:58,"225,463,463,591,5,20.39,37.72,1011.56,14.06"
14:56:00,"225,462,462,591,5,20.39,37.71,1011.56,14.10"
14:56:02,"223,462,462,591,5,20.39,37.72,1011.57,13.98"
14:56:05,"223,462,462,591,5,20.39,37.73,1011.58,13.88"
14:56:07,"219,459,459,591,5,20.39,37.72,1011.59,13.84"
14:56:09,"214,454,454,591,5,20.38,37.72,1011.56,14.11"
14:56:11,"214,454,454,591,5,20.39,37.73,1011.57,13.98"
14:56:14,"214,453,453,591,5,20.40,37.75,1011.60,13.79"
14:56:16,"214,453,453,591,5,20.40,37.74,1011.57,14.00"
14:56:18,"216,454,454,592,5,20.39,37.72,1011.57,14.01"
14:56:20,"220,453,453,592,5,20.40,37.71,1011.57,13.98"
14:56:22,"222,453,453,591,5,20.39,37.72,1011.53,14.36"
14:56:25,"222,453,453,591,5,20.39,37.72,1011.62,13.59"
14:56:27,"223,453,453,591,5,20.39,37.74,1011.58,13.90"
14:56:29,"228,459,459,591,5,20.37,37.71,1011.57,14.10"
14:56:31,"231,463,463,592,5,20.38,37.78,1011.59,13.87"
14:56:34,"231,463,463,591,5,20.38,37.76,1011.62,13.56"
14:56:36,"234,465,465,591,5,20.38,37.78,1011.60,13.74"
14:56:38,"235,466,466,592,5,20.37,37.79,1011.55,14.20"
14:56:40,"235,466,466,592,5,20.37,37.80,1011.59,13.82"
14:56:42,"225,463,463,592,5,20.37,37.81,1011.56,14.07"
14:56:45,"225,462,462,592,5,20.37,37.81,1011.59,13.85"
14:56:47,"223,462,462,592,5,20.37,37.80,1011.57,13.98"
14:56:49,"223,462,462,592,5,20.37,37.81,1011.59,13.82"
14:56:51,"223,460,460,592,5,20.37,37.80,1011.61,13.65"
14:56:53,"222,459,459,592,5,20.39,37.78,1011.60,13.73"
14:56:56,"219,456,456,592,5,20.38,37.78,1011.61,13.73"
14:56:58,"213,453,453,592,5,20.37,37.75,1011.61,13.66"
14:57:00,"211,450,450,592,5,20.38,37.75,1011.62,13.61"
14:57:02,"210,450,450,592,5,20.37,37.74,1011.61,13.63"
14:57:05,"210,450,450,592,5,20.38,37.74,1011.62,13.61"
14:57:07,"207,444,444,592,5,20.38,37.73,1011.59,13.80"
14:57:09,"208,445,445,592,5,20.38,37.73,1011.59,13.82"
14:57:11,"10,445,445,592,5,20.39,37.74,1011.56,14.05"
14:57:13,"210,445,445,592,5,20.39,37.74,1011.60,13.77"
14:57:16,"216,442,442,592,5,20.39,37.75,1011.61,13.66"
14:57:18,"217,441,441,592,5,20.38,37.74,1011.56,14.05"
14:57:20,"216,444,444,592,5,20.38,37.73,1011.61,13.70"
14:57:22,"216,444,444,592,5,20.38,37.72,1011.61,13.65"
14:57:24,"217,447,447,591,5,20.39,37.69,1011.60,13.76"
14:57:27,"217,448,448,591,5,20.38,37.66,1011.60,13.71"
14:57:29,"217,456,456,591,5,20.39,37.64,1011.61,13.63"
14:57:31,"216,457,457,591,5,20.39,37.63,1011.59,13.79"
14:57:33,"216,459,459,591,5,20.39,37.60,1011.57,14.01"
14:57:36,"216,459,459,592,5,20.39,37.58,1011.58,13.90"
14:57:38,"214,456,456,591,5,20.39,37.56,1011.60,13.77"
14:57:40,"213,456,456,592,5,20.39,37.54,1011.59,13.84"
14:57:42,"213,456,456,591,5,20.39,37.54,1011.56,14.08"
14:57:44,"213,453,453,591,5,20.39,37.58,1011.56,14.04"
14:57:47,"213,453,453,591,5,20.39,37.61,1011.60,13.78"
14:57:49,"213,453,453,591,5,20.39,37.65,1011.57,14.00"
14:57:50,PMS7003 checksum failed
14:57:51,"210,447,447,592,5,20.39,37.66,1011.59,13.86"
14:57:53,"210,447,447,591,5,20.39,37.66,1011.56,14.08"
14:57:56,"210,447,447,591,5,20.38,37.65,1011.56,14.07"
14:57:58,"213,439,439,592,5,20.38,37.65,1011.57,14.00"
14:58:00,"213,438,438,591,5,20.39,37.65,1011.60,13.72"
14:58:02,"211,435,435,592,5,20.38,37.66,1011.58,13.92"
14:58:04,"210,433,433,591,5,20.39,37.67,1011.60,13.74"
14:58:07,"210,433,433,591,5,20.39,37.68,1011.56,14.04"
14:58:09,"210,435,435,591,5,20.39,37.65,1011.57,14.00"
14:58:11,"210,435,435,591,5,20.38,37.64,1011.62,13.61"
14:58:13,"210,435,435,591,5,20.38,37.64,1011.60,13.70"
14:58:15,"210,438,438,591,5,20.38,37.64,1011.58,13.89"
14:58:18,"213,441,441,591,5,20.38,37.64,1011.60,13.77"
14:58:20,"213,441,441,591,5,20.38,37.65,1011.57,14.04"
14:58:22,"213,441,441,591,5,20.38,37.65,1011.59,13.87"
14:58:24,"213,441,441,591,5,20.38,37.64,1011.57,13.97"
14:58:25,PMS7003 checksum failed
14:58:27,"213,438,438,591,5,20.37,37.65,1011.58,13.95"
14:58:29,"213,439,439,591,5,20.38,37.64,1011.55,14.13"
14:58:31,"213,439,439,591,5,20.38,37.64,1011.59,13.85"
14:58:33,"213,439,439,591,5,20.37,37.71,1011.59,13.80"
14:58:35,"213,439,439,591,5,20.38,37.66,1011.56,14.05"
14:58:38,"216,444,444,591,5,20.38,37.67,1011.61,13.67"
14:58:39,PMS7003 checksum failed
14:58:40,"213,442,442,592,5,20.38,37.69,1011.56,14.05"
14:58:42,"213,442,442,592,5,20.38,37.71,1011.55,14.17"
14:58:44,"213,442,442,591,5,20.38,37.72,1011.55,14.14"
14:58:47,"213,442,442,592,5,20.38,37.74,1011.57,13.98"
14:58:49,"210,444,444,592,5,20.37,37.74,1011.58,13.94"
14:58:51,"210,442,442,592,5,20.38,37.74,1011.59,13.84"
14:58:53,"210,442,442,592,5,20.38,37.75,1011.56,14.08"
14:58:55,"210,442,442,592,5,20.38,37.75,1011.59,13.85"
14:58:58,"210,442,442,592,5,20.38,37.76,1011.59,13.80"
14:59:00,"210,442,442,592,5,20.38,37.74,1011.59,13.84"
14:59:02,"210,442,442,592,5,20.38,37.74,1011.58,13.93"
14:59:04,"216,447,447,592,5,20.39,37.75,1011.60,13.72"
14:59:06,"216,450,450,592,5,20.38,37.76,1011.58,13.95"
14:59:09,"216,450,450,592,5,20.38,37.76,1011.56,14.09"
14:59:11,"213,450,450,592,5,20.39,37.73,1011.59,13.84"
14:59:13,"213,450,450,592,5,20.39,37.75,1011.60,13.71"
14:59:14,PMS7003 checksum failed
14:59:15,"211,451,451,592,5,20.39,37.76,1011.60,13.73"
14:59:18,"211,453,453,592,5,20.39,37.74,1011.55,14.17"
14:59:20,"211,453,453,592,5,20.39,37.72,1011.59,13.87"
14:59:22,"213,447,447,592,5,20.40,37.68,1011.59,13.83"
14:59:24,"213,447,447,592,5,20.39,37.67,1011.57,13.97"
14:59:26,"214,445,445,592,5,20.40,37.66,1011.60,13.75"
14:59:29,"216,444,444,592,5,20.40,37.66,1011.57,13.98"
14:59:31,"216,444,444,592,5,20.40,37.66,1011.60,13.79"
14:59:33,"214,441,441,592,5,20.40,37.67,1011.59,13.82"
14:59:35,"213,441,441,591,5,20.40,37.67,1011.59,13.86"
14:59:38,"213,441,441,592,5,20.40,37.66,1011.60,13.77"
14:59:40,"213,441,441,592,5,20.39,37.66,1011.55,14.12"
14:59:42,"214,442,442,592,5,20.40,37.66,1011.57,13.97"
14:59:44,"214,442,442,592,5,20.39,37.71,1011.54,14.22"
14:59:46,"216,450,450,592,5,20.39,37.66,1011.59,13.84"
14:59:49,"217,451,451,592,5,20.39,37.67,1011.57,13.98"
14:59:50,PMS7003 checksum failed
14:59:51,"225,468,468,591,5,20.39,37.67,1011.59,13.84"
14:59:53,"228,469,469,592,5,20.38,37.67,1011.57,14.04"
14:59:55,"228,469,469,592,5,20.39,37.69,1011.57,14.01"
14:59:58,"235,474,474,592,5,20.37,37.74,1011.56,14.09"
15:00:00,"235,474,474,591,5,20.37,37.73,1011.58,13.95"
15:00:02,"237,474,474,591,5,20.38,37.73,1011.56,14.11"
15:00:04,"240,474,474,591,5,20.38,37.74,1011.56,14.08"
15:00:06,"240,474,474,591,5,20.37,37.76,1011.57,13.96"
15:00:09,"240,474,474,591,5,20.37,37.76,1011.55,14.14"
15:00:11,"243,477,477,591,5,20.38,37.76,1011.58,13.93"
15:00:13,"243,477,477,591,5,20.37,37.78,1011.59,13.79"
15:00:15,"232,477,477,591,5,20.37,37.79,1011.57,13.96"
15:00:17,"231,477,477,591,5,20.38,37.78,1011.57,14.02"
15:00:20,"231,477,477,591,5,20.38,37.78,1011.58,13.88"
15:00:22,"229,474,474,591,5,20.38,37.76,1011.57,14.01"
15:00:24,"228,478,478,591,5,20.38,37.79,1011.59,13.81"
15:00:25,PMS7003 checksum failed
15:00:26,"237,495,495,591,5,20.38,37.76,1011.60,13.74"
15:00:29,"240,498,498,591,5,20.38,37.76,1011.57,14.03"
15:00:31,"240,498,498,591,5,20.38,37.78,1011.58,13.89"
15:00:33,"243,498,498,591,5,20.38,37.79,1011.59,13.86"
15:00:35,"243,498,498,590,5,20.38,37.80,1011.57,14.00"
15:00:37,"243,498,498,591,5,20.38,37.82,1011.59,13.81"
15:00:40,"244,499,499,591,5,20.38,37.79,1011.60,13.78"
15:00:42,"244,499,499,591,5,20.38,37.78,1011.60,13.78"
15:00:44,"246,501,501,591,5,20.39,37.76,1011.60,13.79"
15:00:46,"246,501,501,591,5,20.39,37.75,1011.59,13.86"
15:00:49,"246,501,501,591,5,20.38,37.73,1011.57,13.96"
15:00:51,"246,502,502,591,5,20.39,37.73,1011.60,13.76"
15:00:53,"243,502,502,590,5,20.40,37.72,1011.64,13.38"
15:00:55,"243,501,501,590,5,20.40,37.71,1011.61,13.70"
15:00:57,"241,495,495,590,5,20.40,37.71,1011.60,13.74"
15:01:00,"240,493,493,590,5,20.40,37.69,1011.59,13.82"
15:01:01,PMS7003 checksum failed
15:01:02,"232,486,486,590,5,20.40,37.71,1011.60,13.79"
15:01:04,"231,486,486,590,5,20.40,37.72,1011.58,13.95"
15:01:06,"231,486,486,590,5,20.40,37.71,1011.57,13.96"
15:01:09,"228,486,486,590,5,20.39,37.70,1011.58,13.90"
15:01:11,"228,486,486,590,5,20.40,37.70,1011.59,13.82"
15:01:13,"228,486,486,590,5,20.41,37.70,1011.61,13.68"
15:01:15,"228,484,484,589,5,20.40,37.70,1011.58,13.91"
15:01:17,"228,484,484,589,5,20.40,37.71,1011.59,13.81"
15:01:20,"226,486,486,589,5,20.41,37.70,1011.62,13.60"
15:01:22,"225,486,486,589,5,20.40,37.70,1011.61,13.65"
15:01:24,"225,486,486,589,5,20.40,37.69,1011.56,14.05"
15:01:26,"226,486,486,589,5,20.40,37.70,1011.61,13.63"
15:01:28,"226,486,486,589,5,20.40,37.69,1011.62,13.57"
15:01:31,"226,486,486,589,5,20.41,37.70,1011.62,13.59"
15:01:33,"228,493,493,590,5,20.41,37.72,1011.65,13.35"
15:01:35,"232,495,495,589,5,20.40,37.69,1011.60,13.78"
15:01:37,"232,495,495,590,5,20.41,37.69,1011.62,13.60"
15:01:40,"235,492,492,590,5,20.40,37.69,1011.57,14.03"
15:01:42,"234,490,490,590,5,20.41,37.70,1011.57,14.04"
15:01:44,"234,490,490,590,5,20.40,37.70,1011.60,13.72"
15:01:46,"235,489,489,589,5,20.40,37.69,1011.62,13.61"
15:01:48,"235,489,489,590,5,20.40,37.70,1011.61,13.64"
15:01:51,"234,489,489,589,5,20.41,37.71,1011.63,13.46"
15:01:53,"234,489,489,589,5,20.40,37.71,1011.62,13.58"
15:01:55,"232,489,489,590,5,20.41,37.71,1011.64,13.40"
15:01:57,"232,489,489,590,5,20.41,37.71,1011.60,13.71"
15:01:59,"232,489,489,589,5,20.42,37.71,1011.62,13.58"
15:02:02,"234,487,487,589,5,20.41,37.69,1011.64,13.41"
15:02:04,"234,487,487,589,5,20.41,37.69,1011.63,13.53"
15:02:06,"234,487,487,589,5,20.40,37.67,1011.62,13.54"
15:02:08,"232,486,486,589,5,20.41,37.69,1011.63,13.53"
15:02:11,"231,483,483,589,5,20.41,37.70,1011.60,13.71"
15:02:13,"231,481,481,589,5,20.41,37.70,1011.63,13.48"
15:02:14,PMS7003 checksum failed
15:02:15,"229,480,480,589,5,20.41,37.70,1011.64,13.39"
15:02:17,"231,486,486,589,5,20.41,37.66,1011.62,13.88"
15:02:19,"225,487,487,589,5,20.41,37.71,1011.63,13.48"
15:02:22,"225,487,487,589,5,20.41,37.71,1011.59,13.84"
15:02:24,"225,486,486,589,5,20.40,37.72,1011.63,13.48"
15:02:26,"226,487,487,589,5,20.41,37.71,1011.64,13.39"
15:02:28,"225,483,483,589,5,20.41,37.70,1011.65,13.37"
15:02:31,"225,483,483,589,5,20.41,37.70,1011.62,13.58"
15:02:33,"226,484,484,589,5,20.42,37.70,1011.62,13.58"
15:02:35,"228,486,486,588,5,20.41,37.70,1011.61,13.63"
15:02:37,"228,486,486,589,5,20.41,37.69,1011.64,13.41"
15:02:39,"228,489,489,589,5,20.41,37.71,1011.63,13.54"
15:02:42,"231,484,484,588,5,20.41,37.72,1011.62,13.58"
15:02:44,"231,484,484,589,5,20.41,37.70,1011.61,13.65"
15:02:46,"231,483,483,589,5,20.41,37.71,1011.61,13.64"
15:02:48,"231,481,481,589,5,20.42,37.70,1011.64,13.41"
15:02:51,"3,474,474,589,5,20.41,37.70,1011.63,13.51"
15:02:53,"222,471,471,589,5,20.40,37.70,1011.63,13.48"
15:02:55,"220,469,469,589,5,20.40,37.71,1011.64,13.41"
15:02:57,"222,469,469,589,5,20.40,37.70,1011.64,13.44"
15:02:59,"222,469,469,589,5,20.40,37.67,1011.62,13.57"
15:03:02,"219,468,468,589,5,20.41,37.64,1011.65,13.31"
15:03:04,"222,468,468,589,5,20.41,37.63,1011.64,13.38"
15:03:06,"222,468,468,589,5,20.40,37.63,1011.64,13.41"
15:03:08,"225,469,469,589,5,20.41,37.63,1011.62,13.59"
15:03:10,"225,471,471,589,5,20.41,37.66,1011.67,13.17"
15:03:13,"225,471,471,589,5,20.41,37.66,1011.65,13.32"
15:03:15,"228,472,472,589,5,20.40,37.66,1011.66,13.24"
15:03:17,"228,471,471,589,5,20.41,37.65,1011.67,13.18"
15:03:19,"228,471,471,589,5,20.41,37.64,1011.66,13.22"
15:03:22,"228,471,471,589,5,20.40,37.66,1011.64,13.41"
15:03:24,"229,469,469,589,5,20.40,37.67,1011.63,13.48"
15:03:26,"231,469,469,588,5,20.41,37.67,1011.67,13.18"
15:03:28,"228,465,465,588,5,20.40,37.68,1011.66,13.26"
15:03:30,"223,462,462,588,5,20.40,37.68,1011.68,13.10"
15:03:33,"223,462,462,588,5,20.39,37.70,1011.64,13.41"
15:03:35,"222,462,462,588,5,20.40,37.69,1011.66,13.28"
15:03:37,"222,462,462,588,5,20.40,37.68,1011.62,13.55"
15:03:39,"220,459,459,588,5,20.41,37.69,1011.65,13.31"
15:03:41,"222,459,459,588,5,20.40,37.71,1011.68,13.12"
15:03:44,"222,459,459,588,5,20.41,37.70,1011.67,13.12"
15:03:45,PMS7003 checksum failed
15:03:46,"226,459,459,588,5,20.40,37.72,1011.67,13.17"
15:03:48,"228,462,462,588,5,20.40,37.71,1011.64,13.42"
15:03:50,"225,465,465,587,5,20.40,37.73,1011.63,13.52"
15:03:53,"225,465,465,587,5,20.39,37.73,1011.65,13.33"
15:03:55,"225,465,465,587,5,20.39,37.75,1011.66,13.26"
15:03:57,"225,466,466,587,5,20.39,37.75,1011.66,13.24"
15:03:59,"226,471,471,587,5,20.39,37.71,1011.67,13.17"
15:04:01,"226,471,471,587,5,20.38,37.69,1011.64,13.45"
15:04:04,"225,469,469,587,5,20.38,37.67,1011.64,13.41"
15:04:06,"223,471,471,587,5,20.38,37.71,1011.69,13.04"
15:04:08,"223,471,471,587,5,20.37,37.73,1011.63,13.48"
15:04:10,"225,474,474,588,5,20.38,37.74,1011.66,13.22"
15:04:13,"231,474,474,587,5,20.38,37.74,1011.67,13.17"
15:04:15,"231,474,474,587,5,20.38,37.72,1011.68,13.10"
15:04:17,"231,474,474,588,5,20.38,37.68,1011.70,12.93"
15:04:19,"232,474,474,588,5,20.38,37.64,1011.68,13.11"
15:04:21,"223,462,462,588,5,20.38,37.61,1011.69,13.04"
15:04:24,"0,456,456,588,5,20.39,37.59,1011.63,13.49"
15:04:26,"219,454,454,588,5,20.38,37.58,1011.66,13.21"
15:04:28,"219,453,453,587,5,20.38,37.57,1011.66,13.25"
15:04:30,"219,453,453,588,5,20.39,37.57,1011.67,13.19"
15:04:32,"217,456,456,588,5,20.38,37.59,1011.69,13.01"
15:04:35,"217,459,459,587,5,20.38,37.61,1011.69,13.00"
15:04:37,"217,459,459,587,5,20.38,37.61,1011.63,13.48"
15:04:39,"219,462,462,587,5,20.38,37.64,1011.69,13.03"
15:04:41,"219,462,462,587,5,20.38,37.64,1011.69,12.97"
15:04:44,"219,462,462,588,5,20.38,37.66,1011.68,13.10"
15:04:46,"223,465,465,588,5,20.38,37.65,1011.66,13.23"
15:04:48,"222,463,463,588,5,20.39,37.66,1011.71,12.85"
15:04:50,"222,462,462,588,5,20.39,37.66,1011.68,13.11"
15:04:52,"222,462,462,587,5,20.38,37.65,1011.66,13.28"
15:04:55,"222,462,462,587,5,20.39,37.65,1011.66,13.21"
15:04:57,"222,462,462,587,5,20.39,37.67,1011.68,13.05"
15:04:59,"220,465,465,587,5,20.39,37.67,1011.68,13.10"
15:05:01,"219,468,468,587,5,20.39,37.67,1011.65,13.33"
15:05:03,"219,466,466,587,5,20.39,37.68,1011.66,13.21"
15:05:06,"220,466,466,587,5,20.39,37.67,1011.66,13.23"
15:05:08,"220,466,466,587,5,20.39,37.74,1011.68,13.10"
15:05:10,"220,459,459,587,5,20.39,37.67,1011.70,12.92"
15:05:12,"219,459,459,587,5,20.39,37.67,1011.67,13.20"
15:05:15,"219,459,459,587,5,20.39,37.68,1011.67,13.17"
15:05:17,"219,459,459,588,5,20.39,37.68,1011.70,12.89"
15:05:19,"216,451,451,588,5,20.40,37.70,1011.69,13.01"
15:05:21,"216,447,447,587,5,20.39,37.72,1011.66,13.17"
15:05:23,"213,450,450,587,5,20.38,37.71,1011.66,13.28"
15:05:26,"213,450,450,588,5,20.39,37.68,1011.67,13.17"
15:05:28,"213,451,451,588,5,20.40,37.68,1011.65,13.30"
15:05:30,"213,450,450,588,5,20.38,37.68,1011.67,13.14"
15:05:32,"213,456,456,588,5,20.38,37.68,1011.68,13.10"
15:05:34,"213,457,457,588,5,20.38,37.68,1011.70,12.95"
15:05:37,"214,459,459,588,5,20.39,37.68,1011.68,13.05"
15:05:39,"214,459,459,587,5,20.39,37.66,1011.67,13.12"
15:05:41,"214,459,459,587,5,20.38,37.67,1011.69,12.99"
15:05:43,"216,460,460,587,5,20.39,37.67,1011.70,12.95"
15:05:46,"216,460,460,587,5,20.39,37.66,1011.70,12.95"
15:05:48,"222,462,462,587,5,20.39,37.67,1011.70,12.93"
15:05:50,"223,462,462,587,5,20.39,37.67,1011.67,13.19"
15:05:52,"225,462,462,586,5,20.38,37.66,1011.65,13.30"
15:05:54,"225,462,462,586,5,20.38,37.65,1011.66,13.25"
15:05:57,"226,468,468,586,5,20.39,37.63,1011.70,12.95"
15:05:59,"228,469,469,586,5,20.38,37.63,1011.68,13.06"
15:06:01,"228,469,469,586,5,20.38,37.63,1011.66,13.26"
15:06:03,"228,471,471,586,5,20.38,37.64,1011.69,13.02"
15:06:05,"228,471,471,586,5,20.39,37.65,1011.66,13.21"
15:06:08,"228,471,471,586,5,20.39,37.67,1011.67,13.16"
15:06:09,PMS7003 checksum failed
15:06:10,"229,474,474,586,5,20.38,37.66,1011.67,13.12"
15:06:12,"231,475,475,586,5,20.38,37.68,1011.69,12.99"
15:06:14,"231,475,475,586,5,20.39,37.69,1011.69,12.98"
15:06:17,"228,477,477,586,5,20.38,37.69,1011.68,13.05"
15:06:19,"228,477,477,586,5,20.39,37.70,1011.69,13.02"
15:06:21,"228,478,478,586,5,20.39,37.71,1011.68,13.07"
15:06:23,"229,478,478,586,5,20.38,37.74,1011.65,13.34"
15:06:25,"231,478,478,586,5,20.39,37.74,1011.72,12.79"
15:06:28,"231,478,478,586,5,20.38,37.74,1011.71,12.85"
15:06:30,"228,474,474,586,5,20.38,37.72,1011.70,12.91"
15:06:32,"6,474,474,586,5,20.38,37.75,1011.70,12.94"
15:06:34,"226,472,472,586,5,20.38,37.73,1011.68,13.11"
15:06:37,"226,472,472,586,5,20.38,37.72,1011.69,13.01"
15:06:39,"228,465,465,586,5,20.38,37.73,1011.68,13.08"
15:06:41,"228,465,465,586,5,20.38,37.74,1011.70,12.87"
15:06:43,"228,465,465,586,5,20.38,37.71,1011.67,13.13"
15:06:44,PMS7003 checksum failed
15:06:45,"225,460,460,586,5,20.38,37.72,1011.66,13.26"
15:06:48,"222,454,454,586,5,20.38,37.74,1011.69,13.04"
15:06:50,"222,456,456,586,5,20.37,37.74,1011.70,12.93"
15:06:52,"222,456,456,586,5,20.38,37.74,1011.69,13.01"
15:06:54,"222,457,457,586,5,20.38,37.74,1011.71,12.85"
15:06:57,"222,459,459,586,5,20.38,37.71,1011.68,13.04"
15:06:59,"222,462,462,586,5,20.38,37.71,1011.69,12.96"
15:07:01,"222,462,462,586,5,20.39,37.68,1011.68,13.05"
15:07:03,"223,463,463,586,5,20.39,37.71,1011.68,13.10"
15:07:05,"225,465,465,586,5,20.39,37.71,1011.71,12.81"
15:07:08,"225,465,465,586,5,20.39,37.69,1011.68,13.10"
15:07:10,"225,465,465,585,5,20.38,37.72,1011.69,13.01"
15:07:12,"226,468,468,586,5,20.38,37.72,1011.67,13.15"
15:07:14,"226,468,468,586,5,20.39,37.72,1011.71,12.86"
15:07:16,"226,468,468,586,5,20.39,37.72,1011.69,13.03"
15:07:19,"228,468,468,586,5,20.38,37.72,1011.66,13.27"
15:07:21,"231,471,471,586,5,20.40,37.72,1011.73,12.69"
15:07:23,"231,471,471,586,5,20.40,37.73,1011.70,12.90"
15:07:25,"231,471,471,586,5,20.39,37.74,1011.71,12.83"
15:07:28,"232,471,471,586,5,20.39,37.72,1011.69,12.98"
15:07:30,"232,471,471,586,5,20.39,37.72,1011.69,13.02"
15:07:32,"234,475,475,586,5,20.39,37.71,1011.68,13.05"
15:07:34,"229,474,474,586,5,20.39,37.71,1011.69,13.03"
15:07:36,"229,474,474,586,5,20.39,37.70,1011.70,12.95"
15:07:39,"228,474,474,586,5,20.38,37.69,1011.69,13.03"
15:07:41,"229,474,474,586,5,20.39,37.68,1011.66,13.26"
15:07:43,"229,474,474,586,5,20.39,37.71,1011.71,12.84"
15:07:45,"237,468,468,586,5,20.39,37.70,1011.70,12.90"
15:07:47,"237,468,468,586,5,20.39,37.69,1011.68,13.08"
15:07:50,"237,468,468,587,5,20.38,37.72,1011.69,13.03"
15:07:52,"237,468,468,586,5,20.39,37.70,1011.70,12.93"
15:07:54,"237,468,468,586,5,20.39,37.69,1011.69,12.97"
15:07:56,"237,466,466,587,5,20.39,37.68,1011.73,12.67"
15:07:59,"235,466,466,586,5,20.38,37.68,1011.70,12.92"
15:08:01,"234,468,468,587,5,20.38,37.69,1011.66,13.22"
15:08:03,"232,468,468,587,5,20.38,37.68,1011.71,12.82"
15:08:05,"231,471,471,587,5,20.38,37.69,1011.70,12.92"
15:08:07,"232,471,471,587,5,20.39,37.71,1011.72,12.77"
15:08:10,"237,477,477,587,5,20.38,37.72,1011.71,12.87"
15:08:12,"235,477,477,587,5,20.39,37.72,1011.72,12.76"
15:08:14,"235,477,477,587,5,20.39,37.73,1011.73,12.67"
15:08:16,"235,477,477,587,5,20.38,37.75,1011.72,12.72"
15:08:19,"238,483,483,587,5,20.38,37.73,1011.71,12.87"
15:08:21,"249,498,498,587,5,20.38,37.74,1011.69,13.00"
15:08:23,"249,501,501,587,5,20.38,37.73,1011.70,12.90"
15:08:25,"249,501,501,587,5,20.38,37.72,1011.72,12.70"
15:08:27,"249,502,502,587,5,20.38,37.72,1011.72,12.72"
15:08:30,"249,504,504,587,5,20.39,37.73,1011.71,12.86"
15:08:32,"255,504,504,587,5,20.39,37.72,1011.72,12.74"
15:08:34,"252,499,499,588,5,20.39,37.70,1011.68,12.89"
15:08:36,"252,496,496,588,5,20.39,37.70,1011.71,12.83"
15:08:38,"252,496,496,588,5,20.39,37.71,1011.72,12.74"
15:08:41,"252,493,493,588,5,20.39,37.70,1011.73,12.62"
15:08:43,"249,489,489,588,5,20.39,37.68,1011.72,12.73"
15:08:45,"249,489,489,587,5,20.40,37.69,1011.72,12.74"
15:08:47,"237,475,475,587,5,20.40,37.68,1011.73,12.68"
15:08:50,"237,474,474,588,5,20.40,37.71,1011.71,12.86"
15:08:52,"237,475,475,588,5,20.41,37.70,1011.75,12.53"
15:08:53,PMS7003 checksum failed
15:08:54,"231,477,477,588,5,20.40,37.71,1011.70,12.88"
15:08:56,"231,475,475,588,5,20.40,37.70,1011.75,12.52"
15:08:58,"231,475,475,588,5,20.40,37.71,1011.73,12.62"
15:09:01,"234,481,481,588,5,20.40,37.70,1011.71,12.86"
15:09:03,"234,484,484,588,5,20.40,37.70,1011.74,12.55"
15:09:05,"234,486,486,588,5,20.40,37.69,1011.72,12.74"
15:09:06,PMS7003 checksum failed
15:09:07,"232,489,489,588,5,20.40,37.71,1011.75,12.50"
15:09:10,"232,490,490,588,5,20.40,37.70,1011.71,12.83"
15:09:12,"234,492,492,588,5,20.40,37.73,1011.73,12.65"
15:09:14,"234,492,492,588,5,20.40,37.73,1011.74,12.56"
15:09:16,"232,492,492,588,5,20.40,37.72,1011.72,12.78"
15:09:18,"235,499,499,588,5,20.39,37.71,1011.71,12.81"
15:09:21,"235,499,499,588,5,20.40,37.70,1011.70,12.91"
15:09:23,"237,498,498,588,5,20.41,37.72,1011.75,12.51"
15:09:25,"238,498,498,588,5,20.40,37.72,1011.74,12.61"
15:09:27,"238,498,498,588,5,20.40,37.74,1011.72,12.74"
15:09:30,"249,499,499,588,5,20.40,37.73,1011.72,12.76"
15:09:32,"249,499,499,588,5,20.40,37.71,1011.72,12.79"
15:09:34,"249,499,499,588,5,20.39,37.72,1011.73,12.64"
15:09:36,"249,498,498,588,5,20.39,37.73,1011.72,12.74"
15:09:38,"246,495,495,588,5,20.39,37.74,1011.73,12.65"
15:09:41,"244,495,495,587,5,20.39,37.74,1011.72,12.78"
15:09:42,PMS7003 checksum failed
15:09:43,"240,492,492,587,5,20.40,37.73,1011.74,12.59"
15:09:45,"240,492,492,587,5,20.39,37.74,1011.74,12.54"
15:09:47,"240,495,495,587,5,20.39,37.71,1011.70,12.88"
15:09:49,"240,495,495,587,5,20.38,37.71,1011.70,12.88"
15:09:52,"243,507,507,587,5,20.39,37.72,1011.74,12.55"
15:09:54,"244,510,510,587,5,20.39,37.73,1011.72,12.76"
15:09:56,"244,510,510,587,5,20.39,37.72,1011.72,12.76"
15:09:58,"244,510,510,587,5,20.39,37.72,1011.73,12.65"
15:10:01,"244,511,511,587,5,20.40,37.72,1011.71,12.83"
15:10:03,"246,513,513,587,5,20.40,37.77,1011.73,12.69"
15:10:05,"246,513,513,587,5,20.39,37.72,1011.69,12.98"
15:10:07,"249,516,516,587,5,20.39,37.71,1011.70,12.91"
15:10:09,"249,516,516,587,5,20.39,37.73,1011.71,12.84"
15:10:12,"249,516,516,587,5,20.39,37.73,1011.70,12.92"
15:10:14,"244,513,513,587,5,20.40,37.72,1011.70,12.90"
15:10:16,"246,510,510,587,5,20.39,37.74,1011.69,12.95"
15:10:17,PMS7003 checksum failed
15:10:18,"250,502,502,587,5,20.39,37.72,1011.71,12.79"
15:10:21,"250,501,501,587,5,20.40,37.74,1011.73,12.62"
15:10:23,"250,501,501,587,5,20.40,37.73,1011.72,12.74"
15:10:25,"249,499,499,587,5,20.40,37.74,1011.71,12.79"
15:10:27,"249,499,499,587,5,20.40,37.73,1011.70,12.89"
15:10:29,"249,498,498,587,5,20.40,37.71,1011.74,12.60"
15:10:32,"249,498,498,587,5,20.40,37.71,1011.74,12.55"
15:10:34,"249,498,498,587,5,20.40,37.70,1011.70,12.91"
15:10:36,"250,501,501,586,5,20.41,37.72,1011.74,12.58"
15:10:38,"250,502,502,587,5,20.40,37.72,1011.74,12.61"
15:10:40,"250,502,502,587,5,20.39,37.71,1011.72,12.78"
15:10:43,"246,505,505,586,5,20.40,37.71,1011.73,12.69"
15:10:45,"246,505,505,586,5,20.39,37.71,1011.72,12.72"
15:10:47,"246,505,505,586,5,20.39,37.71,1011.72,12.77"
15:10:49,"246,504,504,587,5,20.39,37.72,1011.72,12.72"
15:10:52,"246,502,502,587,5,20.40,37.72,1011.72,12.77"
15:10:53,PMS7003 checksum failed
15:10:54,"252,504,504,587,5,20.40,37.72,1011.73,12.67"
15:10:56,"255,505,505,587,5,20.40,37.73,1011.75,12.52"
15:10:58,"255,505,505,587,5,20.40,37.77,1011.73,12.67"
15:11:00,"255,504,504,587,5,20.39,37.74,1011.74,12.61"
15:11:03,"255,504,504,587,5,20.40,37.73,1011.73,12.67"
15:11:05,"253,504,504,587,5,20.39,37.71,1011.73,12.64"
15:11:07,"253,504,504,587,5,20.39,37.70,1011.72,12.76"
15:11:09,"253,504,504,586,5,20.39,37.71,1011.72,12.73"
15:11:12,"252,504,504,586,5,20.39,37.66,1011.72,12.75"
15:11:14,"252,504,504,587,5,20.40,37.71,1011.74,12.60"
15:11:16,"252,504,504,587,5,20.39,37.71,1011.74,12.57"
15:11:18,"250,507,507,587,5,20.39,37.71,1011.75,12.49"
15:11:20,"249,507,507,587,5,20.40,37.72,1011.74,12.62"
15:11:23,"249,507,507,587,5,20.40,37.72,1011.69,12.96"
15:11:25,"252,513,513,587,5,20.40,37.72,1011.74,12.46"
15:11:27,"255,513,513,587,5,20.40,37.71,1011.75,12.48"
15:11:28,PMS7003 checksum failed
15:11:29,"258,520,520,587,5,20.40,37.70,1011.75,12.50"
15:11:32,"258,519,519,587,5,20.40,37.72,1011.72,12.77"
15:11:34,"258,519,519,587,5,20.40,37.71,1011.73,12.69"
15:11:36,"258,519,519,587,5,20.39,37.70,1011.72,12.71"
15:11:38,"258,519,519,587,5,20.40,37.70,1011.72,12.76"
15:11:40,"255,516,516,587,5,20.40,37.70,1011.73,12.69"
15:11:43,"253,513,513,587,5,20.41,37.71,1011.75,12.47"
15:11:45,"253,513,513,587,5,20.40,37.72,1011.75,12.51"
15:11:47,"252,513,513,586,5,20.41,37.72,1011.75,12.51"
15:11:49,"250,511,511,587,5,20.41,37.72,1011.73,12.67"
15:11:51,"250,511,511,586,5,20.41,37.72,1011.73,12.67"
15:11:54,"247,510,510,586,5,20.41,37.71,1011.74,12.61"
15:11:56,"246,510,510,586,5,20.40,37.71,1011.75,12.46"
15:11:58,"246,510,510,586,5,20.41,37.70,1011.76,12.40"
15:12:00,"252,516,516,586,5,20.41,37.70,1011.73,12.65"
15:12:03,"258,522,522,586,5,20.41,37.67,1011.75,12.54"
15:12:04,PMS7003 checksum failed
15:12:05,"255,522,522,586,5,20.41,37.69,1011.76,12.39"
15:12:07,"255,523,523,586,5,20.41,37.70,1011.77,12.29"
15:12:09,"255,523,523,586,5,20.41,37.67,1011.76,12.45"
15:12:11,"249,519,519,586,5,20.42,37.67,1011.77,12.30"
15:12:14,"249,519,519,586,5,20.42,37.67,1011.76,12.41"
15:12:16,"247,517,517,586,5,20.41,37.66,1011.78,12.26"
15:12:18,"246,514,514,586,5,20.41,37.66,1011.75,12.54"
15:12:20,"246,514,514,586,5,20.41,37.65,1011.76,12.42"
15:12:23,"243,513,513,586,5,20.41,37.66,1011.74,12.59"
15:12:25,"241,510,510,586,5,20.41,37.67,1011.78,12.27"
15:12:27,"241,510,510,585,5,20.41,37.66,1011.75,12.47"
15:12:29,"228,492,492,585,5,20.41,37.65,1011.75,12.52"
15:12:31,"228,489,489,585,5,20.41,37.66,1011.73,12.65"
15:12:34,"228,489,489,585,5,20.40,37.65,1011.74,12.57"
15:12:36,"226,487,487,585,5,20.40,37.64,1011.76,12.43"
15:12:38,"228,495,495,585,5,20.40,37.63,1011.77,12.36"
15:12:40,"228,495,495,585,5,20.40,37.64,1011.74,12.58"
15:12:42,"228,495,495,585,5,20.40,37.65,1011.74,12.58"
15:12:45,"225,493,493,585,5,20.41,37.65,1011.76,12.41"
15:12:47,"225,493,493,585,5,20.40,37.64,1011.73,12.68"
15:12:49,"220,490,490,585,5,20.40,37.63,1011.75,12.47"
15:12:51,"220,490,490,585,5,20.40,37.63,1011.75,12.48"
15:12:54,"220,489,489,585,5,20.40,37.66,1011.76,12.39"
15:12:56,",489,489,586,5,20.40,37.66,1011.77,12.34"
15:12:58,"214,481,481,585,5,20.41,37.69,1011.73,12.65"
15:13:00,"214,481,481,586,5,20.41,37.67,1011.76,12.40"
15:13:02,"216,483,483,586,5,20.40,37.72,1011.76,12.45"
15:13:05,"216,483,483,586,5,20.40,37.71,1011.74,12.59"
15:13:07,"217,483,483,586,5,20.39,37.67,1011.78,12.28"
15:13:09,"217,483,483,586,5,20.40,37.68,1011.77,12.34"
15:13:11,"228,481,481,586,5,20.40,37.68,1011.75,12.53"
15:13:13,"228,480,480,586,5,20.39,37.67,1011.75,12.48"
15:13:16,"229,481,481,586,5,20.39,37.70,1011.76,12.44"
15:13:17,PMS7003 checksum failed
15:13:18,"234,486,486,585,5,20.40,37.67,1011.76,12.38"
15:13:20,"235,489,489,585,5,20.39,37.67,1011.78,12.27"
15:13:22,"232,490,490,586,5,20.39,37.66,1011.75,12.48"
15:13:25,"232,490,490,586,5,20.40,37.68,1011.80,12.11"
15:13:27,"231,489,489,586,5,20.40,37.70,1011.76,12.40"
15:13:29,"231,489,489,586,5,20.40,37.70,1011.77,12.37"
15:13:31,"229,487,487,586,5,20.40,37.70,1011.76,12.43"
15:13:33,"229,487,487,586,5,20.40,37.69,1011.78,12.27"
15:13:36,"228,486,486,586,5,20.41,37.69,1011.76,12.43"
15:13:38,"225,483,483,586,5,20.41,37.69,1011.78,12.22"
15:13:40,"225,483,483,586,5,20.40,37.69,1011.78,12.26"
15:13:42,"222,483,483,586,5,20.40,37.70,1011.77,12.32"
15:13:45,"222,483,483,585,5,20.40,37.70,1011.78,12.25"
15:13:47,"222,483,483,585,5,20.41,37.69,1011.76,12.41"
15:13:49,"222,481,483,585,5,20.41,37.71,1011.77,12.41"
15:13:51,"222,480,481,585,5,20.40,37.67,1011.78,12.24"
15:13:53,"222,477,478,585,5,20.40,37.66,1011.79,12.17"
15:13:56,"223,474,474,585,5,20.40,37.67,1011.79,12.14"
15:13:58,"223,474,475,585,5,20.40,37.66,1011.79,12.12"
15:14:00,"225,475,477,585,5,20.40,37.67,1011.81,12.01"
15:14:02,"225,475,477,585,5,20.40,37.66,1011.77,12.30"
15:14:05,"228,484,486,585,5,20.40,37.65,1011.79,12.19"
15:14:07,"231,489,490,585,5,20.42,37.65,1011.81,11.97"
15:14:09,"231,489,490,585,5,20.42,37.65,1011.79,12.12"
15:14:11,"231,492,492,585,5,20.41,37.66,1011.80,12.08"
15:14:13,"232,492,493,585,5,20.41,37.64,1011.80,12.08"
15:14:16,"232,492,493,585,5,20.41,37.66,1011.81,12.00"
15:14:18,"220,486,486,585,5,20.41,37.66,1011.80,12.10"
15:14:20,"219,483,484,585,5,20.40,37.70,1011.79,12.14"
15:14:22,"217,481,483,585,5,20.40,37.71,1011.76,12.41"
15:14:24,"217,481,483,585,5,20.40,37.71,1011.78,12.29"
15:14:27,"216,480,480,585,5,20.41,37.71,1011.80,12.08"
15:14:29,"216,477,478,585,5,20.41,37.70,1011.80,12.10"
15:14:31,"213,468,469,585,5,20.40,37.71,1011.78,12.26"
15:14:33,"213,469,471,584,5,20.40,37.68,1011.75,12.48"
15:14:36,"213,469,471,584,5,20.40,37.69,1011.78,12.23"
15:14:38,"213,471,472,584,5,20.40,37.67,1011.78,12.23"
15:14:40,"213,471,472,584,5,20.41,37.65,1011.82,11.93"
15:14:42,"222,481,483,584,5,20.40,37.64,1011.80,12.06"
15:14:44,"222,481,483,584,5,20.41,37.64,1011.82,11.91"
15:14:47,"222,481,483,584,5,20.41,37.64,1011.81,11.99"
15:14:49,"222,481,483,584,5,20.41,37.64,1011.80,12.08"
15:14:51,"225,483,483,584,5,20.41,37.64,1011.81,12.04"
15:14:53,"216,475,477,584,5,20.41,37.65,1011.78,12.21"
15:14:55,"207,468,468,584,5,20.42,37.66,1011.79,12.13"
15:14:58,"207,468,468,584,5,20.41,37.66,1011.81,11.99"
15:15:00,"204,465,465,584,5,20.41,37.65,1011.78,12.23"
15:15:02,"202,462,462,584,5,20.42,37.65,1011.80,12.07"
15:15:04,"198,457,457,584,5,20.42,37.64,1011.80,12.08"
15:15:07,"198,460,460,583,5,20.42,37.64,1011.81,12.02"
15:15:09,"199,462,462,583,5,20.41,37.65,1011.78,12.22"
15:15:11,"199,462,462,584,5,20.41,37.66,1011.78,12.24"
15:15:13,"199,462,462,584,5,20.41,37.65,1011.81,12.00"
15:15:15,"199,462,462,584,5,20.40,37.64,1011.77,12.35"
15:15:18,"199,462,462,584,5,20.41,37.66,1011.82,11.89"
15:15:20,"204,459,459,584,5,20.41,37.67,1011.81,12.02"
15:15:22,"204,459,459,585,5,20.41,37.67,1011.77,12.30"
15:15:24,"204,460,460,585,5,20.41,37.70,1011.76,12.38"
15:15:25,PMS7003 checksum failed
15:15:27,"204,471,471,585,5,20.41,37.73,1011.77,12.29"
15:15:29,"204,471,471,586,5,20.41,37.77,1011.76,12.44"
15:15:31,"204,471,471,586,5,20.41,37.77,1011.81,11.99"
15:15:33,"202,471,472,586,5,20.41,37.78,1011.82,11.92"
15:15:35,"202,471,472,586,5,20.41,37.82,1011.78,12.27"
15:15:38,"201,471,471,587,5,20.41,37.84,1011.78,12.21"
15:15:40,"205,475,477,587,5,20.42,37.83,1011.80,12.11"
15:15:42,"205,475,477,587,5,20.42,37.81,1011.81,12.02"
15:15:44,"207,475,477,588,5,20.42,37.80,1011.79,12.20"
15:15:46,"210,477,477,588,5,20.42,37.78,1011.76,12.42"
15:15:49,"210,477,477,588,5,20.42,37.76,1011.77,12.33"
15:15:51,"216,484,486,588,5,20.42,37.74,1011.80,12.07"
15:15:53,"219,489,490,588,5,20.42,37.73,1011.81,11.99"
15:15:55,"219,489,490,588,5,20.41,37.70,1011.79,12.19"
15:15:58,"217,489,490,589,5,20.41,37.69,1011.80,12.05"
15:16:00,"216,489,490,589,5,20.40,37.67,1011.78,12.24"
15:16:01,PMS7003 checksum failed
15:16:02,"213,477,478,590,5,20.41,37.69,1011.77,12.36"
15:16:04,"213,477,478,590,5,20.40,37.65,1011.79,12.14"
15:16:06,"213,477,477,590,5,20.41,37.63,1011.80,12.08"
15:16:09,"211,474,475,590,5,20.40,37.66,1011.79,12.16"
15:16:11,"210,474,475,591,5,20.41,37.69,1011.78,12.24"
15:16:13,"207,468,469,591,5,20.41,37.70,1011.83,11.86"
15:16:14,PMS7003 checksum failed
15:16:15,"199,459,459,592,5,20.41,37.71,1011.77,12.35"
15:16:18,"198,456,456,592,5,20.41,37.71,1011.82,11.91"
15:16:20,"196,454,454,592,5,20.41,37.69,1011.82,11.93"
15:16:22,"196,454,454,593,5,20.40,37.70,1011.80,12.06"
15:16:24,"202,456,456,593,5,20.41,37.69,1011.80,12.07"
15:16:26,"4,457,457,593,5,20.41,37.66,1011.77,12.25"
15:16:29,"204,457,457,593,5,20.41,37.67,1011.76,12.39"
15:16:31,"204,457,457,593,5,20.41,37.69,1011.80,12.07"
15:16:33,"205,457,457,593,5,20.42,37.66,1011.74,12.55"
15:16:35,"207,459,459,593,5,20.41,37.66,1011.77,12.35"
15:16:37,"207,459,459,592,5,20.42,37.65,1011.80,12.09"
15:16:40,"201,462,462,593,5,20.42,37.63,1011.78,12.25"
15:16:42,"201,462,462,593,5,20.42,37.62,1011.78,12.26"
15:16:44,"201,462,462,593,5,20.42,37.63,1011.78,12.25"
15:16:46,"195,451,451,593,5,20.42,37.64,1011.79,12.20"
15:16:49,"192,447,447,593,5,20.42,37.64,1011.80,12.11"
15:16:51,"192,447,447,593,5,20.41,37.65,1011.78,12.23"
15:16:53,"187,444,444,592,5,20.42,37.64,1011.79,12.15"
15:16:55,"187,444,444,592,5,20.42,37.63,1011.81,12.02"
15:16:57,"187,444,444,592,5,20.41,37.62,1011.79,12.20"
15:17:00,"189,445,445,592,5,20.41,37.60,1011.79,12.13"
15:17:02,"189,445,445,592,5,20.41,37.58,1011.79,12.20"
15:17:04,"190,447,447,592,5,20.41,37.59,1011.78,12.22"
15:17:06,"190,447,447,592,5,20.41,37.60,1011.79,12.15"
15:17:09,"192,447,447,591,5,20.41,37.62,1011.80,12.05"
15:17:11,"192,447,447,591,5,20.41,37.59,1011.79,12.14"
15:17:13,"189,448,448,591,5,20.41,37.59,1011.78,12.22"
15:17:15,"189,450,450,590,5,20.41,37.58,1011.78,12.21"
15:17:17,"189,451,451,590,5,20.41,37.58,1011.79,12.17"
15:17:20,"189,451,451,590,5,20.41,37.58,1011.77,12.37"
15:17:22,"180,448,448,590,5,20.41,37.55,1011.78,12.27"
15:17:24,"180,447,447,589,5,20.41,37.62,1011.77,12.32"
15:17:26,"180,447,447,589,5,20.41,37.62,1011.78,12.24"
15:17:28,"189,460,460,589,5,20.41,37.63,1011.79,12.18"
15:17:31,"189,460,460,589,5,20.41,37.60,1011.75,12.46"
15:17:33,"198,471,471,588,5,20.41,37.60,1011.77,12.31"
15:17:35,"198,469,469,588,5,20.40,37.63,1011.76,12.40"
15:17:37,"198,469,469,588,5,20.41,37.62,1011.78,12.27"
15:17:40,"196,466,466,588,5,20.40,37.62,1011.79,12.13"
15:17:42,"195,465,465,587,5,20.40,37.64,1011.79,12.17"
15:17:44,"189,456,456,587,5,20.41,37.65,1011.82,11.95"
15:17:46,"189,456,456,587,5,20.40,37.66,1011.77,12.36"
15:17:48,"187,451,451,587,5,20.41,37.66,1011.79,12.14"
15:17:51,"187,450,450,586,5,20.40,37.64,1011.78,12.27"
15:17:53,"186,450,450,586,5,20.40,37.65,1011.78,12.23"
15:17:55,"186,450,450,586,5,20.41,37.66,1011.77,12.33"
15:17:57,"195,459,459,586,5,20.41,37.64,1011.80,12.09"
15:17:59,"195,460,460,586,5,20.41,37.64,1011.78,12.29"
15:18:02,"6,462,462,585,5,20.42,37.64,1011.79,12.14"
15:18:04,"198,465,465,585,5,20.42,37.63,1011.79,12.18"
15:18:06,"198,465,465,585,5,20.41,37.62,1011.79,12.13"
15:18:08,"193,468,468,585,5,20.41,37.62,1011.77,12.30"
15:18:11,"189,466,466,585,5,20.41,37.64,1011.77,12.32"
15:18:13,"189,466,466,585,5,20.41,37.66,1011.77,12.31"
15:18:15,"189,465,465,585,5,20.42,37.66,1011.79,12.17"
15:18:17,"189,465,465,584,5,20.41,37.66,1011.78,12.25"
15:18:19,"187,465,465,584,5,20.42,37.67,1011.78,12.26"
15:18:20,PMS7003 checksum failed
15:18:22,"183,460,460,585,5,20.42,37.69,1011.76,12.40"
15:18:24,"183,457,457,584,5,20.42,37.67,1011.77,12.26"
15:18:26,"180,456,456,584,5,20.42,37.66,1011.77,12.32"
15:18:28,"180,456,456,584,5,20.42,37.65,1011.77,12.36"
15:18:31,"177,448,448,584,5,20.42,37.65,1011.79,12.14"
15:18:33,"177,447,447,584,5,20.42,37.64,1011.77,12.35"
15:18:35,"177,447,447,584,5,20.43,37.62,1011.76,12.43"
15:18:37,"177,447,447,584,5,20.43,37.62,1011.79,12.12"
15:18:39,"177,448,448,583,5,20.42,37.59,1011.77,12.31"
15:18:42,"177,448,448,583,5,20.43,37.58,1011.78,12.24"
15:18:44,"177,448,448,583,5,20.43,37.58,1011.79,12.20"
15:18:46,"180,454,454,583,5,20.43,37.59,1011.77,12.36"
15:18:48,"180,456,456,583,5,20.43,37.61,1011.75,12.47"
15:18:50,"180,456,456,583,5,20.43,37.62,1011.76,12.40"
15:18:53,"181,466,466,583,5,20.44,37.59,1011.77,12.30"
15:18:55,"178,466,466,583,5,20.43,37.58,1011.79,12.19"
15:18:56,PMS7003 checksum failed
15:18:57,"177,466,466,583,5,20.43,37.58,1011.77,12.36"
15:18:59,"175,465,465,583,5,20.43,37.58,1011.75,12.46"
15:19:02,"175,465,465,583,5,20.43,37.55,1011.78,12.24"
15:19:04,"174,454,454,583,5,20.43,37.55,1011.78,12.26"
15:19:06,"174,454,454,583,5,20.43,37.55,1011.78,12.21"
15:19:08,"174,454,454,583,5,20.42,37.54,1011.76,12.42"
15:19:10,"174,454,454,583,5,20.42,37.56,1011.75,12.47"
15:19:13,"174,454,454,583,5,20.42,37.46,1011.76,12.38"
15:19:15,"174,454,454,583,5,20.43,37.54,1011.77,12.33"
15:19:17,"174,456,456,583,5,20.42,37.54,1011.79,12.16"
15:19:19,"174,456,456,583,5,20.42,37.55,1011.76,12.42"
15:19:22,"172,450,450,583,5,20.42,37.55,1011.76,12.38"
15:19:24,"172,448,448,583,5,20.43,37.55,1011.78,12.24"
15:19:26,"172,448,448,584,5,20.43,37.55,1011.77,12.37"
15:19:28,"171,444,444,584,5,20.43,37.57,1011.77,12.31"
15:19:30,"168,444,444,584,5,20.43,37.56,1011.76,12.41"
15:19:31,PMS7003 checksum failed
15:19:33,"168,451,451,584,5,20.43,37.56,1011.77,12.33"
15:19:35,"168,451,451,584,5,20.43,37.58,1011.75,12.48"
15:19:37,"168,451,451,584,5,20.43,37.62,1011.79,12.17"
15:19:39,"168,451,451,584,5,20.43,37.62,1011.76,12.38"
15:19:42,"168,451,451,584,5,20.42,37.64,1011.75,12.53"
15:19:44,"168,450,450,584,5,20.43,37.64,1011.76,12.40"
15:19:46,"168,450,450,584,5,20.43,37.63,1011.78,12.27"
15:19:48,"168,450,450,584,5,20.43,37.61,1011.76,12.43"
15:19:50,"168,447,447,585,5,20.43,37.59,1011.75,12.50"
15:19:53,"168,447,447,585,5,20.43,37.61,1011.77,12.36"
15:19:55,"168,447,447,584,5,20.43,37.61,1011.79,12.13"
15:19:57,"171,447,447,584,5,20.43,37.59,1011.79,12.13"
15:19:59,"169,445,445,584,5,20.43,37.54,1011.79,12.17"
15:20:01,"169,445,445,584,5,20.43,37.52,1011.78,12.31"
15:20:04,"169,438,438,584,5,20.43,37.50,1011.75,12.48"
15:20:06,"171,438,438,584,5,20.43,37.48,1011.77,12.37"
15:20:08,"171,438,438,584,5,20.43,37.46,1011.78,12.28"
15:20:10,"171,435,435,584,5,20.43,37.43,1011.76,12.43"
15:20:13,"171,435,435,584,5,20.43,37.43,1011.76,12.41"
15:20:15,"171,435,435,584,5,20.43,37.44,1011.78,12.26"
15:20:17,"171,441,442,584,5,20.43,37.44,1011.79,12.19"
15:20:19,"171,441,442,584,5,20.42,37.44,1011.76,12.45"
15:20:21,"169,441,442,584,5,20.43,37.46,1011.76,12.41"
15:20:24,"169,441,442,584,5,20.44,37.47,1011.77,12.37"
15:20:26,"168,441,441,584,5,20.43,37.46,1011.77,12.31"
15:20:28,"168,441,441,585,5,20.43,37.43,1011.77,12.29"
15:20:30,"169,439,439,584,5,20.43,37.43,1011.74,12.55"
15:20:32,"169,441,441,584,5,20.43,37.43,1011.76,12.43"
15:20:35,"169,441,441,584,5,20.43,37.43,1011.76,12.38"
15:20:37,"169,441,441,585,5,20.42,37.46,1011.73,12.63"
15:20:39,"169,438,438,584,5,20.41,37.44,1011.72,12.75"
15:20:41,"171,438,438,584,5,20.42,37.44,1011.76,12.42"
15:20:44,"171,441,441,584,5,20.43,37.43,1011.76,12.43"
15:20:46,"174,448,448,584,5,20.42,37.44,1011.74,12.57"
15:20:48,"174,448,448,584,5,20.43,37.47,1011.76,12.43"
15:20:50,"174,450,450,584,5,20.42,37.49,1011.76,12.40"
15:20:52,"172,450,450,584,5,20.43,37.50,1011.76,12.43"
15:20:55,"172,448,448,584,5,20.43,37.54,1011.78,12.24"
15:20:57,"172,448,448,584,5,20.42,37.59,1011.75,12.47"
15:20:59,"172,447,447,583,5,20.42,37.54,1011.77,12.29"
15:21:01,"171,445,445,583,5,20.44,37.53,1011.73,12.65"
15:21:03,"171,445,445,583,5,20.43,37.53,1011.79,12.17"
15:21:06,"171,445,445,583,5,20.42,37.54,1011.77,12.31"
15:21:08,"171,447,447,583,5,20.42,37.52,1011.74,12.59"
15:21:10,"174,453,453,582,5,20.43,37.55,1011.74,12.61"
15:21:12,"174,453,453,582,5,20.43,37.56,1011.75,12.49"
15:21:15,"189,480,480,582,5,20.42,37.56,1011.77,12.31"
15:21:17,"190,483,483,582,5,20.43,37.56,1011.77,12.31"
15:21:19,"192,484,484,582,5,20.43,37.57,1011.79,12.14"
15:21:21,"195,490,490,582,5,20.43,37.57,1011.76,12.39"
15:21:23,"195,490,490,582,5,20.43,37.58,1011.75,12.48"
15:21:26,"192,492,492,582,5,20.43,37.58,1011.77,12.34"
15:21:28,"189,487,487,582,5,20.42,37.60,1011.74,12.56"
15:21:30,"189,487,487,582,5,20.43,37.62,1011.77,12.36"
15:21:32,"187,486,486,582,5,20.43,37.63,1011.76,12.43"
15:21:35,"186,486,486,582,5,20.43,37.64,1011.76,12.38"
15:21:37,"184,489,489,582,5,20.44,37.65,1011.77,12.37"
15:21:38,PMS7003 checksum failed
15:21:39,"180,480,480,582,5,20.43,37.65,1011.78,12.24"
15:21:41,"180,477,477,583,5,20.44,37.66,1011.80,12.05"
15:21:43,"180,475,475,582,5,20.43,37.65,1011.77,12.33"
15:21:46,"180,475,475,582,5,20.43,37.68,1011.76,12.39"
15:21:48,"186,478,478,583,5,20.43,37.69,1011.77,12.37"
15:21:50,"186,478,478,583,5,20.43,37.72,1011.78,12.26"
15:21:52,"186,477,477,583,5,20.43,37.72,1011.75,12.53"
15:21:54,"186,477,477,584,5,20.43,37.69,1011.77,12.36"
15:21:57,"186,477,477,584,5,20.43,37.66,1011.80,12.07"
15:21:59,"186,477,477,584,5,20.43,37.65,1011.80,12.37"
15:22:01,"186,477,477,584,5,20.43,37.62,1011.78,12.26"
15:22:03,"180,472,472,584,5,20.43,37.61,1011.80,12.05"
15:22:06,"180,472,472,585,5,20.42,37.61,1011.79,12.16"
15:22:08,"180,472,472,585,5,20.42,37.59,1011.80,12.05"
15:22:10,"177,474,474,585,5,20.43,37.61,1011.77,12.36"
15:22:12,"175,471,471,585,5,20.43,37.61,1011.81,12.03"
15:22:13,PMS7003 checksum failed
15:22:14,"172,468,468,585,5,20.43,37.59,1011.79,12.18"
15:22:17,"171,465,465,585,5,20.42,37.59,1011.76,12.43"
15:22:19,"171,465,465,585,5,20.43,37.58,1011.77,12.30"
15:22:21,"171,459,459,586,5,20.44,37.57,1011.81,11.99"
15:22:23,"171,459,459,586,5,20.43,37.57,1011.79,12.19"
15:22:26,"171,459,459,587,5,20.44,37.57,1011.81,12.03"
15:22:28,"171,462,462,587,5,20.44,37.57,1011.83,11.79"
15:22:30,"171,462,462,587,5,20.45,37.57,1011.84,11.72"
15:22:32,"171,462,462,588,5,20.45,37.57,1011.81,12.02"
15:22:34,"172,465,465,588,5,20.45,37.56,1011.80,12.11"
15:22:37,"172,465,465,588,5,20.45,37.56,1011.80,12.07"
15:22:39,"174,471,471,589,5,20.45,37.56,1011.80,12.09"
15:22:41,"174,471,471,589,5,20.45,37.56,1011.80,12.08"
15:22:43,"174,471,471,589,5,20.46,37.56,1011.82,11.91"
15:22:45,"174,469,469,589,5,20.45,37.56,1011.84,11.77"
15:22:48,"175,469,469,589,5,20.45,37.55,1011.81,12.00"
15:22:49,PMS7003 checksum failed
15:22:50,"180,472,472,589,5,20.46,37.57,1011.83,11.83"
15:22:52,"180,471,471,589,5,20.45,37.56,1011.83,11.79"
15:22:54,"180,471,471,589,5,20.45,37.55,1011.84,11.78"
15:22:57,"177,471,471,589,5,20.44,37.54,1011.83,11.82"
15:22:59,"177,471,471,589,5,20.44,37.54,1011.81,12.01"
15:23:01,"177,471,471,590,5,20.43,37.55,1011.81,12.01"
15:23:03,"175,472,472,590,5,20.44,37.55,1011.81,11.96"
15:23:05,"175,472,472,590,5,20.44,37.56,1011.83,11.82"
15:23:08,"175,474,474,590,5,20.44,37.57,1011.84,11.76"
15:23:10,"175,475,475,590,5,20.45,37.56,1011.83,11.80"
15:23:12,"175,475,475,589,5,20.44,37.58,1011.84,11.73"
15:23:14,"171,474,474,589,5,20.44,37.57,1011.83,11.81"
15:23:17,"171,471,471,589,5,20.44,37.55,1011.82,11.92"
15:23:19,"171,471,471,589,5,20.44,37.56,1011.85,11.65"
15:23:21,"168,475,475,589,5,20.44,37.56,1011.83,11.80"
15:23:23,"168,477,477,589,5,20.43,37.58,1011.86,11.62"
15:23:24,PMS7003 checksum failed
15:23:25,"169,474,474,589,5,20.44,37.58,1011.85,11.65"
15:23:28,"169,474,474,589,5,20.44,37.58,1011.84,11.75"
15:23:30,"169,474,474,589,5,20.44,37.63,1011.81,12.04"
15:23:32,"171,472,472,589,5,20.43,37.62,1011.82,11.94"
15:23:34,"171,472,472,588,5,20.43,37.62,1011.82,11.93"
15:23:37,"169,471,471,588,5,20.43,37.62,1011.84,11.76"
15:23:39,"168,468,468,588,5,20.44,37.62,1011.81,11.96"
15:23:41,"168,468,468,589,5,20.44,37.62,1011.86,11.62"
15:23:43,"168,465,465,588,5,20.45,37.63,1011.87,11.53"
15:23:45,"168,462,462,588,5,20.44,37.62,1011.81,11.97"
15:23:48,"168,462,462,588,5,20.44,37.62,1011.82,11.89"
15:23:50,"168,462,462,587,5,20.45,37.64,1011.86,11.61"
15:23:52,"168,462,462,587,5,20.44,37.62,1011.86,11.61"
15:23:54,"168,462,462,587,5,20.44,37.62,1011.83,11.84"
15:23:56,"168,456,456,588,5,20.45,37.61,1011.80,12.10"
15:23:59,"168,453,453,587,5,20.45,37.60,1011.83,11.80"
15:24:00,PMS7003 checksum failed
15:24:01,"166,444,444,587,5,20.45,37.57,1011.84,11.78"
15:24:03,"166,442,442,587,5,20.45,37.56,1011.84,11.75"
15:24:05,"166,442,442,587,5,20.45,37.54,1011.81,12.01"
15:24:08,"168,445,445,587,5,20.45,37.53,1011.83,11.82"
15:24:10,"168,445,445,586,5,20.45,37.52,1011.83,11.82"
15:24:12,"168,447,447,586,5,20.46,37.52,1011.86,11.54"
15:24:14,"168,447,447,586,5,20.45,37.52,1011.82,11.95"
15:24:16,"168,447,447,586,5,20.46,37.50,1011.86,11.59"
15:24:19,"168,447,447,585,5,20.45,37.50,1011.84,11.76"
15:24:21,"8,447,447,585,5,20.46,37.50,1011.85,11.68"
15:24:23,"168,447,447,586,5,20.45,37.49,1011.85,11.69"
15:24:25,"166,439,439,585,5,20.45,37.47,1011.83,11.79"
15:24:28,"166,438,438,585,5,20.45,37.48,1011.84,11.74"
15:24:30,"166,438,438,585,5,20.45,37.47,1011.85,11.63"
15:24:32,"165,433,433,585,5,20.45,37.48,1011.86,11.56"
15:24:34,"168,432,432,585,5,20.44,37.49,1011.85,11.65"
15:24:35,PMS7003 checksum failed
15:24:36,"166,439,439,585,5,20.44,37.49,1011.85,11.64"
15:24:39,"165,438,438,585,5,20.44,37.50,1011.83,11.80"
15:24:41,"165,438,438,585,5,20.45,37.47,1011.86,11.59"
15:24:43,"163,432,432,585,5,20.44,37.53,1011.85,11.69"
15:24:45,"163,432,432,585,5,20.45,37.56,1011.85,11.68"
15:24:48,"163,432,432,585,5,20.45,37.55,1011.84,11.75"
15:24:50,"165,432,432,584,5,20.46,37.55,1011.84,11.74"
15:24:52,"165,432,432,584,5,20.46,37.54,1011.85,11.68"
15:24:54,"165,432,432,584,5,20.46,37.53,1011.84,11.72"
15:24:56,"165,432,432,583,5,20.45,37.56,1011.82,11.95"
15:24:59,"165,432,432,583,5,20.45,37.56,1011.85,11.66"
15:25:01,"165,435,435,583,5,20.45,37.57,1011.86,11.59"
15:25:03,"165,435,435,583,5,20.45,37.58,1011.87,11.47"
15:25:05,"165,435,435,583,5,20.44,37.59,1011.83,11.85"
15:25:07,"165,435,435,583,5,20.45,37.58,1011.88,11.44"
15:25:10,"165,433,433,583,5,20.44,37.55,1011.84,11.73"
15:25:11,PMS7003 checksum failed
15:25:12,"171,444,444,583,5,20.44,37.55,1011.83,11.82"
15:25:14,"171,447,447,583,5,20.44,37.57,1011.84,11.73"
15:25:16,"171,447,447,583,5,20.45,37.59,1011.85,11.65"
15:25:19,"171,447,447,583,5,20.45,37.55,1011.82,11.91"
15:25:21,"171,447,447,582,5,20.45,37.55,1011.85,11.65"
15:25:23,"171,448,448,582,5,20.44,37.56,1011.87,11.51"
15:25:25,"171,448,448,582,5,20.45,37.57,1011.84,11.71"
15:25:27,"171,448,448,582,5,20.45,37.57,1011.81,11.99"
15:25:30,"169,450,450,582,5,20.46,37.55,1011.83,11.84"
15:25:32,"171,450,450,582,5,20.46,37.55,1011.87,11.49"
15:25:34,"171,450,450,582,5,20.45,37.55,1011.83,11.86"
15:25:36,"168,457,457,582,5,20.45,37.56,1011.85,11.67"
15:25:39,"168,459,459,582,5,20.46,37.55,1011.87,11.50"
15:25:41,"168,459,459,582,5,20.45,37.55,1011.84,11.73"
15:25:43,"168,465,465,582,5,20.46,37.55,1011.88,11.42"
15:25:45,"169,474,474,581,5,20.46,37.54,1011.84,11.76"
15:25:46,PMS7003 checksum failed
15:25:47,"165,462,462,581,5,20.46,37.55,1011.85,11.62"
15:25:50,"165,460,460,581,5,20.46,37.53,1011.86,11.59"
15:25:52,"165,460,460,581,5,20.45,37.55,1011.86,11.60"
15:25:54,"168,465,465,581,5,20.45,37.54,1011.86,11.57"
15:25:56,"168,465,465,581,5,20.45,37.55,1011.86,11.61"
15:25:59,"168,463,463,581,5,20.44,37.53,1011.87,11.54"
15:26:01,"168,463,463,581,5,20.45,37.55,1011.89,11.33"
15:26:03,"168,463,463,581,5,20.46,37.53,1011.86,11.59"
15:26:05,"168,462,462,581,5,20.46,37.52,1011.85,11.64"
15:26:07,"168,462,462,581,5,20.45,37.50,1011.86,11.56"
15:26:10,"68,462,462,581,5,20.45,37.53,1011.84,11.75"
15:26:12,"169,466,466,581,5,20.46,37.54,1011.86,11.61"
15:26:14,"169,468,468,581,5,20.45,37.54,1011.86,11.58"
15:26:16,"169,468,468,581,5,20.45,37.56,1011.86,11.61"
15:26:18,"168,465,465,581,5,20.45,37.56,1011.84,11.71"
15:26:21,"168,463,465,581,5,20.44,37.57,1011.84,11.75"
15:26:22,PMS7003 checksum failed
15:26:23,"168,459,459,581,5,20.44,37.60,1011.86,11.61"
15:26:25,"168,457,457,580,5,20.44,37.62,1011.87,11.54"
15:26:27,"168,457,457,580,5,20.43,37.61,1011.85,11.63"
15:26:30,"168,456,456,580,5,20.44,37.63,1011.84,11.72"
15:26:32,"168,456,456,580,5,20.44,37.63,1011.84,11.72"
15:26:34,"168,456,456,581,5,20.44,37.63,1011.81,12.03"
15:26:36,"168,457,457,581,5,20.44,37.60,1011.87,11.50"
15:26:38,"168,457,457,581,5,20.45,37.61,1011.84,11.73"
15:26:41,"168,456,456,581,5,20.44,37.61,1011.84,11.72"
15:26:43,"168,456,456,581,5,20.43,37.61,1011.83,11.79"
15:26:45,"168,456,456,581,5,20.44,37.62,1011.81,12.00"
15:26:47,"165,450,450,580,5,20.45,37.61,1011.83,11.80"
15:26:50,"165,450,450,580,5,20.45,37.60,1011.83,11.87"
15:26:52,"165,450,450,580,5,20.45,37.60,1011.83,11.79"
15:26:54,"165,453,453,580,5,20.45,37.56,1011.85,11.64"
15:26:56,"165,453,453,580,5,20.45,37.53,1011.82,11.87"
15:26:57,PMS7003 checksum failed
15:26:58,"168,474,474,580,5,20.46,37.56,1011.85,11.68"
15:27:01,"168,475,475,580,5,20.45,37.59,1011.83,11.84"
15:27:03,"168,475,475,580,5,20.45,37.56,1011.82,11.91"
15:27:05,"166,477,477,580,5,20.46,37.54,1011.84,11.78"
15:27:07,"166,477,477,580,5,20.46,37.53,1011.82,11.87"
15:27:10,"166,477,477,580,5,20.46,37.52,1011.83,11.80"
15:27:12,"166,477,477,580,5,20.47,37.49,1011.84,11.74"
15:27:14,"166,477,477,579,5,20.46,37.47,1011.81,12.01"
15:27:16,"166,477,477,579,5,20.46,37.48,1011.82,11.95"
15:27:18,"168,477,477,579,5,20.46,37.50,1011.83,11.87"
15:27:21,"168,477,477,580,5,20.45,37.52,1011.85,11.68"
15:27:23,"166,477,477,580,5,20.45,37.52,1011.81,11.96"
15:27:25,"166,474,474,580,5,20.44,37.53,1011.83,11.80"
15:27:27,"166,474,474,580,5,20.45,37.55,1011.83,11.80"
15:27:29,"168,474,474,580,5,20.45,37.55,1011.84,11.73"
15:27:32,"168,474,474,580,5,20.45,37.56,1011.84,11.76"
15:27:34,"168,474,474,580,5,20.45,37.56,1011.83,11.83"
15:27:36,"169,472,472,579,5,20.45,37.56,1011.86,11.59"
15:27:38,"171,474,474,579,5,20.46,37.57,1011.85,11.66"
15:27:41,"171,474,474,579,5,20.45,37.58,1011.86,11.60"
15:27:43,"171,486,486,579,5,20.45,37.56,1011.83,11.82"
15:27:45,"171,486,486,579,5,20.45,37.57,1011.81,11.97"
15:27:47,"171,486,486,579,5,20.45,37.60,1011.85,11.66"
15:27:49,"171,486,486,579,5,20.46,37.57,1011.86,11.58"
15:27:52,"168,489,489,579,5,20.46,37.57,1011.85,11.63"
15:27:54,"168,489,489,579,5,20.45,37.60,1011.86,11.58"
15:27:56,"168,492,492,579,5,20.44,37.60,1011.82,11.92"
15:27:58,"168,493,493,579,5,20.44,37.58,1011.85,11.63"
15:28:00,"166,493,493,579,5,20.45,37.60,1011.85,11.68"
15:28:03,"166,493,493,578,5,20.45,37.61,1011.84,11.70"
15:28:05,"166,489,489,578,5,20.45,37.60,1011.84,11.77"
15:28:07,"166,487,487,578,5,20.45,37.60,1011.84,11.75"
15:28:09,"166,487,487,579,5,20.46,37.60,1011.84,11.76"
15:28:12,"166,489,489,579,5,20.46,37.61,1011.85,11.65"
15:28:14,"166,489,489,579,5,20.46,37.59,1011.84,11.73"
15:28:16,"165,486,486,579,5,20.46,37.59,1011.82,11.92"
15:28:18,"166,486,486,579,5,20.46,37.60,1011.83,11.85"
15:28:20,"166,487,487,579,5,20.45,37.60,1011.82,11.92"
15:28:23,"168,487,487,579,5,20.46,37.61,1011.83,11.83"
15:28:25,"168,486,486,580,5,20.46,37.55,1011.80,12.07"
15:28:27,"166,480,480,579,5,20.47,37.60,1011.85,11.70"
15:28:29,"166,480,480,579,5,20.46,37.56,1011.82,11.92"
15:28:31,"168,478,478,579,5,20.45,37.57,1011.81,11.98"
15:28:34,"169,483,483,579,5,20.46,37.56,1011.82,11.87"
15:28:36,"169,484,484,579,5,20.46,37.56,1011.83,11.81"
15:28:38,"169,484,484,579,5,20.46,37.56,1011.82,11.88"
15:28:40,"169,495,495,579,5,20.47,37.55,1011.82,11.94"
15:28:43,"169,496,496,579,5,20.47,37.56,1011.84,11.76"
15:28:45,"169,496,496,579,5,20.47,37.53,1011.86,11.61"
15:28:47,"169,498,498,579,5,20.47,37.49,1011.80,12.10"
15:28:49,"169,498,498,579,5,20.47,37.48,1011.86,11.54"
15:28:51,"168,498,498,579,5,20.47,37.48,1011.84,11.79"
15:28:54,"166,489,489,579,5,20.47,37.50,1011.86,11.55"
15:28:56,"166,489,489,579,5,20.47,37.50,1011.87,11.51"
15:28:58,"166,489,489,579,5,20.47,37.49,1011.83,11.79"
15:29:00,"166,489,489,579,5,20.46,37.49,1011.80,12.09"
15:29:03,"168,486,486,579,5,20.47,37.49,1011.85,11.65"
15:29:04,PMS7003 checksum failed
15:29:05,"165,477,477,579,5,20.46,37.47,1011.83,11.81"
15:29:07,"165,475,475,579,5,20.46,37.45,1011.85,11.62"
15:29:09,"165,474,474,579,5,20.45,37.46,1011.83,11.85"
15:29:11,"165,474,474,579,5,20.46,37.49,1011.82,11.95"
15:29:14,"165,484,484,579,5,20.46,37.48,1011.85,11.68"
15:29:16,"165,484,484,579,5,20.47,37.49,1011.84,11.74"
15:29:18,"165,483,483,580,5,20.48,37.49,1011.85,11.63"
15:29:20,"165,483,483,580,5,20.47,37.51,1011.82,11.91"
15:29:22,"165,484,484,580,5,20.48,37.49,1011.82,11.87"
15:29:25,"165,484,484,580,5,20.48,37.49,1011.83,11.80"
15:29:27,"165,484,484,579,5,20.48,37.49,1011.84,11.75"
15:29:29,"169,490,490,579,5,20.47,37.51,1011.85,11.68"
15:29:31,"169,492,492,580,5,20.47,37.49,1011.83,11.83"
15:29:34,"169,492,492,579,5,20.47,37.50,1011.84,11.75"
15:29:36,"168,484,484,579,5,20.48,37.52,1011.85,11.63"
15:29:38,"169,480,480,579,5,20.48,37.53,1011.83,11.79"
15:29:40,"169,480,480,579,5,20.48,37.51,1011.84,11.75"
15:29:42,"169,478,478,580,5,20.48,37.53,1011.81,11.96"
15:29:45,"168,477,477,580,5,20.49,37.52,1011.84,11.71"
15:29:47,"168,477,477,580,5,20.48,37.51,1011.83,11.82"
15:29:49,"168,477,477,579,5,20.48,37.51,1011.83,11.85"
15:29:51,"168,477,477,579,5,20.48,37.51,1011.86,11.59"
15:29:54,"168,477,477,579,5,20.49,37.51,1011.82,11.87"
15:29:56,"168,480,480,579,5,20.48,37.51,1011.84,11.78"
15:29:58,"166,478,478,578,5,20.48,37.52,1011.83,11.83"
15:30:00,"166,478,478,578,5,20.48,37.52,1011.82,11.87"
15:30:02,"166,483,483,578,5,20.48,37.52,1011.82,11.94"
15:30:05,"168,486,486,578,5,20.48,37.52,1011.84,11.75"
15:30:07,"168,492,492,578,5,20.48,37.51,1011.84,11.71"
15:30:09,"168,492,492,578,5,20.48,37.51,1011.84,11.75"
15:30:11,"168,504,504,578,5,20.48,37.49,1011.82,11.94"
15:30:13,"168,504,504,578,5,20.49,37.52,1011.82,11.95"
15:30:16,"168,502,502,577,5,20.48,37.52,1011.81,12.03"
15:30:17,PMS7003 checksum failed
15:30:18,"169,507,507,577,5,20.49,37.48,1011.84,11.72"
15:30:20,"169,516,516,577,5,20.48,37.49,1011.83,11.79"
15:30:22,"166,510,510,577,5,20.48,37.48,1011.82,11.87"
15:30:25,"166,510,510,577,5,20.49,37.47,1011.83,11.86"
15:30:27,"166,508,508,577,5,20.49,37.46,1011.82,11.95"
15:30:29,"166,507,507,577,5,20.49,37.46,1011.82,11.93"
15:30:31,"68,502,502,577,5,20.49,37.48,1011.83,11.79"
15:30:33,"168,502,502,577,5,20.47,37.45,1011.79,12.19"
15:30:36,"168,502,502,577,5,20.48,37.44,1011.79,12.16"
15:30:38,"168,498,498,577,5,20.49,37.45,1011.80,12.07"
15:30:40,"168,498,498,577,5,20.48,37.44,1011.83,11.87"
15:30:42,"165,492,492,577,5,20.49,37.44,1011.84,11.71"
15:30:44,"166,496,496,577,5,20.48,37.42,1011.84,11.75"
15:30:47,"166,496,496,577,5,20.48,37.48,1011.82,11.88"
15:30:49,"168,498,498,576,5,20.48,37.44,1011.85,11.65"
15:30:51,"168,499,499,577,5,20.49,37.44,1011.83,11.83"
15:30:53,"166,492,492,576,5,20.49,37.45,1011.82,11.89"
15:30:56,"168,496,496,576,5,20.49,37.47,1011.86,11.55"
15:30:58,"168,498,498,576,5,20.48,37.47,1011.87,11.53"
15:31:00,"168,499,499,576,5,20.48,37.46,1011.86,11.60"
15:31:02,"168,499,499,576,5,20.47,37.46,1011.82,11.90"
15:31:04,"168,496,496,576,5,20.48,37.48,1011.79,12.13"
15:31:07,"168,496,496,575,5,20.48,37.47,1011.80,12.11"
15:31:09,"168,496,496,576,5,20.48,37.47,1011.84,11.77"
15:31:11,"168,498,498,575,5,20.49,37.50,1011.84,11.76"
15:31:13,"168,499,499,575,5,20.48,37.49,1011.82,11.90"
15:31:16,"168,499,499,575,5,20.48,37.48,1011.81,11.96"
15:31:18,"165,511,511,575,5,20.48,37.49,1011.80,12.06"
15:31:20,"165,511,511,575,5,20.48,37.47,1011.84,11.77"
15:31:22,"165,511,511,575,5,20.49,37.46,1011.81,11.96"
15:31:24,"165,513,513,575,5,20.48,37.46,1011.83,11.87"
15:31:27,"165,513,513,575,5,20.49,37.47,1011.82,11.92"
15:31:29,"163,513,513,575,5,20.48,37.45,1011.84,11.73"
15:31:31,"162,510,510,575,5,20.49,37.46,1011.82,11.88"
15:31:33,"162,507,507,574,5,20.49,37.46,1011.82,11.91"
15:31:35,"162,507,507,575,5,20.49,37.47,1011.81,12.02"
15:31:38,"162,507,507,575,5,20.49,37.47,1011.80,12.11"
15:31:40,"160,501,501,575,5,20.49,37.46,1011.79,12.12"
15:31:42,"159,501,501,575,5,20.49,37.45,1011.83,11.81"
15:31:44,"159,501,501,575,5,20.49,37.45,1011.80,12.04"
15:31:47,"159,501,501,575,5,20.50,37.47,1011.83,11.87"
15:31:49,"159,501,501,576,5,20.50,37.46,1011.82,11.89"
15:31:51,"159,501,501,576,5,20.50,37.45,1011.81,11.99"
15:31:53,"159,501,501,576,5,20.49,37.45,1011.83,11.80"
15:31:55,"159,501,501,576,5,20.49,37.44,1011.82,11.88"
15:31:58,"159,499,499,576,5,20.49,37.44,1011.83,11.81"
15:32:00,"159,499,499,576,5,20.49,37.44,1011.83,11.85"
15:32:02,"159,499,499,576,5,20.50,37.45,1011.80,12.05"
15:32:04,"157,499,499,576,5,20.50,37.44,1011.82,11.90"
15:32:06,"159,508,508,576,5,20.50,37.45,1011.82,11.90"
15:32:09,"156,505,507,576,5,20.49,37.45,1011.80,12.04"
15:32:11,"156,505,507,576,5,20.50,37.45,1011.78,12.25"
15:32:13,"156,504,505,576,5,20.50,37.43,1011.84,11.79"
15:32:15,"156,504,505,575,5,20.50,37.44,1011.85,11.69"
15:32:18,"159,511,511,575,5,20.50,37.42,1011.84,11.73"
15:32:20,"159,513,513,576,5,20.50,37.42,1011.82,11.89"
15:32:22,"159,514,514,576,5,20.50,37.43,1011.84,11.74"
15:32:23,PMS7003 checksum failed
15:32:24,"157,511,511,576,5,20.50,37.42,1011.83,11.86"
15:32:26,"157,508,508,575,5,20.50,37.43,1011.81,11.98"
15:32:29,"157,507,507,576,5,20.49,37.43,1011.79,12.18"
15:32:31,"157,507,507,576,5,20.50,37.43,1011.81,11.98"
15:32:33,"157,504,504,576,5,20.50,37.42,1011.82,11.94"
15:32:35,"157,504,504,576,5,20.50,37.42,1011.81,11.98"
15:32:38,"159,502,502,576,5,20.50,37.43,1011.82,11.91"
15:32:40,"159,502,502,576,5,20.50,37.39,1011.78,12.27"
15:32:42,"160,504,504,576,5,20.50,37.40,1011.78,12.23"
15:32:44,"160,502,504,576,5,20.49,37.39,1011.77,12.31"
15:32:46,"160,502,504,576,5,20.49,37.40,1011.80,12.05"
15:32:49,"162,504,504,576,5,20.50,37.39,1011.80,12.06"
15:32:51,"162,504,504,576,5,20.50,37.39,1011.78,12.22"
15:32:53,"162,504,504,576,5,20.50,37.40,1011.80,12.09"
15:32:55,"162,505,505,576,5,20.50,37.40,1011.77,12.37"
15:32:57,"162,507,507,575,5,20.49,37.41,1011.77,12.30"
15:33:00,"165,516,516,575,5,20.50,37.44,1011.79,12.17"
15:33:02,"165,516,516,576,5,20.49,37.45,1011.77,12.34"
15:33:04,"165,519,519,575,5,20.49,37.46,1011.77,12.37"
15:33:06,"165,519,519,575,5,20.49,37.46,1011.79,12.20"
15:33:09,"165,519,519,576,5,20.48,37.46,1011.77,12.34"
15:33:11,"165,526,526,576,5,20.49,37.47,1011.82,11.93"
15:33:13,"162,525,525,576,5,20.49,37.47,1011.80,12.14"
15:33:15,"162,525,525,576,5,20.49,37.50,1011.80,12.07"
15:33:17,"162,525,525,576,5,20.50,37.47,1011.81,12.02"
15:33:20,"162,525,525,575,5,20.49,37.47,1011.81,12.02"
15:33:22,"162,525,525,575,5,20.49,37.48,1011.79,12.19"
15:33:24,"162,531,531,575,5,20.49,37.47,1011.82,11.94"
15:33:26,"163,531,531,575,5,20.48,37.46,1011.81,12.04"
15:33:28,"163,531,531,574,5,20.49,37.46,1011.80,12.04"
15:33:31,"163,531,531,574,5,20.49,37.47,1011.79,12.18"
15:33:33,"165,531,531,574,5,20.49,37.48,1011.81,12.03"
15:33:35,"165,531,531,574,5,20.49,37.50,1011.80,12.04"
15:33:37,"168,541,541,575,5,20.48,37.49,1011.77,12.30"
15:33:40,"166,538,538,575,5,20.49,37.47,1011.76,12.40"
15:33:42,"166,538,538,574,5,20.49,37.47,1011.78,12.27"
15:33:44,"166,537,537,574,5,20.49,37.47,1011.77,12.33"
15:33:46,"166,537,537,574,5,20.49,37.47,1011.79,12.14"
15:33:48,"168,534,534,574,5,20.48,37.48,1011.79,12.16"
15:33:51,"168,531,531,574,5,20.49,37.51,1011.79,12.20"
15:33:53,"166,528,528,574,5,20.48,37.53,1011.80,12.08"
15:33:55,"166,528,528,574,5,20.48,37.54,1011.77,12.30"
15:33:57,"165,519,519,574,5,20.47,37.52,1011.80,12.04"
15:34:00,"166,514,514,573,5,20.47,37.52,1011.80,12.11"
15:34:02,"165,511,511,573,5,20.47,37.52,1011.78,12.25"
15:34:04,"5,511,511,573,5,20.47,37.52,1011.81,11.96"
15:34:06,"165,511,511,573,5,20.48,37.52,1011.81,11.96"
15:34:08,"165,511,511,573,5,20.47,37.47,1011.79,12.19"
15:34:11,"168,520,520,573,5,20.48,37.52,1011.79,12.19"
15:34:13,"168,520,520,574,5,20.48,37.53,1011.80,12.06"
15:34:15,"168,522,522,574,5,20.47,37.52,1011.79,12.19"
15:34:17,"168,522,522,574,5,20.48,37.52,1011.79,12.15"
15:34:19,"168,525,525,574,5,20.48,37.52,1011.80,12.08"
15:34:22,"168,525,525,574,5,20.47,37.49,1011.77,12.32"
15:34:24,"168,525,525,574,5,20.47,37.48,1011.79,12.14"
15:34:26,"166,535,535,574,5,20.48,37.49,1011.80,12.04"
15:34:28,"166,540,540,574,5,20.47,37.48,1011.80,12.06"
15:34:31,"168,541,541,574,5,20.48,37.45,1011.80,12.08"
15:34:32,PMS7003 checksum failed
15:34:33,"166,544,544,575,5,20.47,37.42,1011.75,12.50"
15:34:35,"165,543,543,574,5,20.47,37.42,1011.76,12.41"
15:34:37,"165,543,543,575,5,20.48,37.40,1011.76,12.40"
15:34:39,"163,540,540,575,5,20.48,37.40,1011.75,12.49"
15:34:42,"163,543,543,575,5,20.49,37.39,1011.76,12.38"
15:34:44,"163,541,541,575,5,20.49,37.39,1011.76,12.37"
15:34:46,"162,534,534,575,5,20.49,37.38,1011.77,12.36"
15:34:48,"162,534,534,574,5,20.50,37.37,1011.82,11.95"
15:34:50,"162,531,532,575,5,20.49,37.36,1011.74,12.61"
15:34:53,"162,528,529,574,5,20.49,37.36,1011.78,12.25"
15:34:55,"162,528,529,574,5,20.49,37.31,1011.79,12.16"
15:34:57,"162,519,519,574,5,20.48,37.28,1011.77,12.42"
15:34:59,"160,510,510,574,5,20.49,37.31,1011.81,12.00"
15:35:02,"160,510,510,574,5,20.50,37.38,1011.83,11.84"
15:35:04,"160,510,510,574,5,20.49,37.39,1011.76,12.39"
15:35:06,"160,508,510,574,5,20.49,37.45,1011.79,12.16"
15:35:07,PMS7003 checksum failed
15:35:08,"162,505,507,574,5,20.48,37.46,1011.75,12.46"
15:35:10,"160,505,507,574,5,20.48,37.46,1011.80,12.09"
15:35:13,"160,505,507,574,5,20.47,37.48,1011.80,12.11"
15:35:15,"159,495,496,574,5,20.47,37.49,1011.77,12.35"
15:35:17,"160,498,498,574,5,20.48,37.51,1011.77,12.37"
15:35:18,PMS7003 checksum failed
15:35:19,"160,498,498,574,5,20.48,37.51,1011.77,12.29"
15:35:22,"160,496,496,574,5,20.48,37.51,1011.76,12.37"
15:35:24,"160,495,495,574,5,20.48,37.46,1011.77,12.37"
15:35:26,"160,495,495,574,5,20.47,37.42,1011.77,12.35"
15:35:28,"163,495,495,574,5,20.48,37.44,1011.78,12.27"
15:35:30,"163,495,495,574,5,20.49,37.46,1011.79,12.19"
15:35:33,"165,495,495,574,5,20.48,37.46,1011.80,12.04"
15:35:35,"165,498,498,574,5,20.48,37.46,1011.79,12.14"
15:35:37,"165,498,498,575,5,20.48,37.47,1011.79,12.17"
15:35:39,"165,499,499,575,5,20.49,37.46,1011.80,12.07"
15:35:42,"165,498,498,575,5,20.49,37.45,1011.76,12.42"
15:35:44,"165,489,489,575,5,20.48,37.45,1011.74,12.56"
15:35:46,"163,486,486,575,5,20.49,37.45,1011.81,12.00"
15:35:48,"163,486,486,575,5,20.49,37.45,1011.77,12.35"
15:35:50,"163,486,486,574,5,20.49,37.44,1011.78,12.21"
15:35:53,"165,477,477,574,5,20.49,37.44,1011.76,12.36"
15:35:55,"165,475,475,574,5,20.49,37.43,1011.78,12.26"
15:35:57,"165,474,474,574,5,20.49,37.40,1011.77,12.29"
15:35:59,"166,480,480,574,5,20.50,37.42,1011.78,12.24"
15:36:01,"166,483,483,574,5,20.49,37.43,1011.76,12.39"
15:36:04,"168,484,484,574,5,20.50,37.42,1011.80,12.11"
15:36:06,"168,484,484,574,5,20.49,37.40,1011.77,12.33"
15:36:08,"168,480,480,574,5,20.50,37.38,1011.79,12.12"
15:36:10,"168,480,480,574,5,20.50,37.40,1011.79,12.12"
15:36:13,"169,481,481,574,5,20.49,37.42,1011.78,12.21"
15:36:15,"171,486,486,574,5,20.50,37.43,1011.81,11.99"
15:36:17,"171,486,486,574,5,20.50,37.44,1011.79,12.17"
15:36:19,"171,483,483,575,5,20.49,37.44,1011.79,12.20"
15:36:21,"169,484,484,574,5,20.50,37.44,1011.76,12.27"
15:36:24,"169,486,486,575,5,20.49,37.43,1011.76,12.45"
15:36:26,"169,487,487,575,5,20.49,37.43,1011.75,12.53"
15:36:28,"169,489,489,575,5,20.49,37.44,1011.75,12.52"
15:36:30,"168,487,487,575,5,20.50,37.43,1011.79,12.16"
15:36:31,PMS7003 checksum failed
15:36:33,"165,483,483,575,5,20.49,37.44,1011.77,12.33"
15:36:35,"165,483,483,575,5,20.49,37.45,1011.74,12.60"
15:36:37,"5,483,483,575,5,20.50,37.44,1011.78,12.24"
15:36:39,"165,483,483,575,5,20.49,37.45,1011.78,12.25"
15:36:41,"165,484,484,575,5,20.49,37.44,1011.77,12.34"
15:36:44,"163,483,483,575,5,20.49,37.45,1011.76,12.40"
15:36:46,"163,481,481,575,5,20.49,37.44,1011.77,12.29"
15:36:48,"163,481,481,575,5,20.49,37.44,1011.76,12.38"
15:36:50,"163,480,480,575,5,20.49,37.43,1011.78,12.24"
15:36:52,"163,480,480,575,5,20.49,37.43,1011.77,12.36"
15:36:55,"163,480,480,575,5,20.48,37.41,1011.74,12.57"
15:36:57,"162,480,480,575,5,20.48,37.41,1011.78,12.28"
15:36:59,"160,480,480,575,5,20.49,37.41,1011.77,12.30"
15:37:01,"160,480,480,576,5,20.48,37.41,1011.76,12.39"
15:37:04,"162,477,477,576,5,20.48,37.42,1011.78,12.24"
15:37:06,"165,478,478,576,5,20.48,37.44,1011.74,12.58"
15:37:07,PMS7003 checksum failed
15:37:08,"162,469,469,577,5,20.48,37.45,1011.76,12.39"
15:37:10,"162,468,468,577,5,20.48,37.46,1011.75,12.47"
15:37:12,"162,468,468,578,5,20.49,37.48,1011.75,12.51"
15:37:15,"165,471,471,578,5,20.47,37.48,1011.74,12.61"
15:37:17,"165,471,471,578,5,20.47,37.47,1011.76,12.42"
15:37:19,"165,471,471,579,5,20.47,37.47,1011.76,12.38"
15:37:21,"165,469,469,580,5,20.48,37.48,1011.75,12.48"
15:37:24,"165,469,469,581,5,20.48,37.46,1011.77,12.29"
15:37:26,"165,468,468,581,5,20.48,37.45,1011.81,11.99"
15:37:28,"165,468,468,581,5,20.48,37.47,1011.77,12.32"
15:37:30,"165,468,468,581,5,20.48,37.49,1011.72,12.74"
15:37:32,"163,465,465,581,5,20.47,37.49,1011.78,12.25"
15:37:35,"163,465,465,581,5,20.47,37.49,1011.77,12.29"
15:37:37,"163,465,465,582,5,20.48,37.51,1011.72,12.75"
15:37:39,"162,460,460,582,5,20.48,37.48,1011.76,12.42"
15:37:41,"162,462,462,582,5,20.48,37.51,1011.78,12.25"
15:37:42,PMS7003 checksum failed
15:37:44,"163,462,462,581,5,20.48,37.48,1011.77,12.31"
15:37:46,"163,459,459,581,5,20.48,37.48,1011.79,12.17"
15:37:48,"163,459,459,580,5,20.48,37.47,1011.76,12.44"
15:37:50,"163,451,451,580,5,20.49,37.47,1011.75,12.52"
15:37:52,"163,451,451,579,5,20.49,37.47,1011.75,12.49"
15:37:55,"162,451,451,578,5,20.49,37.47,1011.75,12.49"
15:37:57,"162,451,451,578,5,20.49,37.45,1011.77,12.37"
15:37:59,"162,451,451,578,5,20.50,37.45,1011.76,12.41"
15:38:01,"162,450,450,577,5,20.49,37.46,1011.73,12.67"
15:38:03,"162,450,450,577,5,20.49,37.46,1011.69,12.96"
15:38:06,"162,450,450,577,5,20.49,37.47,1011.73,12.68"
15:38:08,"159,442,442,577,5,20.49,37.47,1011.75,12.50"
15:38:10,"159,442,442,576,5,20.49,37.47,1011.72,12.72"
15:38:12,"159,442,442,576,5,20.49,37.46,1011.70,12.92"
15:38:15,"159,441,441,577,5,20.50,37.46,1011.72,12.72"
15:38:17,"160,439,439,576,5,20.50,37.43,1011.71,12.85"
15:38:18,PMS7003 checksum failed
15:38:19,"163,447,447,576,5,20.50,37.43,1011.73,12.64"
15:38:21,"163,447,447,576,5,20.50,37.44,1011.73,12.65"
15:38:23,"163,447,447,576,5,20.50,37.43,1011.72,12.73"
15:38:26,"165,447,447,576,5,20.49,37.44,1011.73,12.69"
15:38:28,"165,447,447,576,5,20.50,37.43,1011.73,12.69"
15:38:30,"165,448,448,576,5,20.50,37.43,1011.75,12.51"
15:38:32,"165,448,448,576,5,20.50,37.44,1011.74,12.55"
15:38:35,"165,448,448,576,5,20.50,37.43,1011.73,12.63"
15:38:37,"165,450,450,576,5,20.50,37.44,1011.75,12.51"
15:38:39,"165,450,450,576,5,20.50,37.42,1011.74,12.55"
15:38:41,"165,450,450,576,5,20.50,37.43,1011.72,12.74"
15:38:43,"162,447,447,575,5,20.50,37.38,1011.71,12.79"
15:38:46,"162,447,447,575,5,20.50,37.38,1011.73,12.65"
15:38:48,"162,447,447,574,5,20.50,37.36,1011.72,12.76"
15:38:50,"162,453,453,574,5,20.51,37.35,1011.74,12.56"
15:38:52,"162,459,459,574,5,20.51,37.36,1011.70,12.92"
15:38:54,"162,459,459,574,5,20.51,37.36,1011.73,12.63"
15:38:57,"163,460,460,574,5,20.51,37.36,1011.71,12.79"
15:38:59,"165,462,462,574,5,20.51,37.35,1011.74,12.57"
15:39:01,"165,462,462,574,5,20.51,37.36,1011.71,12.85"
15:39:03,"166,466,466,573,5,20.51,37.72,1011.71,12.80"
15:39:06,"166,466,466,573,5,20.51,37.53,1011.70,12.95"
15:39:08,"166,468,468,574,5,20.51,37.43,1011.71,12.80"
15:39:10,"166,468,468,575,5,20.51,37.39,1011.71,12.80"
15:39:12,"168,466,466,579,5,20.51,37.40,1011.71,12.85"
15:39:14,"168,466,466,592,5,20.51,37.38,1011.70,12.93"
15:39:17,"1,468,468,597,5,20.51,37.37,1011.71,12.79"
15:39:19,"171,466,466,602,5,20.52,37.39,1011.72,12.75"
15:39:21,"171,466,466,605,5,20.51,37.37,1011.72,12.75"
15:39:23,"171,466,466,607,5,20.50,37.36,1011.71,12.82"
15:39:25,"172,465,465,609,5,20.50,37.35,1011.70,12.93"
15:39:28,"172,465,465,611,5,20.51,37.38,1011.71,12.80"
15:39:30,"172,468,468,613,5,20.51,37.39,1011.72,12.78"
15:39:32,"172,472,472,614,5,20.50,37.37,1011.71,12.84"
15:39:34,"172,472,472,616,5,20.51,37.35,1011.71,12.81"
15:39:37,"172,480,480,616,5,20.50,37.36,1011.71,12.80"
15:39:39,"175,490,490,617,5,20.50,37.38,1011.70,12.94"
15:39:41,"175,490,490,617,5,20.50,37.36,1011.69,12.67"
15:39:43,"177,493,493,617,5,20.50,37.38,1011.69,13.02"
15:39:45,"175,492,492,617,5,20.50,37.38,1011.69,13.00"
15:39:48,"172,484,484,617,5,20.51,37.38,1011.69,12.97"
15:39:50,"172,484,484,617,5,20.51,37.37,1011.72,12.75"
15:39:52,"172,483,483,617,5,20.51,37.39,1011.70,12.95"
15:39:54,"174,484,484,617,5,20.51,37.38,1011.71,12.84"
15:39:57,"74,483,483,617,5,20.51,37.39,1011.70,12.94"
15:39:59,"174,483,483,617,5,20.51,37.38,1011.69,12.98"
15:40:01,"174,486,486,617,5,20.51,37.39,1011.69,12.97"
15:40:03,"174,486,486,617,5,20.51,37.38,1011.70,12.94"
15:40:05,"174,486,486,615,5,20.51,37.37,1011.70,12.87"
15:40:08,"174,489,489,612,5,20.52,37.36,1011.72,12.78"
15:40:10,"174,489,489,607,5,20.51,37.38,1011.70,13.18"
15:40:12,"171,483,483,601,5,20.51,37.32,1011.66,13.23"
15:40:14,"171,468,468,598,5,20.51,37.31,1011.68,13.04"
15:40:16,"171,468,468,594,5,20.51,37.31,1011.66,13.23"
15:40:19,"171,466,466,592,5,20.51,37.32,1011.69,13.01"
15:40:21,"171,466,466,589,5,20.51,37.31,1011.67,13.16"
15:40:23,"171,462,462,586,5,20.51,37.30,1011.69,13.02"
15:40:24,PMS7003 checksum failed
15:40:25,"168,453,453,584,5,20.52,37.30,1011.68,13.09"
15:40:28,"168,451,451,583,5,20.52,37.30,1011.70,12.94"
15:40:30,"168,450,450,581,5,20.51,37.31,1011.70,12.89"
15:40:32,"168,450,450,580,5,20.51,37.33,1011.70,12.89"
15:40:34,"171,457,457,579,5,20.50,37.37,1011.67,13.16"
15:40:36,"171,459,459,578,5,20.51,37.37,1011.68,13.09"
15:40:39,"171,459,459,578,5,20.51,37.38,1011.69,13.00"
15:40:41,"171,459,459,576,5,20.51,37.37,1011.71,12.85"
15:40:43,"172,459,459,576,5,20.51,37.36,1011.69,12.97"
15:40:45,"172,462,462,575,5,20.50,37.33,1011.65,13.35"
15:40:48,"172,462,462,574,5,20.50,37.33,1011.69,12.98"
15:40:50,"181,477,477,574,5,20.51,37.35,1011.72,12.78"
15:40:52,"181,477,477,574,5,20.50,37.35,1011.68,13.08"
15:40:54,"181,477,477,574,5,20.51,37.36,1011.69,13.01"
15:40:56,"183,474,474,574,5,20.51,37.36,1011.65,13.35"
15:40:59,"180,468,468,574,5,20.52,37.35,1011.66,13.23"
15:41:00,PMS7003 checksum failed
15:41:01,"177,472,472,574,5,20.51,37.33,1011.65,13.32"
15:41:03,"175,472,472,573,5,20.51,37.35,1011.67,13.17"
15:41:05,"175,472,472,573,5,20.52,37.31,1011.67,13.15"
15:41:08,"174,468,468,573,5,20.51,37.31,1011.66,13.21"
15:41:10,"174,468,468,573,5,20.52,37.29,1011.68,13.08"
15:41:12,"174,466,466,573,5,20.52,37.29,1011.66,13.24"
15:41:14,"174,466,466,573,5,20.52,37.29,1011.67,13.16"
15:41:16,"174,466,466,572,5,20.52,37.31,1011.66,13.28"
15:41:19,"172,463,463,572,5,20.52,37.32,1011.69,13.00"
15:41:21,"171,462,462,572,5,20.52,37.31,1011.67,13.15"
15:41:23,"171,462,462,572,5,20.52,37.31,1011.68,13.12"
15:41:25,"172,450,450,572,5,20.52,37.31,1011.66,13.27"
15:41:27,"174,451,451,572,5,20.52,37.29,1011.65,13.31"
15:41:30,"174,451,451,572,5,20.52,37.31,1011.68,13.08"
15:41:32,"177,460,460,572,5,20.52,37.30,1011.66,13.25"
15:41:34,"177,462,462,572,5,20.52,37.30,1011.70,12.93"
15:41:36,"177,462,462,572,5,20.52,37.30,1011.65,13.31"
15:41:39,"175,459,459,572,5,20.52,37.29,1011.66,13.24"
15:41:41,"174,459,459,571,5,20.51,37.30,1011.64,13.38"
15:41:43,"174,459,459,571,5,20.52,37.31,1011.67,13.18"
15:41:45,"172,460,460,571,5,20.51,37.32,1011.66,13.21"
15:41:47,"172,460,460,571,5,20.51,37.37,1011.65,13.31"
15:41:50,"172,462,462,571,5,20.51,37.30,1011.68,13.11"
15:41:52,"172,462,462,571,5,20.51,37.39,1011.65,13.30"
15:41:54,"174,468,468,571,5,20.51,37.39,1011.64,13.39"
15:41:56,"174,468,468,571,5,20.51,37.38,1011.70,12.89"
15:41:58,"171,466,466,571,5,20.50,37.37,1011.65,13.34"
15:42:01,"171,465,465,571,5,20.51,37.37,1011.65,13.32"
15:42:03,"169,465,465,571,5,20.51,37.36,1011.68,13.11"
15:42:05,"169,465,465,571,5,20.51,37.36,1011.67,13.13"
15:42:07,"169,469,469,571,5,20.51,37.35,1011.64,13.44"
15:42:10,"171,471,471,571,5,20.51,37.28,1011.65,13.32"
15:42:12,"171,471,471,571,5,20.51,37.25,1011.65,13.34"
15:42:13,PMS7003 checksum failed
15:42:14,"171,468,468,571,5,20.51,37.25,1011.68,13.11"
15:42:16,"172,465,465,571,5,20.51,37.25,1011.63,13.52"
15:42:18,"171,454,454,571,5,20.51,37.23,1011.66,13.21"
15:42:21,"171,454,454,572,5,20.51,37.23,1011.65,13.30"
15:42:23,"171,453,453,572,5,20.51,37.28,1011.67,13.13"
15:42:25,"171,450,450,572,5,20.52,37.33,1011.69,12.96"
15:42:27,"171,448,448,572,5,20.52,37.36,1011.68,13.05"
15:42:30,"171,448,448,572,5,20.53,37.38,1011.68,13.10"
15:42:32,"171,448,448,571,5,20.52,37.38,1011.67,13.17"
15:42:34,"171,450,450,572,5,20.52,37.41,1011.68,13.08"
15:42:36,"171,450,450,572,5,20.53,37.38,1011.65,13.32"
15:42:38,"171,454,454,572,5,20.53,37.38,1011.66,13.29"
15:42:41,"168,451,451,572,5,20.53,37.38,1011.64,13.38"
15:42:43,"168,451,451,572,5,20.52,37.37,1011.63,13.46"
15:42:45,"168,451,451,572,5,20.53,37.36,1011.62,13.58"
15:42:47,"169,450,450,572,5,20.54,37.37,1011.68,13.07"
15:42:49,"168,450,450,572,5,20.53,37.35,1011.64,13.41"
15:42:52,"168,447,447,572,5,20.53,37.35,1011.67,13.18"
15:42:54,"168,447,447,572,5,20.54,37.34,1011.68,13.12"
15:42:56,"168,448,448,572,5,20.54,37.34,1011.66,13.29"
15:42:58,"168,448,448,573,5,20.54,37.34,1011.65,13.34"
15:43:01,"169,451,451,572,5,20.53,37.35,1011.64,13.39"
15:43:03,"168,444,444,572,5,20.54,37.35,1011.62,13.56"
15:43:05,"168,444,444,572,5,20.54,37.38,1011.64,13.44"
15:43:07,"168,442,442,572,5,20.54,37.38,1011.65,13.32"
15:43:09,"168,441,441,572,5,20.53,37.33,1011.62,13.58"
15:43:12,"168,441,441,572,5,20.54,37.36,1011.65,13.36"
15:43:14,"165,438,438,573,5,20.54,37.37,1011.64,13.39"
15:43:16,"165,438,438,573,5,20.54,37.38,1011.67,13.18"
15:43:18,"165,438,438,573,5,20.54,37.38,1011.66,13.26"
15:43:20,"165,438,438,573,5,20.54,37.39,1011.65,13.31"
15:43:23,"165,438,438,573,5,20.55,37.36,1011.62,13.54"
15:43:25,"165,438,438,573,5,20.55,37.35,1011.66,13.26"
15:43:27,"165,444,444,574,5,20.54,37.37,1011.67,13.14"
15:43:29,"163,442,442,574,5,20.55,37.37,1011.68,13.12"
15:43:32,"163,442,442,574,5,20.54,37.38,1011.66,13.24"
15:43:34,"163,442,442,574,5,20.55,37.38,1011.66,13.21"
15:43:36,"163,442,442,574,5,20.54,37.40,1011.63,13.54"
15:43:38,"169,450,450,574,5,20.54,37.38,1011.64,13.45"
15:43:40,"169,450,450,574,5,20.55,37.34,1011.70,12.92"
15:43:43,"171,448,448,574,5,20.55,37.32,1011.67,13.19"
15:43:44,PMS7003 checksum failed
15:43:45,"168,438,438,574,5,20.54,37.34,1011.66,13.25"
15:43:47,"168,432,432,574,5,20.54,37.36,1011.65,13.31"
15:43:49,"172,438,438,574,5,20.54,37.35,1011.67,13.19"
15:43:52,"172,438,438,575,5,20.53,37.33,1011.67,13.12"
15:43:54,"174,438,438,575,5,20.53,37.26,1011.69,12.98"
15:43:56,"174,439,439,575,5,20.52,37.24,1011.66,13.27"
15:43:58,"177,444,444,575,5,20.52,37.23,1011.67,13.18"
15:44:00,"177,444,444,575,5,20.50,37.21,1011.65,13.30"
15:44:03,"177,447,447,575,5,20.51,37.21,1011.67,13.20"
15:44:05,"177,448,448,575,5,20.50,37.20,1011.71,12.84"
15:44:07,"177,448,448,575,5,20.50,37.22,1011.66,13.21"
15:44:09,"175,453,453,575,5,20.50,37.17,1011.67,13.20"
15:44:11,"174,448,448,575,5,20.51,37.20,1011.66,12.94"
15:44:14,"174,448,448,575,5,20.51,37.16,1011.68,13.11"
15:44:16,"172,447,447,575,5,20.52,37.15,1011.68,13.09"
15:44:18,"172,447,447,575,5,20.52,37.10,1011.66,13.22"
15:44:20,"171,450,450,575,5,20.52,37.08,1011.67,13.18"
15:44:23,"171,447,447,575,5,20.52,37.06,1011.67,13.17"
15:44:25,"171,447,447,575,5,20.52,37.02,1011.66,13.26"
15:44:27,"171,445,445,575,5,20.52,37.01,1011.67,13.19"
15:44:29,"171,445,445,574,5,20.53,37.04,1011.65,13.29"
15:44:31,"172,450,450,574,5,20.53,37.06,1011.65,13.34"
15:44:34,"171,445,445,574,5,20.53,37.06,1011.71,12.86"
15:44:36,"171,445,445,573,5,20.53,37.04,1011.68,13.07"
15:44:38,"171,444,444,573,5,20.52,37.02,1011.66,13.22"
15:44:40,"171,444,444,573,5,20.53,37.01,1011.67,13.13"
15:44:42,"171,444,444,574,5,20.53,37.00,1011.67,13.15"
15:44:45,"177,456,456,573,5,20.53,37.00,1011.67,13.15"
15:44:47,"178,456,457,573,5,20.52,36.99,1011.70,12.88"
15:44:49,"178,459,459,574,5,20.52,37.00,1011.66,13.27"
15:44:51,"178,459,459,573,5,20.53,36.99,1011.67,13.12"
15:44:54,"180,459,460,574,5,20.52,36.93,1011.67,13.19"
15:44:56,"180,460,462,573,5,20.52,36.95,1011.68,13.06"
15:44:58,"180,457,459,573,5,20.53,36.93,1011.68,13.10"
15:45:00,"180,454,456,573,5,20.52,36.93,1011.66,13.28"
15:45:02,"180,454,456,573,5,20.52,36.92,1011.66,13.24"
15:45:05,"180,454,456,573,5,20.52,36.94,1011.65,13.37"
15:45:07,"180,454,456,573,5,20.52,37.00,1011.65,13.31"
15:45:09,"177,454,456,573,5,20.52,37.06,1011.63,13.48"
15:45:11,"177,454,456,573,5,20.52,37.09,1011.64,13.40"
15:45:14,"177,454,456,572,5,20.53,37.11,1011.65,13.35"
15:45:16,"177,454,456,572,5,20.53,37.12,1011.65,13.34"
15:45:18,"174,450,450,572,5,20.53,37.13,1011.64,13.41"
15:45:20,"169,441,441,572,5,20.52,37.13,1011.66,13.23"
15:45:22,"166,436,436,571,5,20.52,37.09,1011.65,13.10"
15:45:25,"166,436,436,571,5,20.52,37.10,1011.65,13.34"
15:45:27,"166,435,435,571,5,20.52,37.09,1011.65,13.30"
15:45:29,"165,435,435,571,5,20.52,37.10,1011.68,13.11"
15:45:31,"168,441,441,571,5,20.52,37.10,1011.65,13.35"
15:45:33,"168,441,441,571,5,20.53,37.11,1011.65,13.30"
15:45:36,"168,444,444,571,5,20.53,37.12,1011.66,13.24"
15:45:38,"168,444,444,571,5,20.53,37.12,1011.66,13.26"
15:45:40,"168,445,445,571,5,20.53,37.14,1011.69,13.03"
15:45:42,"168,444,444,570,5,20.54,37.16,1011.67,13.14"
15:45:45,"168,444,444,570,5,20.54,37.19,1011.63,13.48"
15:45:47,"168,441,441,570,5,20.53,37.21,1011.62,13.58"
15:45:49,"168,442,442,570,5,20.54,37.21,1011.65,13.33"
15:45:51,"169,444,444,570,5,20.54,37.19,1011.65,13.37"
15:45:53,"169,444,444,570,5,20.53,37.16,1011.65,13.37"
15:45:56,"174,456,456,570,5,20.53,37.15,1011.65,13.29"
15:45:58,"174,454,454,570,5,20.53,37.15,1011.64,13.41"
15:46:00,"174,454,454,570,5,20.53,37.15,1011.63,13.48"
15:46:02,"177,450,450,570,5,20.52,37.15,1011.65,13.36"
15:46:04,"177,451,451,570,5,20.52,37.14,1011.63,13.48"
15:46:07,"177,451,451,570,5,20.52,37.15,1011.65,13.30"
15:46:08,PMS7003 checksum failed
15:46:09,"174,454,454,570,5,20.52,37.17,1011.63,13.47"
15:46:11,"174,456,456,570,5,20.52,37.20,1011.63,13.53"
15:46:13,"174,456,456,571,5,20.52,37.22,1011.63,13.50"
15:46:16,"175,459,460,570,5,20.51,37.21,1011.64,13.41"
15:46:18,"175,459,460,570,5,20.51,37.21,1011.66,13.27"
15:46:20,"174,459,459,570,5,20.51,37.20,1011.64,13.37"
15:46:22,"174,457,459,571,5,20.51,37.20,1011.66,13.26"
15:46:24,"174,453,453,571,5,20.51,37.20,1011.64,13.41"
15:46:27,"174,453,453,571,5,20.51,37.20,1011.66,13.22"
15:46:29,"172,454,454,570,5,20.51,37.20,1011.66,13.28"
15:46:31,"171,454,454,570,5,20.51,37.22,1011.63,13.48"
15:46:33,"171,456,456,571,5,20.51,37.24,1011.65,13.32"
15:46:36,"171,456,456,571,5,20.51,37.24,1011.68,13.12"
15:46:38,"172,459,459,571,5,20.51,37.27,1011.65,13.30"
15:46:40,"174,460,460,571,5,20.52,37.29,1011.66,13.22"
15:46:42,"174,462,462,570,5,20.51,37.25,1011.64,13.40"
15:46:43,7003 checksum failed
15:46:44,"174,463,463,570,5,20.52,37.23,1011.64,13.40"
15:46:47,"171,453,453,570,5,20.52,37.24,1011.63,13.47"
15:46:49,"172,451,451,571,5,20.52,37.27,1011.64,13.38"
15:46:51,"172,451,451,571,5,20.52,37.25,1011.63,13.50"
15:46:53,"172,453,453,571,5,20.52,37.24,1011.65,13.33"
15:46:56,"172,453,453,571,5,20.53,37.26,1011.64,13.44"
15:46:58,"171,453,453,571,5,20.53,37.24,1011.65,13.34"
15:47:00,"171,453,453,571,5,20.53,37.24,1011.62,13.55"
15:47:02,"169,451,451,571,5,20.53,37.22,1011.63,13.38"
15:47:04,"169,451,451,571,5,20.53,37.22,1011.65,13.34"
15:47:07,"169,451,451,571,5,20.52,37.23,1011.63,13.46"
15:47:09,"171,451,451,571,5,20.52,37.23,1011.61,13.63"
15:47:11,"171,451,451,570,5,20.53,37.23,1011.65,13.37"
15:47:13,"171,451,451,571,5,20.53,37.23,1011.64,13.44"
15:47:15,"171,450,450,571,5,20.53,37.24,1011.66,13.28"
15:47:18,"171,450,450,571,5,20.54,37.24,1011.64,13.41"
15:47:20,"174,450,450,571,5,20.53,37.23,1011.63,13.48"
15:47:22,"174,453,453,571,5,20.53,37.23,1011.64,13.40"
15:47:24,"174,453,453,571,5,20.53,37.23,1011.64,13.39"
15:47:27,"174,451,451,571,5,20.52,37.23,1011.63,13.48"
15:47:29,"174,451,451,570,5,20.52,37.23,1011.65,13.31"
15:47:31,"175,450,450,570,5,20.53,37.23,1011.67,13.17"
15:47:33,"177,453,453,570,5,20.52,37.23,1011.63,13.46"
15:47:35,"177,453,453,570,5,20.52,37.23,1011.64,13.43"
15:47:38,"177,453,453,570,5,20.52,37.23,1011.66,13.29"
15:47:40,"177,453,453,569,5,20.51,37.22,1011.64,13.41"
15:47:42,"177,453,453,569,5,20.52,37.23,1011.65,13.31"
15:47:44,"174,447,447,569,5,20.51,37.25,1011.62,13.59"
15:47:46,"172,447,447,569,5,20.51,37.23,1011.64,13.44"
15:47:49,"171,447,447,569,5,20.50,37.24,1011.61,13.67"
15:47:51,"171,447,447,568,5,20.51,37.25,1011.67,13.16"
15:47:53,"71,447,447,569,5,20.51,37.24,1011.68,13.12"
15:47:55,"171,447,447,568,5,20.51,37.24,1011.64,13.44"
15:47:58,"168,442,442,568,5,20.51,37.26,1011.66,13.27"
15:48:00,"175,450,450,568,5,20.52,37.27,1011.62,13.55"
15:48:02,"177,450,450,567,5,20.51,37.26,1011.63,13.49"
15:48:04,"178,453,453,567,5,20.51,37.28,1011.61,13.66"
15:48:06,"178,453,453,567,5,20.51,37.25,1011.63,13.53"
15:48:09,"183,450,450,567,5,20.52,37.28,1011.65,13.36"
15:48:11,"183,448,448,567,5,20.52,37.25,1011.64,13.41"
15:48:13,"183,447,447,567,5,20.52,37.25,1011.66,13.22"
15:48:15,"183,447,447,567,5,20.52,37.25,1011.64,13.45"
15:48:17,"184,450,450,566,5,20.52,37.27,1011.63,13.46"
15:48:20,"186,450,450,566,5,20.52,37.25,1011.61,13.65"
15:48:22,"183,447,447,566,5,20.52,37.24,1011.61,13.65"
15:48:24,"183,447,447,566,5,20.52,37.24,1011.62,13.54"
15:48:26,"186,450,450,566,5,20.52,37.25,1011.64,13.40"
15:48:29,"186,451,451,566,5,20.52,37.24,1011.65,13.30"
15:48:31,"192,453,453,566,5,20.53,37.23,1011.66,13.29"
15:48:33,"192,453,453,566,5,20.53,37.23,1011.66,13.29"
15:48:35,"192,453,453,566,5,20.53,37.24,1011.63,13.51"
15:48:37,"192,453,453,566,5,20.53,37.26,1011.65,13.33"
15:48:40,"192,453,453,566,5,20.53,37.26,1011.66,13.27"
15:48:42,"192,454,454,565,5,20.53,37.26,1011.64,13.44"
15:48:44,"192,454,454,565,5,20.53,37.27,1011.63,13.48"
15:48:46,"189,453,453,565,5,20.53,37.26,1011.64,13.41"
15:48:48,"187,451,451,565,5,20.54,37.24,1011.65,13.32"
15:48:51,"186,450,450,565,5,20.53,37.23,1011.65,13.37"
15:48:52,PMS7003 checksum failed
15:48:53,"180,448,448,565,5,20.52,37.22,1011.63,13.53"
15:48:55,"180,448,448,565,5,20.53,37.24,1011.65,13.34"
15:48:57,"180,448,448,565,5,20.52,37.24,1011.63,13.47"
15:49:00,"177,451,451,565,5,20.53,37.26,1011.65,13.29"
15:49:02,"178,454,454,564,5,20.53,37.24,1011.65,13.30"
15:49:04,"180,456,456,564,5,20.52,37.24,1011.63,13.51"
15:49:05,PMS7003 checksum failed
15:49:06,"183,459,459,564,5,20.53,37.24,1011.67,13.15"
15:49:09,"183,459,459,564,5,20.53,37.24,1011.67,13.13"
15:49:11,"183,457,457,564,5,20.53,37.24,1011.65,13.25"
15:49:13,"183,457,457,564,5,20.52,37.29,1011.65,13.36"
15:49:15,"180,451,451,564,5,20.52,37.30,1011.65,13.35"
15:49:17,"177,450,451,564,5,20.52,37.32,1011.66,13.27"
15:49:20,"177,450,451,564,5,20.52,37.31,1011.66,13.24"
15:49:22,"7,451,451,565,5,20.52,37.30,1011.70,12.94"
15:49:24,"177,451,451,565,5,20.52,37.32,1011.69,13.03"
15:49:26,"177,451,451,565,5,20.52,37.31,1011.65,13.33"
15:49:28,"174,447,448,564,5,20.52,37.33,1011.64,13.44"
15:49:31,"174,448,450,565,5,20.51,37.32,1011.65,13.29"
15:49:33,"174,448,450,565,5,20.52,37.32,1011.63,13.47"
15:49:35,"175,450,450,565,5,20.52,37.33,1011.62,13.54"
15:49:37,"175,450,450,565,5,20.52,37.32,1011.65,13.29"
15:49:40,"175,450,450,565,5,20.53,37.29,1011.65,13.49"
15:49:41,PMS7003 checksum failed
15:49:42,"180,463,465,565,5,20.51,37.28,1011.65,13.37"
15:49:44,"180,465,466,565,5,20.52,37.28,1011.64,13.39"
15:49:46,"180,466,468,565,5,20.52,37.29,1011.66,13.28"
15:49:48,"180,466,468,565,5,20.52,37.30,1011.64,13.44"
15:49:51,"178,465,465,565,5,20.52,37.31,1011.63,13.52"
15:49:53,"178,465,465,565,5,20.51,37.30,1011.63,13.49"
15:49:55,"178,465,466,565,5,20.52,37.30,1011.65,13.33"
15:49:57,"178,465,466,565,5,20.52,37.30,1011.62,13.60"
15:50:00,"180,466,468,565,5,20.53,37.30,1011.64,13.45"
15:50:02,"180,468,469,566,5,20.52,37.31,1011.67,13.19"
15:50:04,"180,468,469,565,5,20.52,37.30,1011.65,13.35"
15:50:06,"181,474,474,565,5,20.52,37.29,1011.62,13.58"
15:50:08,"181,474,475,566,5,20.52,37.28,1011.64,13.43"
15:50:11,"181,474,475,566,5,20.52,37.28,1011.61,13.64"
15:50:13,"180,477,478,566,5,20.52,37.25,1011.62,13.61"
15:50:15,"178,477,478,566,5,20.52,37.21,1011.62,13.55"
15:50:16,PMS7003 checksum failed
15:50:17,"172,457,457,566,5,20.53,37.29,1011.63,13.48"
15:50:20,"174,456,456,566,5,20.52,37.28,1011.66,13.27"
15:50:22,"174,456,456,566,5,20.52,37.28,1011.63,13.53"
15:50:24,"178,459,459,566,5,20.52,37.28,1011.66,13.25"
15:50:26,"178,459,459,567,5,20.52,37.28,1011.65,13.35"
15:50:28,"180,457,457,566,5,20.52,37.30,1011.62,13.60"
15:50:31,"180,456,456,566,5,20.52,37.29,1011.63,13.48"
15:50:33,"180,456,456,566,5,20.53,37.29,1011.65,13.34"
15:50:35,"180,454,454,566,5,20.53,37.30,1011.62,13.56"
15:50:37,"180,454,454,567,5,20.53,37.29,1011.60,13.73"
15:50:39,"180,454,454,567,5,20.53,37.30,1011.63,13.52"
15:50:42,"177,465,465,567,5,20.52,37.27,1011.63,13.48"
15:50:44,"177,466,466,567,5,20.52,37.27,1011.60,13.74"
15:50:46,"177,466,466,567,5,20.52,37.27,1011.64,13.43"
15:50:48,"171,465,465,567,5,20.52,37.28,1011.62,13.61"
15:50:51,"171,468,468,567,5,20.53,37.27,1011.61,13.68"
15:50:53,"171,468,468,567,5,20.53,37.27,1011.63,13.52"
15:50:55,"171,481,481,567,5,20.53,37.27,1011.63,13.48"
15:50:57,"171,483,483,567,5,20.53,37.28,1011.62,13.55"
15:50:59,"171,483,483,567,5,20.53,37.26,1011.63,13.48"
15:51:02,"171,478,478,567,5,20.53,37.26,1011.65,13.32"
15:51:04,"171,478,478,567,5,20.53,37.23,1011.64,13.39"
15:51:06,"171,478,478,567,5,20.53,37.26,1011.59,13.87"
15:51:08,"169,480,480,567,5,20.53,37.24,1011.61,13.68"
15:51:10,"168,474,474,567,5,20.53,37.24,1011.62,13.57"
15:51:13,"168,474,474,567,5,20.52,37.23,1011.61,13.70"
15:51:15,"168,474,474,567,5,20.52,37.24,1011.61,13.69"
15:51:17,"168,477,477,567,5,20.52,37.25,1011.60,13.74"
15:51:19,"169,477,477,567,5,20.52,37.27,1011.60,13.76"
15:51:22,"169,477,477,567,5,20.52,37.29,1011.59,13.81"
15:51:24,"168,480,480,567,5,20.52,37.28,1011.63,13.51"
15:51:26,"168,477,478,567,5,20.52,37.27,1011.61,13.67"
15:51:28,"166,477,477,566,5,20.52,37.30,1011.65,13.33"
15:51:29,PMS7003 checksum failed
15:51:30,"165,471,472,566,5,20.52,37.31,1011.62,13.55"
15:51:33,"162,462,462,566,5,20.52,37.31,1011.64,13.41"
15:51:35,"159,456,456,566,5,20.51,37.32,1011.59,13.86"
15:51:37,"159,456,456,566,5,20.51,37.30,1011.62,13.55"
15:51:39,"159,457,457,566,5,20.52,37.30,1011.65,13.36"
15:51:42,"159,459,459,566,5,20.52,37.30,1011.63,13.48"
15:51:44,"157,459,459,566,5,20.52,37.27,1011.63,13.51"
15:51:46,"157,459,459,566,5,20.52,37.25,1011.62,13.54"
15:51:48,"157,459,459,566,5,20.53,37.24,1011.61,13.70"
15:51:50,"157,456,456,566,5,20.53,37.26,1011.62,13.59"
15:51:53,"157,456,456,566,5,20.53,37.26,1011.62,13.58"
15:51:55,"156,450,450,566,5,20.53,37.27,1011.61,13.65"
15:51:57,"154,454,454,566,5,20.54,37.26,1011.63,13.51"
15:51:59,"154,454,454,566,5,20.54,37.28,1011.64,13.43"
15:52:01,"156,456,456,566,5,20.54,37.29,1011.65,13.31"
15:52:04,"156,456,456,566,5,20.54,37.30,1011.62,13.59"
15:52:06,"156,463,463,566,5,20.53,37.31,1011.62,13.57"
15:52:08,"157,472,472,566,5,20.54,37.33,1011.63,13.53"
15:52:10,"157,474,474,566,5,20.54,37.30,1011.62,13.56"
15:52:13,"157,474,474,566,5,20.53,37.30,1011.65,13.35"
15:52:15,"157,474,474,566,5,20.54,37.30,1011.61,13.67"
15:52:17,"159,475,475,566,5,20.54,37.29,1011.64,13.44"
15:52:19,"160,481,481,566,5,20.54,37.28,1011.63,13.53"
15:52:21,"160,481,481,566,5,20.53,37.27,1011.61,13.67"
15:52:24,"160,481,481,566,5,20.53,37.30,1011.64,13.41"
15:52:26,"159,481,481,566,5,20.53,37.29,1011.61,13.65"
15:52:28,"159,481,481,566,5,20.53,37.29,1011.59,13.79"
15:52:30,"159,483,483,566,5,20.53,37.30,1011.63,13.53"
15:52:32,"159,486,486,566,5,20.52,37.32,1011.63,13.53"
15:52:35,"159,487,487,566,5,20.53,37.31,1011.64,13.38"
15:52:37,"159,487,487,566,5,20.53,37.31,1011.60,13.72"
15:52:39,"160,489,489,566,5,20.52,37.29,1011.64,13.41"
15:52:41,"160,492,492,566,5,20.53,37.28,1011.60,13.71"
15:52:44,"160,498,498,566,5,20.53,37.28,1011.64,13.40"
15:52:46,"162,507,507,566,5,20.53,37.29,1011.62,13.58"
15:52:48,"162,507,507,566,5,20.53,37.29,1011.63,13.49"
15:52:50,"162,507,507,566,5,20.52,37.29,1011.66,13.27"
15:52:52,"162,507,507,566,5,20.52,37.30,1011.65,13.31"
15:52:55,"162,501,501,566,5,20.53,37.30,1011.63,13.49"
15:52:57,"162,501,501,566,5,20.52,37.31,1011.61,13.64"
15:52:59,"162,501,501,566,5,20.54,37.29,1011.64,13.39"
15:53:00,PMS7003 checksum failed
15:53:01,"165,513,513,566,5,20.53,37.28,1011.63,13.53"
15:53:04,"166,520,520,566,5,20.53,37.29,1011.64,13.44"
15:53:06,"168,520,520,566,5,20.53,37.29,1011.64,13.38"
15:53:08,"168,520,520,566,5,20.53,37.31,1011.67,13.13"
15:53:10,"168,519,519,566,5,20.53,37.30,1011.63,13.48"
15:53:12,"168,519,519,566,5,20.54,37.31,1011.64,13.39"
15:53:15,"163,504,504,566,5,20.54,37.28,1011.63,13.51"
15:53:17,"163,504,504,567,5,20.54,37.29,1011.65,13.31"
15:53:19,"162,498,498,567,5,20.54,37.28,1011.67,13.19"
15:53:21,"162,496,496,566,5,20.53,37.28,1011.63,13.53"
15:53:23,"162,496,496,566,5,20.53,37.27,1011.65,13.37"
15:53:26,"160,489,489,567,5,20.54,37.29,1011.67,13.17"
15:53:28,"159,489,489,566,5,20.53,37.29,1011.65,13.12"
15:53:30,"159,489,489,566,5,20.53,37.28,1011.65,13.37"
15:53:32,"159,489,489,566,5,20.53,37.28,1011.64,13.44"
15:53:35,"159,489,489,566,5,20.54,37.24,1011.64,13.42"
15:53:37,"159,489,489,566,5,20.54,37.26,1011.65,13.30"
15:53:39,"159,495,495,566,5,20.53,37.23,1011.64,13.38"
15:53:41,"159,495,495,566,5,20.53,37.26,1011.64,13.41"
15:53:43,"159,496,496,566,5,20.52,37.28,1011.61,13.63"
15:53:46,"159,496,496,566,5,20.52,37.27,1011.64,13.41"
15:53:48,"159,490,490,566,5,20.52,37.27,1011.63,13.48"
15:53:50,"160,493,493,566,5,20.52,37.30,1011.63,13.53"
15:53:52,"160,493,493,566,5,20.52,37.31,1011.69,12.98"
15:53:55,"162,495,495,565,5,20.53,37.33,1011.64,13.41"
15:53:57,"162,496,496,565,5,20.52,37.31,1011.64,13.41"
15:53:59,"162,496,496,565,5,20.52,37.31,1011.63,13.47"
15:54:01,"159,508,508,565,5,20.53,37.30,1011.62,13.62"
15:54:03,"159,510,510,565,5,20.53,37.28,1011.66,13.27"
15:54:06,"159,513,513,565,5,20.52,37.25,1011.64,13.41"
15:54:08,"159,513,513,565,5,20.53,37.27,1011.64,13.44"
15:54:10,"159,516,516,565,5,20.52,37.28,1011.61,13.64"
15:54:12,"159,520,520,565,5,20.53,37.29,1011.64,13.39"
15:54:14,"157,525,525,565,5,20.53,37.30,1011.63,13.46"
15:54:17,"156,529,529,565,5,20.54,37.30,1011.62,13.61"
15:54:19,"157,532,532,565,5,20.53,37.31,1011.66,13.27"
15:54:21,"157,534,534,565,5,20.53,37.33,1011.60,13.72"
15:54:23,"157,534,534,565,5,20.53,37.35,1011.64,13.43"
15:54:26,"160,546,546,565,5,20.53,37.34,1011.62,13.61"
15:54:28,"160,546,546,566,5,20.52,37.32,1011.63,13.53"
15:54:30,"162,546,546,566,5,20.54,37.30,1011.65,13.30"
15:54:32,"162,546,546,566,5,20.54,37.29,1011.62,13.55"
15:54:34,"163,543,543,565,5,20.54,37.28,1011.63,13.49"
15:54:37,"165,543,543,565,5,20.53,37.29,1011.58,13.87"
15:54:39,"165,540,540,566,5,20.53,37.29,1011.58,13.88"
15:54:41,"165,540,540,566,5,20.53,37.29,1011.61,13.65"
15:54:43,"165,540,540,565,5,20.53,37.29,1011.61,13.65"
15:54:45,"165,543,543,565,5,20.53,37.27,1011.64,13.42"
15:54:48,"165,544,544,565,5,20.53,37.28,1011.60,13.72"
15:54:50,"165,546,546,565,5,20.53,37.27,1011.65,13.34"
15:54:52,"165,546,546,565,5,20.53,37.26,1011.61,13.67"
15:54:54,"165,546,546,565,5,20.54,37.24,1011.62,13.58"
15:54:57,"165,546,546,565,5,20.54,37.24,1011.63,13.53"
15:54:59,"165,547,547,565,5,20.54,37.26,1011.62,13.55"
15:55:01,"165,547,547,565,5,20.54,37.26,1011.63,13.52"
15:55:03,"163,565,565,565,5,20.55,37.28,1011.66,13.26"
15:55:05,"163,570,570,565,5,20.54,37.23,1011.63,13.52"
15:55:08,"165,573,573,565,5,20.53,37.23,1011.60,13.72"
15:55:09,PMS7003 checksum failed
15:55:10,"169,607,607,565,5,20.53,37.26,1011.60,13.72"
15:55:12,"171,612,612,565,5,20.53,37.26,1011.59,13.84"
15:55:14,"171,612,612,565,5,20.53,37.22,1011.59,13.80"
15:55:17,"168,597,597,565,5,20.53,37.20,1011.62,13.60"
15:55:19,"168,594,594,565,5,20.53,37.20,1011.61,13.68"
15:55:21,"168,594,594,565,5,20.53,37.21,1011.61,13.64"
15:55:22,PMS7003 checksum failed
15:55:23,"168,600,600,565,5,20.54,37.23,1011.63,13.52"
15:55:25,"168,601,601,565,5,20.53,37.23,1011.63,13.46"
15:55:28,"168,603,603,565,5,20.53,37.22,1011.63,13.48"
15:55:30,"168,603,603,565,5,20.53,37.23,1011.59,13.85"
15:55:32,"165,609,609,565,5,20.53,37.22,1011.60,13.71"
15:55:34,"166,615,615,565,5,20.54,37.23,1011.59,13.80"
15:55:36,"166,615,615,565,5,20.53,37.24,1011.59,13.87"
15:55:39,"168,618,618,565,5,20.53,37.23,1011.58,13.92"
15:55:41,"168,619,619,566,5,20.54,37.23,1011.59,13.84"
15:55:43,"168,619,619,565,5,20.54,37.23,1011.60,13.72"
15:55:45,"6,613,613,566,5,20.54,37.23,1011.62,13.56"
15:55:48,"165,613,613,566,5,20.53,37.23,1011.57,14.01"
15:55:50,"165,613,613,566,5,20.53,37.19,1011.58,13.73"
15:55:52,"166,615,615,566,5,20.53,37.20,1011.60,13.75"
15:55:54,"166,619,619,566,5,20.54,37.20,1011.60,13.73"
15:55:56,"166,619,619,566,5,20.54,37.22,1011.59,13.81"
15:55:58,PMS7003 checksum failed
15:55:59,"166,630,630,566,5,20.54,37.23,1011.61,13.66"
15:56:01,"166,633,633,566,5,20.53,37.23,1011.61,13.70"
15:56:03,"168,636,636,566,5,20.54,37.23,1011.59,13.80"
15:56:05,"168,636,636,566,5,20.54,37.23,1011.58,13.89"
15:56:08,"169,642,642,565,5,20.54,37.26,1011.61,13.64"
15:56:10,"169,639,639,566,5,20.54,37.27,1011.64,13.45"
15:56:12,"169,636,636,566,5,20.54,37.24,1011.61,13.63"
15:56:14,"169,636,636,566,5,20.53,37.27,1011.60,13.75"
15:56:16,"169,634,634,566,5,20.54,37.27,1011.60,13.76"
15:56:19,"169,633,633,566,5,20.53,37.28,1011.63,13.53"
15:56:21,"169,633,633,566,5,20.53,37.27,1011.63,13.53"
15:56:23,"169,633,633,566,5,20.53,37.28,1011.62,13.55"
15:56:25,"169,633,633,566,5,20.52,37.27,1011.59,13.87"
15:56:27,"168,633,633,567,5,20.53,37.28,1011.64,13.41"
15:56:30,"168,631,631,567,5,20.53,37.30,1011.62,13.62"
15:56:32,"168,637,637,567,5,20.53,37.31,1011.60,13.78"
15:56:33,PMS7003 checksum failed
15:56:34,"163,610,610,567,5,20.53,37.33,1011.63,13.46"
15:56:36,"163,606,606,567,5,20.53,37.33,1011.61,13.64"
15:56:39,"163,606,606,567,5,20.53,37.33,1011.60,13.72"
15:56:41,"165,591,591,567,5,20.53,37.31,1011.58,13.91"
15:56:43,"165,591,591,567,5,20.53,37.29,1011.62,13.60"
15:56:45,"165,589,589,567,5,20.54,37.29,1011.61,13.65"
15:56:47,"165,588,588,568,5,20.54,37.24,1011.58,13.92"
15:56:50,"165,588,588,568,5,20.55,37.28,1011.59,13.79"
15:56:52,"165,586,586,568,5,20.55,37.28,1011.63,13.47"
15:56:54,"5,585,585,567,5,20.55,37.27,1011.61,13.67"
15:56:56,"165,585,585,568,5,20.55,37.28,1011.59,13.82"
15:56:59,"165,573,573,568,5,20.54,37.30,1011.54,14.21"
15:57:01,"166,573,573,567,5,20.54,37.28,1011.60,13.76"
15:57:03,"166,573,573,567,5,20.54,37.29,1011.61,13.63"
15:57:05,"165,573,573,568,5,20.54,37.28,1011.58,13.94"
15:57:07,"168,570,570,568,5,20.53,37.27,1011.58,13.94"
15:57:10,"168,570,570,568,5,20.53,37.27,1011.59,13.81"
15:57:12,"169,571,571,568,5,20.53,37.28,1011.56,14.05"
15:57:14,"168,570,570,568,5,20.53,37.29,1011.60,13.77"
15:57:16,"168,570,570,568,5,20.53,37.22,1011.60,13.75"
15:57:18,"166,567,567,568,5,20.53,37.28,1011.59,13.81"
15:57:21,"166,567,567,568,5,20.52,37.29,1011.58,13.93"
15:57:23,"166,567,567,568,5,20.53,37.30,1011.61,13.65"
15:57:25,"166,568,568,568,5,20.53,37.29,1011.60,13.77"
15:57:27,"165,576,576,568,5,20.53,37.29,1011.56,14.11"
15:57:30,"165,576,576,567,5,20.52,37.30,1011.58,13.91"
15:57:32,"165,576,576,567,5,20.53,37.29,1011.60,13.77"
15:57:34,"165,574,574,567,5,20.52,37.28,1011.58,13.94"
15:57:36,"165,576,576,567,5,20.52,37.29,1011.60,13.77"
15:57:38,"165,576,576,567,5,20.52,37.31,1011.59,13.80"
15:57:41,"166,579,579,566,5,20.52,37.32,1011.60,13.78"
15:57:43,"166,577,577,567,5,20.52,37.32,1011.58,13.93"
15:57:45,"165,576,576,567,5,20.52,37.32,1011.57,13.97"
15:57:47,"163,570,570,567,5,20.52,37.34,1011.55,14.20"
15:57:50,"163,570,570,566,5,20.52,37.33,1011.57,14.02"
15:57:52,"162,571,571,566,5,20.53,37.30,1011.59,13.87"
15:57:54,"162,573,573,566,5,20.53,37.30,1011.58,13.92"
15:57:56,"162,573,573,566,5,20.53,37.31,1011.59,13.81"
15:57:58,"163,574,574,566,5,20.53,37.31,1011.59,13.83"
15:58:01,"165,576,576,565,5,20.52,37.29,1011.58,13.95"
15:58:03,"166,583,583,565,5,20.54,37.28,1011.58,13.92"
15:58:05,"166,583,583,565,5,20.53,37.26,1011.54,14.22"
15:58:07,"165,588,588,565,5,20.54,37.27,1011.54,14.25"
15:58:09,"165,588,588,564,5,20.54,37.26,1011.55,14.20"
15:58:12,"63,586,586,564,5,20.54,37.24,1011.58,13.91"
15:58:14,"163,586,586,564,5,20.54,37.23,1011.54,14.24"
15:58:16,"165,594,594,564,5,20.54,37.22,1011.59,13.84"
15:58:18,"163,595,595,564,5,20.55,37.23,1011.53,14.31"
15:58:21,"165,597,597,564,5,20.54,37.25,1011.54,14.21"
15:58:23,"162,597,597,564,5,20.54,37.27,1011.56,14.09"
15:58:25,"162,597,597,564,5,20.54,37.24,1011.54,14.28"
15:58:27,"162,603,603,564,5,20.53,37.27,1011.53,14.29"
15:58:29,"165,610,610,564,5,20.54,37.28,1011.56,14.10"
15:58:32,"165,610,610,564,5,20.54,37.28,1011.59,13.85"
15:58:34,"163,606,606,564,5,20.54,37.28,1011.56,14.09"
15:58:36,"162,603,603,564,5,20.53,37.27,1011.58,13.94"
15:58:38,"160,588,588,564,5,20.53,37.29,1011.56,14.04"
15:58:39,PMS7003 checksum failed
15:58:41,"162,597,597,564,5,20.53,37.27,1011.60,13.77"
15:58:43,"162,597,597,564,5,20.52,37.28,1011.55,14.20"
15:58:45,"162,600,600,564,5,20.53,37.28,1011.57,13.99"
15:58:47,"162,600,600,564,5,20.53,37.29,1011.59,13.81"
15:58:49,"162,603,603,564,5,20.54,37.28,1011.57,13.99"
15:58:52,"163,603,603,564,5,20.54,37.29,1011.58,13.90"
15:58:54,"163,601,601,564,5,20.54,37.28,1011.58,13.90"
15:58:56,"163,601,601,564,5,20.54,37.28,1011.56,14.04"
15:58:58,"163,600,600,564,5,20.54,37.29,1011.57,14.03"
15:59:00,"165,603,603,564,5,20.54,37.27,1011.57,13.97"
15:59:03,"165,603,603,564,5,20.54,37.28,1011.58,13.89"
15:59:05,"162,601,601,564,5,20.53,37.29,1011.57,13.98"
15:59:07,"162,600,600,564,5,20.53,37.29,1011.57,13.97"
15:59:09,"162,600,600,564,5,20.53,37.26,1011.58,13.88"
15:59:12,"162,601,601,564,5,20.53,37.22,1011.59,13.87"
15:59:14,"162,600,600,564,5,20.54,37.21,1011.59,13.85"
15:59:15,PMS7003 checksum failed
15:59:16,"162,591,591,564,5,20.53,37.21,1011.57,13.99"
15:59:18,"162,589,591,564,5,20.54,37.23,1011.59,13.87"
15:59:20,"162,589,591,564,5,20.54,37.25,1011.57,13.97"
15:59:23,"162,583,585,564,5,20.54,37.26,1011.61,13.67"
15:59:25,"162,583,585,565,5,20.53,37.27,1011.56,14.12"
15:59:27,"160,582,582,565,5,20.54,37.26,1011.57,13.96"
15:59:29,"159,580,580,565,5,20.54,37.26,1011.57,13.99"
15:59:32,"159,580,580,565,5,20.54,37.25,1011.56,14.11"
15:59:34,"159,579,580,565,5,20.54,37.22,1011.56,14.10"
15:59:36,"159,579,579,566,5,20.54,37.22,1011.58,13.88"
15:59:38,"159,579,579,566,5,20.55,37.23,1011.55,14.13"
15:59:40,"159,591,591,566,5,20.55,37.21,1011.57,13.97"
15:59:43,"159,592,592,566,5,20.55,37.21,1011.58,13.91"
15:59:45,"159,592,592,566,5,20.54,37.21,1011.57,14.00"
15:59:47,"157,588,588,566,5,20.55,37.21,1011.59,13.84"
15:59:49,"159,588,588,566,5,20.54,37.21,1011.56,14.10"
15:59:50,PMS7003 checksum failed
15:59:52,"157,586,586,566,5,20.54,37.22,1011.58,13.93"
15:59:54,"159,586,586,566,5,20.54,37.23,1011.58,13.91"
15:59:56,"159,586,586,566,5,20.54,37.24,1011.57,13.98"
15:59:58,"162,594,594,566,5,20.54,37.24,1011.56,14.05"
16:00:00,"162,594,594,566,5,20.55,37.25,1011.60,13.72"
16:00:03,"162,600,600,566,5,20.54,37.26,1011.61,13.64"
16:00:05,"162,600,600,566,5,20.54,37.27,1011.60,13.72"
16:00:07,"162,600,600,566,5,20.55,37.25,1011.58,13.88"
16:00:09,"162,600,600,567,5,20.55,37.25,1011.62,13.56"
16:00:11,"162,601,601,567,5,20.54,37.21,1011.62,13.62"
16:00:14,"162,601,601,567,5,20.53,37.21,1011.57,13.96"
16:00:16,"162,616,616,566,5,20.54,37.22,1011.58,13.90"
16:00:18,"162,616,616,566,5,20.54,37.23,1011.60,13.73"
16:00:20,"162,616,616,566,5,20.54,37.23,1011.59,13.83"
16:00:23,"162,619,619,567,5,20.55,37.21,1011.61,13.67"
16:00:25,"162,622,622,566,5,20.55,37.18,1011.59,13.83"
16:00:27,"162,622,622,566,5,20.55,37.15,1011.61,13.67"
16:00:29,"163,628,628,566,5,20.56,37.14,1011.60,13.78"
16:00:31,"163,627,627,566,5,20.55,37.15,1011.60,13.78"
16:00:34,"163,627,627,566,5,20.55,37.15,1011.62,13.59"
16:00:36,"65,624,624,566,5,20.55,37.17,1011.62,13.62"
16:00:38,"165,624,624,566,5,20.55,37.18,1011.58,13.88"
16:00:40,"165,625,625,566,5,20.55,37.16,1011.58,13.89"
16:00:42,"165,628,628,566,5,20.55,37.21,1011.57,14.03"
16:00:45,"163,633,633,566,5,20.54,37.19,1011.59,13.83"
16:00:47,"163,633,633,566,5,20.54,37.19,1011.58,13.94"
16:00:49,"162,633,633,566,5,20.55,37.18,1011.59,13.86"
16:00:51,"162,633,633,566,5,20.54,37.17,1011.57,13.96"
16:00:54,"162,633,633,566,5,20.53,37.21,1011.57,14.03"
16:00:56,"162,633,633,566,5,20.53,37.23,1011.57,14.04"
16:00:58,"162,628,628,565,5,20.54,37.23,1011.61,13.66"
16:01:00,"160,624,624,566,5,20.54,37.27,1011.58,13.93"
16:01:02,"160,621,621,565,5,20.53,37.27,1011.59,13.85"
16:01:03,PMS7003 checksum failed
16:01:05,"162,607,607,565,5,20.54,37.28,1011.61,13.70"
16:01:07,"162,606,606,565,5,20.53,37.29,1011.59,13.85"
16:01:09,"163,595,595,565,5,20.54,37.29,1011.60,13.75"
16:01:11,"163,595,595,565,5,20.54,37.29,1011.60,13.75"
16:01:14,"63,594,594,565,5,20.53,37.29,1011.60,13.71"
16:01:16,"165,594,594,564,5,20.53,37.29,1011.59,13.82"
16:01:18,"165,591,591,564,5,20.54,37.29,1011.59,13.61"
16:01:20,"165,591,591,564,5,20.54,37.26,1011.57,13.98"
16:01:22,"165,591,591,565,5,20.53,37.23,1011.59,13.87"
16:01:25,"165,594,594,564,5,20.53,37.26,1011.59,13.87"
16:01:27,"165,594,594,564,5,20.53,37.28,1011.59,13.85"
16:01:29,"165,595,595,565,5,20.53,37.28,1011.56,14.05"
16:01:31,"165,604,604,564,5,20.53,37.31,1011.55,14.15"
16:01:33,"165,604,604,565,5,20.53,37.30,1011.60,13.78"
16:01:36,"165,606,606,564,5,20.53,37.31,1011.59,13.79"
16:01:38,"165,606,606,564,5,20.53,37.30,1011.60,13.74"
16:01:40,"165,610,610,564,5,20.53,37.31,1011.58,13.91"
16:01:42,"168,619,619,564,5,20.53,37.33,1011.56,14.04"
16:01:45,"169,624,624,564,5,20.53,37.33,1011.62,13.62"
16:01:47,"171,627,627,564,5,20.53,37.31,1011.58,13.91"
16:01:49,"171,627,627,564,5,20.52,37.30,1011.57,14.01"
16:01:51,"168,618,618,564,5,20.53,37.30,1011.60,13.79"
16:01:53,"165,610,610,563,5,20.52,37.30,1011.59,13.86"
16:01:56,"165,610,610,564,5,20.52,37.31,1011.58,13.90"
16:01:58,"165,610,610,564,5,20.53,37.30,1011.58,13.90"
16:02:00,"165,609,609,563,5,20.52,37.31,1011.58,13.95"
16:02:02,"165,609,609,563,5,20.52,37.29,1011.57,14.00"
16:02:04,"163,606,606,563,5,20.52,37.27,1011.58,13.91"
16:02:07,"3,606,606,563,5,20.52,37.22,1011.58,13.91"
16:02:09,"163,606,606,563,5,20.52,37.21,1011.58,13.92"
16:02:11,"163,606,606,563,5,20.53,37.23,1011.61,13.67"
16:02:13,"163,606,606,563,5,20.52,37.21,1011.56,14.03"
16:02:16,"165,606,606,563,5,20.53,37.22,1011.60,13.75"
16:02:18,"165,609,609,563,5,20.53,37.23,1011.58,13.93"
16:02:20,"163,603,603,564,5,20.52,37.25,1011.59,13.87"
16:02:22,"163,603,603,564,5,20.53,37.28,1011.59,13.81"
16:02:24,"165,603,603,564,5,20.53,37.29,1011.59,13.87"
16:02:27,"165,603,603,564,5,20.52,37.30,1011.57,14.01"
16:02:29,"165,613,613,564,5,20.52,37.31,1011.57,13.98"
16:02:31,"165,613,613,563,5,20.53,37.33,1011.59,13.84"
16:02:33,"165,616,616,563,5,20.52,37.34,1011.57,13.99"
16:02:35,"165,616,616,563,5,20.52,37.31,1011.59,13.87"
16:02:38,"165,624,624,563,5,20.53,37.31,1011.61,13.66"
16:02:40,"166,636,636,563,5,20.52,37.32,1011.54,14.21"
16:02:42,"165,619,619,563,5,20.53,37.33,1011.56,14.11"
16:02:44,"165,619,619,563,5,20.52,37.31,1011.59,13.85"
16:02:47,"163,615,615,563,5,20.53,37.31,1011.58,13.88"
16:02:49,"162,612,612,564,5,20.53,37.31,1011.58,13.88"
16:02:51,"160,619,619,563,5,20.53,37.33,1011.58,13.91"
16:02:53,"160,624,624,564,5,20.53,37.31,1011.58,13.91"
16:02:55,"160,624,624,563,5,20.53,37.30,1011.58,13.94"
16:02:58,"160,624,624,564,5,20.53,37.30,1011.60,13.71"
16:03:00,"159,622,622,563,5,20.53,37.29,1011.56,14.06"
16:03:02,"159,624,624,563,5,20.53,37.30,1011.58,13.95"
16:03:04,"159,624,624,563,5,20.53,37.30,1011.59,13.87"
16:03:07,"162,627,627,563,5,20.54,37.30,1011.59,13.87"
16:03:09,"162,628,628,563,5,20.53,37.30,1011.58,13.48"
16:03:11,"162,631,631,563,5,20.53,37.26,1011.59,13.84"
16:03:12,PMS7003 checksum failed
16:03:13,"159,630,630,563,5,20.53,37.23,1011.57,14.01"
16:03:15,"160,630,630,563,5,20.52,37.23,1011.61,13.69"
16:03:18,"160,630,630,563,5,20.53,37.24,1011.61,13.66"
16:03:20,"162,630,630,563,5,20.53,37.26,1011.61,13.69"
16:03:22,"162,630,630,563,5,20.53,37.26,1011.60,13.71"
16:03:24,"162,630,630,563,5,20.53,37.26,1011.59,13.82"
16:03:26,"165,630,630,563,5,20.53,37.26,1011.61,13.63"
16:03:29,"165,630,630,563,5,20.52,37.25,1011.61,13.70"
16:03:31,"165,630,630,563,5,20.52,37.27,1011.60,13.71"
16:03:33,"166,631,631,563,5,20.52,37.30,1011.61,13.65"
16:03:35,"166,631,631,563,5,20.52,37.29,1011.61,13.63"
16:03:38,"168,630,630,563,5,20.52,37.29,1011.59,13.84"
16:03:40,"168,630,630,563,5,20.53,37.29,1011.58,13.93"
16:03:42,"168,630,630,563,5,20.53,37.30,1011.61,13.70"
16:03:44,"168,630,630,563,5,20.53,37.29,1011.62,13.58"
16:03:46,"169,633,633,563,5,20.53,37.27,1011.60,13.76"
16:03:48,PMS7003 checksum failed
16:03:49,"169,642,642,563,5,20.52,37.28,1011.59,13.81"
16:03:51,"168,642,642,563,5,20.53,37.30,1011.60,13.73"
16:03:53,"168,642,642,563,5,20.53,37.30,1011.62,13.56"
16:03:55,"172,654,654,563,5,20.54,37.29,1011.63,13.50"
16:03:58,"171,657,657,563,5,20.54,37.27,1011.63,13.52"
16:03:59,PMS7003 checksum failed
16:04:00,"168,649,649,563,5,20.54,37.26,1011.59,13.79"
16:04:02,"168,651,651,563,5,20.54,37.23,1011.63,13.53"
16:04:04,"168,652,652,563,5,20.54,37.23,1011.59,13.80"
16:04:06,"168,652,652,563,5,20.54,37.26,1011.62,13.62"
16:04:09,"169,663,663,563,5,20.54,37.27,1011.58,13.89"
16:04:11,"169,666,666,563,5,20.54,37.26,1011.62,13.55"
16:04:13,"169,670,670,563,5,20.54,37.26,1011.61,13.66"
16:04:15,"169,667,667,563,5,20.54,37.27,1011.64,13.38"
16:04:18,"169,667,667,563,5,20.54,37.27,1011.61,13.65"
16:04:20,"168,666,666,563,5,20.54,37.27,1011.64,13.43"
16:04:22,"168,663,663,563,5,20.53,37.28,1011.61,13.64"
16:04:24,"168,648,648,563,5,20.53,37.27,1011.62,13.60"
16:04:26,"168,648,648,563,5,20.53,37.28,1011.59,13.82"
16:04:29,"168,646,646,562,5,20.53,37.30,1011.62,13.58"
16:04:31,"168,646,646,562,5,20.53,37.33,1011.61,13.70"
16:04:33,"165,639,639,562,5,20.53,37.33,1011.60,13.77"
16:04:35,"165,640,640,563,5,20.52,37.34,1011.59,13.79"
16:04:37,"166,642,642,562,5,20.53,37.29,1011.61,13.66"
16:04:40,"165,660,660,563,5,20.53,37.28,1011.65,13.29"
16:04:42,"165,657,657,563,5,20.53,37.30,1011.60,13.77"
16:04:44,"165,654,654,562,5,20.53,37.28,1011.60,13.77"
16:04:46,"165,654,654,562,5,20.54,37.27,1011.59,13.83"
16:04:49,"165,655,655,563,5,20.54,37.28,1011.63,13.47"
16:04:51,"166,660,660,562,5,20.54,37.27,1011.64,13.45"
16:04:53,"6,661,661,562,5,20.54,37.26,1011.65,13.32"
16:04:55,"165,672,672,563,5,20.54,37.23,1011.59,13.84"
16:04:57,"165,672,672,562,5,20.54,37.22,1011.61,13.65"
16:05:00,"166,685,685,563,5,20.53,37.21,1011.59,13.80"
16:05:02,"168,696,696,563,5,20.53,37.23,1011.59,13.83"
16:05:04,"168,694,694,563,5,20.53,37.26,1011.62,13.59"
16:05:06,"166,693,693,563,5,20.53,37.27,1011.59,13.79"
16:05:09,"166,693,693,562,5,20.54,37.26,1011.63,13.46"
16:05:11,"168,696,696,562,5,20.53,37.27,1011.60,13.72"
16:05:12,PMS7003 checksum failed
16:05:13,"169,711,711,562,5,20.54,37.28,1011.64,13.45"
16:05:15,"171,717,717,562,5,20.54,37.29,1011.61,13.66"
16:05:17,"171,724,724,562,5,20.54,37.28,1011.64,13.38"
16:05:20,"171,724,724,562,5,20.53,37.30,1011.66,13.24"
16:05:22,"178,732,732,562,5,20.53,37.29,1011.61,13.64"
16:05:24,"180,732,732,562,5,20.53,37.27,1011.58,13.88"
16:05:26,"180,735,735,562,5,20.54,37.26,1011.59,13.86"
16:05:28,"180,735,735,562,5,20.54,37.27,1011.62,13.61"
16:05:31,"183,739,739,562,5,20.53,37.23,1011.59,13.82"
16:05:33,"181,738,738,561,5,20.54,37.22,1011.62,13.56"
16:05:35,"181,738,738,561,5,20.54,37.22,1011.62,13.60"
16:05:37,"174,727,727,561,5,20.53,37.24,1011.63,13.48"
16:05:40,"174,726,726,561,5,20.53,37.26,1011.58,13.89"
16:05:42,"174,726,726,561,5,20.53,37.27,1011.57,13.97"
16:05:44,"174,721,721,561,5,20.54,37.26,1011.63,13.49"
16:05:46,"174,726,726,561,5,20.53,37.22,1011.59,13.92"
16:05:47,PMS7003 checksum failed
16:05:48,"175,744,744,561,5,20.54,37.22,1011.58,13.93"
16:05:51,"177,750,750,561,5,20.53,37.23,1011.61,13.67"
16:05:53,"177,750,750,561,5,20.53,37.23,1011.60,13.75"
16:05:55,"174,732,732,560,5,20.54,37.26,1011.57,13.99"
16:05:57,"174,732,732,560,5,20.54,37.22,1011.63,13.49"
16:06:00,"174,727,727,560,5,20.54,37.22,1011.58,13.93"
16:06:02,"174,724,724,560,5,20.54,37.20,1011.56,14.05"
16:06:04,"174,724,724,560,5,20.54,37.19,1011.59,13.80"
16:06:06,"172,720,720,561,5,20.54,37.21,1011.62,13.55"
16:06:08,"172,720,720,561,5,20.54,37.20,1011.60,13.76"
16:06:11,"172,720,720,561,5,20.54,37.21,1011.62,13.59"
16:06:13,"166,723,723,561,5,20.54,37.23,1011.61,13.66"
16:06:15,"166,726,726,561,5,20.54,37.21,1011.59,13.83"
16:06:17,"166,726,726,561,5,20.54,37.23,1011.62,13.58"
16:06:19,"168,739,739,561,5,20.54,37.30,1011.62,13.57"
16:06:22,"169,756,756,561,5,20.55,37.34,1011.63,13.52"
16:06:23,PMS7003 checksum failed
16:06:24,"168,729,729,561,5,20.55,37.40,1011.61,13.70"
16:06:26,"168,726,726,562,5,20.55,37.43,1011.63,13.46"
16:06:28,"168,726,726,562,5,20.55,37.45,1011.59,13.83"
16:06:31,"169,718,718,562,5,20.55,37.45,1011.63,13.48"
16:06:33,"169,718,718,562,5,20.55,37.47,1011.65,13.30"
16:06:35,"169,717,717,562,5,20.55,37.45,1011.65,13.33"
16:06:37,"169,714,714,562,5,20.56,37.48,1011.62,13.60"
16:06:39,"169,714,714,563,5,20.54,37.42,1011.62,13.59"
16:06:42,"169,712,712,563,5,20.56,37.40,1011.63,13.51"
16:06:44,"169,714,714,564,5,20.56,37.37,1011.64,13.41"
16:06:46,"169,714,714,564,5,20.55,37.36,1011.64,13.39"
16:06:48,"171,717,717,564,5,20.56,37.34,1011.64,13.40"
16:06:51,"171,717,717,565,5,20.56,37.32,1011.66,13.24"
16:06:53,"171,717,717,566,5,20.56,37.29,1011.62,13.60"
16:06:55,"172,715,715,566,5,20.56,37.28,1011.62,13.55"
16:06:57,"175,729,729,566,5,20.56,37.27,1011.66,13.22"
16:06:59,"175,729,729,567,5,20.57,37.26,1011.63,13.49"
16:07:02,"177,750,750,567,5,20.57,37.26,1011.65,13.32"
16:07:04,"178,750,750,568,5,20.55,37.25,1011.60,13.76"
16:07:06,"178,751,751,569,5,20.56,37.26,1011.64,13.43"
16:07:08,"180,753,753,569,5,20.56,37.25,1011.62,13.55"
16:07:10,"180,753,753,570,5,20.55,37.30,1011.63,13.52"
16:07:13,"180,751,751,570,5,20.55,37.23,1011.65,13.29"
16:07:15,"180,750,750,571,5,20.55,37.25,1011.63,13.47"
16:07:17,"174,733,733,571,5,20.55,37.25,1011.60,13.77"
16:07:19,"174,733,733,572,5,20.55,37.26,1011.61,13.64"
16:07:22,"171,735,735,572,5,20.54,37.26,1011.62,13.57"
16:07:24,"171,736,738,572,5,20.55,37.27,1011.64,13.42"
16:07:26,"172,741,742,573,5,20.55,37.27,1011.64,13.45"
16:07:28,"172,741,742,573,5,20.54,37.26,1011.63,13.48"
16:07:30,"175,774,774,573,5,20.54,37.27,1011.65,13.30"
16:07:33,"175,774,775,573,5,20.54,37.27,1011.65,13.30"
16:07:35,"177,777,777,572,5,20.54,37.27,1011.67,13.19"
16:07:36,PMS7003 checksum failed
16:07:37,"180,789,789,573,5,20.54,37.27,1011.65,13.35"
16:07:39,"175,762,762,572,5,20.54,37.26,1011.63,13.49"
16:07:42,"174,741,742,572,5,20.54,37.26,1011.63,13.46"
16:07:44,"174,741,742,572,5,20.54,37.27,1011.62,13.62"
16:07:46,"174,742,744,571,5,20.54,37.27,1011.60,13.70"
16:07:48,"175,744,744,571,5,20.54,37.28,1011.61,13.64"
16:07:50,"175,750,751,571,5,20.54,37.28,1011.61,13.63"
16:07:53,"175,750,751,571,5,20.54,37.27,1011.61,13.69"
16:07:55,"175,753,753,571,5,20.55,37.27,1011.64,13.41"
16:07:57,"174,747,748,571,5,20.55,37.26,1011.64,13.42"
16:07:59,"174,747,748,571,5,20.54,37.26,1011.63,13.52"
16:08:01,"172,727,727,571,5,20.54,37.26,1011.61,13.63"
16:08:04,"171,717,717,570,5,20.55,37.21,1011.66,13.27"
16:08:06,"171,717,717,570,5,20.55,37.21,1011.64,13.45"
16:08:08,"171,712,712,570,5,20.54,37.23,1011.62,13.56"
16:08:10,"169,708,708,570,5,20.54,37.26,1011.64,13.43"
16:08:13,"165,687,687,570,5,20.55,37.27,1011.63,13.46"
16:08:15,"165,685,685,569,5,20.55,37.30,1011.65,13.33"
16:08:17,"165,687,687,568,5,20.54,37.28,1011.64,13.37"
16:08:19,"165,687,687,567,5,20.54,37.26,1011.66,13.25"
16:08:21,"165,687,687,567,5,20.54,37.22,1011.63,13.53"
16:08:24,"163,687,688,567,5,20.54,37.23,1011.68,13.04"
16:08:26,"165,688,690,566,5,20.55,37.23,1011.63,13.51"
16:08:28,"165,688,690,565,5,20.55,37.22,1011.65,13.33"
16:08:30,"165,688,690,564,5,20.55,37.20,1011.64,13.39"
16:08:33,"165,690,690,563,5,20.56,37.21,1011.66,13.27"
16:08:35,"165,690,690,563,5,20.56,37.20,1011.68,13.12"
16:08:37,"165,697,699,563,5,20.56,37.21,1011.61,13.64"
16:08:39,"166,699,700,562,5,20.56,37.20,1011.64,13.42"
16:08:41,"168,702,703,562,5,20.55,37.19,1011.61,13.52"
16:08:44,"168,702,703,561,5,20.57,37.20,1011.63,13.46"
16:08:46,"168,705,705,560,5,20.56,37.18,1011.64,13.42"
16:08:48,"169,708,708,560,5,20.56,37.17,1011.65,13.30"
16:08:50,"165,681,681,560,5,20.55,37.19,1011.68,13.11"
16:08:52,"165,681,681,560,5,20.55,37.19,1011.63,13.52"
16:08:55,"165,679,679,559,5,20.55,37.19,1011.63,13.46"
16:08:57,"165,679,679,559,5,20.54,37.22,1011.63,13.47"
16:08:59,"5,679,679,559,5,20.54,37.23,1011.67,13.15"
16:09:01,"165,666,666,558,5,20.54,37.26,1011.63,13.49"
16:09:04,"165,664,664,558,5,20.55,37.25,1011.65,13.36"
16:09:06,"165,664,664,558,5,20.54,37.22,1011.66,13.21"
16:09:08,"165,664,664,558,5,20.54,37.22,1011.66,13.28"
16:09:10,"166,679,679,558,5,20.53,37.22,1011.64,13.39"
16:09:12,"168,690,690,558,5,20.54,37.22,1011.64,13.44"
16:09:15,"172,690,690,558,5,20.54,37.22,1011.64,13.44"
16:09:17,"172,690,690,558,5,20.54,37.23,1011.64,13.37"
16:09:19,"174,690,690,558,5,20.54,37.24,1011.67,13.16"
16:09:21,"174,693,693,557,5,20.55,37.25,1011.64,13.44"
16:09:23,"168,684,684,558,5,20.55,37.25,1011.66,13.29"
16:09:26,"168,679,679,557,5,20.54,37.25,1011.65,13.29"
16:09:28,"168,675,675,557,5,20.55,37.23,1011.65,13.34"
16:09:30,"168,675,675,558,5,20.54,37.22,1011.65,13.35"
16:09:32,"168,673,673,558,5,20.55,37.21,1011.64,13.42"
16:09:35,"168,675,675,558,5,20.55,37.25,1011.65,13.36"
16:09:37,"168,675,675,558,5,20.55,37.25,1011.64,13.45"
16:09:39,"171,690,690,558,5,20.55,37.23,1011.65,13.32"
16:09:41,"172,693,693,558,5,20.55,37.25,1011.67,13.20"
16:09:43,"172,696,696,558,5,20.55,37.25,1011.68,13.11"
16:09:44,PMS7003 checksum failed
16:09:46,"174,687,687,558,5,20.55,37.23,1011.66,13.23"
16:09:48,"172,682,682,558,5,20.54,37.23,1011.65,13.30"
16:09:50,"172,682,682,558,5,20.54,37.21,1011.63,13.49"
16:09:52,"166,669,669,558,5,20.53,37.20,1011.65,13.30"
16:09:55,"166,672,672,558,5,20.53,37.19,1011.66,13.27"
16:09:57,"165,673,673,558,5,20.53,37.19,1011.65,13.31"
16:09:58,PMS7003 checksum failed
16:09:59,"165,687,687,558,5,20.53,37.21,1011.68,13.04"
16:10:01,"165,690,690,558,5,20.53,37.15,1011.67,13.14"
16:10:03,"165,696,696,558,5,20.53,37.11,1011.68,13.09"
16:10:06,"165,696,696,558,5,20.53,37.12,1011.65,13.32"
16:10:08,"168,690,690,558,5,20.53,37.09,1011.64,13.40"
16:10:10,"171,693,693,558,5,20.52,37.09,1011.64,13.38"
16:10:12,"171,693,693,558,5,20.53,37.12,1011.64,13.39"
16:10:15,"171,694,694,558,5,20.53,37.15,1011.66,13.26"
16:10:17,"171,693,693,558,5,20.54,37.20,1011.66,13.24"
16:10:19,"171,693,693,558,5,20.53,37.22,1011.66,13.29"
16:10:21,"166,681,681,558,5,20.53,37.26,1011.65,13.37"
16:10:23,"165,681,681,558,5,20.54,37.27,1011.65,13.35"
16:10:26,"165,682,682,558,5,20.54,37.26,1011.66,13.25"
16:10:28,"165,682,682,558,5,20.53,37.27,1011.65,13.33"
16:10:30,"165,682,682,558,5,20.54,37.28,1011.66,13.22"
16:10:32,"165,682,682,558,5,20.54,37.27,1011.67,13.18"
16:10:33,PMS7003 checksum failed
16:10:34,"165,679,679,558,5,20.55,37.27,1011.68,13.06"
16:10:37,"165,684,684,558,5,20.54,37.27,1011.68,13.10"
16:10:39,"166,687,687,559,5,20.54,37.28,1011.69,12.97"
16:10:41,"166,687,687,558,5,20.53,37.23,1011.67,13.19"
16:10:43,"168,696,696,558,5,20.54,37.21,1011.68,13.10"
16:10:46,"168,696,696,558,5,20.54,37.21,1011.70,12.90"
16:10:48,"169,696,696,558,5,20.54,37.23,1011.68,13.10"
16:10:50,"169,696,696,558,5,20.54,37.22,1011.66,13.23"
16:10:52,"169,694,694,558,5,20.54,37.21,1011.68,13.11"
16:10:54,"171,694,694,558,5,20.54,37.22,1011.66,13.28"
16:10:57,"171,694,694,558,5,20.53,37.23,1011.65,13.32"
16:10:59,"168,685,685,558,5,20.54,37.24,1011.67,13.16"
16:11:01,"168,684,684,558,5,20.54,37.23,1011.68,13.06"
16:11:03,"168,684,684,558,5,20.53,37.23,1011.66,13.22"
16:11:06,"165,681,681,558,5,20.54,37.23,1011.67,13.17"
16:11:08,"165,685,685,558,5,20.54,37.22,1011.69,12.96"
16:11:09,PMS7003 checksum failed
16:11:10,"162,661,661,557,5,20.54,37.22,1011.68,13.08"
16:11:12,"162,660,660,557,5,20.55,37.23,1011.69,13.03"
16:11:14,"162,660,660,557,5,20.55,37.23,1011.69,13.03"
16:11:17,"168,669,669,557,5,20.54,37.23,1011.67,13.20"
16:11:19,"168,669,669,557,5,20.53,37.23,1011.69,13.02"
16:11:21,"168,669,669,557,5,20.54,37.27,1011.68,13.07"
16:11:23,"168,667,667,558,5,20.54,37.27,1011.69,13.03"
16:11:25,"168,667,667,557,5,20.54,37.29,1011.69,13.01"
16:11:28,"168,666,666,557,5,20.54,37.30,1011.67,13.15"
16:11:30,"168,666,666,557,5,20.54,37.28,1011.68,13.08"
16:11:32,"168,666,666,557,5,20.54,37.28,1011.70,12.90"
16:11:34,"166,679,679,558,5,20.53,37.26,1011.69,13.03"
16:11:37,"166,682,682,557,5,20.54,37.27,1011.70,12.91"
16:11:39,"166,682,682,558,5,20.54,37.27,1011.68,13.06"
16:11:41,"168,694,694,557,5,20.54,37.26,1011.70,12.89"
16:11:43,"172,705,705,557,5,20.55,37.26,1011.68,13.06"
16:11:44,PMS7003 checksum failed
16:11:45,"169,703,703,557,5,20.54,37.25,1011.68,13.08"
16:11:48,"168,699,699,557,5,20.54,37.23,1011.68,13.05"
16:11:50,"168,697,697,557,5,20.54,37.25,1011.71,12.80"
16:11:52,"168,688,688,557,5,20.55,37.27,1011.66,13.21"
16:11:54,"168,688,688,557,5,20.54,37.26,1011.68,13.09"
16:11:57,",687,687,558,5,20.54,37.26,1011.68,13.10"
16:11:59,"168,687,687,558,5,20.54,37.27,1011.67,13.14"
16:12:01,"168,687,687,557,5,20.55,37.27,1011.68,13.11"
16:12:03,"168,687,687,557,5,20.55,37.25,1011.69,13.00"
16:12:05,"168,687,687,557,5,20.54,37.22,1011.68,13.05"
16:12:08,"168,687,687,557,5,20.53,37.24,1011.67,13.20"
16:12:10,"166,678,678,557,5,20.53,37.23,1011.68,13.10"
16:12:12,"168,679,679,557,5,20.54,37.23,1011.71,12.83"
16:12:14,"168,679,679,557,5,20.54,37.21,1011.71,12.87"
16:12:16,"168,684,684,557,5,20.54,37.19,1011.71,12.80"
16:12:19,"168,684,684,557,5,20.53,37.17,1011.73,12.69"
16:12:21,"168,684,684,557,5,20.53,37.17,1011.70,12.93"
16:12:23,"168,687,687,557,5,20.54,37.19,1011.70,12.90"
16:12:25,"168,685,685,557,5,20.53,37.20,1011.70,12.91"
16:12:28,"168,685,685,557,5,20.53,37.21,1011.67,13.15"
16:12:30,"165,676,676,557,5,20.53,37.23,1011.68,13.05"
16:12:32,"165,676,676,557,5,20.53,37.24,1011.71,12.84"
16:12:34,"166,675,675,557,5,20.53,37.24,1011.70,12.93"
16:12:36,"165,673,673,557,5,20.53,37.27,1011.70,12.93"
16:12:39,"165,675,675,557,5,20.53,37.24,1011.71,12.86"
16:12:41,"165,675,675,557,5,20.53,37.26,1011.68,13.10"
16:12:43,"165,673,673,557,5,20.52,37.27,1011.70,12.95"
16:12:45,"165,673,673,557,5,20.53,37.24,1011.70,12.91"
16:12:48,"163,672,672,557,5,20.53,37.22,1011.71,12.87"
16:12:50,"163,672,672,557,5,20.53,37.23,1011.71,12.80"
16:12:52,"165,678,678,557,5,20.53,37.21,1011.68,13.10"
16:12:54,"165,679,679,557,5,20.54,37.24,1011.67,13.14"
16:12:56,"165,676,676,557,5,20.53,37.23,1011.67,13.20"
16:12:57,PMS7003 checksum failed
16:12:59,"165,669,669,557,5,20.53,37.24,1011.68,13.06"
16:13:01,"165,669,669,557,5,20.53,37.24,1011.69,12.99"
16:13:03,"165,667,667,557,5,20.54,37.26,1011.69,12.98"
16:13:05,"165,667,667,557,5,20.53,37.26,1011.70,12.95"
16:13:08,"165,666,666,557,5,20.53,37.22,1011.73,12.69"
16:13:10,"165,666,666,557,5,20.53,37.19,1011.70,12.93"
16:13:12,"165,673,673,557,5,20.54,37.16,1011.71,12.86"
16:13:14,"165,673,673,557,5,20.53,37.16,1011.68,13.11"
16:13:16,"165,676,676,557,5,20.53,37.21,1011.72,12.75"
16:13:19,"165,681,681,557,5,20.53,37.16,1011.72,12.77"
16:13:21,"165,681,681,557,5,20.53,37.14,1011.73,12.70"
16:13:23,"168,697,697,558,5,20.53,37.11,1011.70,12.95"
16:13:25,"172,709,709,557,5,20.53,37.11,1011.71,12.82"
16:13:27,"172,709,709,558,5,20.54,37.11,1011.69,13.01"
16:13:30,"174,714,714,557,5,20.54,37.11,1011.73,12.64"
16:13:32,"175,718,718,557,5,20.54,37.12,1011.69,13.03"
16:13:34,"169,702,702,557,5,20.54,37.14,1011.68,13.10"
16:13:36,"168,699,699,556,5,20.54,37.13,1011.72,12.78"
16:13:39,"168,700,700,556,5,20.54,37.13,1011.74,12.61"
16:13:41,"168,702,702,557,5,20.54,37.14,1011.72,12.74"
16:13:43,"168,705,705,557,5,20.54,37.15,1011.72,12.76"
16:13:45,"168,711,711,557,5,20.54,37.19,1011.71,12.60"
16:13:47,"168,705,706,557,5,20.54,37.15,1011.71,12.81"
16:13:50,"168,705,706,557,5,20.54,37.17,1011.72,12.73"
16:13:52,"168,705,705,556,5,20.53,37.17,1011.73,12.65"
16:13:54,"168,705,706,557,5,20.53,37.17,1011.71,12.85"
16:13:56,"168,705,706,557,5,20.53,37.19,1011.72,12.78"
16:13:58,"165,708,708,557,5,20.54,37.17,1011.70,12.89"
16:14:01,"165,705,706,557,5,20.53,37.17,1011.72,12.77"
16:14:03,"165,703,705,557,5,20.53,37.19,1011.75,12.51"
16:14:05,"165,703,705,557,5,20.53,37.19,1011.73,12.62"
16:14:07,"165,700,702,557,5,20.54,37.20,1011.72,12.73"
16:14:10,"165,697,699,557,5,20.54,37.23,1011.74,12.56"
16:14:12,"162,672,672,557,5,20.54,37.26,1011.73,12.69"
16:14:14,"160,655,655,558,5,20.54,37.26,1011.72,12.74"
16:14:16,"160,654,654,558,5,20.54,37.22,1011.69,13.02"
16:14:18,"162,654,654,558,5,20.54,37.22,1011.72,12.74"
16:14:21,"162,654,654,558,5,20.55,37.18,1011.73,12.62"
16:14:23,"165,652,652,558,5,20.55,37.18,1011.73,12.64"
16:14:25,"165,648,648,558,5,20.54,37.19,1011.72,12.77"
16:14:27,"165,646,646,558,5,20.54,37.20,1011.72,12.78"
16:14:29,"165,646,646,558,5,20.54,37.21,1011.73,12.70"
16:14:32,"163,633,633,558,5,20.54,37.23,1011.74,12.55"
16:14:34,"163,625,625,558,5,20.54,37.23,1011.72,12.71"
16:14:36,"162,619,619,558,5,20.54,37.23,1011.67,13.15"
16:14:38,"162,619,619,558,5,20.54,37.22,1011.70,12.91"
16:14:41,"162,618,618,558,5,20.54,37.24,1011.69,12.99"
16:14:43,"162,618,618,558,5,20.54,37.24,1011.69,13.01"
16:14:45,"162,624,624,558,5,20.55,37.25,1011.72,12.71"
16:14:47,"162,625,627,558,5,20.54,37.25,1011.73,12.67"
16:14:49,"162,627,627,558,5,20.54,37.22,1011.70,12.91"
16:14:52,"162,627,627,557,5,20.54,37.22,1011.70,12.89"
16:14:54,"160,621,622,557,5,20.54,37.22,1011.73,12.64"
16:14:56,"159,616,618,557,5,20.54,37.22,1011.72,12.75"
16:14:58,"159,616,618,557,5,20.54,37.24,1011.75,12.51"
16:15:00,"162,592,594,557,5,20.54,37.24,1011.75,12.53"
16:15:03,"162,591,592,557,5,20.54,37.26,1011.72,12.79"
16:15:05,"162,589,589,557,5,20.54,37.26,1011.72,12.77"
16:15:06,PMS7003 checksum failed
16:15:07,"162,576,576,557,5,20.54,37.26,1011.71,12.81"
16:15:09,"162,573,573,557,5,20.54,37.25,1011.75,12.52"
16:15:12,"162,573,573,557,5,20.54,37.26,1011.75,12.52"
16:15:14,"165,568,568,557,5,20.54,37.26,1011.71,12.83"
16:15:16,"165,568,568,557,5,20.53,37.24,1011.72,12.74"
16:15:18,"165,567,567,557,5,20.54,37.22,1011.74,12.58"
16:15:19,PMS7003 checksum failed
16:15:21,"165,570,570,557,5,20.54,37.20,1011.76,12.44"
16:15:23,"165,570,570,557,5,20.54,37.20,1011.74,12.59"
16:15:25,"165,571,571,557,5,20.53,37.19,1011.74,12.53"
16:15:27,"165,571,571,557,5,20.54,37.19,1011.73,12.65"
16:15:29,"166,577,577,557,5,20.54,37.19,1011.73,12.68"
16:15:32,"165,576,576,557,5,20.54,37.21,1011.74,12.58"
16:15:34,"165,576,576,557,5,20.54,37.22,1011.73,12.65"
16:15:36,"165,576,576,557,5,20.54,37.22,1011.69,13.03"
16:15:38,"165,579,579,557,5,20.55,37.22,1011.71,12.86"
16:15:40,"165,579,579,557,5,20.55,37.22,1011.73,12.62"
16:15:43,"162,597,597,557,5,20.54,37.23,1011.71,12.80"
16:15:45,"162,598,598,557,5,20.54,37.21,1011.69,13.01"
16:15:47,"162,598,598,557,5,20.54,37.21,1011.73,12.70"
16:15:49,"162,598,598,557,5,20.55,37.25,1011.73,12.68"
16:15:52,"162,601,601,557,5,20.55,37.25,1011.71,12.83"
16:15:54,"162,603,603,557,5,20.54,37.26,1011.71,12.73"
16:15:55,PMS7003 checksum failed
16:15:56,"159,627,627,557,5,20.54,37.23,1011.73,12.66"
16:15:58,"159,624,624,557,5,20.54,37.22,1011.70,12.93"
16:16:00,"157,624,624,557,5,20.54,37.23,1011.69,12.96"
16:16:03,"157,624,624,557,5,20.54,37.23,1011.67,13.12"
16:16:05,"157,642,642,558,5,20.54,37.25,1011.72,12.72"
16:16:07,"159,645,645,560,5,20.54,37.22,1011.69,12.96"
16:16:09,"157,648,648,566,5,20.55,37.26,1011.71,12.79"
16:16:12,"157,648,648,586,5,20.54,37.25,1011.71,12.80"
16:16:14,"157,651,651,606,5,20.54,37.15,1011.72,12.76"
16:16:16,"157,651,651,614,5,20.54,37.16,1011.74,12.61"
16:16:18,"157,651,651,618,5,20.54,37.20,1011.72,12.77"
16:16:20,"157,655,655,622,5,20.55,37.20,1011.74,12.61"
16:16:23,"157,657,657,624,5,20.55,37.21,1011.72,12.78"
16:16:25,"157,657,657,627,5,20.55,37.18,1011.72,12.72"
16:16:27,"157,654,654,628,5,20.55,37.20,1011.72,12.77"
16:16:29,"159,649,651,629,5,20.56,37.20,1011.75,12.50"
16:16:31,"159,649,651,629,5,20.55,37.19,1011.76,12.43"
16:16:34,"159,648,648,630,5,20.56,37.19,1011.73,12.64"
16:16:36,"159,649,649,630,5,20.56,37.17,1011.71,12.82"
16:16:38,"159,649,649,630,5,20.56,37.18,1011.75,12.52"
16:16:40,"162,652,652,630,5,20.57,37.18,1011.72,12.73"
16:16:43,"162,652,652,630,5,20.56,37.17,1011.74,12.54"
16:16:45,"162,654,654,630,5,20.56,37.15,1011.73,12.67"
16:16:47,"162,657,657,621,5,20.57,37.14,1011.77,12.36"
16:16:49,"162,655,655,610,5,20.57,37.14,1011.72,12.78"
16:16:51,"162,655,655,600,5,20.57,37.13,1011.72,12.74"
16:16:54,"162,664,664,593,5,20.57,37.11,1011.71,12.85"
16:16:56,"162,669,669,589,5,20.57,37.10,1011.71,12.79"
16:16:58,"162,673,673,584,5,20.57,37.09,1011.74,12.90"
16:17:00,"162,673,673,582,5,20.57,37.08,1011.72,12.72"
16:17:02,"168,696,696,579,5,20.58,37.09,1011.74,12.59"
16:17:05,"168,696,696,578,5,20.58,37.09,1011.70,12.90"
16:17:07,"168,696,696,576,5,20.58,37.09,1011.73,12.65"
16:17:08,PMS7003 checksum failed
16:17:09,"172,702,702,574,5,20.57,37.10,1011.71,12.81"
16:17:11,"169,688,688,573,5,20.57,37.10,1011.75,12.53"
16:17:14,"168,678,678,572,5,20.56,37.11,1011.73,12.63"
16:17:16,"168,678,678,570,5,20.57,37.12,1011.74,12.57"
16:17:18,"169,679,679,569,5,20.57,37.12,1011.72,12.74"
16:17:20,"169,679,679,568,5,20.57,37.11,1011.69,13.03"
16:17:22,"171,679,679,567,5,20.58,37.11,1011.74,12.60"
16:17:25,"171,679,679,566,5,20.58,37.12,1011.72,12.73"
16:17:27,"169,678,678,565,5,20.58,37.12,1011.74,12.61"
16:17:29,"169,672,672,564,5,20.57,37.12,1011.72,12.71"
16:17:31,"169,672,672,563,5,20.56,37.11,1011.72,12.77"
16:17:34,"168,654,654,562,5,20.57,37.13,1011.75,12.50"
16:17:36,"168,648,648,562,5,20.57,37.15,1011.77,12.37"
16:17:38,"168,648,648,561,5,20.57,37.14,1011.75,12.48"
16:17:40,"168,646,646,560,5,20.56,37.12,1011.75,12.50"
16:17:42,"168,645,645,559,5,20.57,37.12,1011.73,12.64"
16:17:45,"166,645,645,559,5,20.57,37.12,1011.75,12.52"
16:17:47,"168,657,657,559,5,20.58,37.11,1011.73,12.62"
16:17:49,"168,660,660,558,5,20.58,37.10,1011.74,12.58"
16:17:51,"168,657,658,558,5,20.57,37.10,1011.74,12.54"
16:17:53,"168,657,658,557,5,20.58,37.10,1011.76,12.40"
16:17:56,"165,648,649,557,5,20.58,37.12,1011.76,12.37"
16:17:58,"165,645,645,557,5,20.58,37.12,1011.74,12.56"
16:18:00,"165,645,645,557,5,20.57,37.15,1011.76,12.42"
16:18:02,"165,643,645,556,5,20.56,37.17,1011.74,12.61"
16:18:05,"165,642,643,556,5,20.57,37.18,1011.75,12.48"
16:18:07,"165,642,643,556,5,20.57,37.17,1011.73,12.67"
16:18:09,"166,642,642,556,5,20.56,37.17,1011.76,12.38"
16:18:11,"68,643,645,556,5,20.56,37.14,1011.75,12.49"
16:18:13,"168,645,645,555,5,20.56,37.13,1011.76,12.45"
16:18:16,"168,645,645,555,5,20.57,37.13,1011.77,12.31"
16:18:18,"168,648,648,555,5,20.56,37.12,1011.73,12.64"
16:18:20,"169,651,651,555,5,20.57,37.10,1011.77,12.29"
16:18:22,"169,655,655,554,5,20.57,37.10,1011.73,12.66"
16:18:24,"171,673,673,554,5,20.57,37.12,1011.71,12.83"
16:18:27,"171,675,675,554,5,20.57,37.13,1011.73,12.65"
16:18:29,"171,676,676,554,5,20.57,37.14,1011.74,12.58"
16:18:31,"171,681,681,554,5,20.57,37.12,1011.75,12.46"
16:18:33,"166,669,669,554,5,20.57,37.11,1011.76,12.43"
16:18:36,"166,669,669,554,5,20.57,37.13,1011.78,12.22"
16:18:38,"165,670,670,554,5,20.57,37.11,1011.74,12.60"
16:18:40,"165,670,670,554,5,20.56,37.08,1011.76,12.45"
16:18:42,"166,684,684,554,5,20.56,37.08,1011.76,12.38"
16:18:44,"169,697,697,554,5,20.57,37.07,1011.77,12.31"
16:18:47,"171,705,705,554,5,20.56,37.10,1011.76,12.40"
16:18:49,"171,705,705,554,5,20.56,37.13,1011.74,12.57"
16:18:51,"172,708,708,554,5,20.56,37.15,1011.74,12.61"
16:18:53,"172,712,712,553,5,20.57,37.15,1011.77,12.34"
16:18:56,"168,709,709,553,5,20.57,37.14,1011.77,12.35"
16:18:58,"168,708,708,553,5,20.57,37.14,1011.75,12.47"
16:19:00,"168,705,705,554,5,20.57,37.13,1011.75,12.49"
16:19:02,"168,705,705,553,5,20.57,37.14,1011.72,12.73"
16:19:04,"168,706,706,553,5,20.57,37.14,1011.74,12.61"
16:19:07,"168,708,708,553,5,20.57,37.14,1011.76,12.40"
16:19:09,"168,708,708,554,5,20.58,37.14,1011.73,12.68"
16:19:11,"166,711,711,554,5,20.58,37.14,1011.77,12.33"
16:19:13,"166,711,711,554,5,20.58,37.13,1011.75,12.46"
16:19:15,"165,709,709,554,5,20.58,37.14,1011.73,12.63"
16:19:18,"165,709,709,554,5,20.57,37.14,1011.73,12.67"
16:19:20,"168,715,715,554,5,20.58,37.13,1011.70,12.90"
16:19:22,"168,712,712,553,5,20.58,37.12,1011.76,12.40"
16:19:24,"168,712,712,554,5,20.59,37.12,1011.79,12.14"
16:19:27,"165,694,694,553,5,20.59,37.12,1011.80,12.11"
16:19:29,"165,693,693,554,5,20.58,37.12,1011.75,12.47"
16:19:31,"163,691,691,553,5,20.59,37.12,1011.77,12.35"
16:19:32,PMS7003 checksum failed
16:19:33,"162,681,681,553,5,20.59,37.12,1011.72,12.73"
16:19:35,"2,679,679,554,5,20.58,37.13,1011.75,12.53"
16:19:38,"162,679,679,553,5,20.58,37.14,1011.76,12.45"
16:19:40,"162,679,679,553,5,20.58,37.14,1011.74,12.59"
16:19:42,"162,679,679,553,5,20.58,37.13,1011.76,12.44"
16:19:44,"163,681,681,553,5,20.57,37.14,1011.76,12.42"
16:19:47,"163,684,684,552,5,20.57,37.16,1011.76,12.38"
16:19:49,"163,681,681,552,5,20.58,37.16,1011.75,12.47"
16:19:51,"163,681,681,553,5,20.57,37.14,1011.75,12.51"
16:19:53,"160,658,658,553,5,20.58,37.13,1011.78,12.26"
16:19:55,"160,654,654,552,5,20.58,37.16,1011.76,12.43"
16:19:58,"160,648,648,552,5,20.57,37.15,1011.78,12.21"
16:20:00,"160,648,648,552,5,20.56,37.15,1011.72,12.72"
16:20:02,"157,624,624,552,5,20.58,37.16,1011.76,12.45"
16:20:04,"156,624,624,552,5,20.58,37.17,1011.78,12.28"
16:20:06,"156,622,622,552,5,20.58,37.14,1011.74,12.54"
16:20:08,PMS7003 checksum failed
16:20:09,"156,624,624,552,5,20.58,37.17,1011.79,12.20"
16:20:11,"157,625,625,552,5,20.58,37.17,1011.76,12.42"
16:20:13,"159,630,630,551,5,20.58,37.16,1011.75,12.49"
16:20:15,"159,630,630,552,5,20.58,37.14,1011.75,12.48"
16:20:18,"160,633,633,551,5,20.58,37.14,1011.73,12.66"
16:20:20,"162,634,636,552,5,20.58,37.14,1011.74,12.56"
16:20:22,"162,642,643,552,5,20.59,37.13,1011.79,12.13"
16:20:24,"162,642,643,552,5,20.59,37.16,1011.81,12.00"
16:20:26,"162,642,642,552,5,20.59,37.17,1011.76,12.45"
16:20:29,"162,642,642,552,5,20.59,37.14,1011.79,12.16"
16:20:31,"162,642,642,552,5,20.59,37.16,1011.80,12.11"
16:20:33,"160,642,642,552,5,20.59,37.16,1011.79,12.19"
16:20:35,"162,645,646,552,5,20.59,37.17,1011.79,12.15"
16:20:38,"162,645,646,552,5,20.58,37.17,1011.73,12.65"
16:20:40,"162,646,648,553,5,20.59,37.14,1011.77,12.30"
16:20:42,"162,645,645,553,5,20.59,37.14,1011.77,12.33"
16:20:44,"162,642,643,552,5,20.58,37.14,1011.77,12.30"
16:20:46,"163,645,646,553,5,20.58,37.14,1011.75,12.52"
16:20:49,"163,648,648,552,5,20.58,37.16,1011.75,12.50"
16:20:51,"165,649,651,552,5,20.57,37.17,1011.74,12.58"
16:20:53,"165,649,651,552,5,20.58,37.19,1011.77,12.33"
16:20:55,"162,628,628,553,5,20.58,37.18,1011.78,12.21"
16:20:57,"2,627,628,553,5,20.57,37.19,1011.76,12.44"
16:21:00,"162,627,628,552,5,20.58,37.19,1011.79,12.18"
16:21:02,"162,630,630,553,5,20.58,37.20,1011.77,12.32"
16:21:04,"162,630,631,553,5,20.58,37.19,1011.77,12.32"
16:21:06,"162,630,631,553,5,20.58,37.19,1011.77,12.34"
16:21:09,"159,639,639,553,5,20.57,37.19,1011.81,12.03"
16:21:11,"160,642,642,553,5,20.57,37.18,1011.81,11.97"
16:21:13,"160,643,643,553,5,20.57,37.18,1011.78,12.24"
16:21:15,"160,643,643,553,5,20.58,37.16,1011.79,12.14"
16:21:17,"160,645,645,553,5,20.58,37.14,1011.80,12.11"
16:21:20,"160,646,646,553,5,20.58,37.19,1011.79,12.20"
16:21:22,"159,640,640,553,5,20.58,37.14,1011.80,12.07"
16:21:24,"159,634,634,553,5,20.58,37.14,1011.81,12.04"
16:21:26,"159,636,636,553,5,20.58,37.12,1011.77,12.29"
16:21:28,"159,636,636,553,5,20.58,37.10,1011.78,12.25"
16:21:31,"159,636,636,553,5,20.58,37.06,1011.82,11.94"
16:21:33,"162,651,651,553,5,20.59,37.07,1011.80,12.12"
16:21:35,"162,654,654,553,5,20.59,37.10,1011.80,12.10"
16:21:37,"165,660,660,553,5,20.59,37.10,1011.79,12.18"
16:21:40,"165,660,660,554,5,20.58,37.12,1011.80,12.10"
16:21:42,"166,678,678,554,5,20.58,37.12,1011.80,12.05"
16:21:44,"165,676,676,554,5,20.58,37.11,1011.82,11.94"
16:21:46,"165,661,661,553,5,20.58,37.11,1011.83,11.85"
16:21:48,"165,661,661,553,5,20.58,37.14,1011.84,11.72"
16:21:51,"165,660,660,553,5,20.58,37.11,1011.82,11.89"
16:21:53,"165,661,661,554,5,20.58,37.12,1011.81,12.00"
16:21:55,"163,661,661,553,5,20.58,37.13,1011.79,12.15"
16:21:57,"163,660,660,554,5,20.58,37.14,1011.80,12.09"
16:21:59,"165,661,661,554,5,20.58,37.16,1011.79,12.14"
16:22:02,"165,661,661,554,5,20.58,37.11,1011.79,12.14"
16:22:04,"165,663,663,554,5,20.58,37.14,1011.80,12.05"
16:22:06,"165,664,664,553,5,20.58,37.13,1011.82,11.87"
16:22:08,"165,669,669,554,5,20.58,37.14,1011.78,12.23"
16:22:11,"165,681,681,554,5,20.59,37.12,1011.80,12.08"
16:22:13,"163,678,678,553,5,20.59,37.11,1011.80,12.11"
16:22:15,"163,678,678,553,5,20.59,37.11,1011.79,12.13"
16:22:17,"163,678,678,553,5,20.58,37.09,1011.81,12.04"
16:22:19,"168,694,694,553,5,20.59,37.07,1011.83,11.84"
16:22:22,"168,702,702,552,5,20.59,37.09,1011.80,12.10"
16:22:24,"168,702,702,552,5,20.59,37.11,1011.85,11.68"
16:22:26,"168,697,697,553,5,20.58,37.11,1011.82,11.94"
16:22:28,"168,696,696,552,5,20.58,37.11,1011.80,12.07"
16:22:30,"168,694,694,552,5,20.59,37.11,1011.81,11.96"
16:22:32,PMS7003 checksum failed
16:22:33,"169,694,694,552,5,20.58,37.11,1011.83,11.83"
16:22:35,"169,693,693,552,5,20.58,37.12,1011.83,11.83"
16:22:37,"169,693,693,553,5,20.59,37.11,1011.83,11.82"
16:22:39,"171,694,694,552,5,20.58,37.11,1011.83,11.85"
16:22:42,"171,694,694,552,5,20.58,37.10,1011.80,12.06"
16:22:44,"172,697,697,553,5,20.58,37.10,1011.78,12.22"
16:22:46,"171,697,697,553,5,20.58,37.10,1011.82,11.92"
16:22:48,"169,699,699,553,5,20.58,37.06,1011.82,11.93"
16:22:50,"166,685,685,553,5,20.57,37.08,1011.79,12.16"
16:22:53,"166,682,682,553,5,20.58,37.09,1011.83,11.87"
16:22:55,"166,678,678,553,5,20.57,37.08,1011.81,12.00"
16:22:57,"166,678,678,553,5,20.58,37.10,1011.83,11.85"
16:22:59,"166,667,667,553,5,20.58,37.11,1011.82,11.95"
16:23:02,"166,667,667,553,5,20.58,37.13,1011.81,11.99"
16:23:04,"166,667,667,552,5,20.57,37.12,1011.81,11.97"
16:23:06,"166,667,667,552,5,20.58,37.12,1011.88,11.42"
16:23:08,"168,667,667,552,5,20.58,37.13,1011.84,11.77"
16:23:10,"168,669,669,553,5,20.58,37.14,1011.82,11.88"
16:23:13,"168,669,669,553,5,20.58,37.14,1011.85,11.70"
16:23:15,"168,672,672,552,5,20.57,37.14,1011.83,11.84"
16:23:17,"168,667,667,553,5,20.57,37.13,1011.83,11.87"
16:23:19,"168,667,667,553,5,20.58,37.13,1011.81,11.99"
16:23:21,"165,648,648,553,5,20.58,37.11,1011.86,11.61"
16:23:24,"165,637,637,553,5,20.57,37.12,1011.81,11.95"
16:23:26,"165,637,637,553,5,20.57,37.13,1011.83,11.85"
16:23:28,"162,630,630,553,5,20.56,37.15,1011.79,12.14"
16:23:30,"162,630,630,553,5,20.57,37.14,1011.83,11.79"
16:23:33,"162,630,630,553,5,20.57,37.15,1011.82,11.88"
16:23:35,"163,639,639,553,5,20.57,37.14,1011.80,12.05"
16:23:37,"163,639,639,553,5,20.58,37.12,1011.82,11.90"
16:23:39,"165,642,642,553,5,20.58,37.10,1011.83,11.80"
16:23:41,"165,645,645,553,5,20.58,37.09,1011.82,11.95"
16:23:43,PMS7003 checksum failed
16:23:44,"165,646,646,553,5,20.58,37.10,1011.83,11.84"
16:23:46,"168,663,663,553,5,20.58,37.11,1011.84,11.71"
16:23:48,"168,663,663,553,5,20.59,37.12,1011.82,11.95"
16:23:50,"168,663,663,553,5,20.59,37.12,1011.85,11.66"
16:23:53,"168,663,663,553,5,20.58,37.13,1011.82,11.90"
16:23:55,"168,669,669,553,5,20.58,37.11,1011.84,11.71"
16:23:57,"168,669,669,554,5,20.57,37.12,1011.82,11.89"
16:23:59,"168,667,667,554,5,20.59,37.12,1011.84,11.72"
16:24:01,"168,667,667,554,5,20.58,37.14,1011.87,11.53"
16:24:04,"168,669,669,554,5,20.58,37.14,1011.85,11.62"
16:24:06,"168,670,670,554,5,20.57,37.12,1011.82,11.95"
16:24:08,"168,670,670,554,5,20.57,37.12,1011.83,11.80"
16:24:10,"165,669,669,554,5,20.58,37.12,1011.84,11.71"
16:24:12,"165,669,669,554,5,20.58,37.12,1011.81,11.96"
16:24:15,"165,669,669,554,5,20.58,37.13,1011.83,11.83"
16:24:17,"166,675,675,554,5,20.58,37.16,1011.82,11.95"
16:24:18,PMS7003 checksum failed
16:24:19,"169,670,672,554,5,20.58,37.16,1011.82,11.88"
16:24:21,"169,669,670,554,5,20.58,37.12,1011.86,11.56"
16:24:24,"169,669,670,554,5,20.57,37.11,1011.81,11.95"
16:24:26,"171,670,672,554,5,20.57,37.10,1011.85,11.70"
16:24:28,"168,669,669,554,5,20.57,37.10,1011.81,11.99"
16:24:30,"168,669,669,554,5,20.57,37.11,1011.83,11.84"
16:24:32,"168,669,670,554,5,20.57,37.12,1011.88,11.45"
16:24:35,"68,672,672,554,5,20.57,37.12,1011.83,11.83"
16:24:37,"168,672,672,554,5,20.57,37.11,1011.85,11.70"
16:24:39,"168,672,672,554,5,20.58,37.11,1011.85,11.69"
16:24:41,"168,670,670,554,5,20.58,37.11,1011.85,11.65"
16:24:44,"168,669,669,554,5,20.58,37.12,1011.84,11.78"
16:24:46,"168,669,669,554,5,20.58,37.12,1011.84,11.73"
16:24:48,"169,667,667,554,5,20.58,37.13,1011.82,11.94"
16:24:50,"171,675,675,554,5,20.59,37.11,1011.84,11.73"
16:24:51,PMS7003 checksum failed
16:24:52,"171,684,684,554,5,20.59,37.07,1011.85,11.64"
16:24:55,"174,681,681,554,5,20.59,37.05,1011.83,11.80"
16:24:57,"177,678,678,554,5,20.59,37.09,1011.84,11.78"
16:24:59,"177,678,678,554,5,20.59,37.11,1011.84,11.78"
16:25:01,"177,675,675,554,5,20.58,37.11,1011.82,11.87"
16:25:04,"175,672,672,554,5,20.57,37.08,1011.86,11.58"
16:25:06,"175,672,672,554,5,20.59,37.11,1011.87,11.48"
16:25:08,"174,666,666,553,5,20.59,37.11,1011.84,11.72"
16:25:10,"174,661,661,553,5,20.59,37.12,1011.85,11.63"
16:25:12,"174,661,661,553,5,20.58,37.13,1011.83,11.83"
16:25:15,"171,657,657,553,5,20.57,37.12,1011.82,11.94"
16:25:17,"171,658,658,552,5,20.58,37.12,1011.84,11.71"
16:25:19,"171,660,660,552,5,20.59,37.07,1011.86,11.55"
16:25:21,"171,660,660,552,5,20.59,37.13,1011.87,11.51"
16:25:23,"168,672,672,552,5,20.59,37.12,1011.88,11.40"
16:25:26,"168,670,670,552,5,20.59,37.13,1011.85,11.62"
16:25:28,"168,667,667,552,5,20.60,37.11,1011.89,11.35"
16:25:30,"169,673,673,552,5,20.59,37.11,1011.84,11.73"
16:25:32,"168,672,672,551,5,20.59,37.10,1011.83,11.86"
16:25:35,"168,670,670,551,5,20.59,37.10,1011.82,11.88"
16:25:37,"168,670,670,551,5,20.60,37.10,1011.85,11.69"
16:25:39,"165,666,666,551,5,20.60,37.09,1011.84,11.75"
16:25:41,"165,667,667,550,5,20.60,37.09,1011.84,11.77"
16:25:43,"165,669,669,551,5,20.59,37.10,1011.86,11.56"
16:25:46,"165,675,675,551,5,20.61,37.10,1011.87,11.49"
16:25:48,"165,675,675,550,5,20.61,37.10,1011.86,11.54"
16:25:50,"162,675,675,550,5,20.61,37.10,1011.85,11.63"
16:25:52,"162,678,678,550,5,20.60,37.09,1011.85,11.63"
16:25:55,"163,678,679,550,5,20.60,37.09,1011.80,12.08"
16:25:57,"163,681,681,550,5,20.61,37.08,1011.86,11.59"
16:25:59,"163,685,685,550,5,20.61,37.11,1011.86,11.57"
16:26:01,"168,696,696,550,5,20.60,37.12,1011.85,11.63"
16:26:03,"171,703,703,550,5,20.60,37.13,1011.83,11.86"
16:26:06,"171,703,703,550,5,20.60,37.13,1011.84,11.74"
16:26:08,"171,706,706,550,5,20.60,37.15,1011.84,11.72"
16:26:10,"174,709,709,550,5,20.60,37.13,1011.84,11.75"
16:26:12,"174,709,709,550,5,20.60,37.12,1011.84,11.72"
16:26:14,"171,691,691,550,5,20.60,37.13,1011.82,11.91"
16:26:17,"169,690,690,550,5,20.61,37.10,1011.86,11.60"
16:26:19,"9,690,690,550,5,20.61,37.10,1011.86,11.61"
16:26:21,"169,690,690,551,5,20.61,37.10,1011.86,11.56"
16:26:23,"169,690,690,551,5,20.60,37.10,1011.82,11.90"
16:26:26,"169,688,688,551,5,20.61,37.10,1011.85,11.70"
16:26:28,"165,682,682,550,5,20.61,37.11,1011.84,11.75"
16:26:30,"163,672,672,550,5,20.60,37.11,1011.83,11.86"
16:26:32,"163,672,672,550,5,20.60,37.12,1011.84,11.75"
16:26:34,"165,672,672,550,5,20.60,37.12,1011.83,11.87"
16:26:37,"165,672,672,551,5,20.61,37.12,1011.87,11.51"
16:26:39,"165,687,687,550,5,20.60,37.11,1011.86,11.61"
16:26:41,"165,691,691,550,5,20.61,37.12,1011.85,11.63"
16:26:43,"166,694,694,550,5,20.61,37.11,1011.85,11.67"
16:26:45,"166,699,699,550,5,20.61,37.11,1011.86,11.62"
16:26:48,"166,699,699,550,5,20.60,37.10,1011.85,11.68"
16:26:50,"166,702,702,550,5,20.61,37.05,1011.85,11.64"
16:26:52,"166,705,705,550,5,20.61,37.04,1011.86,11.61"
16:26:54,"166,705,705,550,5,20.61,37.04,1011.85,11.64"
16:26:57,"168,708,708,551,5,20.62,37.03,1011.87,11.51"
16:26:59,"168,711,711,550,5,20.61,37.02,1011.86,11.61"
16:27:01,"168,711,711,550,5,20.61,37.01,1011.87,11.53"
16:27:03,"171,747,747,551,5,20.60,37.01,1011.84,11.77"
16:27:05,"171,750,750,551,5,20.61,37.02,1011.88,11.44"
16:27:08,"171,750,750,551,5,20.60,37.05,1011.87,11.49"
16:27:10,"172,750,750,551,5,20.60,37.09,1011.86,11.59"
16:27:12,"172,747,747,551,5,20.60,37.09,1011.86,11.59"
16:27:14,"172,747,747,551,5,20.60,37.11,1011.84,11.77"
16:27:15,PMS7003 checksum failed
16:27:17,"174,735,735,550,5,20.60,37.11,1011.87,11.50"
16:27:19,"174,733,733,551,5,20.60,37.10,1011.87,11.46"
16:27:21,"174,732,732,551,5,20.60,37.08,1011.85,11.64"
16:27:23,"174,732,732,551,5,20.59,37.06,1011.85,11.66"
16:27:25,"175,727,727,550,5,20.60,37.08,1011.84,11.72"
16:27:28,"175,730,730,551,5,20.60,37.09,1011.85,11.66"
16:27:30,"174,726,726,551,5,20.60,37.08,1011.86,11.75"
16:27:32,"174,726,726,551,5,20.59,37.05,1011.85,11.66"
16:27:34,"174,721,721,551,5,20.61,37.03,1011.87,11.47"
16:27:36,"174,717,717,551,5,20.60,37.03,1011.86,11.58"
16:27:39,"174,717,717,551,5,20.60,37.01,1011.84,11.71"
16:27:41,"171,712,712,551,5,20.59,37.00,1011.83,11.85"
16:27:43,"171,711,711,551,5,20.60,36.98,1011.83,11.87"
16:27:45,"171,711,711,551,5,20.60,37.00,1011.86,11.55"
16:27:48,"171,706,706,551,5,20.61,37.00,1011.85,11.65"
16:27:50,"169,702,702,551,5,20.60,37.02,1011.84,11.78"
16:27:51,PMS7003 checksum failed
16:27:52,"165,714,714,550,5,20.61,37.03,1011.82,11.95"
16:27:54,"165,717,717,550,5,20.62,37.04,1011.86,11.59"
16:27:56,"165,717,717,550,5,20.61,37.07,1011.83,11.80"
16:27:59,"168,735,735,550,5,20.61,37.09,1011.84,11.70"
16:28:01,"168,735,735,550,5,20.61,37.09,1011.86,11.57"
16:28:03,"169,738,738,549,5,20.61,37.08,1011.86,11.59"
16:28:05,"171,741,741,549,5,20.61,37.06,1011.86,11.61"
16:28:08,"171,741,741,549,5,20.61,37.08,1011.84,11.70"
16:28:10,"171,745,745,549,5,20.61,37.08,1011.89,11.30"
16:28:12,"171,745,745,550,5,20.61,37.10,1011.83,11.84"
16:28:14,"171,745,745,550,5,20.61,37.09,1011.90,11.28"
16:28:16,"171,747,747,550,5,20.61,37.10,1011.87,11.51"
16:28:19,"171,748,748,549,5,20.61,37.12,1011.86,11.41"
16:28:21,"171,751,751,549,5,20.61,37.10,1011.86,11.59"
16:28:23,"171,748,748,549,5,20.60,37.08,1011.84,11.77"
16:28:25,"166,738,738,549,5,20.61,37.08,1011.85,11.67"
16:28:27,"166,738,738,549,5,20.61,37.07,1011.86,11.62"
16:28:30,"166,732,732,549,5,20.61,37.05,1011.86,11.58"
16:28:32,"168,735,735,549,5,20.60,37.03,1011.86,11.60"
16:28:34,"168,735,735,549,5,20.61,37.04,1011.83,11.81"
16:28:36,"171,739,739,549,5,20.60,37.04,1011.86,11.62"
16:28:39,"171,739,739,549,5,20.60,37.03,1011.84,11.74"
16:28:41,"172,741,741,549,5,20.61,37.03,1011.85,11.65"
16:28:43,"174,745,745,549,5,20.61,37.02,1011.84,11.73"
16:28:45,"175,756,756,549,5,20.62,37.01,1011.87,11.54"
16:28:47,"175,756,756,549,5,20.61,37.01,1011.87,11.54"
16:28:50,"172,744,744,549,5,20.60,37.03,1011.84,11.79"
16:28:52,"171,738,738,549,5,20.60,37.04,1011.87,11.50"
16:28:54,"171,735,735,548,5,20.61,37.04,1011.87,11.46"
16:28:56,"171,735,735,548,5,20.60,37.06,1011.85,11.69"
16:28:58,"166,732,732,548,5,20.61,37.05,1011.85,11.63"
16:29:01,"165,733,733,548,5,20.61,37.09,1011.88,11.61"
16:29:03,"165,735,735,548,5,20.61,37.08,1011.84,11.76"
16:29:04,PMS7003 checksum failed
16:29:05,"165,733,733,548,5,20.61,37.08,1011.85,11.64"
16:29:07,"168,732,732,548,5,20.61,37.08,1011.82,11.89"
16:29:10,"171,733,733,548,5,20.61,37.08,1011.85,11.68"
16:29:12,"171,733,733,548,5,20.61,37.08,1011.87,11.46"
16:29:14,"174,732,732,548,5,20.61,37.08,1011.88,11.40"
16:29:16,"174,732,732,548,5,20.61,37.08,1011.86,11.61"
16:29:18,"177,741,741,548,5,20.61,37.07,1011.89,11.34"
16:29:21,"177,741,741,548,5,20.61,37.09,1011.84,11.70"
16:29:23,"180,745,745,548,5,20.61,37.10,1011.89,11.33"
16:29:25,"744,744,548,5,20.62,37.09,1011.89,11.30"
16:29:27,"180,744,744,548,5,20.61,37.10,1011.89,11.34"
16:29:30,"177,736,736,547,5,20.61,37.10,1011.88,11.41"
16:29:32,"175,729,729,547,5,20.61,37.10,1011.90,11.26"
16:29:34,"175,729,729,547,5,20.61,37.11,1011.89,11.30"
16:29:36,"175,729,729,547,5,20.60,37.04,1011.89,11.43"
16:29:38,"174,732,732,547,5,20.60,37.04,1011.87,11.51"
16:29:41,"175,747,747,547,5,20.61,37.03,1011.88,11.45"
16:29:43,"175,753,753,547,5,20.61,37.03,1011.88,11.38"
16:29:45,"175,754,754,547,5,20.61,37.04,1011.92,11.06"
16:29:47,"175,756,756,547,5,20.61,37.02,1011.88,11.41"
16:29:49,"175,756,756,548,5,20.61,37.03,1011.88,11.44"
16:29:52,"174,756,756,547,5,20.61,37.02,1011.88,11.40"
16:29:54,"174,747,747,547,5,20.61,37.02,1011.90,11.28"
16:29:56,"174,747,747,547,5,20.61,37.03,1011.88,11.43"
16:29:58,"174,748,748,547,5,20.60,37.03,1011.91,11.13"
16:30:01,"172,750,750,547,5,20.60,37.04,1011.92,11.10"
16:30:03,"172,750,750,547,5,20.60,37.05,1011.87,11.48"
16:30:05,"169,754,754,547,5,20.60,37.04,1011.87,11.46"
16:30:07,"169,751,751,548,5,20.60,37.04,1011.88,11.42"
16:30:09,"168,750,750,548,5,20.60,37.04,1011.88,11.45"
16:30:12,"168,750,750,548,5,20.60,37.03,1011.87,11.47"
16:30:14,"168,747,747,548,5,20.60,37.06,1011.86,11.61"
16:30:16,"168,747,747,548,5,20.60,37.04,1011.85,11.65"
16:30:18,"166,753,753,548,5,20.60,37.03,1011.88,11.38"
16:30:20,"171,757,757,548,5,20.60,37.02,1011.87,11.53"
16:30:23,"171,759,759,549,5,20.60,37.02,1011.89,11.35"
16:30:25,"174,763,763,549,5,20.60,37.04,1011.86,11.62"
16:30:27,"175,768,768,550,5,20.60,37.04,1011.85,11.66"
16:30:29,"178,784,784,550,5,20.60,37.03,1011.87,11.49"
16:30:32,"177,780,780,550,5,20.60,37.04,1011.88,11.41"
16:30:34,"175,774,774,550,5,20.61,37.04,1011.88,11.41"
16:30:36,"175,774,774,551,5,20.61,37.04,1011.88,11.37"
16:30:38,"171,769,769,551,5,20.60,37.06,1011.89,11.32"
16:30:40,"169,771,771,552,5,20.59,37.07,1011.86,11.57"
16:30:43,"168,768,768,552,5,20.60,37.06,1011.88,11.42"
16:30:45,"68,768,768,552,5,20.60,37.09,1011.88,11.40"
16:30:47,"168,765,765,552,5,20.60,37.10,1011.90,11.27"
16:30:49,"168,765,765,552,5,20.60,37.09,1011.87,11.52"
16:30:52,"171,769,769,552,5,20.60,37.11,1011.87,11.48"
16:30:54,"169,766,766,552,5,20.61,37.09,1011.88,11.39"
16:30:56,"168,763,763,552,5,20.60,37.09,1011.87,11.48"
16:30:58,"168,763,763,552,5,20.60,37.08,1011.87,11.49"
16:31:00,"168,762,762,552,5,20.60,37.09,1011.88,11.42"
16:31:03,"168,759,759,552,5,20.60,37.06,1011.90,11.24"
16:31:05,"168,759,759,552,5,20.61,37.06,1011.89,11.32"
16:31:07,"165,759,759,552,5,20.61,37.06,1011.87,11.51"
16:31:09,"165,762,762,553,5,20.61,37.05,1011.89,11.34"
16:31:11,"166,765,765,552,5,20.61,37.05,1011.86,11.61"
16:31:13,PMS7003 checksum failed
16:31:14,"160,756,756,553,5,20.61,37.04,1011.90,11.27"
16:31:16,"160,756,756,553,5,20.60,37.04,1011.89,11.32"
16:31:18,"160,756,756,553,5,20.61,37.03,1011.86,11.56"
16:31:20,"163,777,777,553,5,20.61,37.02,1011.90,11.24"
16:31:23,"165,780,780,552,5,20.61,37.00,1011.87,11.51"
16:31:25,"165,784,784,552,5,20.62,37.00,1011.89,11.33"
16:31:26,PMS7003 checksum failed
16:31:27,"169,807,807,552,5,20.61,37.00,1011.91,11.18"
16:31:29,"171,813,813,552,5,20.62,37.01,1011.91,11.19"
16:31:31,"174,822,822,552,5,20.61,37.01,1011.86,11.56"
16:31:34,"174,822,822,552,5,20.61,37.01,1011.87,11.49"
16:31:36,"174,807,807,552,5,20.62,37.02,1011.89,11.36"
16:31:38,"169,777,777,552,5,20.61,37.02,1011.87,11.48"
16:31:40,"169,777,777,552,5,20.61,37.04,1011.85,11.67"
16:31:43,"169,774,774,552,5,20.62,37.08,1011.88,11.40"
16:31:45,"168,772,772,552,5,20.62,37.09,1011.86,11.56"
16:31:47,"168,772,772,552,5,20.61,37.07,1011.87,11.52"
16:31:49,"168,780,780,552,5,20.61,37.07,1011.87,11.49"
16:31:51,"168,780,780,551,5,20.61,37.07,1011.87,11.46"
16:31:54,"168,775,775,551,5,20.61,37.08,1011.90,11.22"
16:31:56,"168,775,775,551,5,20.60,37.08,1011.89,11.34"
16:31:58,"168,771,771,551,5,20.60,37.06,1011.87,11.49"
16:32:00,"168,771,771,550,5,20.61,37.05,1011.87,11.46"
16:32:01,PMS7003 checksum failed
16:32:03,"165,772,772,551,5,20.61,37.07,1011.87,11.46"
16:32:05,"165,769,769,550,5,20.60,37.05,1011.84,11.72"
16:32:07,"163,768,768,550,5,20.59,37.05,1011.87,11.47"
16:32:09,"163,768,768,549,5,20.60,37.06,1011.87,11.47"
16:32:11,"165,768,768,549,5,20.59,37.09,1011.89,11.33"
16:32:14,"166,771,771,549,5,20.60,37.09,1011.87,11.47"
16:32:16,"166,771,771,549,5,20.59,37.05,1011.87,11.47"
16:32:18,"166,771,771,548,5,20.59,37.06,1011.87,11.46"
16:32:20,"168,774,774,549,5,20.60,37.08,1011.88,11.44"
16:32:22,"168,775,775,548,5,20.60,37.08,1011.88,11.44"
16:32:25,"168,775,775,548,5,20.60,37.06,1011.86,11.56"
16:32:27,"174,792,792,548,5,20.60,37.06,1011.88,11.39"
16:32:29,"174,789,789,548,5,20.59,37.05,1011.87,11.46"
16:32:31,"174,789,789,548,5,20.60,37.06,1011.88,11.41"
16:32:34,"169,778,778,548,5,20.61,37.08,1011.86,11.54"
16:32:36,"168,759,759,548,5,20.60,37.08,1011.89,11.37"
16:32:37,PMS7003 checksum failed
16:32:38,"168,757,757,548,5,20.61,37.09,1011.88,11.41"
16:32:40,"169,759,759,548,5,20.61,37.09,1011.88,11.41"
16:32:42,"169,759,759,548,5,20.61,37.09,1011.87,11.54"
16:32:45,"174,777,777,548,5,20.61,37.09,1011.85,11.65"
16:32:47,"174,777,777,548,5,20.61,37.08,1011.89,11.30"
16:32:49,"175,781,781,548,5,20.61,37.07,1011.89,11.31"
16:32:51,"177,786,786,547,5,20.61,37.01,1011.88,11.43"
16:32:54,"177,786,786,548,5,20.61,37.04,1011.89,11.34"
16:32:56,"178,793,793,548,5,20.61,37.04,1011.88,11.44"
16:32:58,"177,793,793,548,5,20.61,37.04,1011.91,11.20"
16:33:00,"177,793,793,548,5,20.61,37.04,1011.88,11.44"
16:33:02,"177,798,798,548,5,20.60,37.04,1011.87,11.51"
16:33:05,"177,798,798,548,5,20.61,37.01,1011.89,11.40"
16:33:07,"178,801,801,548,5,20.60,37.05,1011.88,11.45"
16:33:09,"180,805,805,548,5,20.61,37.04,1011.85,11.65"
16:33:11,"177,801,801,547,5,20.62,37.07,1011.90,11.22"
16:33:12,PMS7003 checksum failed
16:33:14,"177,808,808,548,5,20.61,37.04,1011.87,11.46"
16:33:16,"178,814,814,548,5,20.62,37.02,1011.92,11.12"
16:33:18,"178,814,814,549,5,20.61,37.01,1011.85,11.63"
16:33:20,"178,825,825,549,5,20.61,36.98,1011.88,11.38"
16:33:22,"178,825,825,549,5,20.62,36.97,1011.91,11.13"
16:33:25,"178,826,826,549,5,20.62,36.96,1011.93,11.01"
16:33:27,"180,831,831,549,5,20.62,36.96,1011.90,11.25"
16:33:29,"180,831,831,550,5,20.62,36.96,1011.90,11.23"
16:33:31,"180,834,834,550,5,20.61,36.97,1011.87,11.54"
16:33:33,"180,838,838,551,5,20.61,36.97,1011.90,11.21"
16:33:36,"180,838,838,551,5,20.61,36.96,1011.90,11.21"
16:33:38,"174,831,831,551,5,20.61,36.96,1011.90,11.23"
16:33:40,"174,831,831,552,5,20.61,36.97,1011.90,11.22"
16:33:42,"174,831,831,552,5,20.61,36.97,1011.88,11.39"
16:33:45,"172,837,837,552,5,20.62,36.98,1011.91,11.20"
16:33:47,"172,852,852,552,5,20.61,36.97,1011.93,10.98"
16:33:48,PMS7003 checksum failed
16:33:49,"172,816,816,552,5,20.62,36.97,1011.93,10.98"
16:33:51,"172,811,813,552,5,20.61,37.00,1011.93,11.00"
16:33:53,"172,811,813,553,5,20.61,37.01,1011.91,11.13"
16:33:56,"174,801,801,553,5,20.61,37.02,1011.89,11.34"
16:33:58,"174,801,801,553,5,20.61,37.03,1011.91,11.15"
16:34:00,"174,795,795,552,5,20.61,37.04,1011.91,11.17"
16:34:02,"172,789,790,552,5,20.61,37.04,1011.89,11.31"
16:34:05,"172,789,790,552,5,20.61,37.03,1011.92,11.11"
16:34:07,"171,786,786,552,5,20.61,37.03,1011.90,11.22"
16:34:09,"171,784,786,552,5,20.62,37.03,1011.93,11.03"
16:34:11,"171,784,786,552,5,20.62,37.03,1011.91,11.20"
16:34:13,"168,801,801,552,5,20.61,37.02,1011.94,10.94"
16:34:16,"168,805,807,552,5,20.61,37.04,1011.94,10.93"
16:34:18,"168,805,807,552,5,20.61,37.03,1011.89,11.35"
16:34:20,"171,823,825,552,5,20.61,37.03,1011.94,10.87"
16:34:22,"174,843,843,552,5,20.61,37.04,1011.91,11.14"
16:34:23,PMS7003 checksum failed
16:34:25,"171,846,846,552,5,20.61,37.03,1011.91,11.14"
16:34:27,"171,841,841,552,5,20.61,37.04,1011.92,11.08"
16:34:29,"171,840,840,552,5,20.62,37.04,1011.90,11.28"
16:34:31,"171,838,838,552,5,20.62,37.04,1011.91,11.17"
16:34:33,"171,838,838,552,5,20.61,37.05,1011.91,11.19"
16:34:36,"171,837,837,552,5,20.62,37.04,1011.89,11.32"
16:34:38,"171,840,840,552,5,20.62,37.03,1011.89,11.33"
16:34:40,"171,840,840,552,5,20.62,37.03,1011.88,11.40"
16:34:42,"171,840,840,552,5,20.62,37.03,1011.91,11.19"
16:34:44,"169,840,840,551,5,20.62,37.04,1011.89,11.32"
16:34:47,"169,840,840,551,5,20.62,37.04,1011.90,11.23"
16:34:49,"172,846,846,552,5,20.62,37.03,1011.91,11.16"
16:34:51,"174,849,849,551,5,20.62,37.02,1011.91,11.14"
16:34:53,"174,849,849,551,5,20.62,37.02,1011.89,11.35"
16:34:56,"177,850,850,551,5,20.62,37.02,1011.92,11.08"
16:34:58,"177,834,834,551,5,20.62,37.03,1011.90,11.23"
16:35:00,"177,834,834,550,5,20.62,37.04,1011.91,11.19"
16:35:02,"175,829,829,551,5,20.62,37.05,1011.90,11.27"
16:35:04,"174,825,825,551,5,20.62,37.05,1011.89,11.36"
16:35:07,"174,825,825,551,5,20.62,37.02,1011.92,11.11"
16:35:09,"169,813,813,551,5,20.61,37.01,1011.88,11.44"
16:35:11,"169,813,813,551,5,20.61,37.01,1011.91,11.18"
16:35:13,"169,813,813,551,5,20.62,37.01,1011.89,11.30"
16:35:15,"169,813,813,551,5,20.61,37.02,1011.90,11.22"
16:35:18,"168,822,822,551,5,20.61,37.02,1011.89,11.31"
16:35:20,"168,822,822,551,5,20.62,37.02,1011.93,11.01"
16:35:22,"169,832,832,551,5,20.62,37.02,1011.91,11.16"
16:35:24,"171,834,834,551,5,20.61,37.00,1011.91,11.15"
16:35:27,"171,834,834,552,5,20.61,37.02,1011.90,11.23"
16:35:29,"171,834,834,552,5,20.61,37.02,1011.88,11.44"
16:35:31,"178,862,862,552,5,20.61,37.00,1011.88,11.36"
16:35:33,"180,867,867,552,5,20.60,37.01,1011.91,11.13"
16:35:35,"180,865,865,552,5,20.61,37.03,1011.90,11.22"
16:35:36,PMS7003 checksum failed
16:35:38,"178,864,864,552,5,20.61,37.03,1011.90,11.28"
16:35:40,"177,862,862,552,5,20.61,37.04,1011.90,11.21"
16:35:42,"174,852,852,552,5,20.60,37.03,1011.88,11.45"
16:35:44,"174,852,852,552,5,20.61,37.02,1011.88,11.37"
16:35:47,"174,850,850,552,5,20.61,37.01,1011.90,11.25"
16:35:49,"174,849,849,552,5,20.61,37.02,1011.90,11.25"
16:35:51,"174,846,846,552,5,20.62,37.02,1011.92,11.07"
16:35:53,"174,846,846,553,5,20.61,37.01,1011.90,11.28"
16:35:55,"174,847,847,553,5,20.61,37.02,1011.93,11.00"
16:35:58,"174,849,849,553,5,20.62,37.03,1011.91,11.14"
16:36:00,"174,849,849,553,5,20.62,37.00,1011.90,11.25"
16:36:02,"171,835,835,552,5,20.62,37.00,1011.92,11.12"
16:36:04,"171,810,810,552,5,20.62,37.03,1011.92,11.08"
16:36:06,"171,810,810,553,5,20.62,37.02,1011.90,11.44"
16:36:09,"171,808,808,553,5,20.63,37.01,1011.88,11.41"
16:36:11,"171,808,808,553,5,20.62,37.00,1011.91,11.18"
16:36:13,"168,799,799,553,5,20.62,37.01,1011.92,11.12"
16:36:15,"168,798,798,553,5,20.62,37.01,1011.89,11.34"
16:36:18,"168,798,798,552,5,20.63,37.01,1011.90,11.24"
16:36:20,"168,799,799,552,5,20.62,37.01,1011.88,11.41"
16:36:22,"168,802,802,552,5,20.63,37.01,1011.91,11.16"
16:36:24,"168,814,814,552,5,20.63,37.00,1011.92,11.09"
16:36:26,"169,823,823,552,5,20.62,37.00,1011.89,11.31"
16:36:29,"9,823,823,552,5,20.63,37.00,1011.92,11.09"
16:36:31,"171,826,826,552,5,20.64,37.00,1011.91,11.14"
16:36:33,"171,831,831,552,5,20.62,37.01,1011.89,11.33"
16:36:35,"171,831,831,552,5,20.63,37.00,1011.88,11.39"
16:36:37,"174,849,849,551,5,20.63,37.02,1011.89,11.34"
16:36:40,"175,846,846,551,5,20.63,37.02,1011.88,11.38"
16:36:42,"175,844,844,551,5,20.63,36.99,1011.91,11.15"
16:36:44,"175,844,844,550,5,20.62,36.97,1011.89,11.33"
16:36:46,"177,846,846,551,5,20.63,37.00,1011.92,11.10"
16:36:49,"177,847,847,551,5,20.62,37.00,1011.90,11.27"
16:36:51,"177,835,835,551,5,20.62,36.99,1011.89,11.32"
16:36:53,"172,825,825,551,5,20.62,36.96,1011.91,11.16"
16:36:55,"172,825,825,551,5,20.61,36.97,1011.90,11.27"
16:36:57,"172,822,822,551,5,20.61,37.01,1011.93,11.03"
16:37:00,"172,822,822,551,5,20.61,37.01,1011.92,11.06"
16:37:02,"174,811,811,551,5,20.61,37.02,1011.91,11.15"
16:37:04,"174,808,808,551,5,20.61,37.06,1011.90,11.25"
16:37:06,"174,807,807,551,5,20.60,37.09,1011.88,11.42"
16:37:08,"174,807,807,551,5,20.61,37.11,1011.90,11.25"
16:37:11,"178,798,798,551,5,20.60,37.16,1011.92,11.10"
16:37:13,"180,787,787,551,5,20.58,37.14,1011.89,11.29"
16:37:15,"174,762,762,551,5,20.60,37.16,1011.93,11.00"
16:37:17,"174,762,762,551,5,20.60,37.12,1011.92,11.09"
16:37:20,"174,759,759,550,5,20.59,37.11,1011.88,11.43"
16:37:22,"172,757,757,550,5,20.59,37.10,1011.89,11.37"
16:37:24,"169,760,760,551,5,20.59,37.11,1011.89,11.36"
16:37:26,"168,762,762,551,5,20.60,37.14,1011.89,11.31"
16:37:28,"168,763,763,551,5,20.60,37.16,1011.92,11.12"
16:37:31,"168,763,763,551,5,20.60,37.14,1011.90,11.25"
16:37:33,"168,763,763,551,5,20.60,37.14,1011.89,11.33"
16:37:35,"168,762,762,551,5,20.60,37.13,1011.88,11.37"
16:37:37,"168,762,762,551,5,20.61,37.13,1011.90,11.21"
16:37:40,"177,781,783,551,5,20.61,37.12,1011.92,11.04"
16:37:42,"177,787,789,551,5,20.61,37.12,1011.91,11.18"
16:37:44,"177,786,786,551,5,20.61,37.11,1011.89,11.33"
16:37:45,PMS7003 checksum failed
16:37:46,"174,778,780,551,5,20.61,37.08,1011.89,11.34"
16:37:48,"174,780,780,551,5,20.61,37.00,1011.89,11.32"
16:37:51,"174,780,780,551,5,20.61,36.96,1011.90,11.26"
16:37:53,"175,783,783,551,5,20.62,36.96,1011.91,11.13"
16:37:55,"174,781,781,551,5,20.62,36.97,1011.90,11.21"
16:37:57,"174,780,780,551,5,20.62,36.99,1011.90,11.27"
16:37:58,PMS7003 checksum failed
16:38:00,"174,775,775,551,5,20.62,37.00,1011.93,11.03"
16:38:02,"174,777,777,552,5,20.61,36.98,1011.91,11.18"
16:38:04,"174,777,777,552,5,20.62,36.98,1011.91,11.18"
16:38:06,"174,777,777,552,5,20.61,37.03,1011.90,11.23"
16:38:08,"174,771,771,552,5,20.61,37.03,1011.90,11.23"
16:38:11,"171,751,751,552,5,20.61,36.98,1011.92,11.11"
16:38:13,"171,751,751,552,5,20.61,37.02,1011.92,11.08"
16:38:15,"171,750,750,552,5,20.61,37.04,1011.91,11.19"
16:38:17,"171,748,748,552,5,20.62,37.08,1011.92,11.11"
16:38:19,"171,748,748,552,5,20.61,37.09,1011.91,11.19"
16:38:22,"168,730,730,552,5,20.61,37.10,1011.92,11.06"
16:38:24,"168,729,729,552,5,20.61,37.10,1011.93,11.00"
16:38:26,"168,729,729,552,5,20.61,37.08,1011.93,10.96"
16:38:28,"166,726,726,552,5,20.61,37.08,1011.92,11.09"
16:38:31,"166,726,726,552,5,20.60,37.09,1011.90,11.22"
16:38:33,"166,727,727,551,5,20.60,37.10,1011.90,11.24"
16:38:34,PMS7003 checksum failed
16:38:35,"162,715,715,551,5,20.61,37.06,1011.94,10.95"
16:38:37,"160,708,708,551,5,20.61,37.09,1011.92,11.07"
16:38:39,"160,705,705,551,5,20.60,37.06,1011.93,11.01"
16:38:42,"160,705,705,551,5,20.60,37.05,1011.92,11.11"
16:38:44,"165,708,708,551,5,20.61,37.05,1011.93,10.98"
16:38:46,"165,708,708,550,5,20.61,37.05,1011.92,11.10"
16:38:48,"165,708,708,550,5,20.61,37.05,1011.96,10.76"
16:38:51,"165,708,708,550,5,20.61,37.04,1011.92,11.08"
16:38:53,"165,708,708,550,5,20.62,37.02,1011.92,11.05"
16:38:55,"165,708,708,550,5,20.62,37.03,1011.93,10.96"
16:38:57,"165,708,708,549,5,20.61,37.02,1011.93,10.99"
16:38:59,"166,714,714,550,5,20.62,37.03,1011.90,11.21"
16:39:02,"166,714,714,550,5,20.61,37.02,1011.89,11.33"
16:39:04,"166,714,714,550,5,20.62,37.01,1011.92,11.08"
16:39:06,"168,729,729,549,5,20.63,37.03,1011.92,11.09"
16:39:08,"171,750,750,549,5,20.63,37.03,1011.94,10.93"
16:39:09,PMS7003 checksum failed
16:39:11,"171,760,760,549,5,20.63,37.00,1011.90,11.24"
16:39:13,"169,756,756,549,5,20.63,37.03,1011.92,11.10"
16:39:15,"169,753,753,549,5,20.63,37.01,1011.91,11.16"
16:39:17,"168,750,750,549,5,20.64,37.01,1011.91,11.18"
16:39:19,"168,750,750,549,5,20.63,37.00,1011.91,11.19"
16:39:22,"168,751,751,549,5,20.63,36.99,1011.92,11.08"
16:39:24,"168,754,754,549,5,20.63,36.96,1011.89,11.07"
16:39:26,"168,754,754,549,5,20.62,37.00,1011.89,11.30"
16:39:28,"168,756,756,549,5,20.62,37.01,1011.90,11.24"
16:39:30,"168,756,756,549,5,20.62,37.01,1011.89,11.30"
16:39:33,"168,756,756,549,5,20.62,37.01,1011.90,11.23"
16:39:35,"171,763,763,549,5,20.61,37.03,1011.90,11.24"
16:39:37,"171,766,766,549,5,20.62,37.01,1011.95,10.86"
16:39:39,"171,766,766,549,5,20.62,37.01,1011.91,11.13"
16:39:42,"174,771,771,548,5,20.61,37.01,1011.93,11.03"
16:39:44,"174,760,760,548,5,20.62,37.01,1011.91,11.16"
16:39:45,PMS7003 checksum failed
16:39:46,"172,765,765,549,5,20.62,37.01,1011.93,11.03"
16:39:48,"171,762,762,549,5,20.62,37.02,1011.94,10.95"
16:39:50,"171,762,762,549,5,20.61,37.01,1011.95,10.80"
16:39:53,"168,759,759,549,5,20.61,37.00,1011.90,11.26"
16:39:55,"168,759,759,549,5,20.60,37.02,1011.88,11.44"
16:39:57,"169,760,760,550,5,20.61,37.03,1011.92,11.06"
16:39:59,"169,759,759,550,5,20.61,37.03,1011.90,11.22"
16:40:02,"169,759,759,550,5,20.61,37.04,1011.92,11.07"
16:40:04,"169,760,760,550,5,20.61,37.03,1011.92,11.09"
16:40:06,"169,762,762,550,5,20.60,37.02,1011.91,11.15"
16:40:08,"169,762,762,550,5,20.61,37.03,1011.91,11.13"
16:40:10,"171,786,786,550,5,20.60,37.02,1011.93,10.96"
16:40:13,"172,789,789,550,5,20.60,37.04,1011.93,10.92"
16:40:15,"172,789,789,551,5,20.61,37.03,1011.92,11.09"
16:40:17,"180,813,813,551,5,20.61,37.01,1011.91,11.14"
16:40:19,"177,798,798,550,5,20.61,37.01,1011.91,11.14"
16:40:20,PMS7003 checksum failed
16:40:22,"169,771,771,551,5,20.61,37.01,1011.92,11.10"
16:40:24,"168,771,771,550,5,20.61,37.02,1011.91,11.15"
16:40:26,"168,771,771,550,5,20.62,37.02,1011.93,10.99"
16:40:28,"168,774,774,551,5,20.62,37.02,1011.93,11.01"
16:40:30,"168,774,774,551,5,20.62,37.02,1011.92,11.08"
16:40:33,"169,771,771,551,5,20.61,37.02,1011.93,10.97"
16:40:35,"169,771,771,551,5,20.62,37.03,1011.92,11.11"
16:40:37,"169,771,771,551,5,20.62,37.01,1011.92,11.04"
16:40:39,"171,768,768,550,5,20.61,37.03,1011.91,11.17"
16:40:41,"171,763,763,550,5,20.61,37.02,1011.89,11.32"
16:40:44,"171,763,763,550,5,20.61,37.02,1011.90,11.22"
16:40:46,"171,756,756,551,5,20.62,37.01,1011.92,11.08"
16:40:48,"169,756,756,551,5,20.62,37.01,1011.92,11.06"
16:40:50,"169,756,756,551,5,20.61,37.00,1011.93,10.98"
16:40:53,"166,741,741,550,5,20.61,37.00,1011.94,10.94"
16:40:55,"166,738,738,550,5,20.62,37.02,1011.97,10.68"
16:40:56,PMS7003 checksum failed
16:40:57,"165,735,735,550,5,20.62,37.00,1011.94,10.92"
16:40:59,"165,735,735,550,5,20.62,37.01,1011.94,10.94"
16:41:01,"165,735,735,550,5,20.62,37.02,1011.93,10.96"
16:41:04,"169,747,747,550,5,20.62,37.01,1011.93,10.98"
16:41:06,"169,747,747,550,5,20.62,37.01,1011.92,11.05"
16:41:08,"171,750,750,550,5,20.62,37.01,1011.94,10.91"
16:41:10,"171,754,754,550,5,20.62,36.99,1011.94,10.94"
16:41:13,"171,754,754,550,5,20.62,36.99,1011.96,10.75"
16:41:15,"172,759,759,550,5,20.62,36.99,1011.94,10.90"
16:41:17,"174,763,763,550,5,20.62,37.00,1011.93,11.03"
16:41:19,"174,763,763,550,5,20.62,36.99,1011.95,10.84"
16:41:21,"183,778,778,551,5,20.62,36.99,1011.95,10.83"
16:41:24,"183,774,774,551,5,20.62,37.00,1011.93,10.99"
16:41:26,"183,774,774,550,5,20.62,36.97,1011.92,11.06"
16:41:28,"175,744,744,550,5,20.62,36.97,1011.92,11.11"
16:41:30,"171,739,739,550,5,20.63,36.96,1011.92,11.05"
16:41:31,PMS7003 checksum failed
16:41:33,"171,763,763,550,5,20.63,36.95,1011.92,11.05"
16:41:35,"171,766,766,550,5,20.63,36.96,1011.92,11.10"
16:41:37,"171,766,766,550,5,20.63,36.99,1011.93,11.02"
16:41:39,"177,775,775,550,5,20.62,36.96,1011.92,11.05"
16:41:41,"177,775,775,550,5,20.62,36.97,1011.93,10.96"
16:41:44,"177,778,778,550,5,20.63,36.95,1011.94,10.94"
16:41:46,"178,781,781,550,5,20.63,36.94,1011.91,11.17"
16:41:48,"178,781,781,550,5,20.63,36.96,1011.95,10.82"
16:41:50,"180,786,786,550,5,20.63,36.97,1011.93,11.00"
16:41:52,"180,781,783,550,5,20.62,36.96,1011.94,10.92"
16:41:55,"180,781,783,550,5,20.62,36.96,1011.94,10.88"
16:41:57,"174,772,772,550,5,20.63,36.99,1011.95,10.83"
16:41:59,"174,772,774,550,5,20.62,37.02,1011.96,10.70"
16:42:01,"174,774,775,550,5,20.62,37.01,1011.96,10.75"
16:42:04,"172,774,774,550,5,20.62,36.99,1011.93,11.02"
16:42:06,"171,769,769,551,5,20.63,36.96,1011.94,10.90"
16:42:08,"171,769,769,551,5,20.63,36.95,1011.96,10.72"
16:42:10,"171,769,769,551,5,20.62,36.97,1011.94,10.89"
16:42:12,"171,772,772,551,5,20.63,36.97,1011.94,10.93"
16:42:15,"171,772,772,551,5,20.63,36.99,1011.94,10.93"
16:42:17,"172,768,768,551,5,20.63,37.00,1011.93,10.95"
16:42:19,"172,768,768,551,5,20.63,37.02,1011.94,10.89"
16:42:21,"172,769,769,551,5,20.63,37.01,1011.95,10.80"
16:42:23,"174,772,772,551,5,20.63,37.02,1011.98,10.62"
16:42:26,"177,780,780,551,5,20.63,37.03,1011.94,10.67"
16:42:28,"177,780,780,551,5,20.62,37.02,1011.93,11.03"
16:42:30,"172,771,771,551,5,20.62,37.02,1011.94,10.91"
16:42:32,"171,765,765,551,5,20.62,37.05,1011.95,10.82"
16:42:35,"171,759,759,551,5,20.62,37.04,1011.96,10.75"
16:42:37,"171,759,759,551,5,20.62,37.04,1011.96,10.75"
16:42:39,"168,729,729,551,5,20.62,37.07,1011.98,10.58"
16:42:41,"168,727,727,551,5,20.60,37.06,1011.93,10.96"
16:42:43,"166,726,726,551,5,20.62,37.09,1011.97,10.68"
16:42:44,PMS7003 checksum failed
16:42:46,"168,729,729,551,5,20.62,37.08,1011.98,10.58"
16:42:48,"169,741,741,551,5,20.62,37.08,1011.97,10.65"
16:42:50,"172,754,754,551,5,20.61,37.05,1011.95,10.80"
16:42:52,"172,754,754,552,5,20.62,37.08,1011.93,10.97"
16:42:55,"171,750,750,552,5,20.62,37.05,1011.97,10.69"
16:42:57,"171,747,747,554,5,20.62,37.03,1011.97,10.63"
16:42:59,"171,742,742,554,5,20.62,37.03,1011.96,10.75"
16:43:01,"71,742,742,554,5,20.61,37.01,1011.97,10.77"
16:43:03,"172,742,742,554,5,20.61,37.03,1011.97,10.63"
16:43:06,"171,738,738,554,5,20.61,37.01,1011.97,10.70"
16:43:08,"171,738,738,554,5,20.62,37.02,1011.99,10.49"
16:43:10,"168,726,726,555,5,20.61,37.04,1011.99,10.46"
16:43:12,"168,724,724,556,5,20.61,37.05,1011.95,10.85"
16:43:14,"168,724,724,557,5,20.62,37.07,1012.00,10.37"
16:43:17,"168,726,726,558,5,20.61,37.05,1011.96,10.77"
16:43:19,"168,729,729,558,5,20.61,37.05,1011.98,10.60"
16:43:21,"171,741,741,558,5,20.61,37.05,1011.98,10.60"
16:43:23,"172,741,741,559,5,20.62,37.07,1011.99,10.51"
16:43:26,"172,745,745,559,5,20.61,37.07,1011.97,10.66"
16:43:28,"174,750,750,559,5,20.61,37.07,1011.94,10.90"
16:43:30,"174,750,750,559,5,20.61,37.06,1011.97,10.68"
16:43:32,"171,756,756,559,5,20.61,37.05,1011.93,11.02"
16:43:34,"166,742,742,559,5,20.61,37.04,1011.96,10.72"
16:43:37,"166,742,742,559,5,20.62,37.08,1011.95,10.85"
16:43:39,"165,741,741,559,5,20.62,37.07,1011.96,10.78"
16:43:41,"165,742,742,559,5,20.62,37.05,1011.97,10.70"
16:43:43,"165,742,742,559,5,20.62,37.05,1011.95,10.83"
16:43:45,"166,760,760,559,5,20.62,37.07,1011.96,10.78"
16:43:48,"166,762,762,559,5,20.62,37.04,1011.94,10.89"
16:43:50,"166,762,762,559,5,20.62,37.04,1011.98,10.58"
16:43:52,"166,762,762,559,5,20.63,37.04,1011.98,10.55"
16:43:54,"166,763,763,559,5,20.63,37.00,1011.95,10.81"
16:43:57,"168,762,762,559,5,20.63,37.00,1012.00,10.40"
16:43:59,"168,769,769,559,5,20.63,37.01,1011.98,10.56"
16:44:01,"172,771,771,558,5,20.63,37.03,1011.97,10.67"
16:44:03,"174,771,771,558,5,20.63,37.03,1011.97,10.64"
16:44:05,"174,771,771,558,5,20.62,37.01,1011.94,10.92"
16:44:08,"175,771,771,558,5,20.62,37.00,1011.96,10.77"
16:44:10,"175,768,768,558,5,20.62,37.00,1011.97,10.65"
16:44:12,"174,765,765,558,5,20.62,36.97,1011.96,10.72"
16:44:14,"171,760,760,559,5,20.62,37.01,1011.99,10.51"
16:44:16,"171,760,760,558,5,20.62,37.01,1011.98,10.56"
16:44:19,"168,765,765,557,5,20.62,37.00,1011.95,10.83"
16:44:21,"169,774,774,555,5,20.62,37.01,1011.97,10.63"
16:44:23,"77,777,554,5,20.63,37.02,1011.97,10.70"
16:44:25,"168,777,777,554,5,20.63,36.97,1011.97,10.62"
16:44:28,"168,777,777,553,5,20.61,36.95,1011.98,10.62"
16:44:30,"168,780,780,553,5,20.62,36.95,1011.96,10.75"
16:44:32,"172,808,808,553,5,20.62,36.96,1011.96,10.78"
16:44:34,"172,807,807,553,5,20.62,36.97,1011.96,10.72"
16:44:36,"172,807,807,553,5,20.62,36.97,1011.97,10.63"
16:44:39,"72,807,807,553,5,20.62,36.98,1011.96,10.77"
16:44:41,"174,807,807,553,5,20.62,37.01,1011.96,10.78"
16:44:43,"172,801,801,557,5,20.62,37.01,1011.97,10.63"
16:44:45,"172,801,801,559,5,20.62,37.00,1011.95,10.85"
16:44:48,"171,774,774,562,5,20.62,37.02,1011.98,10.55"
16:44:50,"171,771,771,564,5,20.62,36.99,1011.99,10.49"
16:44:52,"171,768,768,571,5,20.61,37.00,1011.95,10.86"
16:44:54,"171,768,768,593,5,20.62,36.97,1011.98,10.60"
16:44:56,"166,750,750,604,5,20.61,36.98,1011.97,10.70"
16:44:59,"166,748,748,612,5,20.61,36.96,1011.98,10.58"
16:45:01,"166,748,748,614,5,20.61,36.98,1011.95,10.80"
16:45:03,"171,775,775,617,5,20.62,36.99,1011.97,10.69"
16:45:05,"172,780,780,619,5,20.62,37.00,1011.98,10.58"
16:45:07,"174,780,780,619,5,20.62,37.01,1012.00,10.41"
16:45:09,PMS7003 checksum failed
16:45:10,"177,789,790,619,5,20.63,37.01,1012.01,10.33"
16:45:12,"175,786,787,619,5,20.63,37.02,1011.97,10.64"
16:45:14,"175,786,787,619,5,20.63,37.03,1011.96,10.77"
16:45:16,"172,771,772,620,5,20.63,37.04,1011.95,10.83"
16:45:19,"172,771,772,620,5,20.63,37.06,1011.96,10.75"
16:45:21,"172,769,771,619,5,20.64,37.03,1012.00,10.43"
16:45:23,"172,769,771,620,5,20.64,37.02,1012.00,10.41"
16:45:25,"174,774,774,620,5,20.65,37.00,1011.98,10.60"
16:45:27,"174,774,774,618,5,20.64,36.99,1011.99,10.53"
16:45:30,"171,775,775,615,5,20.63,37.00,1011.97,10.65"
16:45:32,"171,774,774,611,5,20.63,37.01,1011.97,10.70"
16:45:34,"171,771,771,606,5,20.63,37.02,1011.99,10.49"
16:45:36,"172,771,771,596,5,20.62,37.03,1011.93,11.04"
16:45:39,"174,774,774,592,5,20.63,37.03,1011.96,10.76"
16:45:41,"174,774,774,589,5,20.63,37.02,1011.94,10.88"
16:45:43,"174,774,774,586,5,20.63,36.90,1011.93,10.98"
16:45:45,"174,774,774,584,5,20.63,36.97,1011.98,10.57"
16:45:47,"172,766,766,580,5,20.62,36.95,1011.93,10.97"
16:45:50,"177,771,771,577,5,20.62,36.96,1011.95,10.83"
16:45:52,"175,759,759,576,5,20.62,36.96,1011.95,10.85"
16:45:54,"175,759,759,574,5,20.62,36.99,1011.94,10.92"
16:45:56,"174,757,757,571,5,20.63,36.95,1011.93,11.00"
16:45:58,"174,756,756,568,5,20.63,36.97,1011.95,10.84"
16:46:01,"174,760,760,566,5,20.64,36.99,1011.95,10.80"
16:46:03,"174,760,762,564,5,20.63,37.02,1011.99,10.45"
16:46:05,"172,763,765,563,5,20.63,37.03,1011.98,10.60"
16:46:07,"172,763,765,562,5,20.62,37.04,1011.95,10.80"
16:46:10,"172,768,768,560,5,20.63,37.02,1011.97,10.67"
16:46:12,"172,772,774,559,5,20.63,37.02,1011.99,10.45"
16:46:14,"172,772,774,559,5,20.63,37.03,1011.94,10.88"
16:46:16,"177,819,819,558,5,20.63,37.02,1011.96,10.78"
16:46:18,"178,826,826,557,5,20.63,37.00,1011.95,10.87"
16:46:21,"180,834,834,557,5,20.64,37.00,1011.97,10.67"
16:46:22,PMS7003 checksum failed
16:46:23,"183,834,834,556,5,20.63,37.02,1011.95,10.83"
16:46:25,"183,831,831,556,5,20.63,37.02,1011.97,10.69"
16:46:27,"183,831,831,555,5,20.63,37.02,1011.94,10.93"
16:46:30,"175,802,802,554,5,20.63,37.02,1011.96,10.73"
16:46:32,"174,798,798,554,5,20.64,37.00,1011.96,10.71"
16:46:34,"174,796,796,554,5,20.63,37.01,1011.95,10.87"
16:46:36,"171,795,795,553,5,20.63,36.99,1011.98,10.55"
16:46:38,"171,795,795,552,5,20.63,36.97,1011.96,10.72"
16:46:41,"171,798,798,552,5,20.63,36.99,1011.96,10.76"
16:46:43,"171,801,801,551,5,20.63,36.99,1011.94,10.95"
16:46:45,"171,801,801,551,5,20.62,36.99,1011.95,10.87"
16:46:47,"174,808,808,551,5,20.62,37.01,1011.94,10.92"
16:46:49,"177,796,796,551,5,20.62,37.02,1011.97,10.70"
16:46:52,"177,796,796,550,5,20.63,37.04,1011.99,10.47"
16:46:54,"177,795,795,550,5,20.62,37.05,1011.96,10.76"
16:46:56,"177,795,795,550,5,20.63,37.04,1011.98,10.54"
16:46:57,PMS7003 checksum failed
16:46:58,"177,796,796,550,5,20.63,37.03,1011.98,10.56"
16:47:01,"177,796,796,550,5,20.63,37.02,1011.98,10.57"
16:47:03,"177,799,799,550,5,20.63,37.04,1011.97,10.69"
16:47:05,"178,804,804,550,5,20.63,37.04,1011.96,10.76"
16:47:07,"*** ESP32 disconnected or error: ClearCommError failed (PermissionError(13, 'Access is denied.', None, 5)) ***"
